time,Open,High,Low,Close,Volume
2025-01-14 19:00:00-05:00,5886.5,5886.75,5885.25,5885.25,570
2025-01-14 19:05:00-05:00,5885.5,5886.0,5884.5,5885.25,507
2025-01-14 19:10:00-05:00,5885.0,5885.25,5884.25,5885.0,356
2025-01-14 19:15:00-05:00,5885.0,5886.0,5885.0,5885.75,406
2025-01-14 19:20:00-05:00,5885.5,5886.75,5885.25,5885.5,524
2025-01-14 19:25:00-05:00,5885.5,5885.75,5884.25,5884.5,349
2025-01-14 19:30:00-05:00,5884.5,5885.0,5884.25,5884.75,217
2025-01-14 19:35:00-05:00,5884.75,5885.5,5884.5,5885.0,308
2025-01-14 19:40:00-05:00,5885.0,5886.0,5884.75,5885.75,226
2025-01-14 19:45:00-05:00,5885.75,5886.0,5884.5,5885.75,351
2025-01-14 19:50:00-05:00,5885.75,5886.0,5885.25,5885.5,237
2025-01-14 19:55:00-05:00,5885.5,5887.25,5885.25,5887.0,428
2025-01-14 20:00:00-05:00,5886.75,5887.75,5886.5,5887.0,824
2025-01-14 20:05:00-05:00,5887.0,5888.25,5887.0,5887.5,567
2025-01-14 20:10:00-05:00,5887.5,5888.25,5886.0,5887.0,405
2025-01-14 20:15:00-05:00,5887.0,5888.0,5886.75,5887.75,357
2025-01-14 20:20:00-05:00,5887.75,5888.25,5887.5,5888.0,255
2025-01-14 20:25:00-05:00,5888.0,5888.5,5887.25,5887.75,387
2025-01-14 20:30:00-05:00,5887.75,5888.0,5885.25,5886.0,602
2025-01-14 20:35:00-05:00,5886.0,5887.0,5885.75,5886.5,307
2025-01-14 20:40:00-05:00,5886.5,5887.25,5886.25,5886.75,196
2025-01-14 20:45:00-05:00,5886.75,5887.5,5886.5,5887.25,216
2025-01-14 20:50:00-05:00,5887.5,5887.75,5886.75,5887.75,427
2025-01-14 20:55:00-05:00,5887.75,5887.75,5887.0,5887.25,242
2025-01-14 21:00:00-05:00,5887.25,5888.0,5887.0,5887.0,541
2025-01-14 21:05:00-05:00,5887.0,5887.0,5885.75,5886.25,387
2025-01-14 21:10:00-05:00,5886.25,5886.5,5885.5,5886.0,337
2025-01-14 21:15:00-05:00,5886.0,5886.75,5886.0,5886.25,264
2025-01-14 21:20:00-05:00,5886.25,5887.0,5886.25,5886.25,211
2025-01-14 21:25:00-05:00,5886.5,5887.0,5886.5,5887.0,183
2025-01-14 21:30:00-05:00,5887.0,5887.0,5885.75,5885.75,223
2025-01-14 21:35:00-05:00,5885.75,5885.75,5883.5,5883.75,1025
2025-01-14 21:40:00-05:00,5883.75,5884.5,5883.75,5884.5,437
2025-01-14 21:45:00-05:00,5884.25,5884.5,5883.25,5883.5,351
2025-01-14 21:50:00-05:00,5883.5,5884.0,5883.25,5883.75,242
2025-01-14 21:55:00-05:00,5883.75,5884.0,5883.5,5883.75,151
2025-01-14 22:00:00-05:00,5883.75,5884.0,5883.25,5883.5,143
2025-01-14 22:05:00-05:00,5883.5,5883.5,5882.75,5883.0,212
2025-01-14 22:10:00-05:00,5883.0,5883.75,5883.0,5883.75,197
2025-01-14 22:15:00-05:00,5883.75,5884.25,5883.25,5883.5,337
2025-01-14 22:20:00-05:00,5883.5,5884.0,5883.25,5883.5,158
2025-01-14 22:25:00-05:00,5883.75,5884.25,5883.5,5883.75,130
2025-01-14 22:30:00-05:00,5884.0,5884.25,5883.0,5883.5,218
2025-01-14 22:35:00-05:00,5883.25,5884.75,5883.25,5884.75,225
2025-01-14 22:40:00-05:00,5884.75,5884.75,5883.25,5883.25,166
2025-01-14 22:45:00-05:00,5883.5,5883.75,5883.25,5883.5,142
2025-01-14 22:50:00-05:00,5883.25,5883.75,5883.25,5883.25,158
2025-01-14 22:55:00-05:00,5883.75,5883.75,5882.75,5883.25,165
2025-01-14 23:00:00-05:00,5883.25,5883.5,5882.0,5882.25,273
2025-01-14 23:05:00-05:00,5882.5,5882.5,5881.0,5881.25,400
2025-01-14 23:10:00-05:00,5881.25,5882.0,5881.25,5881.75,350
2025-01-14 23:15:00-05:00,5881.75,5882.5,5881.75,5881.75,485
2025-01-14 23:20:00-05:00,5882.0,5882.5,5881.75,5882.25,149
2025-01-14 23:25:00-05:00,5882.25,5882.25,5881.75,5881.75,127
2025-01-14 23:30:00-05:00,5882.0,5884.0,5882.0,5883.75,346
2025-01-14 23:35:00-05:00,5883.75,5883.75,5883.0,5883.0,153
2025-01-14 23:40:00-05:00,5883.25,5883.75,5883.25,5883.25,72
2025-01-14 23:45:00-05:00,5883.25,5883.75,5883.0,5883.75,85
2025-01-14 23:50:00-05:00,5884.0,5884.5,5883.75,5884.0,410
2025-01-14 23:55:00-05:00,5884.25,5884.25,5883.75,5884.25,72
2025-01-15 00:00:00-05:00,5884.0,5884.25,5881.5,5882.75,694
2025-01-15 00:05:00-05:00,5882.75,5883.75,5882.5,5883.5,292
2025-01-15 00:10:00-05:00,5883.5,5883.5,5882.75,5883.0,171
2025-01-15 00:15:00-05:00,5883.25,5883.75,5882.75,5882.75,204
2025-01-15 00:20:00-05:00,5882.75,5884.0,5882.5,5883.25,237
2025-01-15 00:25:00-05:00,5883.0,5883.75,5882.75,5883.5,137
2025-01-15 00:30:00-05:00,5883.5,5884.75,5883.25,5883.25,494
2025-01-15 00:35:00-05:00,5883.25,5883.5,5883.0,5883.25,118
2025-01-15 00:40:00-05:00,5883.25,5883.75,5883.0,5883.5,147
2025-01-15 00:45:00-05:00,5883.5,5884.0,5883.5,5883.75,74
2025-01-15 00:50:00-05:00,5883.5,5884.0,5883.25,5883.5,111
2025-01-15 00:55:00-05:00,5883.75,5883.75,5883.25,5883.25,131
2025-01-15 01:00:00-05:00,5883.25,5883.75,5883.25,5883.75,144
2025-01-15 01:05:00-05:00,5883.75,5884.0,5882.75,5882.75,213
2025-01-15 01:10:00-05:00,5883.0,5883.75,5882.75,5883.0,297
2025-01-15 01:15:00-05:00,5883.0,5884.0,5883.0,5883.5,243
2025-01-15 01:20:00-05:00,5883.75,5885.0,5883.75,5884.5,509
2025-01-15 01:25:00-05:00,5884.75,5885.0,5884.75,5885.0,97
2025-01-15 01:30:00-05:00,5885.0,5885.25,5884.5,5885.25,306
2025-01-15 01:35:00-05:00,5885.0,5885.75,5884.75,5885.5,343
2025-01-15 01:40:00-05:00,5885.25,5886.0,5884.75,5885.5,429
2025-01-15 01:45:00-05:00,5885.75,5886.0,5885.25,5885.25,182
2025-01-15 01:50:00-05:00,5885.5,5886.0,5885.25,5885.25,219
2025-01-15 01:55:00-05:00,5885.25,5885.25,5884.5,5885.25,225
2025-01-15 02:00:00-05:00,5885.0,5886.5,5885.0,5886.0,979
2025-01-15 02:05:00-05:00,5886.25,5886.25,5885.5,5886.0,524
2025-01-15 02:10:00-05:00,5886.25,5886.5,5886.0,5886.5,191
2025-01-15 02:15:00-05:00,5886.5,5886.75,5886.0,5886.25,449
2025-01-15 02:20:00-05:00,5886.5,5886.5,5885.5,5886.0,218
2025-01-15 02:25:00-05:00,5886.0,5886.75,5885.75,5886.5,364
2025-01-15 02:30:00-05:00,5886.5,5886.75,5886.0,5886.25,289
2025-01-15 02:35:00-05:00,5886.5,5886.5,5885.5,5885.5,437
2025-01-15 02:40:00-05:00,5885.5,5885.5,5883.25,5883.75,923
2025-01-15 02:45:00-05:00,5883.75,5884.25,5883.5,5883.5,620
2025-01-15 02:50:00-05:00,5883.5,5884.5,5883.5,5884.25,264
2025-01-15 02:55:00-05:00,5884.5,5885.25,5884.25,5884.25,493
2025-01-15 03:00:00-05:00,5884.5,5885.0,5879.5,5883.0,2346
2025-01-15 03:05:00-05:00,5883.0,5884.25,5882.75,5883.75,1197
2025-01-15 03:10:00-05:00,5884.0,5885.0,5883.0,5883.75,748
2025-01-15 03:15:00-05:00,5883.75,5883.75,5881.0,5882.0,628
2025-01-15 03:20:00-05:00,5882.0,5884.0,5881.25,5883.5,823
2025-01-15 03:25:00-05:00,5883.5,5886.0,5883.5,5885.25,914
2025-01-15 03:30:00-05:00,5885.0,5886.0,5884.25,5885.25,535
2025-01-15 03:35:00-05:00,5885.0,5886.0,5885.0,5885.25,378
2025-01-15 03:40:00-05:00,5885.5,5886.75,5885.0,5886.5,527
2025-01-15 03:45:00-05:00,5886.5,5887.25,5886.25,5886.25,768
2025-01-15 03:50:00-05:00,5886.5,5886.5,5884.5,5884.75,616
2025-01-15 03:55:00-05:00,5884.75,5885.25,5883.5,5884.0,422
2025-01-15 04:00:00-05:00,5884.25,5885.75,5883.0,5885.5,648
2025-01-15 04:05:00-05:00,5885.25,5886.25,5885.0,5886.0,282
2025-01-15 04:10:00-05:00,5885.75,5886.75,5885.5,5885.75,551
2025-01-15 04:15:00-05:00,5885.75,5886.5,5885.25,5885.5,576
2025-01-15 04:20:00-05:00,5885.75,5886.0,5883.5,5885.5,1003
2025-01-15 04:25:00-05:00,5885.5,5886.25,5884.0,5886.0,582
2025-01-15 04:30:00-05:00,5886.25,5887.0,5886.0,5886.25,597
2025-01-15 04:35:00-05:00,5886.0,5889.0,5886.0,5888.25,1047
2025-01-15 04:40:00-05:00,5888.25,5890.75,5887.25,5890.5,1203
2025-01-15 04:45:00-05:00,5890.25,5891.75,5889.25,5890.0,1303
2025-01-15 04:50:00-05:00,5889.75,5889.75,5887.0,5888.75,672
2025-01-15 04:55:00-05:00,5888.75,5890.0,5888.25,5888.75,984
2025-01-15 05:00:00-05:00,5889.0,5889.5,5888.5,5888.75,417
2025-01-15 05:05:00-05:00,5889.0,5889.5,5887.75,5888.25,213
2025-01-15 05:10:00-05:00,5888.25,5889.25,5887.25,5887.25,228
2025-01-15 05:15:00-05:00,5887.5,5887.75,5883.75,5885.25,879
2025-01-15 05:20:00-05:00,5885.0,5887.25,5884.0,5887.0,501
2025-01-15 05:25:00-05:00,5887.0,5890.25,5887.0,5889.25,922
2025-01-15 05:30:00-05:00,5889.0,5891.0,5889.0,5890.25,885
2025-01-15 05:35:00-05:00,5890.5,5891.5,5890.25,5890.75,291
2025-01-15 05:40:00-05:00,5890.5,5891.5,5890.25,5891.25,569
2025-01-15 05:45:00-05:00,5891.25,5893.0,5890.75,5891.5,1146
2025-01-15 05:50:00-05:00,5891.75,5892.0,5891.25,5891.5,244
2025-01-15 05:55:00-05:00,5891.5,5892.5,5890.75,5892.25,390
2025-01-15 06:00:00-05:00,5892.25,5893.0,5892.0,5892.75,307
2025-01-15 06:05:00-05:00,5892.5,5893.25,5892.0,5893.0,524
2025-01-15 06:10:00-05:00,5893.25,5893.5,5892.5,5893.25,569
2025-01-15 06:15:00-05:00,5893.25,5893.25,5892.25,5892.75,209
2025-01-15 06:20:00-05:00,5892.5,5892.5,5891.5,5892.5,535
2025-01-15 06:25:00-05:00,5892.5,5893.5,5892.0,5892.75,507
2025-01-15 06:30:00-05:00,5892.5,5894.5,5892.5,5894.5,1298
2025-01-15 06:35:00-05:00,5894.5,5897.25,5894.5,5897.25,1459
2025-01-15 06:40:00-05:00,5897.25,5899.0,5897.25,5898.75,869
2025-01-15 06:45:00-05:00,5899.0,5902.5,5897.5,5901.25,2624
2025-01-15 06:50:00-05:00,5901.25,5903.25,5899.25,5902.75,1946
2025-01-15 06:55:00-05:00,5902.75,5906.0,5902.75,5902.75,2066
2025-01-15 07:00:00-05:00,5902.75,5905.0,5901.25,5902.75,2267
2025-01-15 07:05:00-05:00,5903.0,5905.5,5902.75,5905.0,1360
2025-01-15 07:10:00-05:00,5905.0,5905.5,5903.5,5904.0,966
2025-01-15 07:15:00-05:00,5904.0,5904.75,5903.0,5904.25,831
2025-01-15 07:20:00-05:00,5904.5,5904.5,5899.0,5901.0,2530
2025-01-15 07:25:00-05:00,5900.75,5901.75,5899.25,5899.5,2010
2025-01-15 07:30:00-05:00,5899.75,5900.25,5897.75,5900.25,1545
2025-01-15 07:35:00-05:00,5900.25,5902.5,5899.25,5902.5,1376
2025-01-15 07:40:00-05:00,5902.5,5904.0,5902.0,5903.5,1451
2025-01-15 07:45:00-05:00,5903.75,5905.0,5902.0,5902.5,1372
2025-01-15 07:50:00-05:00,5902.5,5903.25,5901.5,5901.75,958
2025-01-15 07:55:00-05:00,5901.75,5901.75,5899.25,5901.5,1027
2025-01-15 08:00:00-05:00,5901.75,5903.5,5901.0,5903.5,1692
2025-01-15 08:05:00-05:00,5903.25,5904.5,5901.75,5903.0,2166
2025-01-15 08:10:00-05:00,5902.75,5903.5,5901.0,5902.25,2254
2025-01-15 08:15:00-05:00,5902.5,5902.5,5900.0,5901.0,2479
2025-01-15 08:20:00-05:00,5901.0,5905.0,5900.25,5904.75,3107
2025-01-15 08:25:00-05:00,5904.5,5906.0,5900.25,5903.75,3200
2025-01-15 08:30:00-05:00,5904.25,5967.0,5901.25,5966.25,43484
2025-01-15 08:35:00-05:00,5966.0,5971.25,5962.25,5971.0,29851
2025-01-15 08:40:00-05:00,5971.0,5975.5,5968.25,5971.5,20424
2025-01-15 08:45:00-05:00,5971.25,5979.75,5971.25,5973.5,16599
2025-01-15 08:50:00-05:00,5973.5,5975.0,5970.0,5971.0,11413
2025-01-15 08:55:00-05:00,5971.0,5972.5,5967.75,5970.5,10906
2025-01-15 09:00:00-05:00,5970.75,5975.75,5970.25,5974.75,7832
2025-01-15 09:05:00-05:00,5974.5,5974.75,5966.25,5967.0,9878
2025-01-15 09:10:00-05:00,5967.0,5967.25,5962.75,5964.75,11135
2025-01-15 09:15:00-05:00,5964.75,5964.75,5962.75,5962.75,6863
2025-01-15 09:20:00-05:00,5963.0,5965.5,5961.5,5964.25,7965
2025-01-15 09:25:00-05:00,5964.25,5967.5,5962.25,5964.75,15956
2025-01-15 09:30:00-05:00,5964.75,5970.5,5958.5,5967.75,52329
2025-01-15 09:35:00-05:00,5967.75,5969.5,5952.5,5962.25,37860
2025-01-15 09:40:00-05:00,5962.5,5973.75,5962.5,5972.75,30807
2025-01-15 09:45:00-05:00,5973.0,5983.0,5971.5,5982.75,32197
2025-01-15 09:50:00-05:00,5982.75,5982.75,5973.5,5975.75,27369
2025-01-15 09:55:00-05:00,5975.75,5982.75,5971.25,5981.0,29055
2025-01-15 10:00:00-05:00,5981.0,5986.25,5980.5,5983.0,30980
2025-01-15 10:05:00-05:00,5983.25,5985.25,5977.0,5982.75,29987
2025-01-15 10:10:00-05:00,5982.75,5988.5,5981.5,5984.5,21419
2025-01-15 10:15:00-05:00,5984.75,5991.75,5983.5,5990.75,22128
2025-01-15 10:20:00-05:00,5990.75,5991.25,5985.25,5987.25,22765
2025-01-15 10:25:00-05:00,5987.25,5987.5,5982.75,5985.25,18853
2025-01-15 10:30:00-05:00,5985.5,5987.5,5979.5,5984.0,20457
2025-01-15 10:35:00-05:00,5984.0,5984.5,5975.0,5979.25,24561
2025-01-15 10:40:00-05:00,5979.25,5983.75,5976.5,5979.0,16262
2025-01-15 10:45:00-05:00,5979.0,5981.5,5973.5,5975.25,17616
2025-01-15 10:50:00-05:00,5975.5,5980.75,5972.5,5979.25,18622
2025-01-15 10:55:00-05:00,5979.25,5981.5,5972.75,5973.0,17243
2025-01-15 11:00:00-05:00,5973.25,5981.75,5973.0,5978.5,17455
2025-01-15 11:05:00-05:00,5978.75,5981.75,5971.25,5975.5,14325
2025-01-15 11:10:00-05:00,5975.5,5978.25,5972.75,5977.0,12099
2025-01-15 11:15:00-05:00,5976.75,5977.75,5969.5,5973.5,15168
2025-01-15 11:20:00-05:00,5973.5,5979.75,5968.5,5974.75,18011
2025-01-15 11:25:00-05:00,5974.75,5975.25,5971.0,5971.5,10480
2025-01-15 11:30:00-05:00,5971.5,5971.5,5957.5,5959.75,33152
2025-01-15 11:35:00-05:00,5959.75,5967.75,5959.25,5964.0,21006
2025-01-15 11:40:00-05:00,5964.0,5966.0,5958.75,5959.0,13508
2025-01-15 11:45:00-05:00,5959.0,5962.25,5958.5,5961.25,12384
2025-01-15 11:50:00-05:00,5961.5,5962.0,5955.75,5959.75,13161
2025-01-15 11:55:00-05:00,5959.75,5962.75,5957.75,5961.25,11417
2025-01-15 12:00:00-05:00,5961.0,5966.5,5959.5,5965.25,17203
2025-01-15 12:05:00-05:00,5965.25,5970.75,5964.25,5969.75,15552
2025-01-15 12:10:00-05:00,5969.75,5972.5,5968.5,5970.0,10080
2025-01-15 12:15:00-05:00,5970.25,5975.0,5967.25,5968.0,12252
2025-01-15 12:20:00-05:00,5968.0,5971.5,5965.75,5967.5,11222
2025-01-15 12:25:00-05:00,5967.75,5972.5,5967.5,5972.25,8823
2025-01-15 12:30:00-05:00,5972.25,5976.5,5971.75,5975.25,11725
2025-01-15 12:35:00-05:00,5975.25,5979.25,5974.0,5978.75,9994
2025-01-15 12:40:00-05:00,5978.75,5980.5,5978.0,5979.5,8365
2025-01-15 12:45:00-05:00,5979.75,5980.75,5977.75,5979.0,6852
2025-01-15 12:50:00-05:00,5979.25,5979.25,5973.0,5977.0,11643
2025-01-15 12:55:00-05:00,5977.0,5977.0,5970.0,5971.0,10322
2025-01-15 13:00:00-05:00,5971.25,5978.5,5971.0,5978.0,9540
2025-01-15 13:05:00-05:00,5978.0,5979.75,5974.75,5975.25,8298
2025-01-15 13:10:00-05:00,5975.25,5978.25,5975.25,5977.5,5503
2025-01-15 13:15:00-05:00,5977.5,5981.5,5977.25,5981.0,6307
2025-01-15 13:20:00-05:00,5981.0,5982.25,5980.25,5981.25,6522
2025-01-15 13:25:00-05:00,5981.5,5984.25,5980.0,5984.0,7133
2025-01-15 13:30:00-05:00,5984.0,5986.75,5983.25,5984.25,11349
2025-01-15 13:35:00-05:00,5984.25,5984.5,5981.25,5983.5,10258
2025-01-15 13:40:00-05:00,5983.5,5986.25,5982.25,5985.5,8090
2025-01-15 13:45:00-05:00,5985.25,5987.0,5984.25,5985.25,6609
2025-01-15 13:50:00-05:00,5985.5,5988.25,5985.5,5988.0,6450
2025-01-15 13:55:00-05:00,5988.0,5988.25,5985.75,5986.75,7222
2025-01-15 14:00:00-05:00,5987.0,5989.5,5986.0,5988.5,7287
2025-01-15 14:05:00-05:00,5988.5,5989.5,5987.25,5987.75,5800
2025-01-15 14:10:00-05:00,5987.75,5990.0,5987.0,5989.0,5401
2025-01-15 14:15:00-05:00,5989.25,5990.0,5987.5,5988.25,6705
2025-01-15 14:20:00-05:00,5988.0,5990.0,5986.0,5986.75,8953
2025-01-15 14:25:00-05:00,5986.75,5993.0,5986.25,5992.75,8673
2025-01-15 14:30:00-05:00,5992.75,5995.75,5992.25,5993.75,11047
2025-01-15 14:35:00-05:00,5993.75,5998.5,5993.5,5997.5,10963
2025-01-15 14:40:00-05:00,5997.75,5999.0,5992.5,5993.25,13867
2025-01-15 14:45:00-05:00,5993.25,5996.0,5991.75,5994.25,7812
2025-01-15 14:50:00-05:00,5994.5,5997.0,5992.0,5996.75,7538
2025-01-15 14:55:00-05:00,5996.75,5996.75,5994.25,5995.5,6374
2025-01-15 15:00:00-05:00,5995.75,5997.75,5994.75,5995.75,8301
2025-01-15 15:05:00-05:00,5995.75,5997.5,5995.0,5996.5,8187
2025-01-15 15:10:00-05:00,5996.5,6000.0,5996.5,5998.5,9885
2025-01-15 15:15:00-05:00,5998.75,5999.0,5996.75,5997.75,7388
2025-01-15 15:20:00-05:00,5997.75,6000.75,5997.25,5999.75,7888
2025-01-15 15:25:00-05:00,5999.5,6001.25,5998.0,5998.5,9734
2025-01-15 15:30:00-05:00,5998.25,6000.25,5996.0,5999.5,10606
2025-01-15 15:35:00-05:00,5999.25,5999.75,5993.75,5995.5,12623
2025-01-15 15:40:00-05:00,5995.5,5996.5,5992.0,5995.25,13720
2025-01-15 15:45:00-05:00,5995.0,5998.0,5993.5,5995.0,13881
2025-01-15 15:50:00-05:00,5994.75,5994.75,5990.25,5990.75,28012
2025-01-15 15:55:00-05:00,5991.0,5993.75,5987.75,5988.5,85787
2025-01-15 16:00:00-05:00,5988.5,5991.75,5987.0,5987.25,26975
2025-01-15 16:05:00-05:00,5987.25,5989.25,5986.75,5987.25,5625
2025-01-15 16:10:00-05:00,5987.25,5987.5,5986.0,5986.25,4537
2025-01-15 16:15:00-05:00,5986.5,5989.25,5986.25,5987.75,3055
2025-01-15 16:20:00-05:00,5987.75,5988.25,5987.25,5987.75,1827
2025-01-15 16:25:00-05:00,5987.75,5988.5,5987.5,5988.0,1225
2025-01-15 16:30:00-05:00,5987.75,5988.0,5986.5,5987.5,1026
2025-01-15 16:35:00-05:00,5987.25,5987.5,5985.25,5987.0,1391
2025-01-15 16:40:00-05:00,5986.75,5987.25,5986.25,5986.5,821
2025-01-15 16:45:00-05:00,5986.5,5986.75,5985.25,5986.75,1267
2025-01-15 16:50:00-05:00,5986.5,5987.5,5986.25,5986.5,726
2025-01-15 16:55:00-05:00,5986.5,5987.75,5986.25,5987.75,1425
2025-01-15 18:00:00-05:00,5988.5,5990.25,5986.5,5990.0,1565
2025-01-15 18:05:00-05:00,5990.0,5992.25,5989.5,5991.5,812
2025-01-15 18:10:00-05:00,5991.5,5991.75,5990.25,5990.75,450
2025-01-15 18:15:00-05:00,5990.5,5992.0,5990.0,5991.5,290
2025-01-15 18:20:00-05:00,5991.5,5993.25,5991.5,5993.0,437
2025-01-15 18:25:00-05:00,5993.0,5993.25,5992.5,5993.0,232
2025-01-15 18:30:00-05:00,5993.0,5995.25,5993.0,5993.25,734
2025-01-15 18:35:00-05:00,5993.5,5994.75,5993.5,5994.5,407
2025-01-15 18:40:00-05:00,5994.5,5995.0,5993.75,5994.75,313
2025-01-15 18:45:00-05:00,5994.5,5994.75,5993.0,5993.5,284
2025-01-15 18:50:00-05:00,5993.75,5993.75,5992.5,5993.5,268
2025-01-15 18:55:00-05:00,5993.25,5994.25,5992.75,5994.25,157
2025-01-15 19:00:00-05:00,5994.25,5995.25,5993.0,5993.75,858
2025-01-15 19:05:00-05:00,5993.75,5994.5,5993.25,5994.5,232
2025-01-15 19:10:00-05:00,5994.75,5996.25,5994.75,5996.0,346
2025-01-15 19:15:00-05:00,5996.0,5997.0,5995.75,5996.75,504
2025-01-15 19:20:00-05:00,5996.5,5998.25,5996.0,5998.0,609
2025-01-15 19:25:00-05:00,5998.0,6002.0,5998.0,5999.25,2057
2025-01-15 19:30:00-05:00,5999.0,6000.0,5997.75,5998.75,758
2025-01-15 19:35:00-05:00,5998.75,5999.5,5998.0,5998.75,381
2025-01-15 19:40:00-05:00,5998.75,6000.0,5998.75,5999.5,440
2025-01-15 19:45:00-05:00,5999.5,6000.0,5998.0,5998.0,446
2025-01-15 19:50:00-05:00,5998.25,5998.5,5995.0,5996.25,1052
2025-01-15 19:55:00-05:00,5996.25,5998.5,5996.0,5997.5,527
2025-01-15 20:00:00-05:00,5997.5,5997.5,5994.0,5995.0,893
2025-01-15 20:05:00-05:00,5995.0,5995.75,5994.75,5995.75,408
2025-01-15 20:10:00-05:00,5995.75,5996.0,5993.0,5993.25,597
2025-01-15 20:15:00-05:00,5993.25,5993.25,5992.0,5992.75,799
2025-01-15 20:20:00-05:00,5992.75,5993.5,5992.0,5992.75,293
2025-01-15 20:25:00-05:00,5992.25,5993.5,5992.25,5993.0,271
2025-01-15 20:30:00-05:00,5993.25,5996.5,5992.75,5995.25,723
2025-01-15 20:35:00-05:00,5995.25,5996.75,5993.5,5996.25,629
2025-01-15 20:40:00-05:00,5996.5,5997.0,5995.25,5996.75,515
2025-01-15 20:45:00-05:00,5996.75,5997.25,5995.75,5996.0,384
2025-01-15 20:50:00-05:00,5996.0,5996.0,5993.0,5993.0,594
2025-01-15 20:55:00-05:00,5993.0,5993.25,5990.75,5991.5,733
2025-01-15 21:00:00-05:00,5991.5,5992.5,5990.5,5991.0,753
2025-01-15 21:05:00-05:00,5991.0,5991.75,5990.5,5991.5,470
2025-01-15 21:10:00-05:00,5991.5,5992.5,5991.25,5991.5,311
2025-01-15 21:15:00-05:00,5991.75,5992.0,5990.5,5991.25,253
2025-01-15 21:20:00-05:00,5991.25,5991.25,5988.5,5989.75,669
2025-01-15 21:25:00-05:00,5989.5,5989.75,5988.25,5988.75,294
2025-01-15 21:30:00-05:00,5989.0,5990.75,5988.5,5990.25,429
2025-01-15 21:35:00-05:00,5990.25,5991.25,5990.0,5991.0,326
2025-01-15 21:40:00-05:00,5991.0,5992.0,5990.75,5991.25,279
2025-01-15 21:45:00-05:00,5991.25,5991.5,5990.5,5991.5,174
2025-01-15 21:50:00-05:00,5991.0,5991.75,5990.75,5991.5,151
2025-01-15 21:55:00-05:00,5991.75,5991.75,5990.5,5991.25,207
2025-01-15 22:00:00-05:00,5991.25,5991.75,5990.75,5991.75,295
2025-01-15 22:05:00-05:00,5992.0,5994.0,5992.0,5993.75,669
2025-01-15 22:10:00-05:00,5993.75,5995.0,5993.25,5994.25,630
2025-01-15 22:15:00-05:00,5994.25,5994.5,5992.75,5993.25,464
2025-01-15 22:20:00-05:00,5993.25,5994.5,5992.5,5992.75,609
2025-01-15 22:25:00-05:00,5992.5,5993.0,5991.75,5992.0,365
2025-01-15 22:30:00-05:00,5992.0,5993.25,5992.0,5992.5,441
2025-01-15 22:35:00-05:00,5992.5,5992.75,5991.5,5992.25,132
2025-01-15 22:40:00-05:00,5992.25,5992.5,5991.25,5992.25,155
2025-01-15 22:45:00-05:00,5992.25,5992.5,5990.0,5990.25,542
2025-01-15 22:50:00-05:00,5990.5,5992.0,5990.0,5992.0,523
2025-01-15 22:55:00-05:00,5991.75,5992.25,5991.25,5991.5,279
2025-01-15 23:00:00-05:00,5991.5,5992.25,5991.0,5991.5,470
2025-01-15 23:05:00-05:00,5991.75,5992.5,5991.5,5992.0,402
2025-01-15 23:10:00-05:00,5992.0,5993.0,5992.0,5992.75,188
2025-01-15 23:15:00-05:00,5992.5,5992.5,5991.75,5992.5,133
2025-01-15 23:20:00-05:00,5992.5,5992.5,5992.0,5992.25,94
2025-01-15 23:25:00-05:00,5992.5,5992.5,5991.25,5991.75,228
2025-01-15 23:30:00-05:00,5991.75,5992.0,5990.5,5991.0,181
2025-01-15 23:35:00-05:00,5991.0,5991.25,5990.0,5990.0,150
2025-01-15 23:40:00-05:00,5990.25,5991.0,5990.0,5990.75,141
2025-01-15 23:45:00-05:00,5991.0,5991.0,5989.75,5990.25,391
2025-01-15 23:50:00-05:00,5990.0,5991.25,5990.0,5991.0,193
2025-01-15 23:55:00-05:00,5991.0,5991.25,5990.25,5990.5,189
2025-01-16 00:00:00-05:00,5990.75,5990.75,5989.25,5990.0,340
2025-01-16 00:05:00-05:00,5989.75,5989.75,5988.5,5989.5,454
2025-01-16 00:10:00-05:00,5989.75,5990.0,5988.75,5988.75,150
2025-01-16 00:15:00-05:00,5988.5,5988.5,5987.0,5988.0,615
2025-01-16 00:20:00-05:00,5988.0,5988.5,5987.5,5988.0,223
2025-01-16 00:25:00-05:00,5987.75,5988.5,5987.5,5987.75,245
2025-01-16 00:30:00-05:00,5988.0,5989.5,5986.25,5989.0,934
2025-01-16 00:35:00-05:00,5989.0,5989.25,5983.0,5984.75,1250
2025-01-16 00:40:00-05:00,5984.75,5986.75,5984.0,5986.25,560
2025-01-16 00:45:00-05:00,5986.25,5987.5,5985.0,5987.25,263
2025-01-16 00:50:00-05:00,5987.25,5987.75,5986.0,5986.25,223
2025-01-16 00:55:00-05:00,5986.25,5986.5,5985.25,5985.5,179
2025-01-16 01:00:00-05:00,5985.75,5987.25,5985.5,5986.75,444
2025-01-16 01:05:00-05:00,5987.0,5987.5,5983.75,5986.5,848
2025-01-16 01:10:00-05:00,5986.75,5992.75,5986.5,5992.5,2069
2025-01-16 01:15:00-05:00,5992.5,5992.75,5989.5,5991.5,1498
2025-01-16 01:20:00-05:00,5991.5,5993.5,5991.25,5992.25,1867
2025-01-16 01:25:00-05:00,5992.0,5996.75,5992.0,5995.0,2738
2025-01-16 01:30:00-05:00,5995.0,5998.25,5994.5,5996.25,1320
2025-01-16 01:35:00-05:00,5996.5,5997.5,5995.75,5997.25,832
2025-01-16 01:40:00-05:00,5997.25,5999.75,5995.75,5996.25,1352
2025-01-16 01:45:00-05:00,5996.0,5996.75,5994.5,5996.25,920
2025-01-16 01:50:00-05:00,5996.25,5998.0,5995.25,5996.25,819
2025-01-16 01:55:00-05:00,5996.5,6001.25,5996.5,5997.25,1691
2025-01-16 02:00:00-05:00,5997.0,6003.25,5995.0,6001.25,2018
2025-01-16 02:05:00-05:00,6001.25,6003.5,5999.75,6002.0,1866
2025-01-16 02:10:00-05:00,6002.25,6007.5,6002.25,6006.5,3386
2025-01-16 02:15:00-05:00,6006.5,6006.5,6004.5,6005.25,1124
2025-01-16 02:20:00-05:00,6005.0,6005.75,6004.0,6005.0,723
2025-01-16 02:25:00-05:00,6004.75,6009.0,6004.0,6008.5,1301
2025-01-16 02:30:00-05:00,6008.5,6011.0,6008.0,6010.5,2032
2025-01-16 02:35:00-05:00,6010.5,6013.0,6009.75,6012.0,1785
2025-01-16 02:40:00-05:00,6012.25,6016.0,6011.75,6015.75,1951
2025-01-16 02:45:00-05:00,6015.5,6016.5,6013.5,6016.25,1955
2025-01-16 02:50:00-05:00,6016.25,6016.5,6015.0,6015.75,988
2025-01-16 02:55:00-05:00,6015.75,6017.25,6014.75,6016.25,1661
2025-01-16 03:00:00-05:00,6016.0,6017.5,6012.75,6013.5,2850
2025-01-16 03:05:00-05:00,6013.5,6014.25,6010.25,6011.0,2478
2025-01-16 03:10:00-05:00,6011.0,6014.75,6009.5,6010.0,1797
2025-01-16 03:15:00-05:00,6010.25,6012.25,6009.0,6012.0,1636
2025-01-16 03:20:00-05:00,6012.0,6013.75,6009.25,6010.0,1317
2025-01-16 03:25:00-05:00,6009.75,6012.0,6009.75,6010.0,1283
2025-01-16 03:30:00-05:00,6010.25,6011.5,6006.75,6010.25,2123
2025-01-16 03:35:00-05:00,6010.25,6013.25,6007.75,6013.25,2336
2025-01-16 03:40:00-05:00,6013.0,6013.25,6009.5,6011.0,1236
2025-01-16 03:45:00-05:00,6011.0,6013.25,6009.0,6009.5,1717
2025-01-16 03:50:00-05:00,6009.75,6010.75,6008.5,6009.75,1111
2025-01-16 03:55:00-05:00,6009.75,6010.5,6007.5,6007.75,1137
2025-01-16 04:00:00-05:00,6007.75,6010.5,6004.5,6006.0,2704
2025-01-16 04:05:00-05:00,6006.0,6007.5,6004.25,6007.25,2063
2025-01-16 04:10:00-05:00,6007.5,6008.0,6005.75,6007.0,1219
2025-01-16 04:15:00-05:00,6007.0,6008.0,6005.0,6005.75,1326
2025-01-16 04:20:00-05:00,6005.75,6006.5,6004.75,6005.0,947
2025-01-16 04:25:00-05:00,6005.25,6006.75,6002.5,6003.0,2091
2025-01-16 04:30:00-05:00,6003.0,6003.25,5998.75,6000.0,3307
2025-01-16 04:35:00-05:00,6000.25,6002.0,5998.25,6000.75,2157
2025-01-16 04:40:00-05:00,6000.75,6000.75,5996.75,5998.5,2786
2025-01-16 04:45:00-05:00,5998.75,6002.0,5998.5,6001.75,745
2025-01-16 04:50:00-05:00,6001.75,6003.75,6000.25,6003.0,1124
2025-01-16 04:55:00-05:00,6002.75,6003.5,6001.75,6001.75,788
2025-01-16 05:00:00-05:00,6002.0,6002.0,5998.25,5998.75,1015
2025-01-16 05:05:00-05:00,5998.5,5998.5,5995.25,5997.5,1390
2025-01-16 05:10:00-05:00,5997.5,6001.75,5997.25,6001.0,870
2025-01-16 05:15:00-05:00,6001.25,6004.75,5999.5,6004.5,1371
2025-01-16 05:20:00-05:00,6004.5,6007.75,6004.25,6007.0,1860
2025-01-16 05:25:00-05:00,6007.0,6008.75,6006.0,6008.25,1258
2025-01-16 05:30:00-05:00,6008.5,6010.0,6007.5,6009.5,994
2025-01-16 05:35:00-05:00,6009.5,6010.0,6008.75,6009.0,958
2025-01-16 05:40:00-05:00,6008.75,6008.75,6005.75,6006.5,1147
2025-01-16 05:45:00-05:00,6006.75,6009.25,6006.5,6008.75,907
2025-01-16 05:50:00-05:00,6008.75,6010.0,6008.75,6009.0,593
2025-01-16 05:55:00-05:00,6009.0,6009.75,6006.75,6007.25,3355
2025-01-16 06:00:00-05:00,6007.0,6008.0,6003.75,6005.5,1590
2025-01-16 06:05:00-05:00,6005.25,6007.5,6004.75,6006.25,587
2025-01-16 06:10:00-05:00,6006.25,6007.0,6004.75,6005.75,861
2025-01-16 06:15:00-05:00,6005.5,6006.25,6002.5,6003.75,753
2025-01-16 06:20:00-05:00,6003.5,6005.25,6003.5,6003.5,763
2025-01-16 06:25:00-05:00,6003.75,6005.5,6003.25,6005.25,728
2025-01-16 06:30:00-05:00,6005.25,6006.25,6004.0,6005.75,903
2025-01-16 06:35:00-05:00,6005.75,6007.0,6001.75,6002.5,1221
2025-01-16 06:40:00-05:00,6002.5,6003.75,6001.5,6002.25,1096
2025-01-16 06:45:00-05:00,6002.25,6006.0,6002.25,6005.5,970
2025-01-16 06:50:00-05:00,6005.75,6008.0,6005.5,6007.25,970
2025-01-16 06:55:00-05:00,6007.25,6008.75,6006.5,6006.5,1060
2025-01-16 07:00:00-05:00,6006.75,6007.25,6000.0,6001.75,2686
2025-01-16 07:05:00-05:00,6001.75,6001.75,5999.25,5999.75,1256
2025-01-16 07:10:00-05:00,6000.0,6000.5,5998.25,6000.0,1484
2025-01-16 07:15:00-05:00,6000.0,6001.0,5999.25,6000.0,1074
2025-01-16 07:20:00-05:00,6000.0,6001.75,5995.25,5995.75,1693
2025-01-16 07:25:00-05:00,5995.75,5997.75,5994.75,5997.75,1665
2025-01-16 07:30:00-05:00,5997.75,5999.25,5995.25,5996.5,2454
2025-01-16 07:35:00-05:00,5996.5,5999.5,5996.25,5997.0,1656
2025-01-16 07:40:00-05:00,5997.0,5999.0,5996.25,5997.5,1800
2025-01-16 07:45:00-05:00,5997.75,5998.25,5992.25,5993.25,2932
2025-01-16 07:50:00-05:00,5993.25,5994.75,5991.25,5992.0,2789
2025-01-16 07:55:00-05:00,5992.0,5992.75,5989.0,5990.5,2524
2025-01-16 08:00:00-05:00,5990.75,5991.25,5987.0,5988.25,3277
2025-01-16 08:05:00-05:00,5988.0,5988.75,5986.75,5987.0,2100
2025-01-16 08:10:00-05:00,5987.0,5990.5,5986.75,5990.0,3040
2025-01-16 08:15:00-05:00,5990.0,5992.0,5988.0,5988.5,3528
2025-01-16 08:20:00-05:00,5988.5,5994.5,5987.5,5994.0,2965
2025-01-16 08:25:00-05:00,5993.75,5994.25,5989.25,5992.75,2121
2025-01-16 08:30:00-05:00,5993.0,5999.0,5987.5,5989.25,10493
2025-01-16 08:35:00-05:00,5989.25,5996.0,5987.0,5994.5,8946
2025-01-16 08:40:00-05:00,5994.5,5996.0,5989.75,5990.25,5423
2025-01-16 08:45:00-05:00,5990.0,5994.5,5989.75,5993.0,2978
2025-01-16 08:50:00-05:00,5993.0,5997.75,5992.75,5996.75,4165
2025-01-16 08:55:00-05:00,5997.0,5997.25,5994.0,5996.25,1871
2025-01-16 09:00:00-05:00,5996.25,5997.75,5994.75,5995.25,3012
2025-01-16 09:05:00-05:00,5995.25,5995.75,5992.5,5993.0,2264
2025-01-16 09:10:00-05:00,5993.25,5998.0,5993.25,5997.0,2434
2025-01-16 09:15:00-05:00,5997.25,5999.5,5996.25,5999.25,3442
2025-01-16 09:20:00-05:00,5999.5,6001.0,5998.5,6000.25,3180
2025-01-16 09:25:00-05:00,6000.5,6003.25,5999.5,6001.75,5934
2025-01-16 09:30:00-05:00,6001.75,6002.5,5993.25,5997.0,35842
2025-01-16 09:35:00-05:00,5997.0,6002.25,5994.5,5999.5,25326
2025-01-16 09:40:00-05:00,5999.25,6003.0,5989.5,5991.75,27222
2025-01-16 09:45:00-05:00,5991.75,5992.25,5982.25,5984.75,31535
2025-01-16 09:50:00-05:00,5984.75,5990.0,5983.0,5986.75,25603
2025-01-16 09:55:00-05:00,5986.5,5989.25,5980.5,5982.0,21017
2025-01-16 10:00:00-05:00,5981.75,5983.5,5973.25,5979.5,33660
2025-01-16 10:05:00-05:00,5979.5,5991.25,5979.25,5988.5,44202
2025-01-16 10:10:00-05:00,5988.25,5992.25,5979.0,5979.75,27877
2025-01-16 10:15:00-05:00,5979.75,5987.0,5978.25,5985.75,24103
2025-01-16 10:20:00-05:00,5985.75,5989.25,5982.25,5988.5,18696
2025-01-16 10:25:00-05:00,5988.75,5989.25,5979.75,5982.25,17449
2025-01-16 10:30:00-05:00,5982.5,5989.75,5980.0,5981.75,19927
2025-01-16 10:35:00-05:00,5982.0,5990.75,5977.75,5988.75,21361
2025-01-16 10:40:00-05:00,5989.0,5990.25,5978.5,5984.0,18858
2025-01-16 10:45:00-05:00,5984.25,5986.0,5979.0,5983.25,15243
2025-01-16 10:50:00-05:00,5983.5,5988.75,5983.5,5984.25,13089
2025-01-16 10:55:00-05:00,5984.5,5995.0,5984.5,5994.75,13753
2025-01-16 11:00:00-05:00,5994.75,6000.5,5993.0,5998.75,17148
2025-01-16 11:05:00-05:00,5998.5,6004.25,5994.0,6002.25,19404
2025-01-16 11:10:00-05:00,6002.5,6002.5,5994.0,5995.0,19044
2025-01-16 11:15:00-05:00,5995.0,5997.25,5986.75,5993.0,25419
2025-01-16 11:20:00-05:00,5993.25,5993.25,5985.5,5990.25,19015
2025-01-16 11:25:00-05:00,5990.25,5995.5,5989.0,5993.5,13740
2025-01-16 11:30:00-05:00,5993.5,5995.5,5991.0,5991.0,13140
2025-01-16 11:35:00-05:00,5991.0,5992.75,5985.0,5987.0,17224
2025-01-16 11:40:00-05:00,5987.0,5987.75,5978.25,5983.5,21324
2025-01-16 11:45:00-05:00,5983.5,5989.5,5983.25,5989.5,14537
2025-01-16 11:50:00-05:00,5989.5,5991.5,5985.0,5989.5,10301
2025-01-16 11:55:00-05:00,5989.75,5995.75,5988.5,5995.0,10299
2025-01-16 12:00:00-05:00,5995.0,5996.75,5993.0,5995.75,9910
2025-01-16 12:05:00-05:00,5995.75,5996.75,5993.25,5995.0,10363
2025-01-16 12:10:00-05:00,5995.0,5997.0,5994.25,5995.5,9580
2025-01-16 12:15:00-05:00,5995.5,5995.75,5988.5,5991.25,18386
2025-01-16 12:20:00-05:00,5991.25,5995.5,5987.75,5995.0,10682
2025-01-16 12:25:00-05:00,5994.75,5998.5,5994.0,5997.75,9008
2025-01-16 12:30:00-05:00,5997.75,5998.0,5995.0,5995.75,7265
2025-01-16 12:35:00-05:00,5995.5,5995.75,5989.75,5991.5,10521
2025-01-16 12:40:00-05:00,5991.5,5993.0,5990.0,5991.5,7592
2025-01-16 12:45:00-05:00,5991.5,5994.0,5990.0,5991.0,6950
2025-01-16 12:50:00-05:00,5991.25,5992.0,5988.0,5990.0,7895
2025-01-16 12:55:00-05:00,5990.25,5993.25,5989.25,5989.5,6540
2025-01-16 13:00:00-05:00,5989.75,5993.5,5989.0,5993.0,5660
2025-01-16 13:05:00-05:00,5993.25,5995.5,5990.25,5991.75,6977
2025-01-16 13:10:00-05:00,5991.75,5994.5,5990.0,5990.5,6447
2025-01-16 13:15:00-05:00,5990.5,5991.25,5987.0,5988.5,8079
2025-01-16 13:20:00-05:00,5988.5,5990.25,5988.0,5989.0,6083
2025-01-16 13:25:00-05:00,5989.25,5990.25,5981.0,5982.25,9804
2025-01-16 13:30:00-05:00,5982.25,5984.0,5979.0,5980.0,14737
2025-01-16 13:35:00-05:00,5980.25,5981.5,5975.75,5979.25,12187
2025-01-16 13:40:00-05:00,5979.0,5980.75,5976.25,5977.25,13333
2025-01-16 13:45:00-05:00,5977.25,5978.25,5969.0,5974.5,22287
2025-01-16 13:50:00-05:00,5974.5,5978.5,5971.25,5977.5,15704
2025-01-16 13:55:00-05:00,5977.5,5978.75,5971.25,5973.5,12392
2025-01-16 14:00:00-05:00,5973.5,5977.5,5970.25,5977.0,13057
2025-01-16 14:05:00-05:00,5976.75,5982.25,5976.75,5979.75,12472
2025-01-16 14:10:00-05:00,5979.75,5983.5,5978.75,5981.0,9906
2025-01-16 14:15:00-05:00,5981.25,5984.0,5980.75,5982.0,8590
2025-01-16 14:20:00-05:00,5982.25,5983.75,5975.0,5976.75,11441
2025-01-16 14:25:00-05:00,5976.75,5986.0,5976.75,5984.25,9235
2025-01-16 14:30:00-05:00,5984.5,5984.75,5981.5,5984.0,8948
2025-01-16 14:35:00-05:00,5984.0,5988.0,5983.0,5987.25,9270
2025-01-16 14:40:00-05:00,5987.5,5987.5,5984.25,5985.0,7845
2025-01-16 14:45:00-05:00,5985.25,5987.25,5984.5,5985.75,6803
2025-01-16 14:50:00-05:00,5986.0,5987.25,5982.0,5986.5,9991
2025-01-16 14:55:00-05:00,5986.5,5991.0,5986.5,5989.25,11122
2025-01-16 15:00:00-05:00,5989.5,5991.25,5988.5,5990.25,7812
2025-01-16 15:05:00-05:00,5990.5,5993.5,5990.25,5992.75,8999
2025-01-16 15:10:00-05:00,5992.75,5993.5,5987.25,5987.25,10345
2025-01-16 15:15:00-05:00,5987.25,5989.75,5982.5,5983.5,12578
2025-01-16 15:20:00-05:00,5983.5,5985.0,5979.25,5981.5,15766
2025-01-16 15:25:00-05:00,5981.75,5986.0,5981.0,5983.0,11844
2025-01-16 15:30:00-05:00,5982.75,5987.75,5982.25,5985.75,10409
2025-01-16 15:35:00-05:00,5986.0,5988.5,5983.75,5985.5,10158
2025-01-16 15:40:00-05:00,5985.5,5991.0,5985.25,5989.75,12049
2025-01-16 15:45:00-05:00,5990.0,5990.5,5985.75,5988.0,12444
2025-01-16 15:50:00-05:00,5987.75,5991.75,5982.75,5984.25,23268
2025-01-16 15:55:00-05:00,5984.25,5984.5,5974.0,5976.25,72809
2025-01-16 16:00:00-05:00,5976.5,5977.0,5972.0,5973.75,26613
2025-01-16 16:05:00-05:00,5974.0,5974.25,5972.25,5972.75,4999
2025-01-16 16:10:00-05:00,5972.75,5972.75,5963.25,5963.75,9861
2025-01-16 16:15:00-05:00,5964.0,5968.0,5963.5,5966.5,3888
2025-01-16 16:20:00-05:00,5966.5,5966.75,5961.75,5963.75,2991
2025-01-16 16:25:00-05:00,5963.75,5966.25,5963.0,5966.0,2021
2025-01-16 16:30:00-05:00,5965.75,5969.25,5965.75,5968.5,2085
2025-01-16 16:35:00-05:00,5968.5,5969.0,5967.5,5968.75,825
2025-01-16 16:40:00-05:00,5968.75,5969.0,5966.75,5967.75,911
2025-01-16 16:45:00-05:00,5967.75,5969.75,5967.75,5968.5,976
2025-01-16 16:50:00-05:00,5968.75,5969.5,5967.0,5968.0,1021
2025-01-16 16:55:00-05:00,5968.25,5969.75,5968.25,5969.5,931
2025-01-16 18:00:00-05:00,5970.25,5972.5,5968.5,5971.0,1187
2025-01-16 18:05:00-05:00,5971.25,5971.5,5968.0,5968.5,669
2025-01-16 18:10:00-05:00,5968.25,5971.5,5968.25,5971.25,659
2025-01-16 18:15:00-05:00,5971.25,5973.5,5971.0,5972.75,567
2025-01-16 18:20:00-05:00,5972.75,5974.0,5971.5,5972.5,842
2025-01-16 18:25:00-05:00,5972.5,5972.75,5971.0,5972.5,225
2025-01-16 18:30:00-05:00,5972.5,5973.75,5972.0,5973.25,409
2025-01-16 18:35:00-05:00,5973.25,5973.75,5972.75,5972.75,259
2025-01-16 18:40:00-05:00,5972.5,5973.75,5972.25,5973.25,493
2025-01-16 18:45:00-05:00,5973.0,5974.0,5971.75,5973.5,532
2025-01-16 18:50:00-05:00,5973.5,5973.75,5972.0,5972.5,289
2025-01-16 18:55:00-05:00,5972.5,5974.75,5972.5,5974.5,334
2025-01-16 19:00:00-05:00,5974.25,5975.5,5973.5,5974.25,1041
2025-01-16 19:05:00-05:00,5974.0,5975.5,5973.75,5975.25,452
2025-01-16 19:10:00-05:00,5975.25,5975.5,5973.0,5973.75,459
2025-01-16 19:15:00-05:00,5974.0,5974.0,5972.0,5973.0,654
2025-01-16 19:20:00-05:00,5973.0,5974.25,5973.0,5973.5,302
2025-01-16 19:25:00-05:00,5973.25,5974.25,5973.0,5974.0,318
2025-01-16 19:30:00-05:00,5974.0,5975.25,5974.0,5975.25,318
2025-01-16 19:35:00-05:00,5975.5,5975.5,5974.25,5974.75,435
2025-01-16 19:40:00-05:00,5974.75,5975.5,5974.75,5975.25,293
2025-01-16 19:45:00-05:00,5975.25,5975.5,5973.5,5973.5,434
2025-01-16 19:50:00-05:00,5973.5,5974.75,5973.0,5974.5,312
2025-01-16 19:55:00-05:00,5974.25,5975.25,5974.0,5975.25,208
2025-01-16 20:00:00-05:00,5975.25,5978.5,5974.75,5978.25,1217
2025-01-16 20:05:00-05:00,5978.25,5978.75,5977.25,5978.5,434
2025-01-16 20:10:00-05:00,5978.75,5979.75,5978.5,5978.75,601
2025-01-16 20:15:00-05:00,5978.75,5979.25,5978.0,5978.5,368
2025-01-16 20:20:00-05:00,5978.75,5979.0,5977.25,5978.25,308
2025-01-16 20:25:00-05:00,5978.25,5979.0,5978.25,5978.75,305
2025-01-16 20:30:00-05:00,5978.5,5979.5,5977.75,5978.5,455
2025-01-16 20:35:00-05:00,5978.5,5979.75,5978.25,5979.5,294
2025-01-16 20:40:00-05:00,5979.5,5982.25,5979.5,5982.25,786
2025-01-16 20:45:00-05:00,5982.25,5983.0,5981.5,5983.0,561
2025-01-16 20:50:00-05:00,5982.75,5983.5,5982.5,5982.75,469
2025-01-16 20:55:00-05:00,5982.75,5984.0,5981.75,5981.75,559
2025-01-16 21:00:00-05:00,5982.0,5983.0,5981.5,5983.0,532
2025-01-16 21:05:00-05:00,5983.0,5983.0,5982.25,5982.75,320
2025-01-16 21:10:00-05:00,5982.75,5984.0,5982.25,5984.0,322
2025-01-16 21:15:00-05:00,5984.25,5984.25,5982.75,5983.5,250
2025-01-16 21:20:00-05:00,5983.5,5985.5,5983.25,5985.25,448
2025-01-16 21:25:00-05:00,5985.25,5985.25,5983.25,5983.75,318
2025-01-16 21:30:00-05:00,5983.75,5984.0,5983.0,5983.5,240
2025-01-16 21:35:00-05:00,5983.75,5984.0,5981.5,5981.75,351
2025-01-16 21:40:00-05:00,5981.5,5982.0,5980.75,5981.0,403
2025-01-16 21:45:00-05:00,5981.0,5981.25,5977.5,5978.5,818
2025-01-16 21:50:00-05:00,5978.5,5979.25,5978.0,5979.25,365
2025-01-16 21:55:00-05:00,5979.0,5979.5,5978.25,5979.0,203
2025-01-16 22:00:00-05:00,5979.0,5980.25,5979.0,5979.25,234
2025-01-16 22:05:00-05:00,5979.5,5980.25,5979.25,5979.75,115
2025-01-16 22:10:00-05:00,5979.5,5979.75,5977.0,5977.75,345
2025-01-16 22:15:00-05:00,5977.75,5978.0,5977.0,5978.0,207
2025-01-16 22:20:00-05:00,5978.0,5979.0,5977.0,5978.0,365
2025-01-16 22:25:00-05:00,5977.75,5978.75,5977.5,5978.75,195
2025-01-16 22:30:00-05:00,5978.75,5981.5,5978.75,5981.0,500
2025-01-16 22:35:00-05:00,5981.25,5982.5,5981.25,5981.5,374
2025-01-16 22:40:00-05:00,5981.75,5982.75,5981.75,5982.75,223
2025-01-16 22:45:00-05:00,5982.75,5983.25,5982.0,5983.0,196
2025-01-16 22:50:00-05:00,5983.0,5983.75,5982.0,5983.25,336
2025-01-16 22:55:00-05:00,5983.0,5984.75,5983.0,5984.5,243
2025-01-16 23:00:00-05:00,5984.25,5985.5,5984.25,5984.5,459
2025-01-16 23:05:00-05:00,5984.75,5985.0,5984.0,5984.75,271
2025-01-16 23:10:00-05:00,5984.75,5985.25,5984.25,5985.25,171
2025-01-16 23:15:00-05:00,5985.25,5987.5,5985.25,5987.0,901
2025-01-16 23:20:00-05:00,5987.0,5989.0,5986.5,5988.75,602
2025-01-16 23:25:00-05:00,5988.75,5989.25,5987.25,5989.0,483
2025-01-16 23:30:00-05:00,5989.25,5989.5,5986.5,5987.0,699
2025-01-16 23:35:00-05:00,5987.0,5987.5,5986.5,5987.0,240
2025-01-16 23:40:00-05:00,5987.0,5987.25,5986.0,5986.25,170
2025-01-16 23:45:00-05:00,5986.25,5986.75,5985.25,5985.5,316
2025-01-16 23:50:00-05:00,5985.75,5986.75,5985.75,5986.25,199
2025-01-16 23:55:00-05:00,5986.25,5986.25,5984.75,5986.0,270
2025-01-17 00:00:00-05:00,5986.0,5987.25,5986.0,5987.0,349
2025-01-17 00:05:00-05:00,5987.25,5987.5,5985.5,5986.0,230
2025-01-17 00:10:00-05:00,5986.0,5986.5,5985.5,5986.25,158
2025-01-17 00:15:00-05:00,5986.0,5987.25,5985.75,5986.75,316
2025-01-17 00:20:00-05:00,5986.75,5987.0,5986.25,5986.75,137
2025-01-17 00:25:00-05:00,5986.75,5987.5,5986.75,5987.5,188
2025-01-17 00:30:00-05:00,5987.75,5989.0,5987.25,5987.5,541
2025-01-17 00:35:00-05:00,5987.25,5988.25,5986.25,5987.0,277
2025-01-17 00:40:00-05:00,5987.0,5987.0,5984.75,5986.5,483
2025-01-17 00:45:00-05:00,5986.25,5987.0,5985.25,5985.25,380
2025-01-17 00:50:00-05:00,5985.5,5986.25,5985.25,5985.25,371
2025-01-17 00:55:00-05:00,5985.5,5986.5,5984.5,5986.5,416
2025-01-17 01:00:00-05:00,5986.5,5986.5,5983.75,5984.0,563
2025-01-17 01:05:00-05:00,5984.25,5985.25,5983.5,5984.5,488
2025-01-17 01:10:00-05:00,5984.75,5984.75,5983.5,5983.5,239
2025-01-17 01:15:00-05:00,5983.5,5985.25,5983.5,5984.25,348
2025-01-17 01:20:00-05:00,5984.0,5985.5,5984.0,5985.25,218
2025-01-17 01:25:00-05:00,5985.75,5986.0,5984.75,5985.0,205
2025-01-17 01:30:00-05:00,5985.0,5987.75,5985.0,5986.0,441
2025-01-17 01:35:00-05:00,5985.75,5985.75,5983.5,5984.25,385
2025-01-17 01:40:00-05:00,5984.25,5984.25,5983.0,5984.0,304
2025-01-17 01:45:00-05:00,5984.25,5985.5,5984.0,5985.25,232
2025-01-17 01:50:00-05:00,5985.25,5985.25,5983.5,5984.25,127
2025-01-17 01:55:00-05:00,5984.5,5985.0,5984.0,5984.5,346
2025-01-17 02:00:00-05:00,5984.75,5985.25,5982.25,5983.25,594
2025-01-17 02:05:00-05:00,5983.0,5983.25,5980.75,5982.0,1142
2025-01-17 02:10:00-05:00,5982.0,5982.5,5980.5,5982.25,442
2025-01-17 02:15:00-05:00,5981.75,5982.0,5980.5,5981.5,279
2025-01-17 02:20:00-05:00,5981.5,5983.5,5981.25,5983.25,307
2025-01-17 02:25:00-05:00,5983.25,5983.25,5980.5,5981.25,403
2025-01-17 02:30:00-05:00,5981.25,5982.0,5979.0,5979.5,514
2025-01-17 02:35:00-05:00,5979.5,5979.75,5977.0,5979.5,969
2025-01-17 02:40:00-05:00,5979.75,5980.25,5979.0,5980.0,261
2025-01-17 02:45:00-05:00,5980.25,5983.0,5979.75,5982.75,421
2025-01-17 02:50:00-05:00,5982.75,5984.75,5982.5,5984.25,422
2025-01-17 02:55:00-05:00,5984.25,5984.75,5982.25,5983.75,547
2025-01-17 03:00:00-05:00,5983.5,5987.25,5983.25,5985.75,2118
2025-01-17 03:05:00-05:00,5985.5,5986.25,5984.25,5985.0,792
2025-01-17 03:10:00-05:00,5985.0,5986.0,5983.25,5985.5,769
2025-01-17 03:15:00-05:00,5985.75,5985.75,5983.75,5985.0,577
2025-01-17 03:20:00-05:00,5984.75,5985.5,5983.0,5983.75,512
2025-01-17 03:25:00-05:00,5983.75,5986.0,5983.5,5985.25,485
2025-01-17 03:30:00-05:00,5985.25,5987.75,5985.25,5987.25,686
2025-01-17 03:35:00-05:00,5987.25,5987.25,5985.25,5987.25,463
2025-01-17 03:40:00-05:00,5987.0,5988.25,5986.5,5987.0,613
2025-01-17 03:45:00-05:00,5987.0,5988.0,5986.0,5986.25,390
2025-01-17 03:50:00-05:00,5986.5,5989.75,5986.25,5989.5,525
2025-01-17 03:55:00-05:00,5989.5,5991.75,5988.75,5990.5,1311
2025-01-17 04:00:00-05:00,5990.5,5993.75,5989.5,5993.25,1738
2025-01-17 04:05:00-05:00,5993.5,5994.75,5992.25,5993.5,1208
2025-01-17 04:10:00-05:00,5993.5,5996.75,5992.75,5996.25,1818
2025-01-17 04:15:00-05:00,5996.25,5996.75,5995.5,5996.5,836
2025-01-17 04:20:00-05:00,5996.5,5997.75,5995.75,5996.5,1097
2025-01-17 04:25:00-05:00,5996.25,5999.0,5995.75,5997.5,1158
2025-01-17 04:30:00-05:00,5997.75,5997.75,5995.75,5997.0,676
2025-01-17 04:35:00-05:00,5997.0,5997.0,5994.5,5995.0,977
2025-01-17 04:40:00-05:00,5995.0,5996.0,5994.5,5995.0,930
2025-01-17 04:45:00-05:00,5995.0,5995.75,5993.75,5995.5,643
2025-01-17 04:50:00-05:00,5995.75,5995.75,5994.0,5995.0,608
2025-01-17 04:55:00-05:00,5994.75,5995.75,5994.0,5995.25,484
2025-01-17 05:00:00-05:00,5995.25,5995.75,5993.0,5993.25,591
2025-01-17 05:05:00-05:00,5993.25,5995.75,5992.25,5995.25,817
2025-01-17 05:10:00-05:00,5995.0,5996.25,5994.25,5996.25,571
2025-01-17 05:15:00-05:00,5996.25,5997.5,5995.75,5997.25,516
2025-01-17 05:20:00-05:00,5997.5,5998.5,5995.5,5997.0,701
2025-01-17 05:25:00-05:00,5996.75,5997.0,5995.0,5995.0,437
2025-01-17 05:30:00-05:00,5995.0,5995.75,5993.25,5995.75,1182
2025-01-17 05:35:00-05:00,5995.5,5995.5,5993.75,5994.25,422
2025-01-17 05:40:00-05:00,5994.5,5995.75,5994.5,5995.0,286
2025-01-17 05:45:00-05:00,5995.0,5996.25,5994.5,5996.25,462
2025-01-17 05:50:00-05:00,5996.0,5996.0,5992.25,5994.75,1385
2025-01-17 05:55:00-05:00,5994.75,5996.0,5994.25,5994.75,497
2025-01-17 06:00:00-05:00,5994.75,5997.25,5994.75,5995.75,761
2025-01-17 06:05:00-05:00,5996.0,5997.0,5995.75,5996.75,383
2025-01-17 06:10:00-05:00,5996.75,5997.0,5995.0,5996.0,399
2025-01-17 06:15:00-05:00,5996.25,5998.75,5996.25,5998.25,421
2025-01-17 06:20:00-05:00,5998.0,5998.0,5996.25,5997.5,558
2025-01-17 06:25:00-05:00,5997.5,5998.75,5997.0,5998.0,514
2025-01-17 06:30:00-05:00,5998.0,6000.0,5998.0,5998.75,1265
2025-01-17 06:35:00-05:00,5998.5,6000.75,5998.25,6000.5,987
2025-01-17 06:40:00-05:00,6000.25,6000.75,5998.75,5999.0,591
2025-01-17 06:45:00-05:00,5999.0,5999.25,5996.5,5996.75,884
2025-01-17 06:50:00-05:00,5996.75,5996.75,5993.25,5995.0,1648
2025-01-17 06:55:00-05:00,5995.0,5995.0,5992.75,5994.0,1399
2025-01-17 07:00:00-05:00,5994.0,5994.0,5990.0,5992.0,2514
2025-01-17 07:05:00-05:00,5992.25,5996.0,5992.0,5995.5,1023
2025-01-17 07:10:00-05:00,5995.5,5997.0,5994.5,5996.5,698
2025-01-17 07:15:00-05:00,5996.75,5997.5,5994.0,5997.0,1068
2025-01-17 07:20:00-05:00,5997.0,5999.0,5994.75,5998.0,1341
2025-01-17 07:25:00-05:00,5998.0,5998.75,5996.25,5997.25,959
2025-01-17 07:30:00-05:00,5997.5,5998.5,5993.5,5993.5,1917
2025-01-17 07:35:00-05:00,5993.75,5995.75,5992.5,5995.0,1000
2025-01-17 07:40:00-05:00,5994.75,5996.25,5993.25,5995.75,906
2025-01-17 07:45:00-05:00,5996.0,5996.5,5994.25,5994.25,988
2025-01-17 07:50:00-05:00,5994.25,5997.0,5994.25,5996.75,531
2025-01-17 07:55:00-05:00,5997.0,5997.5,5995.25,5996.75,797
2025-01-17 08:00:00-05:00,5996.75,6000.5,5996.5,6000.0,2999
2025-01-17 08:05:00-05:00,6000.25,6006.25,5999.75,6006.0,3961
2025-01-17 08:10:00-05:00,6006.0,6009.0,6006.0,6007.25,4122
2025-01-17 08:15:00-05:00,6007.5,6010.5,6007.0,6009.75,3396
2025-01-17 08:20:00-05:00,6010.0,6013.25,6009.5,6012.0,3915
2025-01-17 08:25:00-05:00,6011.75,6012.75,6010.0,6011.25,3738
2025-01-17 08:30:00-05:00,6011.25,6021.0,6011.25,6020.25,8702
2025-01-17 08:35:00-05:00,6020.0,6021.25,6013.0,6014.75,8653
2025-01-17 08:40:00-05:00,6015.0,6018.5,6014.25,6017.75,8425
2025-01-17 08:45:00-05:00,6017.75,6018.75,6014.5,6015.75,5584
2025-01-17 08:50:00-05:00,6016.0,6018.0,6013.75,6014.0,5595
2025-01-17 08:55:00-05:00,6014.0,6019.75,6013.5,6019.0,6293
2025-01-17 09:00:00-05:00,6019.0,6026.0,6018.75,6025.0,11304
2025-01-17 09:05:00-05:00,6025.0,6026.25,6021.75,6023.5,7741
2025-01-17 09:10:00-05:00,6023.5,6030.25,6023.25,6026.75,9732
2025-01-17 09:15:00-05:00,6027.0,6029.75,6024.25,6025.5,8194
2025-01-17 09:20:00-05:00,6025.5,6028.25,6022.25,6023.5,7533
2025-01-17 09:25:00-05:00,6023.75,6035.5,6023.5,6026.75,35278
2025-01-17 09:30:00-05:00,6026.75,6029.75,6017.5,6020.0,63878
2025-01-17 09:35:00-05:00,6020.25,6025.75,6016.5,6018.0,30303
2025-01-17 09:40:00-05:00,6018.25,6024.0,6012.75,6018.5,26163
2025-01-17 09:45:00-05:00,6018.75,6027.25,6018.5,6026.75,25693
2025-01-17 09:50:00-05:00,6026.75,6030.25,6021.0,6022.75,26236
2025-01-17 09:55:00-05:00,6022.75,6026.75,6017.25,6020.5,20305
2025-01-17 10:00:00-05:00,6020.25,6029.5,6020.0,6028.25,22440
2025-01-17 10:05:00-05:00,6028.5,6033.0,6024.5,6025.0,22682
2025-01-17 10:10:00-05:00,6025.0,6030.75,6023.75,6028.75,18038
2025-01-17 10:15:00-05:00,6028.75,6031.25,6027.5,6029.25,13271
2025-01-17 10:20:00-05:00,6029.5,6030.25,6019.5,6024.25,21619
2025-01-17 10:25:00-05:00,6024.25,6027.75,6017.75,6027.5,21846
2025-01-17 10:30:00-05:00,6027.5,6031.5,6025.5,6029.75,17791
2025-01-17 10:35:00-05:00,6029.5,6034.0,6028.5,6033.25,13120
2025-01-17 10:40:00-05:00,6033.0,6034.75,6030.25,6032.0,14479
2025-01-17 10:45:00-05:00,6032.0,6034.25,6030.25,6034.25,13033
2025-01-17 10:50:00-05:00,6034.0,6037.25,6033.0,6036.5,16647
2025-01-17 10:55:00-05:00,6036.75,6039.5,6035.0,6039.0,13784
2025-01-17 11:00:00-05:00,6039.0,6039.5,6035.0,6037.5,16005
2025-01-17 11:05:00-05:00,6037.5,6041.25,6035.75,6039.25,12762
2025-01-17 11:10:00-05:00,6039.25,6040.75,6037.25,6039.75,9885
2025-01-17 11:15:00-05:00,6040.0,6042.0,6038.5,6040.25,11064
2025-01-17 11:20:00-05:00,6040.25,6045.5,6040.0,6045.25,10163
2025-01-17 11:25:00-05:00,6045.25,6049.0,6044.5,6045.25,17103
2025-01-17 11:30:00-05:00,6045.5,6047.5,6038.5,6040.5,18279
2025-01-17 11:35:00-05:00,6040.5,6044.75,6040.5,6044.25,8657
2025-01-17 11:40:00-05:00,6044.25,6045.0,6041.75,6044.5,8547
2025-01-17 11:45:00-05:00,6044.5,6045.75,6040.5,6043.5,9651
2025-01-17 11:50:00-05:00,6043.5,6044.75,6040.0,6040.5,8341
2025-01-17 11:55:00-05:00,6040.25,6042.5,6038.75,6040.75,7728
2025-01-17 12:00:00-05:00,6040.5,6040.75,6035.75,6038.5,13800
2025-01-17 12:05:00-05:00,6038.75,6041.75,6037.5,6041.0,6615
2025-01-17 12:10:00-05:00,6040.75,6044.0,6039.75,6043.75,8495
2025-01-17 12:15:00-05:00,6043.75,6045.25,6042.75,6045.0,6886
2025-01-17 12:20:00-05:00,6044.75,6047.75,6044.75,6046.75,7264
2025-01-17 12:25:00-05:00,6046.75,6048.25,6046.0,6047.5,5617
2025-01-17 12:30:00-05:00,6047.5,6048.5,6046.75,6047.0,6460
2025-01-17 12:35:00-05:00,6047.0,6049.0,6044.0,6048.5,8151
2025-01-17 12:40:00-05:00,6048.25,6048.25,6045.75,6047.0,5555
2025-01-17 12:45:00-05:00,6047.25,6048.25,6046.25,6048.0,3697
2025-01-17 12:50:00-05:00,6048.0,6048.25,6045.25,6047.0,5546
2025-01-17 12:55:00-05:00,6047.0,6047.5,6043.0,6046.75,9371
2025-01-17 13:00:00-05:00,6046.75,6047.25,6043.25,6046.25,7071
2025-01-17 13:05:00-05:00,6046.25,6049.0,6045.75,6047.75,7714
2025-01-17 13:10:00-05:00,6047.75,6050.75,6047.25,6049.75,8091
2025-01-17 13:15:00-05:00,6049.75,6050.5,6048.75,6049.5,5480
2025-01-17 13:20:00-05:00,6049.5,6051.5,6049.5,6049.75,6233
2025-01-17 13:25:00-05:00,6049.75,6051.0,6048.0,6048.25,6911
2025-01-17 13:30:00-05:00,6048.5,6049.25,6045.0,6046.0,9467
2025-01-17 13:35:00-05:00,6046.0,6049.0,6045.25,6048.5,9616
2025-01-17 13:40:00-05:00,6048.25,6048.5,6043.0,6044.0,8055
2025-01-17 13:45:00-05:00,6044.25,6047.5,6043.5,6043.5,8124
2025-01-17 13:50:00-05:00,6043.5,6044.0,6041.75,6043.5,8501
2025-01-17 13:55:00-05:00,6043.25,6044.0,6039.75,6043.75,10839
2025-01-17 14:00:00-05:00,6043.75,6045.25,6042.75,6043.25,9263
2025-01-17 14:05:00-05:00,6043.5,6044.0,6039.0,6042.0,11439
2025-01-17 14:10:00-05:00,6041.75,6043.75,6040.0,6042.75,6613
2025-01-17 14:15:00-05:00,6042.75,6044.0,6038.25,6038.75,7425
2025-01-17 14:20:00-05:00,6038.75,6045.5,6038.5,6044.75,8827
2025-01-17 14:25:00-05:00,6044.5,6045.0,6041.75,6042.25,4898
2025-01-17 14:30:00-05:00,6042.25,6043.25,6040.75,6042.75,6595
2025-01-17 14:35:00-05:00,6042.75,6044.75,6042.25,6042.5,5622
2025-01-17 14:40:00-05:00,6042.5,6043.75,6040.75,6042.25,6136
2025-01-17 14:45:00-05:00,6042.5,6043.75,6041.5,6042.0,4656
2025-01-17 14:50:00-05:00,6041.75,6042.5,6039.0,6039.25,6298
2025-01-17 14:55:00-05:00,6039.5,6041.0,6037.5,6039.75,9903
2025-01-17 15:00:00-05:00,6039.75,6039.75,6032.5,6035.0,17137
2025-01-17 15:05:00-05:00,6035.0,6039.5,6033.25,6039.25,11157
2025-01-17 15:10:00-05:00,6039.0,6041.0,6037.75,6038.0,9468
2025-01-17 15:15:00-05:00,6038.25,6041.25,6037.25,6040.75,8589
2025-01-17 15:20:00-05:00,6040.75,6042.25,6039.75,6042.0,8268
2025-01-17 15:25:00-05:00,6042.0,6042.0,6037.75,6038.5,8856
2025-01-17 15:30:00-05:00,6038.5,6043.0,6038.25,6042.5,11185
2025-01-17 15:35:00-05:00,6042.5,6043.5,6041.5,6042.0,8362
2025-01-17 15:40:00-05:00,6042.0,6042.5,6038.75,6040.5,11545
2025-01-17 15:45:00-05:00,6040.5,6042.5,6039.5,6040.25,10323
2025-01-17 15:50:00-05:00,6040.25,6043.5,6035.5,6040.25,23268
2025-01-17 15:55:00-05:00,6040.25,6040.5,6031.0,6033.0,94493
2025-01-17 16:00:00-05:00,6033.25,6034.0,6029.0,6029.5,28634
2025-01-17 16:05:00-05:00,6029.5,6032.75,6029.0,6032.5,6412
2025-01-17 16:10:00-05:00,6032.25,6032.5,6029.25,6030.25,3056
2025-01-17 16:15:00-05:00,6030.5,6031.0,6029.0,6030.0,2586
2025-01-17 16:20:00-05:00,6030.0,6031.25,6029.75,6030.75,1566
2025-01-17 16:25:00-05:00,6030.75,6031.5,6030.25,6031.0,1125
2025-01-17 16:30:00-05:00,6031.0,6031.25,6030.75,6031.25,1020
2025-01-17 16:35:00-05:00,6031.0,6031.0,6029.75,6030.25,685
2025-01-17 16:40:00-05:00,6030.25,6032.0,6030.0,6031.75,863
2025-01-17 16:45:00-05:00,6031.75,6032.0,6030.75,6031.75,865
2025-01-17 16:50:00-05:00,6031.75,6032.25,6031.25,6032.0,572
2025-01-17 16:55:00-05:00,6032.0,6033.0,6030.5,6032.5,1596
2025-01-19 18:00:00-05:00,6032.25,6038.5,6030.25,6031.0,2354
2025-01-19 18:05:00-05:00,6031.25,6031.25,6023.5,6026.0,1522
2025-01-19 18:10:00-05:00,6025.75,6025.75,6021.5,6024.5,1243
2025-01-19 18:15:00-05:00,6024.75,6026.25,6023.5,6025.0,654
2025-01-19 18:20:00-05:00,6025.25,6027.5,6024.25,6025.75,536
2025-01-19 18:25:00-05:00,6025.5,6025.5,6023.25,6024.0,468
2025-01-19 18:30:00-05:00,6024.0,6024.25,6020.75,6021.0,670
2025-01-19 18:35:00-05:00,6020.75,6022.75,6020.0,6020.75,604
2025-01-19 18:40:00-05:00,6020.75,6024.5,6020.75,6023.75,605
2025-01-19 18:45:00-05:00,6023.5,6024.0,6020.75,6022.25,693
2025-01-19 18:50:00-05:00,6022.25,6023.75,6022.0,6023.5,293
2025-01-19 18:55:00-05:00,6023.5,6023.5,6020.75,6023.5,483
2025-01-19 19:00:00-05:00,6023.5,6025.0,6023.5,6025.0,790
2025-01-19 19:05:00-05:00,6024.75,6025.25,6022.5,6023.5,695
2025-01-19 19:10:00-05:00,6023.0,6026.75,6022.5,6026.0,533
2025-01-19 19:15:00-05:00,6026.25,6026.5,6023.5,6024.5,473
2025-01-19 19:20:00-05:00,6024.25,6025.0,6022.75,6023.75,442
2025-01-19 19:25:00-05:00,6024.0,6025.0,6023.5,6024.0,264
2025-01-19 19:30:00-05:00,6024.0,6024.25,6023.5,6023.75,170
2025-01-19 19:35:00-05:00,6023.75,6026.0,6023.5,6024.5,332
2025-01-19 19:40:00-05:00,6024.5,6025.25,6022.75,6023.25,354
2025-01-19 19:45:00-05:00,6023.0,6023.5,6022.25,6023.0,221
2025-01-19 19:50:00-05:00,6023.0,6025.25,6023.0,6025.0,228
2025-01-19 19:55:00-05:00,6025.0,6027.25,6025.0,6027.0,528
2025-01-19 20:00:00-05:00,6027.0,6030.0,6025.5,6029.5,995
2025-01-19 20:05:00-05:00,6029.75,6030.25,6028.25,6029.75,580
2025-01-19 20:10:00-05:00,6029.75,6030.0,6028.25,6028.5,421
2025-01-19 20:15:00-05:00,6028.25,6028.5,6024.5,6025.0,540
2025-01-19 20:20:00-05:00,6025.0,6025.75,6023.5,6025.5,469
2025-01-19 20:25:00-05:00,6025.75,6026.5,6024.75,6025.25,361
2025-01-19 20:30:00-05:00,6025.0,6026.75,6024.0,6026.75,348
2025-01-19 20:35:00-05:00,6027.0,6028.75,6027.0,6028.5,404
2025-01-19 20:40:00-05:00,6028.25,6028.25,6026.25,6027.75,267
2025-01-19 20:45:00-05:00,6027.75,6029.5,6027.5,6029.5,270
2025-01-19 20:50:00-05:00,6029.25,6029.5,6027.75,6028.75,350
2025-01-19 20:55:00-05:00,6028.5,6029.25,6026.75,6027.75,424
2025-01-19 21:00:00-05:00,6027.5,6028.0,6027.0,6027.0,224
2025-01-19 21:05:00-05:00,6026.75,6027.75,6026.25,6026.75,351
2025-01-19 21:10:00-05:00,6026.75,6027.5,6026.75,6027.25,130
2025-01-19 21:15:00-05:00,6027.25,6028.5,6027.25,6028.0,358
2025-01-19 21:20:00-05:00,6027.75,6028.0,6026.25,6027.25,344
2025-01-19 21:25:00-05:00,6027.5,6028.25,6026.25,6027.25,350
2025-01-19 21:30:00-05:00,6027.5,6028.25,6027.25,6027.75,159
2025-01-19 21:35:00-05:00,6028.0,6028.0,6027.25,6027.5,116
2025-01-19 21:40:00-05:00,6027.75,6028.25,6027.25,6028.0,159
2025-01-19 21:45:00-05:00,6028.0,6028.25,6026.25,6026.25,208
2025-01-19 21:50:00-05:00,6026.5,6026.5,6025.5,6025.75,260
2025-01-19 21:55:00-05:00,6025.75,6027.5,6025.25,6027.25,262
2025-01-19 22:00:00-05:00,6027.5,6027.5,6026.25,6026.5,169
2025-01-19 22:05:00-05:00,6026.5,6027.0,6025.5,6027.0,183
2025-01-19 22:10:00-05:00,6026.75,6028.5,6026.75,6028.25,163
2025-01-19 22:15:00-05:00,6028.25,6030.75,6028.0,6030.5,457
2025-01-19 22:20:00-05:00,6030.25,6030.75,6029.0,6029.5,420
2025-01-19 22:25:00-05:00,6029.25,6029.25,6027.25,6028.25,390
2025-01-19 22:30:00-05:00,6028.5,6029.75,6027.75,6029.5,295
2025-01-19 22:35:00-05:00,6029.5,6029.75,6028.25,6028.25,249
2025-01-19 22:40:00-05:00,6028.5,6029.0,6028.5,6028.75,162
2025-01-19 22:45:00-05:00,6028.5,6029.25,6027.5,6027.75,255
2025-01-19 22:50:00-05:00,6027.75,6028.75,6027.75,6028.5,198
2025-01-19 22:55:00-05:00,6028.25,6030.5,6028.25,6029.75,337
2025-01-19 23:00:00-05:00,6029.75,6031.5,6029.25,6031.25,483
2025-01-19 23:05:00-05:00,6031.5,6031.75,6030.25,6030.75,385
2025-01-19 23:10:00-05:00,6030.75,6031.5,6029.75,6030.0,229
2025-01-19 23:15:00-05:00,6030.25,6031.0,6030.0,6030.5,164
2025-01-19 23:20:00-05:00,6030.5,6030.75,6029.75,6030.0,114
2025-01-19 23:25:00-05:00,6030.25,6030.25,6029.0,6029.5,230
2025-01-19 23:30:00-05:00,6029.75,6030.0,6029.0,6029.5,155
2025-01-19 23:35:00-05:00,6029.25,6029.75,6029.25,6029.5,132
2025-01-19 23:40:00-05:00,6029.5,6030.25,6029.5,6030.0,125
2025-01-19 23:45:00-05:00,6029.75,6031.25,6029.75,6030.75,173
2025-01-19 23:50:00-05:00,6030.5,6031.25,6030.25,6031.0,156
2025-01-19 23:55:00-05:00,6031.25,6032.0,6031.0,6032.0,172
2025-01-20 00:00:00-05:00,6032.0,6032.0,6031.25,6031.75,251
2025-01-20 00:05:00-05:00,6031.75,6032.25,6031.5,6031.75,121
2025-01-20 00:10:00-05:00,6031.75,6032.5,6031.75,6032.25,125
2025-01-20 00:15:00-05:00,6032.25,6032.25,6031.25,6032.0,218
2025-01-20 00:20:00-05:00,6032.0,6033.25,6032.0,6032.0,342
2025-01-20 00:25:00-05:00,6032.25,6032.5,6032.0,6032.0,98
2025-01-20 00:30:00-05:00,6031.75,6032.25,6031.75,6032.25,95
2025-01-20 00:35:00-05:00,6032.25,6032.5,6032.0,6032.0,127
2025-01-20 00:40:00-05:00,6032.0,6032.25,6031.75,6032.25,144
2025-01-20 00:45:00-05:00,6032.25,6032.25,6031.25,6031.5,120
2025-01-20 00:50:00-05:00,6031.5,6031.75,6031.25,6031.75,132
2025-01-20 00:55:00-05:00,6031.75,6032.25,6031.75,6032.25,116
2025-01-20 01:00:00-05:00,6032.25,6032.75,6031.5,6031.5,247
2025-01-20 01:05:00-05:00,6031.5,6032.0,6031.0,6031.5,257
2025-01-20 01:10:00-05:00,6031.5,6032.5,6031.0,6032.0,133
2025-01-20 01:15:00-05:00,6032.0,6032.25,6031.5,6032.25,116
2025-01-20 01:20:00-05:00,6032.25,6032.75,6032.0,6032.5,179
2025-01-20 01:25:00-05:00,6032.25,6033.5,6031.75,6033.5,336
2025-01-20 01:30:00-05:00,6033.5,6034.25,6033.5,6033.75,251
2025-01-20 01:35:00-05:00,6033.5,6033.75,6032.5,6033.25,203
2025-01-20 01:40:00-05:00,6033.25,6034.25,6032.5,6034.25,158
2025-01-20 01:45:00-05:00,6034.0,6035.0,6034.0,6034.75,488
2025-01-20 01:50:00-05:00,6034.5,6036.5,6034.5,6035.75,573
2025-01-20 01:55:00-05:00,6035.75,6036.75,6034.75,6035.0,363
2025-01-20 02:00:00-05:00,6035.25,6036.25,6034.75,6034.75,392
2025-01-20 02:05:00-05:00,6034.75,6037.0,6034.25,6036.75,550
2025-01-20 02:10:00-05:00,6036.75,6037.0,6035.75,6036.0,535
2025-01-20 02:15:00-05:00,6036.0,6036.25,6035.25,6036.0,221
2025-01-20 02:20:00-05:00,6035.75,6036.0,6035.25,6035.75,122
2025-01-20 02:25:00-05:00,6035.5,6035.5,6034.5,6034.75,147
2025-01-20 02:30:00-05:00,6034.75,6036.25,6034.5,6035.75,206
2025-01-20 02:35:00-05:00,6035.75,6037.25,6035.75,6036.75,397
2025-01-20 02:40:00-05:00,6036.75,6037.75,6036.75,6037.0,359
2025-01-20 02:45:00-05:00,6037.0,6039.75,6037.0,6038.75,803
2025-01-20 02:50:00-05:00,6039.0,6041.5,6038.75,6041.0,792
2025-01-20 02:55:00-05:00,6040.75,6041.75,6040.0,6041.5,566
2025-01-20 03:00:00-05:00,6041.25,6041.25,6038.0,6040.0,1847
2025-01-20 03:05:00-05:00,6040.0,6043.5,6039.5,6043.0,1147
2025-01-20 03:10:00-05:00,6043.0,6043.25,6040.75,6042.0,721
2025-01-20 03:15:00-05:00,6042.25,6042.25,6038.75,6041.25,767
2025-01-20 03:20:00-05:00,6041.25,6041.5,6038.75,6039.0,604
2025-01-20 03:25:00-05:00,6039.0,6039.25,6032.0,6034.5,1681
2025-01-20 03:30:00-05:00,6034.5,6037.0,6033.75,6036.75,580
2025-01-20 03:35:00-05:00,6036.5,6039.0,6036.25,6038.75,367
2025-01-20 03:40:00-05:00,6038.75,6039.0,6035.5,6037.25,905
2025-01-20 03:45:00-05:00,6037.5,6038.5,6036.0,6036.5,660
2025-01-20 03:50:00-05:00,6036.5,6037.5,6035.5,6037.0,528
2025-01-20 03:55:00-05:00,6037.0,6037.5,6035.75,6037.0,324
2025-01-20 04:00:00-05:00,6037.25,6039.0,6036.0,6038.5,577
2025-01-20 04:05:00-05:00,6038.25,6041.0,6038.0,6039.75,705
2025-01-20 04:10:00-05:00,6040.0,6041.0,6039.0,6039.5,298
2025-01-20 04:15:00-05:00,6039.25,6040.75,6038.5,6040.0,513
2025-01-20 04:20:00-05:00,6040.0,6040.25,6038.25,6038.75,369
2025-01-20 04:25:00-05:00,6038.75,6039.0,6037.0,6038.5,459
2025-01-20 04:30:00-05:00,6038.75,6039.75,6036.5,6036.5,352
2025-01-20 04:35:00-05:00,6036.75,6037.0,6036.0,6036.5,312
2025-01-20 04:40:00-05:00,6036.5,6038.25,6036.25,6038.25,386
2025-01-20 04:45:00-05:00,6038.25,6038.5,6036.75,6036.75,256
2025-01-20 04:50:00-05:00,6036.75,6037.75,6036.25,6037.25,245
2025-01-20 04:55:00-05:00,6037.5,6039.0,6037.25,6038.5,350
2025-01-20 05:00:00-05:00,6038.5,6040.0,6037.0,6037.25,464
2025-01-20 05:05:00-05:00,6037.5,6038.0,6034.25,6035.25,715
2025-01-20 05:10:00-05:00,6035.5,6036.75,6035.25,6036.25,570
2025-01-20 05:15:00-05:00,6036.75,6037.75,6034.5,6035.25,400
2025-01-20 05:20:00-05:00,6035.5,6038.5,6035.5,6037.75,403
2025-01-20 05:25:00-05:00,6037.75,6038.5,6036.75,6037.75,378
2025-01-20 05:30:00-05:00,6038.0,6038.0,6035.75,6036.25,288
2025-01-20 05:35:00-05:00,6036.25,6037.25,6035.5,6037.25,168
2025-01-20 05:40:00-05:00,6037.25,6037.75,6035.75,6037.0,275
2025-01-20 05:45:00-05:00,6037.0,6039.5,6036.25,6039.25,717
2025-01-20 05:50:00-05:00,6039.5,6040.0,6038.25,6039.25,370
2025-01-20 05:55:00-05:00,6039.25,6039.5,6037.0,6037.5,441
2025-01-20 06:00:00-05:00,6037.25,6038.5,6036.0,6038.5,483
2025-01-20 06:05:00-05:00,6038.5,6039.0,6037.5,6038.0,390
2025-01-20 06:10:00-05:00,6038.0,6038.0,6036.25,6037.0,503
2025-01-20 06:15:00-05:00,6037.0,6037.25,6036.0,6036.5,293
2025-01-20 06:20:00-05:00,6036.5,6037.5,6035.25,6035.5,428
2025-01-20 06:25:00-05:00,6035.5,6036.5,6035.25,6036.25,160
2025-01-20 06:30:00-05:00,6036.25,6038.5,6036.25,6038.0,152
2025-01-20 06:35:00-05:00,6038.25,6038.5,6037.0,6037.5,331
2025-01-20 06:40:00-05:00,6037.5,6037.75,6035.5,6036.0,429
2025-01-20 06:45:00-05:00,6036.25,6038.0,6036.25,6037.5,284
2025-01-20 06:50:00-05:00,6037.5,6037.5,6036.5,6036.75,260
2025-01-20 06:55:00-05:00,6037.0,6037.5,6036.0,6036.0,376
2025-01-20 07:00:00-05:00,6036.25,6036.5,6033.5,6034.75,901
2025-01-20 07:05:00-05:00,6034.75,6036.5,6034.75,6035.25,467
2025-01-20 07:10:00-05:00,6035.0,6035.0,6032.0,6032.5,740
2025-01-20 07:15:00-05:00,6032.25,6032.75,6029.5,6029.75,1516
2025-01-20 07:20:00-05:00,6029.5,6030.75,6028.0,6028.25,929
2025-01-20 07:25:00-05:00,6028.5,6028.75,6025.75,6026.5,1127
2025-01-20 07:30:00-05:00,6026.5,6030.25,6026.5,6030.25,777
2025-01-20 07:35:00-05:00,6030.0,6030.75,6027.5,6028.25,864
2025-01-20 07:40:00-05:00,6028.5,6029.75,6027.5,6028.0,629
2025-01-20 07:45:00-05:00,6028.5,6030.0,6027.75,6029.5,366
2025-01-20 07:50:00-05:00,6029.5,6030.25,6027.0,6027.75,947
2025-01-20 07:55:00-05:00,6028.0,6029.0,6027.25,6028.0,387
2025-01-20 08:00:00-05:00,6028.0,6028.0,6024.0,6025.25,1362
2025-01-20 08:05:00-05:00,6025.25,6027.75,6025.0,6026.75,861
2025-01-20 08:10:00-05:00,6026.5,6027.0,6025.5,6026.5,667
2025-01-20 08:15:00-05:00,6027.0,6027.5,6026.5,6026.75,538
2025-01-20 08:20:00-05:00,6027.0,6028.0,6026.5,6027.5,588
2025-01-20 08:25:00-05:00,6027.25,6027.25,6023.75,6024.0,1151
2025-01-20 08:30:00-05:00,6024.0,6048.5,6018.0,6048.0,19288
2025-01-20 08:35:00-05:00,6047.75,6048.25,6036.5,6040.25,6079
2025-01-20 08:40:00-05:00,6040.5,6046.5,6036.5,6045.25,3477
2025-01-20 08:45:00-05:00,6045.25,6049.0,6043.75,6047.75,3679
2025-01-20 08:50:00-05:00,6047.5,6054.25,6046.5,6053.5,4867
2025-01-20 08:55:00-05:00,6053.25,6058.5,6052.5,6057.25,5894
2025-01-20 09:00:00-05:00,6057.25,6060.0,6056.25,6059.25,4157
2025-01-20 09:05:00-05:00,6059.25,6060.25,6054.25,6057.5,3810
2025-01-20 09:10:00-05:00,6057.75,6058.25,6050.75,6051.25,3676
2025-01-20 09:15:00-05:00,6051.25,6054.5,6050.0,6054.0,2570
2025-01-20 09:20:00-05:00,6054.0,6062.5,6053.75,6062.0,5707
2025-01-20 09:25:00-05:00,6062.0,6066.0,6061.75,6063.75,4552
2025-01-20 09:30:00-05:00,6064.25,6068.0,6063.0,6066.25,4890
2025-01-20 09:35:00-05:00,6066.0,6069.75,6065.75,6067.25,4155
2025-01-20 09:40:00-05:00,6067.5,6078.25,6066.0,6076.0,10328
2025-01-20 09:45:00-05:00,6076.25,6077.0,6072.0,6074.25,4342
2025-01-20 09:50:00-05:00,6074.25,6075.0,6071.0,6072.75,3518
2025-01-20 09:55:00-05:00,6072.75,6073.0,6065.0,6067.75,4398
2025-01-20 10:00:00-05:00,6067.5,6067.5,6061.0,6062.0,4487
2025-01-20 10:05:00-05:00,6062.0,6066.0,6061.75,6065.0,2851
2025-01-20 10:10:00-05:00,6065.0,6066.75,6062.75,6063.75,2960
2025-01-20 10:15:00-05:00,6064.0,6064.25,6056.75,6060.5,3512
2025-01-20 10:20:00-05:00,6060.5,6060.5,6055.0,6057.0,4008
2025-01-20 10:25:00-05:00,6057.25,6057.5,6055.25,6056.25,2173
2025-01-20 10:30:00-05:00,6056.5,6056.75,6050.75,6053.25,3198
2025-01-20 10:35:00-05:00,6053.5,6055.75,6052.75,6054.5,1609
2025-01-20 10:40:00-05:00,6054.25,6056.0,6045.0,6048.25,5323
2025-01-20 10:45:00-05:00,6048.0,6051.5,6043.0,6050.5,3855
2025-01-20 10:50:00-05:00,6050.5,6053.0,6050.25,6052.0,2446
2025-01-20 10:55:00-05:00,6052.25,6054.0,6051.25,6053.75,1483
2025-01-20 11:00:00-05:00,6053.75,6061.5,6053.5,6059.25,5208
2025-01-20 11:05:00-05:00,6059.5,6060.5,6058.25,6059.25,1426
2025-01-20 11:10:00-05:00,6059.25,6059.75,6055.75,6058.75,1805
2025-01-20 11:15:00-05:00,6058.75,6059.25,6056.75,6058.25,1489
2025-01-20 11:20:00-05:00,6058.5,6061.5,6058.0,6060.25,1714
2025-01-20 11:25:00-05:00,6060.25,6061.0,6057.25,6059.25,2687
2025-01-20 11:30:00-05:00,6059.5,6060.5,6058.5,6059.0,1855
2025-01-20 11:35:00-05:00,6059.0,6061.25,6057.75,6060.75,1737
2025-01-20 11:40:00-05:00,6061.0,6061.25,6058.25,6059.0,947
2025-01-20 11:45:00-05:00,6059.0,6060.25,6058.25,6059.75,776
2025-01-20 11:50:00-05:00,6060.0,6061.25,6058.75,6058.75,1071
2025-01-20 11:55:00-05:00,6059.0,6059.25,6054.5,6055.5,1434
2025-01-20 12:00:00-05:00,6055.75,6058.75,6054.5,6056.75,1814
2025-01-20 12:05:00-05:00,6056.75,6056.75,6052.0,6054.5,2098
2025-01-20 12:10:00-05:00,6054.5,6056.75,6054.25,6054.5,1288
2025-01-20 12:15:00-05:00,6054.5,6056.0,6053.0,6054.75,936
2025-01-20 12:20:00-05:00,6054.75,6058.25,6050.0,6050.75,3088
2025-01-20 12:25:00-05:00,6050.5,6054.75,6036.5,6048.25,12148
2025-01-20 12:30:00-05:00,6048.0,6054.75,6045.75,6052.25,3770
2025-01-20 12:35:00-05:00,6052.25,6056.75,6052.0,6054.5,3038
2025-01-20 12:40:00-05:00,6055.0,6058.0,6050.0,6054.0,2548
2025-01-20 12:45:00-05:00,6054.0,6056.0,6052.0,6054.25,1278
2025-01-20 12:50:00-05:00,6054.0,6062.0,6052.0,6060.25,1785
2025-01-20 12:55:00-05:00,6060.0,6060.75,6054.75,6055.25,1456
2025-01-20 18:00:00-05:00,6060.5,6063.75,6056.75,6060.5,2818
2025-01-20 18:05:00-05:00,6060.25,6065.25,6059.5,6062.5,1850
2025-01-20 18:10:00-05:00,6062.75,6063.75,6061.5,6062.75,777
2025-01-20 18:15:00-05:00,6062.75,6066.75,6062.75,6065.5,1363
2025-01-20 18:20:00-05:00,6065.5,6066.25,6064.0,6065.0,595
2025-01-20 18:25:00-05:00,6065.0,6066.0,6063.75,6065.0,790
2025-01-20 18:30:00-05:00,6065.0,6065.75,6064.0,6064.5,428
2025-01-20 18:35:00-05:00,6064.5,6064.5,6060.5,6061.25,961
2025-01-20 18:40:00-05:00,6061.25,6064.75,6060.5,6063.0,803
2025-01-20 18:45:00-05:00,6063.25,6069.0,6062.75,6066.75,1455
2025-01-20 18:50:00-05:00,6066.75,6068.25,6066.25,6067.25,445
2025-01-20 18:55:00-05:00,6067.5,6068.25,6066.75,6068.0,424
2025-01-20 19:00:00-05:00,6068.25,6069.75,6066.25,6067.5,1435
2025-01-20 19:05:00-05:00,6067.5,6070.5,6066.75,6070.25,1104
2025-01-20 19:10:00-05:00,6070.0,6070.25,6068.5,6069.75,622
2025-01-20 19:15:00-05:00,6069.5,6070.5,6064.75,6065.25,1212
2025-01-20 19:20:00-05:00,6065.5,6065.75,6063.25,6064.75,808
2025-01-20 19:25:00-05:00,6065.0,6065.25,6061.5,6063.25,1308
2025-01-20 19:30:00-05:00,6063.25,6064.5,6063.0,6064.0,429
2025-01-20 19:35:00-05:00,6063.75,6064.0,6060.25,6061.5,856
2025-01-20 19:40:00-05:00,6061.75,6061.75,6059.5,6061.75,813
2025-01-20 19:45:00-05:00,6061.75,6063.25,6055.0,6056.75,1373
2025-01-20 19:50:00-05:00,6056.75,6057.0,6019.25,6027.0,16282
2025-01-20 19:55:00-05:00,6026.75,6031.25,6007.0,6011.0,11077
2025-01-20 20:00:00-05:00,6010.75,6021.5,5994.5,6020.25,10663
2025-01-20 20:05:00-05:00,6020.0,6027.0,6018.5,6025.5,3751
2025-01-20 20:10:00-05:00,6025.5,6033.5,6024.75,6030.0,4154
2025-01-20 20:15:00-05:00,6029.75,6040.25,6028.75,6033.5,5187
2025-01-20 20:20:00-05:00,6033.25,6036.75,6031.0,6035.0,2227
2025-01-20 20:25:00-05:00,6035.25,6045.5,6028.5,6037.5,6496
2025-01-20 20:30:00-05:00,6037.25,6037.5,6030.5,6033.0,2770
2025-01-20 20:35:00-05:00,6032.75,6034.25,6021.75,6030.25,3833
2025-01-20 20:40:00-05:00,6030.25,6038.75,6029.5,6034.75,2867
2025-01-20 20:45:00-05:00,6034.5,6035.5,6030.0,6032.75,1946
2025-01-20 20:50:00-05:00,6032.5,6039.0,6032.5,6036.75,2761
2025-01-20 20:55:00-05:00,6037.0,6041.25,6036.5,6036.5,1729
2025-01-20 21:00:00-05:00,6036.75,6043.25,6036.75,6041.75,1428
2025-01-20 21:05:00-05:00,6041.75,6043.75,6041.25,6041.75,1320
2025-01-20 21:10:00-05:00,6041.75,6043.0,6039.25,6041.25,1018
2025-01-20 21:15:00-05:00,6041.5,6041.5,6037.75,6038.25,1144
2025-01-20 21:20:00-05:00,6038.5,6041.5,6037.5,6041.5,1065
2025-01-20 21:25:00-05:00,6041.5,6042.0,6036.75,6037.25,920
2025-01-20 21:30:00-05:00,6037.25,6039.25,6034.5,6037.75,1107
2025-01-20 21:35:00-05:00,6037.5,6038.0,6034.5,6036.75,1053
2025-01-20 21:40:00-05:00,6037.0,6039.0,6036.75,6037.25,522
2025-01-20 21:45:00-05:00,6037.5,6040.5,6037.5,6040.0,503
2025-01-20 21:50:00-05:00,6039.75,6039.75,6037.5,6039.0,463
2025-01-20 21:55:00-05:00,6039.0,6040.25,6037.5,6039.25,486
2025-01-20 22:00:00-05:00,6039.0,6043.25,6038.75,6041.75,765
2025-01-20 22:05:00-05:00,6042.0,6042.75,6040.25,6042.0,435
2025-01-20 22:10:00-05:00,6042.0,6048.0,6042.0,6046.25,1531
2025-01-20 22:15:00-05:00,6046.25,6048.0,6046.25,6047.25,516
2025-01-20 22:20:00-05:00,6047.25,6050.75,6046.25,6050.0,1331
2025-01-20 22:25:00-05:00,6050.25,6050.5,6047.5,6047.75,856
2025-01-20 22:30:00-05:00,6047.75,6049.25,6047.25,6048.5,448
2025-01-20 22:35:00-05:00,6048.25,6048.25,6044.75,6046.5,1082
2025-01-20 22:40:00-05:00,6046.25,6047.0,6045.25,6046.5,364
2025-01-20 22:45:00-05:00,6046.75,6047.75,6045.25,6045.5,543
2025-01-20 22:50:00-05:00,6045.25,6046.25,6043.5,6046.0,500
2025-01-20 22:55:00-05:00,6046.25,6047.5,6045.75,6045.75,277
2025-01-20 23:00:00-05:00,6046.0,6046.5,6042.0,6043.25,627
2025-01-20 23:05:00-05:00,6043.5,6044.0,6042.75,6043.75,230
2025-01-20 23:10:00-05:00,6043.75,6045.25,6043.5,6045.0,246
2025-01-20 23:15:00-05:00,6045.0,6045.75,6043.25,6045.75,211
2025-01-20 23:20:00-05:00,6045.5,6047.25,6045.5,6046.75,369
2025-01-20 23:25:00-05:00,6046.75,6047.0,6044.0,6044.5,459
2025-01-20 23:30:00-05:00,6044.5,6045.0,6041.25,6044.25,669
2025-01-20 23:35:00-05:00,6044.0,6044.25,6041.75,6042.5,446
2025-01-20 23:40:00-05:00,6042.25,6043.5,6042.25,6043.0,179
2025-01-20 23:45:00-05:00,6043.0,6043.0,6042.0,6042.75,192
2025-01-20 23:50:00-05:00,6042.75,6044.5,6042.5,6043.0,455
2025-01-20 23:55:00-05:00,6043.0,6043.0,6040.75,6041.5,342
2025-01-21 00:00:00-05:00,6041.5,6043.75,6041.5,6042.5,302
2025-01-21 00:05:00-05:00,6042.25,6043.5,6042.25,6043.0,235
2025-01-21 00:10:00-05:00,6043.25,6043.5,6041.25,6042.0,252
2025-01-21 00:15:00-05:00,6042.0,6042.25,6041.0,6041.0,167
2025-01-21 00:20:00-05:00,6041.0,6042.75,6040.75,6042.75,409
2025-01-21 00:25:00-05:00,6042.5,6042.5,6041.25,6041.75,167
2025-01-21 00:30:00-05:00,6041.75,6042.0,6036.75,6036.75,876
2025-01-21 00:35:00-05:00,6037.0,6041.5,6036.25,6040.5,662
2025-01-21 00:40:00-05:00,6040.5,6042.5,6040.5,6042.25,303
2025-01-21 00:45:00-05:00,6042.25,6042.25,6040.0,6040.5,234
2025-01-21 00:50:00-05:00,6040.5,6040.75,6038.25,6039.0,418
2025-01-21 00:55:00-05:00,6039.0,6040.0,6037.75,6039.0,333
2025-01-21 01:00:00-05:00,6039.0,6040.5,6038.75,6039.75,222
2025-01-21 01:05:00-05:00,6040.0,6040.75,6039.0,6040.75,300
2025-01-21 01:10:00-05:00,6040.75,6042.25,6040.25,6042.0,374
2025-01-21 01:15:00-05:00,6042.0,6043.0,6041.0,6042.75,347
2025-01-21 01:20:00-05:00,6042.75,6043.25,6041.5,6042.25,313
2025-01-21 01:25:00-05:00,6042.0,6043.75,6042.0,6043.75,397
2025-01-21 01:30:00-05:00,6043.75,6043.75,6041.25,6041.75,347
2025-01-21 01:35:00-05:00,6042.0,6042.5,6038.25,6039.25,479
2025-01-21 01:40:00-05:00,6039.25,6039.75,6036.75,6037.25,642
2025-01-21 01:45:00-05:00,6037.75,6038.5,6036.25,6038.0,440
2025-01-21 01:50:00-05:00,6038.0,6038.75,6037.25,6038.25,422
2025-01-21 01:55:00-05:00,6038.25,6039.5,6036.75,6039.5,259
2025-01-21 02:00:00-05:00,6039.25,6040.75,6036.0,6040.0,1005
2025-01-21 02:05:00-05:00,6040.25,6040.75,6037.0,6038.0,511
2025-01-21 02:10:00-05:00,6037.75,6040.25,6037.25,6039.5,503
2025-01-21 02:15:00-05:00,6039.5,6039.75,6037.5,6037.75,268
2025-01-21 02:20:00-05:00,6038.0,6038.5,6036.5,6037.75,557
2025-01-21 02:25:00-05:00,6037.75,6042.0,6037.5,6042.0,506
2025-01-21 02:30:00-05:00,6042.0,6045.25,6040.5,6045.0,778
2025-01-21 02:35:00-05:00,6045.0,6045.75,6043.25,6044.5,664
2025-01-21 02:40:00-05:00,6044.25,6047.5,6042.5,6047.0,1193
2025-01-21 02:45:00-05:00,6047.0,6047.5,6043.75,6045.0,947
2025-01-21 02:50:00-05:00,6045.0,6046.25,6044.25,6046.0,561
2025-01-21 02:55:00-05:00,6046.0,6047.25,6044.0,6046.5,535
2025-01-21 03:00:00-05:00,6046.5,6047.75,6040.5,6041.75,2236
2025-01-21 03:05:00-05:00,6042.0,6046.0,6041.25,6044.5,1588
2025-01-21 03:10:00-05:00,6044.75,6047.75,6044.5,6044.75,1250
2025-01-21 03:15:00-05:00,6044.75,6048.75,6043.75,6048.5,895
2025-01-21 03:20:00-05:00,6048.5,6049.5,6046.25,6047.5,1160
2025-01-21 03:25:00-05:00,6047.75,6050.0,6047.0,6048.0,732
2025-01-21 03:30:00-05:00,6047.75,6052.75,6047.75,6052.25,1156
2025-01-21 03:35:00-05:00,6052.25,6053.25,6049.25,6052.5,1442
2025-01-21 03:40:00-05:00,6052.25,6055.5,6051.0,6051.5,1883
2025-01-21 03:45:00-05:00,6051.5,6053.25,6051.25,6052.75,691
2025-01-21 03:50:00-05:00,6052.75,6053.0,6050.5,6051.5,865
2025-01-21 03:55:00-05:00,6051.5,6052.25,6049.0,6050.0,873
2025-01-21 04:00:00-05:00,6050.0,6051.75,6049.0,6051.5,1134
2025-01-21 04:05:00-05:00,6051.75,6052.75,6051.0,6051.0,831
2025-01-21 04:10:00-05:00,6051.25,6056.5,6051.25,6056.25,1750
2025-01-21 04:15:00-05:00,6056.0,6056.0,6050.75,6052.0,1689
2025-01-21 04:20:00-05:00,6052.0,6055.75,6051.5,6055.25,1063
2025-01-21 04:25:00-05:00,6055.0,6055.25,6052.75,6054.5,690
2025-01-21 04:30:00-05:00,6054.5,6057.75,6054.25,6056.75,935
2025-01-21 04:35:00-05:00,6056.75,6057.5,6055.0,6055.75,803
2025-01-21 04:40:00-05:00,6056.0,6056.0,6054.0,6055.0,792
2025-01-21 04:45:00-05:00,6055.0,6057.0,6054.75,6056.75,674
2025-01-21 04:50:00-05:00,6056.75,6057.5,6056.0,6056.25,522
2025-01-21 04:55:00-05:00,6056.25,6060.75,6056.0,6060.75,1333
2025-01-21 05:00:00-05:00,6060.75,6065.0,6060.5,6064.5,3455
2025-01-21 05:05:00-05:00,6064.5,6067.75,6064.25,6066.25,2842
2025-01-21 05:10:00-05:00,6066.25,6066.25,6060.75,6060.75,1616
2025-01-21 05:15:00-05:00,6060.5,6063.0,6059.75,6062.0,1019
2025-01-21 05:20:00-05:00,6062.0,6062.5,6061.25,6061.5,482
2025-01-21 05:25:00-05:00,6061.5,6064.75,6061.25,6064.25,615
2025-01-21 05:30:00-05:00,6064.5,6064.5,6062.5,6063.75,482
2025-01-21 05:35:00-05:00,6063.75,6063.75,6061.75,6062.25,702
2025-01-21 05:40:00-05:00,6062.5,6062.75,6060.75,6061.75,492
2025-01-21 05:45:00-05:00,6062.0,6062.0,6060.25,6060.75,734
2025-01-21 05:50:00-05:00,6060.5,6060.75,6057.75,6059.25,592
2025-01-21 05:55:00-05:00,6059.25,6059.25,6055.75,6056.25,847
2025-01-21 06:00:00-05:00,6056.25,6058.0,6055.5,6057.25,993
2025-01-21 06:05:00-05:00,6057.25,6059.5,6057.25,6059.25,518
2025-01-21 06:10:00-05:00,6059.0,6060.0,6058.5,6060.0,425
2025-01-21 06:15:00-05:00,6060.0,6060.0,6054.0,6054.75,1354
2025-01-21 06:20:00-05:00,6054.5,6054.5,6051.25,6054.5,1609
2025-01-21 06:25:00-05:00,6054.5,6054.75,6051.25,6053.0,1198
2025-01-21 06:30:00-05:00,6053.0,6054.5,6049.25,6052.0,2138
2025-01-21 06:35:00-05:00,6052.25,6056.0,6052.25,6055.5,1114
2025-01-21 06:40:00-05:00,6055.5,6056.75,6054.75,6055.25,835
2025-01-21 06:45:00-05:00,6055.5,6055.75,6053.0,6054.75,649
2025-01-21 06:50:00-05:00,6054.75,6055.25,6053.75,6053.75,472
2025-01-21 06:55:00-05:00,6054.0,6054.25,6050.75,6051.75,1160
2025-01-21 07:00:00-05:00,6052.0,6052.0,6045.5,6048.0,2649
2025-01-21 07:05:00-05:00,6047.75,6053.75,6047.5,6053.25,1437
2025-01-21 07:10:00-05:00,6053.5,6053.5,6050.25,6052.25,1123
2025-01-21 07:15:00-05:00,6052.0,6056.0,6051.75,6054.75,1426
2025-01-21 07:20:00-05:00,6054.75,6057.0,6054.75,6056.5,1109
2025-01-21 07:25:00-05:00,6056.25,6058.5,6055.5,6058.0,1260
2025-01-21 07:30:00-05:00,6058.0,6058.25,6054.5,6056.5,1634
2025-01-21 07:35:00-05:00,6056.25,6059.5,6055.0,6058.25,2397
2025-01-21 07:40:00-05:00,6058.0,6058.0,6055.5,6055.5,630
2025-01-21 07:45:00-05:00,6055.75,6057.25,6054.0,6054.5,1055
2025-01-21 07:50:00-05:00,6054.5,6056.5,6053.0,6055.75,1884
2025-01-21 07:55:00-05:00,6055.5,6057.5,6054.5,6056.75,1318
2025-01-21 08:00:00-05:00,6056.75,6059.0,6054.75,6057.75,1624
2025-01-21 08:05:00-05:00,6057.5,6058.5,6056.0,6057.75,1386
2025-01-21 08:10:00-05:00,6057.5,6058.75,6055.0,6056.5,3186
2025-01-21 08:15:00-05:00,6056.5,6058.25,6055.0,6057.5,1757
2025-01-21 08:20:00-05:00,6057.75,6059.25,6057.0,6057.0,1438
2025-01-21 08:25:00-05:00,6057.25,6057.25,6054.25,6055.0,2141
2025-01-21 08:30:00-05:00,6055.25,6059.5,6054.75,6059.25,1632
2025-01-21 08:35:00-05:00,6059.25,6059.25,6057.0,6058.25,1579
2025-01-21 08:40:00-05:00,6058.0,6059.25,6056.75,6059.0,1509
2025-01-21 08:45:00-05:00,6059.0,6062.75,6058.0,6062.5,2904
2025-01-21 08:50:00-05:00,6062.5,6063.0,6061.25,6063.0,1614
2025-01-21 08:55:00-05:00,6062.75,6064.0,6060.5,6062.75,2691
2025-01-21 09:00:00-05:00,6062.75,6065.75,6062.75,6065.25,3003
2025-01-21 09:05:00-05:00,6065.25,6065.25,6061.25,6062.75,3231
2025-01-21 09:10:00-05:00,6062.5,6063.25,6061.25,6063.25,2289
2025-01-21 09:15:00-05:00,6063.0,6064.25,6059.75,6060.25,2669
2025-01-21 09:20:00-05:00,6060.5,6060.5,6057.25,6058.0,4507
2025-01-21 09:25:00-05:00,6058.25,6065.5,6058.25,6064.0,11061
2025-01-21 09:30:00-05:00,6063.75,6068.25,6060.75,6065.25,36178
2025-01-21 09:35:00-05:00,6065.5,6068.0,6057.25,6058.25,27547
2025-01-21 09:40:00-05:00,6058.5,6061.25,6053.0,6059.0,31592
2025-01-21 09:45:00-05:00,6059.0,6072.0,6058.5,6065.75,29970
2025-01-21 09:50:00-05:00,6066.0,6070.25,6052.0,6054.5,40092
2025-01-21 09:55:00-05:00,6054.25,6063.75,6054.25,6062.75,23722
2025-01-21 10:00:00-05:00,6062.5,6063.0,6054.5,6056.25,23315
2025-01-21 10:05:00-05:00,6056.0,6063.0,6053.0,6059.5,23811
2025-01-21 10:10:00-05:00,6059.5,6060.75,6043.5,6046.25,32502
2025-01-21 10:15:00-05:00,6046.5,6057.0,6044.75,6056.25,24549
2025-01-21 10:20:00-05:00,6056.25,6059.25,6051.75,6053.0,18881
2025-01-21 10:25:00-05:00,6053.0,6061.25,6053.0,6060.5,17276
2025-01-21 10:30:00-05:00,6060.5,6062.5,6056.0,6057.0,19474
2025-01-21 10:35:00-05:00,6057.0,6060.0,6054.25,6059.25,15563
2025-01-21 10:40:00-05:00,6059.25,6063.25,6058.75,6061.0,16423
2025-01-21 10:45:00-05:00,6060.75,6062.0,6053.75,6057.0,19738
2025-01-21 10:50:00-05:00,6056.75,6059.0,6051.25,6058.5,18986
2025-01-21 10:55:00-05:00,6058.25,6063.0,6055.5,6061.0,13091
2025-01-21 11:00:00-05:00,6061.0,6061.0,6055.5,6059.25,12623
2025-01-21 11:05:00-05:00,6059.25,6066.0,6059.0,6064.75,13223
2025-01-21 11:10:00-05:00,6064.5,6065.75,6061.75,6065.75,11472
2025-01-21 11:15:00-05:00,6065.5,6066.0,6062.5,6064.5,9729
2025-01-21 11:20:00-05:00,6064.5,6066.75,6063.25,6064.5,9186
2025-01-21 11:25:00-05:00,6064.75,6066.25,6062.75,6065.25,9668
2025-01-21 11:30:00-05:00,6065.25,6068.0,6064.5,6066.25,9398
2025-01-21 11:35:00-05:00,6066.25,6067.75,6061.25,6061.75,14495
2025-01-21 11:40:00-05:00,6062.0,6065.5,6059.5,6060.25,15391
2025-01-21 11:45:00-05:00,6060.5,6065.75,6060.25,6065.25,8401
2025-01-21 11:50:00-05:00,6065.0,6070.75,6064.0,6070.5,13614
2025-01-21 11:55:00-05:00,6070.75,6072.25,6067.75,6071.0,11038
2025-01-21 12:00:00-05:00,6071.0,6071.25,6067.75,6070.5,10030
2025-01-21 12:05:00-05:00,6070.75,6072.0,6069.5,6071.25,7575
2025-01-21 12:10:00-05:00,6071.5,6072.5,6069.5,6070.25,7508
2025-01-21 12:15:00-05:00,6070.25,6071.0,6066.75,6068.0,9356
2025-01-21 12:20:00-05:00,6068.25,6071.0,6066.75,6070.5,10330
2025-01-21 12:25:00-05:00,6070.5,6075.25,6069.5,6073.5,11887
2025-01-21 12:30:00-05:00,6073.25,6077.0,6073.0,6076.75,9406
2025-01-21 12:35:00-05:00,6076.75,6077.5,6074.0,6075.75,7798
2025-01-21 12:40:00-05:00,6075.75,6079.0,6075.5,6077.0,8271
2025-01-21 12:45:00-05:00,6077.0,6079.0,6076.5,6078.0,6513
2025-01-21 12:50:00-05:00,6078.0,6081.75,6077.75,6080.5,10145
2025-01-21 12:55:00-05:00,6080.5,6082.25,6080.0,6081.75,8276
2025-01-21 13:00:00-05:00,6081.75,6082.25,6078.0,6081.5,11023
2025-01-21 13:05:00-05:00,6081.75,6082.5,6080.5,6081.75,8915
2025-01-21 13:10:00-05:00,6081.75,6083.25,6080.5,6082.25,9277
2025-01-21 13:15:00-05:00,6082.5,6086.5,6082.5,6084.0,9541
2025-01-21 13:20:00-05:00,6084.25,6085.0,6083.25,6084.5,6272
2025-01-21 13:25:00-05:00,6084.5,6085.25,6081.75,6083.75,6405
2025-01-21 13:30:00-05:00,6083.5,6084.5,6082.25,6083.0,5985
2025-01-21 13:35:00-05:00,6083.0,6085.5,6082.5,6083.75,6062
2025-01-21 13:40:00-05:00,6083.75,6084.25,6079.5,6082.0,12482
2025-01-21 13:45:00-05:00,6082.0,6082.0,6079.5,6080.25,5970
2025-01-21 13:50:00-05:00,6080.25,6084.0,6080.0,6082.25,5539
2025-01-21 13:55:00-05:00,6082.0,6084.25,6081.5,6083.5,4524
2025-01-21 14:00:00-05:00,6083.75,6083.75,6081.5,6083.25,6436
2025-01-21 14:05:00-05:00,6083.0,6085.0,6082.75,6084.25,5653
2025-01-21 14:10:00-05:00,6084.0,6085.5,6082.75,6082.75,6525
2025-01-21 14:15:00-05:00,6083.0,6083.25,6078.0,6079.25,11868
2025-01-21 14:20:00-05:00,6079.0,6079.75,6076.5,6078.5,11103
2025-01-21 14:25:00-05:00,6078.5,6082.75,6078.5,6081.5,10226
2025-01-21 14:30:00-05:00,6081.5,6081.75,6077.75,6078.0,9524
2025-01-21 14:35:00-05:00,6078.0,6078.75,6074.75,6076.5,10499
2025-01-21 14:40:00-05:00,6076.25,6079.75,6076.0,6077.0,8263
2025-01-21 14:45:00-05:00,6076.75,6077.25,6075.25,6076.5,5783
2025-01-21 14:50:00-05:00,6076.5,6077.5,6074.25,6077.25,7181
2025-01-21 14:55:00-05:00,6077.25,6079.75,6077.0,6079.25,7562
2025-01-21 15:00:00-05:00,6079.25,6079.75,6077.25,6079.25,8388
2025-01-21 15:05:00-05:00,6079.0,6080.25,6078.75,6080.0,7680
2025-01-21 15:10:00-05:00,6079.75,6080.5,6079.0,6079.75,6554
2025-01-21 15:15:00-05:00,6080.0,6082.25,6079.5,6081.75,7460
2025-01-21 15:20:00-05:00,6081.5,6082.25,6080.25,6081.5,7380
2025-01-21 15:25:00-05:00,6081.5,6085.25,6081.0,6084.5,10678
2025-01-21 15:30:00-05:00,6084.75,6085.75,6082.25,6082.5,13416
2025-01-21 15:35:00-05:00,6082.5,6084.25,6079.0,6083.75,15007
2025-01-21 15:40:00-05:00,6083.75,6084.25,6081.5,6083.0,10447
2025-01-21 15:45:00-05:00,6083.25,6083.25,6081.0,6083.0,12336
2025-01-21 15:50:00-05:00,6083.0,6087.25,6081.5,6085.75,18963
2025-01-21 15:55:00-05:00,6085.75,6087.0,6081.5,6086.5,67062
2025-01-21 16:00:00-05:00,6086.5,6093.25,6086.0,6090.5,31117
2025-01-21 16:05:00-05:00,6090.5,6093.25,6089.25,6089.5,7838
2025-01-21 16:10:00-05:00,6089.25,6090.25,6087.25,6088.0,4516
2025-01-21 16:15:00-05:00,6088.0,6089.25,6087.0,6088.5,2104
2025-01-21 16:20:00-05:00,6088.5,6090.0,6088.5,6090.0,1213
2025-01-21 16:25:00-05:00,6089.75,6090.0,6089.0,6089.5,874
2025-01-21 16:30:00-05:00,6089.5,6089.75,6088.25,6089.0,1088
2025-01-21 16:35:00-05:00,6089.25,6089.75,6088.75,6089.25,613
2025-01-21 16:40:00-05:00,6089.25,6090.25,6089.25,6090.0,1155
2025-01-21 16:45:00-05:00,6090.0,6090.75,6090.0,6090.25,660
2025-01-21 16:50:00-05:00,6090.25,6090.75,6090.0,6090.75,1112
2025-01-21 16:55:00-05:00,6090.5,6092.25,6090.5,6091.75,3486
2025-01-21 18:00:00-05:00,6094.0,6099.25,6088.0,6088.25,5476
2025-01-21 18:05:00-05:00,6088.5,6094.25,6087.0,6091.75,2343
2025-01-21 18:10:00-05:00,6091.75,6095.0,6091.5,6094.25,1156
2025-01-21 18:15:00-05:00,6094.25,6094.75,6091.0,6091.5,1176
2025-01-21 18:20:00-05:00,6091.5,6093.25,6090.75,6092.5,914
2025-01-21 18:25:00-05:00,6092.5,6093.5,6090.25,6090.75,550
2025-01-21 18:30:00-05:00,6090.75,6093.0,6090.25,6092.75,646
2025-01-21 18:35:00-05:00,6093.0,6093.5,6091.5,6092.25,313
2025-01-21 18:40:00-05:00,6092.25,6093.75,6092.25,6092.5,324
2025-01-21 18:45:00-05:00,6092.5,6095.75,6092.25,6095.5,677
2025-01-21 18:50:00-05:00,6095.75,6096.5,6094.75,6095.5,521
2025-01-21 18:55:00-05:00,6095.25,6097.0,6095.0,6096.5,446
2025-01-21 19:00:00-05:00,6096.5,6097.75,6096.25,6097.0,819
2025-01-21 19:05:00-05:00,6097.0,6097.75,6095.75,6097.5,517
2025-01-21 19:10:00-05:00,6097.5,6098.25,6095.75,6096.25,673
2025-01-21 19:15:00-05:00,6096.25,6096.75,6095.25,6096.0,577
2025-01-21 19:20:00-05:00,6096.25,6098.0,6096.0,6097.25,451
2025-01-21 19:25:00-05:00,6097.25,6097.5,6096.75,6097.25,313
2025-01-21 19:30:00-05:00,6097.25,6098.75,6097.25,6098.75,545
2025-01-21 19:35:00-05:00,6099.0,6099.75,6098.75,6099.25,1110
2025-01-21 19:40:00-05:00,6099.25,6099.75,6098.75,6099.0,339
2025-01-21 19:45:00-05:00,6098.75,6102.0,6098.75,6100.5,1623
2025-01-21 19:50:00-05:00,6100.5,6101.25,6100.25,6100.5,424
2025-01-21 19:55:00-05:00,6100.5,6101.75,6100.5,6101.25,462
2025-01-21 20:00:00-05:00,6101.0,6101.0,6096.75,6097.5,1630
2025-01-21 20:05:00-05:00,6097.5,6098.75,6097.25,6097.75,670
2025-01-21 20:10:00-05:00,6097.5,6097.75,6095.75,6096.75,835
2025-01-21 20:15:00-05:00,6096.75,6099.75,6096.75,6099.25,649
2025-01-21 20:20:00-05:00,6099.25,6099.5,6098.5,6099.0,282
2025-01-21 20:25:00-05:00,6099.0,6099.5,6098.5,6099.25,231
2025-01-21 20:30:00-05:00,6099.0,6099.25,6098.0,6099.25,301
2025-01-21 20:35:00-05:00,6099.0,6099.5,6098.5,6099.0,216
2025-01-21 20:40:00-05:00,6099.0,6099.25,6098.0,6098.5,295
2025-01-21 20:45:00-05:00,6098.75,6100.0,6098.75,6099.5,304
2025-01-21 20:50:00-05:00,6099.75,6101.0,6099.75,6101.0,449
2025-01-21 20:55:00-05:00,6101.25,6101.25,6099.0,6100.0,372
2025-01-21 21:00:00-05:00,6099.75,6101.0,6099.5,6100.75,284
2025-01-21 21:05:00-05:00,6100.75,6102.25,6100.75,6102.0,628
2025-01-21 21:10:00-05:00,6102.0,6102.5,6101.75,6102.25,229
2025-01-21 21:15:00-05:00,6102.25,6102.5,6101.5,6101.75,341
2025-01-21 21:20:00-05:00,6101.5,6102.0,6101.0,6101.25,363
2025-01-21 21:25:00-05:00,6101.25,6101.75,6100.75,6101.5,220
2025-01-21 21:30:00-05:00,6101.25,6101.75,6100.5,6101.75,377
2025-01-21 21:35:00-05:00,6101.5,6102.5,6101.25,6101.75,355
2025-01-21 21:40:00-05:00,6101.5,6101.75,6099.75,6099.75,375
2025-01-21 21:45:00-05:00,6099.75,6100.5,6099.5,6100.25,224
2025-01-21 21:50:00-05:00,6100.25,6100.5,6099.5,6099.75,252
2025-01-21 21:55:00-05:00,6099.75,6100.0,6099.0,6100.0,210
2025-01-21 22:00:00-05:00,6100.25,6101.0,6099.75,6100.0,212
2025-01-21 22:05:00-05:00,6100.0,6100.0,6099.25,6099.75,219
2025-01-21 22:10:00-05:00,6100.0,6102.25,6100.0,6101.5,504
2025-01-21 22:15:00-05:00,6101.5,6102.0,6100.0,6100.25,228
2025-01-21 22:20:00-05:00,6100.25,6101.25,6100.25,6101.25,206
2025-01-21 22:25:00-05:00,6101.0,6101.0,6100.25,6100.75,160
2025-01-21 22:30:00-05:00,6101.0,6101.75,6101.0,6101.25,165
2025-01-21 22:35:00-05:00,6101.25,6102.25,6101.25,6102.0,311
2025-01-21 22:40:00-05:00,6101.75,6102.75,6101.25,6102.25,463
2025-01-21 22:45:00-05:00,6102.0,6102.0,6101.0,6101.0,246
2025-01-21 22:50:00-05:00,6101.0,6101.5,6100.75,6101.5,259
2025-01-21 22:55:00-05:00,6101.25,6102.5,6101.0,6102.25,355
2025-01-21 23:00:00-05:00,6102.0,6102.25,6101.25,6102.0,363
2025-01-21 23:05:00-05:00,6102.0,6102.0,6101.0,6101.0,306
2025-01-21 23:10:00-05:00,6101.0,6101.75,6100.75,6101.5,141
2025-01-21 23:15:00-05:00,6101.5,6101.5,6100.75,6100.75,202
2025-01-21 23:20:00-05:00,6100.75,6101.25,6100.5,6101.0,235
2025-01-21 23:25:00-05:00,6101.25,6101.25,6100.75,6101.0,101
2025-01-21 23:30:00-05:00,6101.25,6102.75,6101.0,6102.5,568
2025-01-21 23:35:00-05:00,6102.5,6104.5,6102.25,6104.5,644
2025-01-21 23:40:00-05:00,6104.25,6105.0,6103.25,6103.5,560
2025-01-21 23:45:00-05:00,6103.25,6104.0,6103.0,6103.5,355
2025-01-21 23:50:00-05:00,6103.5,6104.25,6103.5,6104.0,191
2025-01-21 23:55:00-05:00,6104.25,6104.5,6103.75,6104.5,247
2025-01-22 00:00:00-05:00,6104.25,6104.25,6103.25,6103.75,289
2025-01-22 00:05:00-05:00,6103.75,6104.0,6103.5,6103.5,160
2025-01-22 00:10:00-05:00,6103.5,6103.75,6103.25,6103.5,249
2025-01-22 00:15:00-05:00,6103.5,6103.5,6102.75,6103.25,223
2025-01-22 00:20:00-05:00,6103.0,6103.25,6102.75,6103.0,232
2025-01-22 00:25:00-05:00,6103.0,6103.25,6102.75,6102.75,182
2025-01-22 00:30:00-05:00,6102.75,6103.0,6102.25,6102.5,258
2025-01-22 00:35:00-05:00,6102.5,6103.25,6102.5,6103.0,130
2025-01-22 00:40:00-05:00,6102.75,6103.0,6102.75,6103.0,92
2025-01-22 00:45:00-05:00,6103.0,6103.25,6102.5,6102.75,139
2025-01-22 00:50:00-05:00,6102.75,6103.25,6102.75,6102.75,96
2025-01-22 00:55:00-05:00,6102.75,6103.0,6102.75,6102.75,132
2025-01-22 01:00:00-05:00,6103.0,6103.25,6102.5,6102.75,176
2025-01-22 01:05:00-05:00,6102.5,6103.5,6102.5,6102.75,208
2025-01-22 01:10:00-05:00,6103.0,6103.5,6102.75,6103.25,453
2025-01-22 01:15:00-05:00,6103.0,6103.5,6102.25,6102.5,285
2025-01-22 01:20:00-05:00,6102.5,6102.5,6100.5,6101.0,496
2025-01-22 01:25:00-05:00,6101.0,6101.5,6101.0,6101.25,301
2025-01-22 01:30:00-05:00,6101.25,6101.5,6100.25,6100.5,290
2025-01-22 01:35:00-05:00,6100.5,6101.5,6100.5,6101.0,259
2025-01-22 01:40:00-05:00,6101.0,6101.75,6100.75,6101.5,226
2025-01-22 01:45:00-05:00,6101.25,6101.75,6100.0,6100.5,279
2025-01-22 01:50:00-05:00,6100.75,6100.75,6099.0,6099.25,363
2025-01-22 01:55:00-05:00,6099.25,6099.5,6098.75,6099.0,231
2025-01-22 02:00:00-05:00,6099.25,6099.5,6098.0,6099.0,654
2025-01-22 02:05:00-05:00,6099.0,6100.25,6098.75,6100.25,537
2025-01-22 02:10:00-05:00,6100.0,6102.5,6100.0,6100.75,723
2025-01-22 02:15:00-05:00,6100.75,6100.75,6099.25,6100.0,542
2025-01-22 02:20:00-05:00,6100.0,6100.75,6099.5,6099.5,282
2025-01-22 02:25:00-05:00,6099.5,6101.25,6099.25,6101.25,462
2025-01-22 02:30:00-05:00,6101.25,6101.75,6100.5,6101.0,476
2025-01-22 02:35:00-05:00,6101.0,6102.75,6101.0,6102.25,540
2025-01-22 02:40:00-05:00,6102.25,6102.5,6101.25,6102.0,407
2025-01-22 02:45:00-05:00,6101.75,6101.75,6099.5,6100.0,474
2025-01-22 02:50:00-05:00,6100.25,6100.25,6098.5,6098.75,599
2025-01-22 02:55:00-05:00,6099.0,6099.75,6098.75,6099.75,421
2025-01-22 03:00:00-05:00,6099.75,6103.25,6099.0,6102.75,1627
2025-01-22 03:05:00-05:00,6103.0,6103.0,6101.25,6102.25,835
2025-01-22 03:10:00-05:00,6102.25,6103.25,6102.0,6103.25,746
2025-01-22 03:15:00-05:00,6103.5,6107.0,6103.5,6106.75,1486
2025-01-22 03:20:00-05:00,6106.75,6107.0,6105.0,6106.0,880
2025-01-22 03:25:00-05:00,6106.25,6106.25,6104.5,6106.0,827
2025-01-22 03:30:00-05:00,6106.0,6107.75,6106.0,6106.5,1183
2025-01-22 03:35:00-05:00,6106.75,6108.75,6106.0,6107.25,1589
2025-01-22 03:40:00-05:00,6107.0,6109.25,6107.0,6107.25,1446
2025-01-22 03:45:00-05:00,6107.25,6108.0,6105.75,6107.75,1102
2025-01-22 03:50:00-05:00,6107.75,6108.75,6107.5,6108.75,939
2025-01-22 03:55:00-05:00,6108.5,6110.0,6108.0,6109.5,909
2025-01-22 04:00:00-05:00,6109.5,6110.5,6108.75,6109.25,2064
2025-01-22 04:05:00-05:00,6109.5,6110.0,6108.75,6109.25,1329
2025-01-22 04:10:00-05:00,6109.5,6112.75,6109.5,6112.5,1998
2025-01-22 04:15:00-05:00,6112.5,6114.25,6110.25,6111.25,2188
2025-01-22 04:20:00-05:00,6111.25,6112.75,6110.0,6112.25,1287
2025-01-22 04:25:00-05:00,6112.25,6114.0,6111.75,6114.0,920
2025-01-22 04:30:00-05:00,6114.0,6114.75,6112.0,6112.5,1249
2025-01-22 04:35:00-05:00,6112.75,6113.25,6110.75,6111.0,1252
2025-01-22 04:40:00-05:00,6111.0,6112.0,6110.25,6111.0,1218
2025-01-22 04:45:00-05:00,6111.0,6111.25,6109.75,6111.0,1106
2025-01-22 04:50:00-05:00,6110.75,6111.75,6110.5,6111.5,1015
2025-01-22 04:55:00-05:00,6111.25,6112.75,6109.5,6110.75,1952
2025-01-22 05:00:00-05:00,6110.5,6110.75,6109.25,6109.5,1327
2025-01-22 05:05:00-05:00,6109.5,6111.25,6109.5,6110.5,643
2025-01-22 05:10:00-05:00,6110.5,6110.5,6108.25,6108.75,739
2025-01-22 05:15:00-05:00,6108.5,6109.75,6107.75,6108.5,1026
2025-01-22 05:20:00-05:00,6108.25,6109.25,6108.0,6109.0,711
2025-01-22 05:25:00-05:00,6109.0,6110.25,6109.0,6110.0,554
2025-01-22 05:30:00-05:00,6110.25,6111.25,6109.75,6110.25,790
2025-01-22 05:35:00-05:00,6110.25,6112.25,6110.0,6112.25,535
2025-01-22 05:40:00-05:00,6112.5,6112.5,6110.75,6111.0,893
2025-01-22 05:45:00-05:00,6111.0,6112.75,6111.0,6111.5,612
2025-01-22 05:50:00-05:00,6111.5,6111.5,6110.25,6110.75,361
2025-01-22 05:55:00-05:00,6111.0,6112.25,6111.0,6111.75,468
2025-01-22 06:00:00-05:00,6111.5,6111.75,6110.5,6111.5,508
2025-01-22 06:05:00-05:00,6111.75,6113.0,6111.75,6113.0,352
2025-01-22 06:10:00-05:00,6113.0,6115.25,6113.0,6114.25,1010
2025-01-22 06:15:00-05:00,6114.25,6114.25,6112.75,6113.5,634
2025-01-22 06:20:00-05:00,6113.25,6114.75,6112.5,6113.25,1172
2025-01-22 06:25:00-05:00,6113.0,6113.5,6112.0,6112.25,718
2025-01-22 06:30:00-05:00,6112.5,6112.75,6110.0,6111.5,1239
2025-01-22 06:35:00-05:00,6111.25,6111.75,6110.0,6110.25,749
2025-01-22 06:40:00-05:00,6110.25,6110.75,6109.5,6110.25,733
2025-01-22 06:45:00-05:00,6110.5,6111.0,6109.0,6109.0,901
2025-01-22 06:50:00-05:00,6109.25,6110.5,6109.25,6110.0,711
2025-01-22 06:55:00-05:00,6110.0,6110.5,6108.75,6110.25,1761
2025-01-22 07:00:00-05:00,6110.5,6112.5,6110.0,6111.75,2187
2025-01-22 07:05:00-05:00,6111.75,6112.0,6109.5,6112.0,779
2025-01-22 07:10:00-05:00,6112.0,6115.25,6111.5,6114.75,1450
2025-01-22 07:15:00-05:00,6114.5,6114.5,6112.75,6114.0,983
2025-01-22 07:20:00-05:00,6114.0,6115.25,6112.5,6113.0,1536
2025-01-22 07:25:00-05:00,6112.75,6113.0,6111.75,6112.5,1100
2025-01-22 07:30:00-05:00,6112.25,6114.0,6112.0,6113.25,749
2025-01-22 07:35:00-05:00,6113.5,6114.0,6112.0,6112.0,903
2025-01-22 07:40:00-05:00,6112.0,6114.5,6111.75,6114.0,804
2025-01-22 07:45:00-05:00,6114.0,6114.0,6112.75,6113.75,887
2025-01-22 07:50:00-05:00,6114.0,6114.75,6113.25,6114.5,893
2025-01-22 07:55:00-05:00,6114.25,6116.5,6112.5,6112.5,2504
2025-01-22 08:00:00-05:00,6112.75,6114.0,6112.5,6113.25,1657
2025-01-22 08:05:00-05:00,6113.0,6115.5,6113.0,6115.25,1510
2025-01-22 08:10:00-05:00,6115.25,6117.75,6115.25,6116.75,2626
2025-01-22 08:15:00-05:00,6116.75,6118.0,6116.5,6117.25,1710
2025-01-22 08:20:00-05:00,6117.25,6117.5,6115.75,6116.25,1574
2025-01-22 08:25:00-05:00,6116.5,6118.5,6116.25,6118.0,1526
2025-01-22 08:30:00-05:00,6118.0,6118.5,6116.25,6118.0,2178
2025-01-22 08:35:00-05:00,6118.25,6118.75,6116.5,6117.25,2396
2025-01-22 08:40:00-05:00,6117.25,6118.75,6116.75,6118.5,1778
2025-01-22 08:45:00-05:00,6118.25,6118.5,6117.25,6118.0,2142
2025-01-22 08:50:00-05:00,6118.0,6118.75,6117.5,6117.75,1782
2025-01-22 08:55:00-05:00,6118.0,6119.0,6117.75,6118.75,1831
2025-01-22 09:00:00-05:00,6118.75,6119.25,6117.0,6117.5,3651
2025-01-22 09:05:00-05:00,6117.5,6118.0,6114.0,6115.25,4496
2025-01-22 09:10:00-05:00,6115.0,6116.0,6114.0,6114.0,3146
2025-01-22 09:15:00-05:00,6114.0,6116.5,6114.0,6114.75,3590
2025-01-22 09:20:00-05:00,6114.75,6115.0,6113.75,6114.25,3118
2025-01-22 09:25:00-05:00,6114.25,6117.25,6113.5,6116.25,9142
2025-01-22 09:30:00-05:00,6116.25,6117.75,6111.25,6114.75,42068
2025-01-22 09:35:00-05:00,6114.75,6115.5,6111.75,6113.5,23496
2025-01-22 09:40:00-05:00,6113.5,6115.25,6111.5,6114.5,19331
2025-01-22 09:45:00-05:00,6114.75,6117.25,6113.25,6117.0,19419
2025-01-22 09:50:00-05:00,6117.0,6121.0,6114.75,6120.25,19990
2025-01-22 09:55:00-05:00,6120.25,6122.75,6119.5,6122.25,17033
2025-01-22 10:00:00-05:00,6122.25,6124.25,6117.0,6122.25,29132
2025-01-22 10:05:00-05:00,6122.5,6125.0,6121.25,6123.25,15482
2025-01-22 10:10:00-05:00,6123.5,6126.75,6122.75,6124.5,16121
2025-01-22 10:15:00-05:00,6124.5,6127.75,6124.25,6127.0,13910
2025-01-22 10:20:00-05:00,6127.0,6127.25,6122.75,6123.75,16883
2025-01-22 10:25:00-05:00,6123.75,6125.5,6122.75,6124.5,16305
2025-01-22 10:30:00-05:00,6124.25,6125.75,6122.75,6124.5,14325
2025-01-22 10:35:00-05:00,6124.5,6128.0,6123.5,6125.75,14906
2025-01-22 10:40:00-05:00,6126.0,6127.25,6124.25,6127.0,10594
2025-01-22 10:45:00-05:00,6127.0,6127.25,6124.5,6126.0,11365
2025-01-22 10:50:00-05:00,6125.75,6126.0,6121.75,6124.0,15350
2025-01-22 10:55:00-05:00,6124.25,6125.0,6122.0,6122.25,11830
2025-01-22 11:00:00-05:00,6122.25,6123.0,6120.5,6121.75,16757
2025-01-22 11:05:00-05:00,6122.0,6125.0,6122.0,6123.75,10108
2025-01-22 11:10:00-05:00,6123.75,6124.0,6119.5,6121.0,14198
2025-01-22 11:15:00-05:00,6121.25,6125.0,6121.0,6124.25,9530
2025-01-22 11:20:00-05:00,6124.25,6125.5,6122.75,6125.0,8017
2025-01-22 11:25:00-05:00,6125.0,6129.5,6124.25,6129.5,13746
2025-01-22 11:30:00-05:00,6129.5,6131.5,6129.0,6130.75,12253
2025-01-22 11:35:00-05:00,6130.75,6133.25,6130.0,6133.0,10987
2025-01-22 11:40:00-05:00,6133.25,6134.5,6130.75,6131.75,11346
2025-01-22 11:45:00-05:00,6131.75,6133.25,6129.75,6131.0,11274
2025-01-22 11:50:00-05:00,6131.25,6135.0,6131.25,6133.75,8608
2025-01-22 11:55:00-05:00,6134.0,6135.0,6133.25,6133.5,7709
2025-01-22 12:00:00-05:00,6133.75,6134.75,6132.75,6134.75,8925
2025-01-22 12:05:00-05:00,6134.75,6134.75,6133.75,6134.5,5287
2025-01-22 12:10:00-05:00,6134.25,6135.75,6130.25,6130.25,10175
2025-01-22 12:15:00-05:00,6130.5,6133.75,6130.5,6133.5,8300
2025-01-22 12:20:00-05:00,6133.25,6134.25,6132.0,6132.5,5091
2025-01-22 12:25:00-05:00,6132.25,6133.25,6131.75,6132.75,4347
2025-01-22 12:30:00-05:00,6132.5,6134.25,6132.25,6132.5,3876
2025-01-22 12:35:00-05:00,6132.75,6133.75,6131.75,6133.25,4126
2025-01-22 12:40:00-05:00,6133.25,6133.5,6130.5,6131.25,6459
2025-01-22 12:45:00-05:00,6131.25,6133.25,6131.0,6131.75,5106
2025-01-22 12:50:00-05:00,6132.0,6132.75,6130.75,6132.75,4930
2025-01-22 12:55:00-05:00,6132.75,6132.75,6130.25,6130.5,7400
2025-01-22 13:00:00-05:00,6130.5,6131.25,6128.75,6129.25,8578
2025-01-22 13:05:00-05:00,6129.5,6131.25,6129.0,6131.0,6736
2025-01-22 13:10:00-05:00,6131.0,6131.75,6129.5,6129.75,6062
2025-01-22 13:15:00-05:00,6130.0,6130.75,6127.75,6128.25,7583
2025-01-22 13:20:00-05:00,6128.25,6131.25,6127.0,6129.0,10799
2025-01-22 13:25:00-05:00,6128.75,6128.75,6126.75,6128.0,7418
2025-01-22 13:30:00-05:00,6128.0,6129.25,6127.25,6128.25,6711
2025-01-22 13:35:00-05:00,6128.0,6129.25,6127.75,6129.0,4904
2025-01-22 13:40:00-05:00,6128.75,6132.25,6128.5,6132.25,8206
2025-01-22 13:45:00-05:00,6132.25,6133.25,6131.5,6132.75,6998
2025-01-22 13:50:00-05:00,6132.5,6133.25,6130.0,6131.75,8459
2025-01-22 13:55:00-05:00,6131.75,6131.75,6127.0,6127.25,12319
2025-01-22 14:00:00-05:00,6127.25,6127.75,6125.5,6127.5,12490
2025-01-22 14:05:00-05:00,6127.5,6129.0,6125.5,6126.75,8048
2025-01-22 14:10:00-05:00,6126.75,6128.25,6125.75,6127.75,4130
2025-01-22 14:15:00-05:00,6128.0,6128.0,6126.75,6127.5,5083
2025-01-22 14:20:00-05:00,6127.25,6130.5,6127.0,6127.75,9990
2025-01-22 14:25:00-05:00,6128.0,6128.25,6125.5,6126.0,8506
2025-01-22 14:30:00-05:00,6126.25,6127.75,6124.75,6126.75,10431
2025-01-22 14:35:00-05:00,6126.75,6129.25,6126.75,6129.0,6675
2025-01-22 14:40:00-05:00,6129.0,6129.75,6127.25,6129.0,7623
2025-01-22 14:45:00-05:00,6129.0,6131.25,6128.25,6131.0,8702
2025-01-22 14:50:00-05:00,6130.75,6132.5,6130.25,6131.75,7849
2025-01-22 14:55:00-05:00,6131.75,6133.25,6131.5,6133.0,7036
2025-01-22 15:00:00-05:00,6132.75,6133.25,6131.25,6131.5,7319
2025-01-22 15:05:00-05:00,6131.75,6132.75,6131.0,6132.0,7297
2025-01-22 15:10:00-05:00,6132.25,6132.5,6129.75,6131.25,9132
2025-01-22 15:15:00-05:00,6131.25,6131.75,6129.5,6130.25,6691
2025-01-22 15:20:00-05:00,6130.5,6131.25,6128.0,6130.75,10641
2025-01-22 15:25:00-05:00,6130.75,6130.75,6128.25,6128.25,7964
2025-01-22 15:30:00-05:00,6128.5,6130.75,6127.75,6129.75,10171
2025-01-22 15:35:00-05:00,6129.75,6130.5,6125.75,6126.25,13933
2025-01-22 15:40:00-05:00,6126.0,6127.0,6124.75,6125.5,12036
2025-01-22 15:45:00-05:00,6125.5,6127.25,6124.75,6125.0,13229
2025-01-22 15:50:00-05:00,6125.0,6126.0,6119.5,6123.25,37269
2025-01-22 15:55:00-05:00,6123.0,6124.5,6119.5,6120.25,74902
2025-01-22 16:00:00-05:00,6120.0,6122.0,6118.0,6119.0,22625
2025-01-22 16:05:00-05:00,6119.0,6120.75,6118.5,6120.25,4305
2025-01-22 16:10:00-05:00,6120.25,6120.5,6117.5,6118.75,4575
2025-01-22 16:15:00-05:00,6119.0,6119.0,6116.5,6117.0,2318
2025-01-22 16:20:00-05:00,6117.0,6117.0,6115.0,6116.25,2900
2025-01-22 16:25:00-05:00,6116.25,6116.5,6115.25,6116.0,1407
2025-01-22 16:30:00-05:00,6115.75,6116.5,6115.5,6116.0,1381
2025-01-22 16:35:00-05:00,6116.0,6116.5,6115.5,6116.25,1845
2025-01-22 16:40:00-05:00,6116.25,6117.25,6116.0,6116.25,1713
2025-01-22 16:45:00-05:00,6116.0,6116.5,6115.5,6115.75,1675
2025-01-22 16:50:00-05:00,6116.0,6117.25,6115.75,6117.25,1355
2025-01-22 16:55:00-05:00,6117.0,6120.25,6117.0,6120.25,2983
2025-01-22 18:00:00-05:00,6120.0,6120.0,6117.5,6118.25,938
2025-01-22 18:05:00-05:00,6118.0,6118.75,6116.0,6116.5,1176
2025-01-22 18:10:00-05:00,6116.75,6118.0,6115.5,6116.75,1719
2025-01-22 18:15:00-05:00,6116.75,6117.75,6115.75,6117.5,1063
2025-01-22 18:20:00-05:00,6117.5,6118.0,6116.75,6117.0,916
2025-01-22 18:25:00-05:00,6117.0,6117.25,6116.5,6116.75,840
2025-01-22 18:30:00-05:00,6116.5,6117.25,6115.25,6115.5,1833
2025-01-22 18:35:00-05:00,6115.5,6116.5,6115.5,6115.75,794
2025-01-22 18:40:00-05:00,6116.0,6117.75,6115.25,6117.25,2366
2025-01-22 18:45:00-05:00,6117.25,6117.25,6115.75,6117.0,923
2025-01-22 18:50:00-05:00,6116.75,6117.75,6116.5,6117.5,285
2025-01-22 18:55:00-05:00,6117.75,6117.75,6115.75,6116.0,592
2025-01-22 19:00:00-05:00,6116.25,6117.75,6115.25,6117.0,1954
2025-01-22 19:05:00-05:00,6117.25,6117.5,6116.5,6117.5,630
2025-01-22 19:10:00-05:00,6117.5,6118.0,6116.5,6117.25,487
2025-01-22 19:15:00-05:00,6117.25,6118.0,6116.75,6117.75,468
2025-01-22 19:20:00-05:00,6117.75,6118.0,6115.5,6115.75,512
2025-01-22 19:25:00-05:00,6115.5,6115.75,6114.0,6115.0,590
2025-01-22 19:30:00-05:00,6115.0,6116.25,6115.0,6115.75,506
2025-01-22 19:35:00-05:00,6115.75,6117.0,6115.25,6116.5,284
2025-01-22 19:40:00-05:00,6116.5,6116.5,6114.5,6114.75,388
2025-01-22 19:45:00-05:00,6114.75,6115.75,6114.5,6114.75,279
2025-01-22 19:50:00-05:00,6114.75,6115.75,6114.0,6115.75,367
2025-01-22 19:55:00-05:00,6115.5,6116.5,6115.25,6116.0,1404
2025-01-22 20:00:00-05:00,6116.0,6117.75,6116.0,6117.0,1116
2025-01-22 20:05:00-05:00,6117.25,6117.75,6117.0,6117.25,855
2025-01-22 20:10:00-05:00,6117.25,6118.0,6117.0,6117.5,297
2025-01-22 20:15:00-05:00,6117.5,6117.5,6115.75,6115.75,1532
2025-01-22 20:20:00-05:00,6115.75,6116.25,6115.25,6115.75,332
2025-01-22 20:25:00-05:00,6115.75,6116.5,6115.5,6115.75,179
2025-01-22 20:30:00-05:00,6115.75,6116.75,6115.75,6115.75,268
2025-01-22 20:35:00-05:00,6115.75,6117.25,6115.5,6116.5,316
2025-01-22 20:40:00-05:00,6116.5,6117.0,6115.75,6116.0,279
2025-01-22 20:45:00-05:00,6116.0,6116.0,6113.75,6114.5,1657
2025-01-22 20:50:00-05:00,6114.75,6114.75,6113.25,6113.5,848
2025-01-22 20:55:00-05:00,6113.75,6114.25,6113.0,6113.75,382
2025-01-22 21:00:00-05:00,6113.75,6113.75,6111.5,6111.75,522
2025-01-22 21:05:00-05:00,6111.75,6112.75,6109.75,6112.75,1124
2025-01-22 21:10:00-05:00,6112.75,6112.75,6111.5,6112.25,347
2025-01-22 21:15:00-05:00,6112.5,6113.75,6112.0,6113.5,345
2025-01-22 21:20:00-05:00,6113.5,6113.75,6112.75,6113.5,256
2025-01-22 21:25:00-05:00,6113.75,6114.0,6112.75,6114.0,158
2025-01-22 21:30:00-05:00,6114.0,6114.25,6113.75,6113.75,206
2025-01-22 21:35:00-05:00,6114.0,6115.25,6114.0,6114.75,362
2025-01-22 21:40:00-05:00,6114.75,6114.75,6113.25,6114.0,256
2025-01-22 21:45:00-05:00,6114.0,6114.25,6113.25,6113.25,168
2025-01-22 21:50:00-05:00,6113.25,6114.25,6113.25,6113.75,239
2025-01-22 21:55:00-05:00,6113.75,6114.25,6113.5,6113.75,130
2025-01-22 22:00:00-05:00,6113.75,6116.25,6113.5,6115.5,586
2025-01-22 22:05:00-05:00,6115.75,6115.75,6114.75,6115.25,358
2025-01-22 22:10:00-05:00,6115.0,6115.25,6112.75,6113.5,479
2025-01-22 22:15:00-05:00,6113.5,6113.5,6111.75,6113.0,504
2025-01-22 22:20:00-05:00,6113.25,6114.0,6112.75,6113.0,198
2025-01-22 22:25:00-05:00,6113.25,6114.0,6113.25,6114.0,148
2025-01-22 22:30:00-05:00,6113.75,6114.25,6112.75,6114.25,432
2025-01-22 22:35:00-05:00,6114.25,6115.0,6113.75,6114.5,345
2025-01-22 22:40:00-05:00,6114.75,6115.25,6114.0,6114.25,126
2025-01-22 22:45:00-05:00,6114.25,6114.5,6112.75,6113.0,212
2025-01-22 22:50:00-05:00,6112.75,6113.5,6112.5,6113.0,232
2025-01-22 22:55:00-05:00,6113.25,6113.5,6113.25,6113.25,96
2025-01-22 23:00:00-05:00,6113.5,6114.25,6113.0,6114.0,148
2025-01-22 23:05:00-05:00,6114.0,6115.0,6113.5,6114.75,220
2025-01-22 23:10:00-05:00,6114.5,6115.0,6114.5,6115.0,194
2025-01-22 23:15:00-05:00,6114.75,6115.25,6114.75,6115.25,182
2025-01-22 23:20:00-05:00,6115.25,6116.5,6115.25,6116.25,417
2025-01-22 23:25:00-05:00,6116.25,6116.25,6115.75,6116.25,186
2025-01-22 23:30:00-05:00,6116.25,6116.25,6115.75,6115.75,158
2025-01-22 23:35:00-05:00,6116.0,6116.0,6115.25,6115.75,165
2025-01-22 23:40:00-05:00,6115.75,6116.0,6115.25,6115.75,149
2025-01-22 23:45:00-05:00,6115.75,6116.0,6115.5,6116.0,69
2025-01-22 23:50:00-05:00,6116.0,6116.75,6116.0,6116.25,193
2025-01-22 23:55:00-05:00,6116.5,6116.5,6115.75,6116.25,101
2025-01-23 00:00:00-05:00,6116.0,6116.75,6115.75,6116.25,165
2025-01-23 00:05:00-05:00,6116.0,6116.5,6115.5,6116.25,194
2025-01-23 00:10:00-05:00,6116.5,6116.75,6116.5,6116.75,88
2025-01-23 00:15:00-05:00,6116.5,6117.0,6116.5,6116.75,114
2025-01-23 00:20:00-05:00,6116.75,6116.75,6116.0,6116.0,183
2025-01-23 00:25:00-05:00,6116.25,6116.5,6115.25,6115.5,270
2025-01-23 00:30:00-05:00,6115.5,6115.75,6114.25,6115.25,326
2025-01-23 00:35:00-05:00,6115.25,6116.0,6115.0,6115.5,125
2025-01-23 00:40:00-05:00,6115.5,6115.5,6115.25,6115.25,95
2025-01-23 00:45:00-05:00,6115.5,6115.5,6114.5,6115.25,216
2025-01-23 00:50:00-05:00,6115.25,6115.25,6114.25,6114.5,159
2025-01-23 00:55:00-05:00,6114.5,6114.5,6113.5,6113.75,182
2025-01-23 01:00:00-05:00,6113.5,6114.5,6113.5,6113.75,203
2025-01-23 01:05:00-05:00,6114.0,6114.75,6114.0,6114.25,79
2025-01-23 01:10:00-05:00,6114.5,6115.25,6114.25,6115.25,130
2025-01-23 01:15:00-05:00,6115.25,6115.75,6114.75,6115.5,222
2025-01-23 01:20:00-05:00,6115.5,6116.0,6113.25,6113.25,305
2025-01-23 01:25:00-05:00,6113.25,6114.25,6113.0,6113.75,274
2025-01-23 01:30:00-05:00,6113.5,6114.25,6113.25,6113.25,150
2025-01-23 01:35:00-05:00,6113.0,6113.25,6112.25,6112.25,207
2025-01-23 01:40:00-05:00,6112.0,6112.75,6111.5,6112.0,386
2025-01-23 01:45:00-05:00,6112.0,6113.0,6111.5,6112.75,289
2025-01-23 01:50:00-05:00,6112.5,6113.0,6112.25,6112.25,210
2025-01-23 01:55:00-05:00,6112.25,6113.25,6112.0,6112.5,272
2025-01-23 02:00:00-05:00,6112.75,6113.5,6112.5,6113.0,313
2025-01-23 02:05:00-05:00,6113.0,6113.0,6110.25,6110.5,717
2025-01-23 02:10:00-05:00,6110.5,6112.0,6110.5,6111.5,456
2025-01-23 02:15:00-05:00,6111.25,6112.0,6111.0,6111.25,191
2025-01-23 02:20:00-05:00,6111.25,6112.75,6111.0,6112.5,312
2025-01-23 02:25:00-05:00,6112.5,6112.75,6111.5,6111.75,323
2025-01-23 02:30:00-05:00,6111.75,6112.0,6111.0,6111.25,415
2025-01-23 02:35:00-05:00,6111.25,6111.75,6110.5,6111.0,554
2025-01-23 02:40:00-05:00,6111.25,6111.25,6108.25,6110.0,1308
2025-01-23 02:45:00-05:00,6110.25,6111.75,6110.0,6111.0,526
2025-01-23 02:50:00-05:00,6111.0,6111.25,6108.5,6109.25,627
2025-01-23 02:55:00-05:00,6109.5,6110.25,6109.25,6110.0,527
2025-01-23 03:00:00-05:00,6109.75,6111.0,6107.25,6109.0,1811
2025-01-23 03:05:00-05:00,6109.0,6110.5,6108.75,6109.25,1197
2025-01-23 03:10:00-05:00,6109.5,6110.75,6108.75,6109.25,909
2025-01-23 03:15:00-05:00,6109.25,6109.75,6107.5,6108.25,958
2025-01-23 03:20:00-05:00,6108.0,6110.25,6107.0,6110.0,986
2025-01-23 03:25:00-05:00,6110.0,6110.25,6109.0,6109.25,624
2025-01-23 03:30:00-05:00,6109.25,6109.25,6106.5,6106.75,992
2025-01-23 03:35:00-05:00,6107.0,6107.75,6105.25,6106.0,1645
2025-01-23 03:40:00-05:00,6106.0,6107.0,6104.75,6106.75,1147
2025-01-23 03:45:00-05:00,6106.75,6107.25,6104.75,6105.25,973
2025-01-23 03:50:00-05:00,6105.25,6106.0,6102.75,6103.0,1783
2025-01-23 03:55:00-05:00,6103.25,6105.5,6103.0,6105.0,780
2025-01-23 04:00:00-05:00,6105.0,6106.5,6104.25,6104.75,1152
2025-01-23 04:05:00-05:00,6105.0,6107.25,6105.0,6105.25,942
2025-01-23 04:10:00-05:00,6105.25,6105.25,6103.0,6103.25,1149
2025-01-23 04:15:00-05:00,6103.25,6103.5,6101.5,6103.25,1770
2025-01-23 04:20:00-05:00,6103.25,6105.25,6102.75,6104.75,893
2025-01-23 04:25:00-05:00,6105.0,6105.0,6103.75,6103.75,526
2025-01-23 04:30:00-05:00,6104.0,6106.25,6103.0,6105.5,992
2025-01-23 04:35:00-05:00,6105.5,6107.0,6105.25,6105.75,433
2025-01-23 04:40:00-05:00,6105.75,6107.25,6105.0,6107.0,742
2025-01-23 04:45:00-05:00,6107.0,6108.75,6106.5,6107.25,1294
2025-01-23 04:50:00-05:00,6107.25,6110.0,6107.0,6109.5,1398
2025-01-23 04:55:00-05:00,6109.5,6109.75,6108.0,6108.75,698
2025-01-23 05:00:00-05:00,6108.5,6109.75,6108.0,6108.25,624
2025-01-23 05:05:00-05:00,6108.5,6108.75,6107.0,6108.5,330
2025-01-23 05:10:00-05:00,6108.5,6111.25,6108.5,6110.75,2490
2025-01-23 05:15:00-05:00,6110.75,6112.75,6110.0,6110.75,1388
2025-01-23 05:20:00-05:00,6110.5,6111.25,6108.5,6109.5,1004
2025-01-23 05:25:00-05:00,6109.25,6111.5,6109.25,6111.5,1272
2025-01-23 05:30:00-05:00,6111.5,6111.5,6109.75,6110.0,874
2025-01-23 05:35:00-05:00,6110.0,6110.75,6109.5,6110.75,314
2025-01-23 05:40:00-05:00,6110.5,6110.5,6109.0,6109.5,536
2025-01-23 05:45:00-05:00,6109.5,6110.0,6107.75,6108.0,598
2025-01-23 05:50:00-05:00,6107.75,6108.25,6106.5,6107.5,659
2025-01-23 05:55:00-05:00,6107.5,6108.0,6106.5,6106.75,355
2025-01-23 06:00:00-05:00,6106.75,6109.75,6106.0,6108.75,868
2025-01-23 06:05:00-05:00,6108.5,6108.75,6107.5,6108.75,442
2025-01-23 06:10:00-05:00,6108.75,6108.75,6107.25,6108.5,723
2025-01-23 06:15:00-05:00,6108.5,6110.5,6108.5,6109.75,572
2025-01-23 06:20:00-05:00,6109.75,6111.25,6109.75,6110.75,741
2025-01-23 06:25:00-05:00,6110.75,6111.0,6108.25,6109.75,848
2025-01-23 06:30:00-05:00,6110.0,6112.0,6109.5,6110.75,1034
2025-01-23 06:35:00-05:00,6111.0,6111.25,6110.0,6111.25,613
2025-01-23 06:40:00-05:00,6111.0,6112.5,6110.75,6112.0,846
2025-01-23 06:45:00-05:00,6112.0,6113.5,6111.25,6112.25,1059
2025-01-23 06:50:00-05:00,6112.25,6113.5,6111.5,6113.0,579
2025-01-23 06:55:00-05:00,6113.0,6113.5,6111.75,6112.25,334
2025-01-23 07:00:00-05:00,6112.5,6113.75,6110.75,6111.25,979
2025-01-23 07:05:00-05:00,6111.25,6111.5,6108.5,6108.75,1046
2025-01-23 07:10:00-05:00,6108.75,6110.0,6108.25,6109.75,895
2025-01-23 07:15:00-05:00,6109.75,6110.0,6107.75,6108.25,783
2025-01-23 07:20:00-05:00,6108.0,6110.0,6108.0,6109.75,700
2025-01-23 07:25:00-05:00,6109.75,6113.0,6109.5,6113.0,1448
2025-01-23 07:30:00-05:00,6113.0,6113.5,6112.0,6112.75,1175
2025-01-23 07:35:00-05:00,6112.5,6115.25,6112.25,6112.75,1592
2025-01-23 07:40:00-05:00,6113.0,6113.75,6112.25,6113.0,791
2025-01-23 07:45:00-05:00,6113.0,6113.25,6111.75,6112.25,678
2025-01-23 07:50:00-05:00,6112.0,6115.0,6112.0,6114.0,1062
2025-01-23 07:55:00-05:00,6114.25,6115.25,6113.75,6115.0,674
2025-01-23 08:00:00-05:00,6115.0,6115.75,6113.5,6115.5,1469
2025-01-23 08:05:00-05:00,6115.5,6115.5,6110.25,6111.75,3405
2025-01-23 08:10:00-05:00,6111.5,6112.5,6110.25,6110.5,1669
2025-01-23 08:15:00-05:00,6110.5,6112.25,6109.75,6110.25,1547
2025-01-23 08:20:00-05:00,6110.25,6112.25,6110.0,6111.75,1310
2025-01-23 08:25:00-05:00,6111.5,6114.0,6111.5,6113.0,1715
2025-01-23 08:30:00-05:00,6113.0,6117.75,6110.25,6112.75,6241
2025-01-23 08:35:00-05:00,6113.0,6114.0,6111.75,6113.0,1961
2025-01-23 08:40:00-05:00,6113.0,6114.75,6112.75,6113.5,1748
2025-01-23 08:45:00-05:00,6113.75,6115.25,6112.75,6114.5,1656
2025-01-23 08:50:00-05:00,6114.5,6115.5,6114.25,6114.5,1323
2025-01-23 08:55:00-05:00,6114.75,6115.75,6114.5,6114.75,1641
2025-01-23 09:00:00-05:00,6115.0,6116.0,6114.25,6114.5,2047
2025-01-23 09:05:00-05:00,6114.5,6114.75,6112.5,6113.0,2004
2025-01-23 09:10:00-05:00,6113.25,6113.5,6112.25,6112.5,1587
2025-01-23 09:15:00-05:00,6112.75,6114.25,6112.25,6112.75,2415
2025-01-23 09:20:00-05:00,6112.75,6113.75,6112.5,6113.5,2556
2025-01-23 09:25:00-05:00,6113.75,6115.75,6112.5,6113.75,9260
2025-01-23 09:30:00-05:00,6113.5,6115.25,6111.25,6115.0,32133
2025-01-23 09:35:00-05:00,6115.0,6117.5,6114.0,6117.0,15957
2025-01-23 09:40:00-05:00,6117.25,6118.75,6114.75,6118.0,14615
2025-01-23 09:45:00-05:00,6117.75,6118.5,6116.5,6117.5,11884
2025-01-23 09:50:00-05:00,6117.75,6119.0,6117.0,6118.0,9323
2025-01-23 09:55:00-05:00,6118.25,6118.75,6115.5,6118.25,12702
2025-01-23 10:00:00-05:00,6118.5,6118.5,6113.25,6114.75,13828
2025-01-23 10:05:00-05:00,6114.5,6117.0,6112.0,6115.0,13181
2025-01-23 10:10:00-05:00,6114.75,6116.75,6113.75,6116.5,9706
2025-01-23 10:15:00-05:00,6116.5,6117.25,6115.0,6115.25,8707
2025-01-23 10:20:00-05:00,6115.25,6117.0,6114.0,6115.75,9729
2025-01-23 10:25:00-05:00,6115.75,6116.0,6112.5,6113.0,9205
2025-01-23 10:30:00-05:00,6113.0,6117.75,6112.5,6117.25,11118
2025-01-23 10:35:00-05:00,6117.5,6119.75,6116.25,6118.25,11652
2025-01-23 10:40:00-05:00,6118.5,6121.5,6117.5,6121.25,9810
2025-01-23 10:45:00-05:00,6121.25,6124.0,6120.75,6123.0,15277
2025-01-23 10:50:00-05:00,6123.0,6125.0,6122.5,6124.0,10032
2025-01-23 10:55:00-05:00,6124.25,6124.75,6123.5,6124.75,7368
2025-01-23 11:00:00-05:00,6124.75,6129.5,6124.75,6127.75,16796
2025-01-23 11:05:00-05:00,6128.0,6128.5,6123.75,6124.5,12841
2025-01-23 11:10:00-05:00,6124.5,6128.5,6119.75,6127.5,30429
2025-01-23 11:15:00-05:00,6127.5,6129.25,6124.5,6127.5,11093
2025-01-23 11:20:00-05:00,6127.5,6131.75,6126.5,6129.5,11553
2025-01-23 11:25:00-05:00,6129.5,6131.25,6126.25,6131.25,17850
2025-01-23 11:30:00-05:00,6131.0,6132.25,6130.0,6130.25,9249
2025-01-23 11:35:00-05:00,6130.5,6130.75,6126.5,6129.0,11634
2025-01-23 11:40:00-05:00,6129.0,6131.5,6128.5,6131.25,7780
2025-01-23 11:45:00-05:00,6131.25,6134.75,6128.75,6132.25,16878
2025-01-23 11:50:00-05:00,6132.5,6133.0,6127.25,6129.5,12527
2025-01-23 11:55:00-05:00,6129.5,6130.75,6127.75,6128.5,8888
2025-01-23 12:00:00-05:00,6128.5,6128.5,6125.0,6126.0,13289
2025-01-23 12:05:00-05:00,6126.0,6129.0,6125.5,6127.75,6250
2025-01-23 12:10:00-05:00,6128.0,6130.0,6127.5,6129.75,3941
2025-01-23 12:15:00-05:00,6129.5,6130.0,6128.5,6129.5,3478
2025-01-23 12:20:00-05:00,6129.25,6129.5,6126.75,6128.0,4036
2025-01-23 12:25:00-05:00,6128.0,6128.5,6127.0,6128.0,3928
2025-01-23 12:30:00-05:00,6127.75,6128.25,6125.0,6126.75,7355
2025-01-23 12:35:00-05:00,6126.75,6127.5,6125.5,6126.25,4521
2025-01-23 12:40:00-05:00,6126.0,6128.25,6124.75,6128.25,4712
2025-01-23 12:45:00-05:00,6128.0,6130.0,6127.5,6129.5,6830
2025-01-23 12:50:00-05:00,6129.5,6132.25,6129.5,6131.0,6960
2025-01-23 12:55:00-05:00,6131.0,6133.0,6130.5,6132.75,5588
2025-01-23 13:00:00-05:00,6132.75,6134.0,6131.75,6132.75,6552
2025-01-23 13:05:00-05:00,6132.75,6133.5,6132.25,6133.25,3543
2025-01-23 13:10:00-05:00,6133.0,6137.0,6132.75,6136.0,7388
2025-01-23 13:15:00-05:00,6136.25,6137.75,6136.0,6137.25,6737
2025-01-23 13:20:00-05:00,6137.5,6138.75,6136.5,6138.25,6430
2025-01-23 13:25:00-05:00,6138.25,6139.0,6134.75,6136.0,8549
2025-01-23 13:30:00-05:00,6136.25,6138.5,6136.0,6138.0,4235
2025-01-23 13:35:00-05:00,6138.25,6138.5,6136.75,6137.0,4591
2025-01-23 13:40:00-05:00,6137.25,6137.25,6134.0,6135.25,7704
2025-01-23 13:45:00-05:00,6135.5,6136.25,6134.0,6134.5,5043
2025-01-23 13:50:00-05:00,6134.5,6135.75,6133.5,6134.25,7236
2025-01-23 13:55:00-05:00,6134.5,6134.75,6133.0,6133.75,5243
2025-01-23 14:00:00-05:00,6133.75,6134.75,6131.75,6132.25,7571
2025-01-23 14:05:00-05:00,6132.25,6132.25,6129.25,6131.0,10531
2025-01-23 14:10:00-05:00,6131.0,6131.5,6129.5,6130.0,7381
2025-01-23 14:15:00-05:00,6130.0,6131.0,6129.5,6130.25,6304
2025-01-23 14:20:00-05:00,6130.25,6132.75,6129.25,6132.5,8085
2025-01-23 14:25:00-05:00,6132.5,6134.25,6132.0,6133.0,6251
2025-01-23 14:30:00-05:00,6133.0,6136.25,6132.75,6134.75,8363
2025-01-23 14:35:00-05:00,6134.5,6136.0,6133.25,6134.0,5546
2025-01-23 14:40:00-05:00,6134.0,6135.5,6133.75,6134.5,4709
2025-01-23 14:45:00-05:00,6134.25,6135.5,6133.25,6133.75,5818
2025-01-23 14:50:00-05:00,6133.75,6135.0,6133.25,6133.75,5024
2025-01-23 14:55:00-05:00,6133.5,6136.5,6133.25,6134.5,6689
2025-01-23 15:00:00-05:00,6134.25,6135.0,6132.5,6133.5,8330
2025-01-23 15:05:00-05:00,6133.5,6136.25,6133.0,6135.0,5925
2025-01-23 15:10:00-05:00,6135.0,6137.25,6134.0,6136.75,7090
2025-01-23 15:15:00-05:00,6137.0,6138.5,6135.5,6137.0,8957
2025-01-23 15:20:00-05:00,6137.25,6138.5,6135.25,6138.25,8102
2025-01-23 15:25:00-05:00,6138.25,6139.25,6136.5,6137.25,7975
2025-01-23 15:30:00-05:00,6137.25,6137.5,6134.25,6135.75,16316
2025-01-23 15:35:00-05:00,6135.5,6136.75,6134.0,6134.5,8875
2025-01-23 15:40:00-05:00,6134.5,6135.5,6133.25,6134.0,9109
2025-01-23 15:45:00-05:00,6134.0,6138.5,6133.75,6137.25,18012
2025-01-23 15:50:00-05:00,6137.25,6144.0,6136.5,6143.5,31153
2025-01-23 15:55:00-05:00,6143.75,6154.0,6143.25,6153.5,81073
2025-01-23 16:00:00-05:00,6153.5,6153.75,6149.25,6150.0,44247
2025-01-23 16:05:00-05:00,6150.0,6150.5,6149.0,6149.0,6365
2025-01-23 16:10:00-05:00,6149.0,6150.75,6149.0,6149.25,6807
2025-01-23 16:15:00-05:00,6149.25,6149.25,6147.5,6148.25,6369
2025-01-23 16:20:00-05:00,6148.0,6148.25,6147.0,6147.25,1790
2025-01-23 16:25:00-05:00,6147.25,6148.0,6147.0,6148.0,1840
2025-01-23 16:30:00-05:00,6148.0,6148.0,6146.5,6147.75,1493
2025-01-23 16:35:00-05:00,6147.5,6147.75,6147.0,6147.25,818
2025-01-23 16:40:00-05:00,6147.5,6147.75,6147.0,6147.25,955
2025-01-23 16:45:00-05:00,6147.0,6148.25,6147.0,6147.75,865
2025-01-23 16:50:00-05:00,6147.75,6149.0,6147.25,6149.0,946
2025-01-23 16:55:00-05:00,6148.75,6149.5,6148.25,6148.5,13896
2025-01-23 18:00:00-05:00,6148.0,6149.0,6145.25,6145.75,1322
2025-01-23 18:05:00-05:00,6145.5,6147.5,6145.25,6145.25,609
2025-01-23 18:10:00-05:00,6145.5,6146.75,6145.5,6145.75,627
2025-01-23 18:15:00-05:00,6145.75,6146.0,6145.25,6145.75,343
2025-01-23 18:20:00-05:00,6145.75,6146.75,6145.75,6146.5,430
2025-01-23 18:25:00-05:00,6146.25,6146.5,6145.75,6146.0,210
2025-01-23 18:30:00-05:00,6146.0,6147.75,6146.0,6147.5,486
2025-01-23 18:35:00-05:00,6147.5,6148.0,6147.5,6147.75,251
2025-01-23 18:40:00-05:00,6147.5,6147.5,6147.0,6147.25,137
2025-01-23 18:45:00-05:00,6147.5,6147.75,6146.25,6146.75,366
2025-01-23 18:50:00-05:00,6146.75,6147.75,6146.5,6147.25,246
2025-01-23 18:55:00-05:00,6147.5,6148.75,6147.25,6148.0,267
2025-01-23 19:00:00-05:00,6148.0,6148.5,6147.5,6147.75,326
2025-01-23 19:05:00-05:00,6147.5,6148.25,6147.25,6147.25,265
2025-01-23 19:10:00-05:00,6147.0,6147.5,6146.75,6147.0,183
2025-01-23 19:15:00-05:00,6147.0,6147.75,6147.0,6147.25,292
2025-01-23 19:20:00-05:00,6147.25,6148.25,6146.75,6147.75,303
2025-01-23 19:25:00-05:00,6147.75,6148.0,6147.0,6147.25,156
2025-01-23 19:30:00-05:00,6147.25,6147.5,6146.5,6147.0,386
2025-01-23 19:35:00-05:00,6147.0,6147.25,6146.25,6147.25,279
2025-01-23 19:40:00-05:00,6147.25,6147.25,6146.25,6146.5,220
2025-01-23 19:45:00-05:00,6146.75,6147.0,6145.75,6146.25,1920
2025-01-23 19:50:00-05:00,6146.25,6146.75,6145.5,6146.5,1007
2025-01-23 19:55:00-05:00,6146.5,6147.0,6145.25,6146.75,821
2025-01-23 20:00:00-05:00,6147.0,6147.25,6146.0,6146.0,768
2025-01-23 20:05:00-05:00,6146.0,6147.5,6145.75,6147.5,873
2025-01-23 20:10:00-05:00,6147.75,6149.5,6147.25,6149.5,721
2025-01-23 20:15:00-05:00,6149.5,6150.5,6149.0,6149.75,935
2025-01-23 20:20:00-05:00,6149.5,6150.25,6149.0,6149.0,640
2025-01-23 20:25:00-05:00,6149.0,6149.25,6147.75,6148.0,1604
2025-01-23 20:30:00-05:00,6147.75,6148.25,6146.75,6147.0,804
2025-01-23 20:35:00-05:00,6147.0,6147.5,6146.25,6146.5,1006
2025-01-23 20:40:00-05:00,6146.5,6147.0,6146.0,6146.5,2546
2025-01-23 20:45:00-05:00,6146.5,6148.0,6146.25,6147.75,2953
2025-01-23 20:50:00-05:00,6148.0,6148.25,6147.0,6147.25,1694
2025-01-23 20:55:00-05:00,6147.5,6148.25,6147.25,6148.0,1545
2025-01-23 21:00:00-05:00,6148.0,6149.0,6147.0,6148.75,473
2025-01-23 21:05:00-05:00,6148.75,6149.5,6148.5,6148.75,761
2025-01-23 21:10:00-05:00,6148.75,6150.75,6147.75,6150.5,903
2025-01-23 21:15:00-05:00,6150.5,6155.75,6150.5,6154.5,3909
2025-01-23 21:20:00-05:00,6154.75,6155.75,6152.25,6152.5,4330
2025-01-23 21:25:00-05:00,6152.5,6153.25,6152.0,6152.75,1442
2025-01-23 21:30:00-05:00,6152.5,6154.5,6152.25,6153.75,484
2025-01-23 21:35:00-05:00,6153.75,6154.75,6153.75,6154.0,928
2025-01-23 21:40:00-05:00,6154.25,6155.0,6154.0,6154.5,232
2025-01-23 21:45:00-05:00,6154.25,6154.75,6153.5,6154.0,302
2025-01-23 21:50:00-05:00,6153.75,6154.75,6153.75,6154.5,169
2025-01-23 21:55:00-05:00,6154.5,6154.75,6153.75,6154.5,287
2025-01-23 22:00:00-05:00,6154.5,6156.0,6154.25,6155.25,634
2025-01-23 22:05:00-05:00,6155.25,6155.25,6153.5,6153.75,368
2025-01-23 22:10:00-05:00,6153.5,6153.5,6151.75,6151.75,389
2025-01-23 22:15:00-05:00,6152.0,6152.0,6151.0,6151.25,453
2025-01-23 22:20:00-05:00,6151.25,6151.5,6148.5,6149.0,846
2025-01-23 22:25:00-05:00,6149.0,6150.0,6146.75,6147.25,1069
2025-01-23 22:30:00-05:00,6147.5,6149.25,6146.75,6148.25,693
2025-01-23 22:35:00-05:00,6148.25,6148.5,6147.5,6148.5,334
2025-01-23 22:40:00-05:00,6148.25,6148.5,6145.0,6146.75,1177
2025-01-23 22:45:00-05:00,6146.75,6147.75,6146.25,6147.75,373
2025-01-23 22:50:00-05:00,6147.75,6148.75,6147.0,6148.5,579
2025-01-23 22:55:00-05:00,6148.5,6148.5,6147.25,6147.25,268
2025-01-23 23:00:00-05:00,6147.25,6148.5,6147.0,6147.75,346
2025-01-23 23:05:00-05:00,6147.5,6147.75,6146.5,6147.5,262
2025-01-23 23:10:00-05:00,6147.5,6148.25,6147.0,6148.25,282
2025-01-23 23:15:00-05:00,6148.25,6148.5,6145.0,6146.0,853
2025-01-23 23:20:00-05:00,6145.5,6145.75,6144.5,6145.25,600
2025-01-23 23:25:00-05:00,6145.25,6145.25,6143.75,6144.5,729
2025-01-23 23:30:00-05:00,6144.75,6146.25,6144.5,6146.0,380
2025-01-23 23:35:00-05:00,6146.0,6146.5,6145.75,6146.25,341
2025-01-23 23:40:00-05:00,6146.25,6147.0,6145.5,6146.0,279
2025-01-23 23:45:00-05:00,6146.0,6146.75,6146.0,6146.5,192
2025-01-23 23:50:00-05:00,6146.5,6146.75,6146.0,6146.25,141
2025-01-23 23:55:00-05:00,6146.25,6147.25,6146.0,6146.25,182
2025-01-24 00:00:00-05:00,6146.25,6147.0,6145.75,6147.0,293
2025-01-24 00:05:00-05:00,6147.0,6147.5,6146.75,6146.75,264
2025-01-24 00:10:00-05:00,6147.0,6147.25,6146.5,6147.25,171
2025-01-24 00:15:00-05:00,6147.0,6147.25,6146.5,6146.75,235
2025-01-24 00:20:00-05:00,6146.75,6147.0,6146.25,6146.75,141
2025-01-24 00:25:00-05:00,6146.5,6147.5,6146.25,6147.0,341
2025-01-24 00:30:00-05:00,6146.75,6147.25,6146.5,6147.0,216
2025-01-24 00:35:00-05:00,6146.75,6147.0,6146.5,6147.0,136
2025-01-24 00:40:00-05:00,6147.25,6147.75,6146.75,6147.5,177
2025-01-24 00:45:00-05:00,6147.75,6147.75,6147.25,6147.5,99
2025-01-24 00:50:00-05:00,6147.5,6147.75,6146.5,6146.5,196
2025-01-24 00:55:00-05:00,6146.5,6146.75,6145.25,6146.0,300
2025-01-24 01:00:00-05:00,6146.0,6146.5,6145.5,6145.75,306
2025-01-24 01:05:00-05:00,6145.75,6147.25,6145.75,6146.75,208
2025-01-24 01:10:00-05:00,6146.5,6148.0,6146.25,6147.75,279
2025-01-24 01:15:00-05:00,6147.75,6148.0,6147.25,6147.75,187
2025-01-24 01:20:00-05:00,6147.75,6148.0,6147.5,6148.0,240
2025-01-24 01:25:00-05:00,6147.75,6148.25,6147.25,6147.5,168
2025-01-24 01:30:00-05:00,6147.5,6148.75,6147.5,6148.75,247
2025-01-24 01:35:00-05:00,6148.75,6148.75,6146.25,6146.25,436
2025-01-24 01:40:00-05:00,6146.5,6146.75,6146.0,6146.75,340
2025-01-24 01:45:00-05:00,6146.75,6147.5,6146.75,6147.0,249
2025-01-24 01:50:00-05:00,6146.75,6147.25,6146.5,6146.75,181
2025-01-24 01:55:00-05:00,6147.0,6147.0,6145.75,6146.5,191
2025-01-24 02:00:00-05:00,6146.5,6146.5,6145.0,6145.5,578
2025-01-24 02:05:00-05:00,6145.5,6146.75,6145.5,6146.75,309
2025-01-24 02:10:00-05:00,6146.5,6147.25,6145.0,6145.0,501
2025-01-24 02:15:00-05:00,6145.0,6145.0,6143.25,6143.5,804
2025-01-24 02:20:00-05:00,6143.5,6145.25,6143.25,6144.5,824
2025-01-24 02:25:00-05:00,6144.75,6145.25,6144.5,6145.0,340
2025-01-24 02:30:00-05:00,6145.0,6145.5,6144.5,6144.75,362
2025-01-24 02:35:00-05:00,6145.0,6145.5,6144.5,6145.0,320
2025-01-24 02:40:00-05:00,6145.25,6145.5,6144.5,6145.0,319
2025-01-24 02:45:00-05:00,6144.75,6145.75,6144.75,6145.5,403
2025-01-24 02:50:00-05:00,6145.25,6145.5,6142.75,6143.5,956
2025-01-24 02:55:00-05:00,6143.75,6144.75,6143.25,6144.75,395
2025-01-24 03:00:00-05:00,6144.75,6145.25,6143.5,6145.0,1323
2025-01-24 03:05:00-05:00,6145.0,6145.75,6144.5,6145.0,970
2025-01-24 03:10:00-05:00,6145.0,6146.75,6144.5,6146.75,1026
2025-01-24 03:15:00-05:00,6147.0,6147.25,6144.5,6145.25,653
2025-01-24 03:20:00-05:00,6145.0,6146.5,6144.75,6146.5,364
2025-01-24 03:25:00-05:00,6146.5,6147.0,6145.75,6146.25,495
2025-01-24 03:30:00-05:00,6146.0,6147.75,6144.5,6146.0,2045
2025-01-24 03:35:00-05:00,6146.5,6147.75,6145.75,6146.75,666
2025-01-24 03:40:00-05:00,6146.75,6147.25,6145.5,6146.25,600
2025-01-24 03:45:00-05:00,6146.25,6147.0,6145.5,6146.25,420
2025-01-24 03:50:00-05:00,6146.5,6146.75,6145.25,6145.25,659
2025-01-24 03:55:00-05:00,6145.25,6145.25,6143.5,6144.5,861
2025-01-24 04:00:00-05:00,6144.5,6146.75,6144.25,6146.5,1196
2025-01-24 04:05:00-05:00,6146.5,6147.25,6145.75,6147.0,1018
2025-01-24 04:10:00-05:00,6147.0,6147.5,6146.0,6147.25,565
2025-01-24 04:15:00-05:00,6147.5,6148.5,6147.0,6148.0,847
2025-01-24 04:20:00-05:00,6148.25,6149.5,6148.25,6148.75,1027
2025-01-24 04:25:00-05:00,6149.0,6149.0,6147.0,6147.75,741
2025-01-24 04:30:00-05:00,6147.75,6149.5,6147.25,6148.25,1017
2025-01-24 04:35:00-05:00,6148.25,6148.25,6145.5,6145.75,932
2025-01-24 04:40:00-05:00,6146.0,6147.0,6145.25,6146.25,547
2025-01-24 04:45:00-05:00,6146.25,6146.5,6145.25,6145.75,816
2025-01-24 04:50:00-05:00,6145.75,6146.75,6145.25,6146.25,343
2025-01-24 04:55:00-05:00,6146.25,6146.5,6145.0,6145.5,558
2025-01-24 05:00:00-05:00,6145.25,6145.75,6145.0,6145.5,459
2025-01-24 05:05:00-05:00,6145.5,6146.0,6144.75,6145.75,664
2025-01-24 05:10:00-05:00,6145.75,6145.75,6144.0,6144.25,566
2025-01-24 05:15:00-05:00,6144.0,6144.25,6142.25,6143.0,904
2025-01-24 05:20:00-05:00,6143.25,6144.0,6142.75,6143.0,582
2025-01-24 05:25:00-05:00,6143.0,6144.25,6142.0,6142.5,2334
2025-01-24 05:30:00-05:00,6142.5,6143.25,6141.5,6142.5,2369
2025-01-24 05:35:00-05:00,6142.75,6143.0,6139.5,6139.75,1735
2025-01-24 05:40:00-05:00,6139.75,6141.25,6139.0,6139.5,4372
2025-01-24 05:45:00-05:00,6139.75,6141.5,6139.25,6141.5,2759
2025-01-24 05:50:00-05:00,6141.5,6143.25,6141.0,6143.25,1488
2025-01-24 05:55:00-05:00,6143.25,6144.0,6143.25,6143.25,980
2025-01-24 06:00:00-05:00,6143.5,6144.0,6143.0,6143.25,1595
2025-01-24 06:05:00-05:00,6143.5,6144.25,6141.75,6142.25,897
2025-01-24 06:10:00-05:00,6142.25,6143.25,6141.75,6142.75,607
2025-01-24 06:15:00-05:00,6142.5,6143.0,6142.25,6142.5,208
2025-01-24 06:20:00-05:00,6142.25,6142.5,6141.75,6142.0,287
2025-01-24 06:25:00-05:00,6142.0,6143.75,6141.5,6141.75,769
2025-01-24 06:30:00-05:00,6141.75,6144.0,6141.0,6142.75,768
2025-01-24 06:35:00-05:00,6142.75,6142.75,6140.5,6142.25,814
2025-01-24 06:40:00-05:00,6142.25,6143.5,6142.0,6143.5,281
2025-01-24 06:45:00-05:00,6143.5,6144.5,6142.25,6144.25,1278
2025-01-24 06:50:00-05:00,6144.5,6144.5,6142.25,6142.5,1373
2025-01-24 06:55:00-05:00,6142.75,6144.25,6142.0,6144.25,854
2025-01-24 07:00:00-05:00,6144.5,6146.0,6143.5,6145.75,1904
2025-01-24 07:05:00-05:00,6145.75,6146.25,6144.0,6144.25,853
2025-01-24 07:10:00-05:00,6144.5,6145.5,6144.5,6145.0,523
2025-01-24 07:15:00-05:00,6145.0,6147.0,6144.75,6146.75,786
2025-01-24 07:20:00-05:00,6146.75,6148.0,6146.75,6147.75,881
2025-01-24 07:25:00-05:00,6147.75,6149.25,6147.5,6149.0,1251
2025-01-24 07:30:00-05:00,6148.75,6149.0,6147.5,6147.75,750
2025-01-24 07:35:00-05:00,6148.0,6148.0,6145.0,6145.5,1124
2025-01-24 07:40:00-05:00,6145.5,6145.5,6144.75,6145.25,787
2025-01-24 07:45:00-05:00,6145.25,6145.25,6143.75,6144.25,590
2025-01-24 07:50:00-05:00,6144.25,6145.75,6143.5,6143.75,941
2025-01-24 07:55:00-05:00,6143.75,6146.25,6143.5,6146.0,716
2025-01-24 08:00:00-05:00,6145.75,6146.25,6144.0,6144.25,1165
2025-01-24 08:05:00-05:00,6144.25,6145.0,6142.5,6142.5,1212
2025-01-24 08:10:00-05:00,6142.75,6144.0,6141.0,6143.25,2134
2025-01-24 08:15:00-05:00,6143.5,6145.25,6143.0,6144.75,2566
2025-01-24 08:20:00-05:00,6144.75,6145.25,6143.0,6143.75,1122
2025-01-24 08:25:00-05:00,6144.0,6144.5,6143.5,6143.75,610
2025-01-24 08:30:00-05:00,6144.0,6144.25,6142.0,6142.25,1426
2025-01-24 08:35:00-05:00,6142.25,6143.0,6140.5,6142.5,1707
2025-01-24 08:40:00-05:00,6142.5,6142.5,6140.75,6141.5,1169
2025-01-24 08:45:00-05:00,6141.25,6142.75,6140.75,6142.5,1071
2025-01-24 08:50:00-05:00,6142.75,6143.0,6142.0,6142.5,1370
2025-01-24 08:55:00-05:00,6142.25,6143.5,6142.25,6143.25,990
2025-01-24 09:00:00-05:00,6143.25,6145.25,6143.0,6144.75,2354
2025-01-24 09:05:00-05:00,6145.0,6148.5,6143.25,6147.25,5433
2025-01-24 09:10:00-05:00,6147.5,6148.5,6145.75,6146.0,2656
2025-01-24 09:15:00-05:00,6146.0,6149.0,6146.0,6148.5,2640
2025-01-24 09:20:00-05:00,6148.25,6149.75,6147.75,6149.5,2466
2025-01-24 09:25:00-05:00,6149.25,6152.75,6147.5,6152.0,11341
2025-01-24 09:30:00-05:00,6152.0,6155.5,6150.5,6152.5,31125
2025-01-24 09:35:00-05:00,6152.5,6156.0,6151.75,6155.75,17926
2025-01-24 09:40:00-05:00,6156.0,6158.0,6154.5,6156.25,14229
2025-01-24 09:45:00-05:00,6156.25,6162.25,6155.0,6158.5,21338
2025-01-24 09:50:00-05:00,6158.25,6159.5,6155.5,6157.25,13888
2025-01-24 09:55:00-05:00,6157.25,6157.75,6154.0,6157.0,11898
2025-01-24 10:00:00-05:00,6157.25,6159.5,6150.0,6151.5,24830
2025-01-24 10:05:00-05:00,6151.5,6154.0,6149.75,6151.75,16638
2025-01-24 10:10:00-05:00,6151.75,6153.0,6148.0,6149.5,18026
2025-01-24 10:15:00-05:00,6149.5,6153.0,6147.75,6151.5,16948
2025-01-24 10:20:00-05:00,6151.5,6151.5,6147.25,6150.0,13593
2025-01-24 10:25:00-05:00,6150.0,6150.5,6146.5,6147.5,10879
2025-01-24 10:30:00-05:00,6147.5,6149.75,6147.25,6149.0,8809
2025-01-24 10:35:00-05:00,6148.75,6150.5,6144.5,6145.75,16226
2025-01-24 10:40:00-05:00,6145.75,6147.75,6145.5,6146.75,9708
2025-01-24 10:45:00-05:00,6146.75,6150.25,6146.0,6150.0,10998
2025-01-24 10:50:00-05:00,6149.75,6150.5,6146.75,6147.25,10921
2025-01-24 10:55:00-05:00,6147.0,6149.0,6145.75,6145.75,9319
2025-01-24 11:00:00-05:00,6145.75,6148.25,6144.75,6145.5,12038
2025-01-24 11:05:00-05:00,6145.25,6150.75,6145.0,6150.5,11660
2025-01-24 11:10:00-05:00,6150.25,6151.25,6148.5,6149.5,9726
2025-01-24 11:15:00-05:00,6149.25,6151.0,6148.0,6149.75,8325
2025-01-24 11:20:00-05:00,6149.75,6151.5,6149.5,6151.0,7769
2025-01-24 11:25:00-05:00,6150.75,6152.75,6150.75,6152.75,8428
2025-01-24 11:30:00-05:00,6152.5,6153.25,6152.0,6152.75,7439
2025-01-24 11:35:00-05:00,6153.0,6154.75,6151.5,6153.5,8928
2025-01-24 11:40:00-05:00,6153.75,6155.5,6153.5,6155.25,6288
2025-01-24 11:45:00-05:00,6155.25,6156.0,6154.75,6155.75,5911
2025-01-24 11:50:00-05:00,6155.75,6157.5,6155.25,6155.75,9959
2025-01-24 11:55:00-05:00,6155.75,6156.25,6148.0,6149.5,20915
2025-01-24 12:00:00-05:00,6149.5,6150.5,6146.75,6149.25,13753
2025-01-24 12:05:00-05:00,6149.5,6152.25,6147.5,6150.5,10901
2025-01-24 12:10:00-05:00,6150.5,6151.0,6148.0,6148.75,6595
2025-01-24 12:15:00-05:00,6148.75,6150.75,6147.75,6150.75,5241
2025-01-24 12:20:00-05:00,6150.5,6154.5,6150.25,6153.75,7555
2025-01-24 12:25:00-05:00,6153.75,6154.5,6147.25,6148.5,10477
2025-01-24 12:30:00-05:00,6148.25,6150.25,6147.5,6149.75,7709
2025-01-24 12:35:00-05:00,6149.5,6150.25,6148.0,6148.25,5593
2025-01-24 12:40:00-05:00,6148.0,6149.0,6147.0,6148.0,6536
2025-01-24 12:45:00-05:00,6147.75,6149.25,6147.0,6147.25,5681
2025-01-24 12:50:00-05:00,6147.25,6148.0,6142.5,6145.0,13146
2025-01-24 12:55:00-05:00,6145.0,6145.0,6139.25,6141.0,17952
2025-01-24 13:00:00-05:00,6140.75,6143.25,6139.5,6141.5,13228
2025-01-24 13:05:00-05:00,6141.5,6142.0,6138.75,6139.0,9370
2025-01-24 13:10:00-05:00,6139.0,6140.0,6134.75,6139.25,17863
2025-01-24 13:15:00-05:00,6139.0,6141.25,6137.5,6139.25,11311
2025-01-24 13:20:00-05:00,6139.25,6141.25,6138.75,6140.0,7228
2025-01-24 13:25:00-05:00,6140.25,6140.5,6137.5,6138.5,8919
2025-01-24 13:30:00-05:00,6138.5,6141.75,6136.25,6136.5,10500
2025-01-24 13:35:00-05:00,6136.25,6139.0,6135.75,6138.25,8133
2025-01-24 13:40:00-05:00,6138.5,6138.5,6135.25,6135.5,7511
2025-01-24 13:45:00-05:00,6135.75,6137.75,6133.25,6135.0,14179
2025-01-24 13:50:00-05:00,6135.25,6136.25,6133.75,6134.25,8671
2025-01-24 13:55:00-05:00,6134.0,6134.5,6125.75,6128.25,22879
2025-01-24 14:00:00-05:00,6128.25,6132.5,6126.5,6127.0,14502
2025-01-24 14:05:00-05:00,6126.75,6128.5,6124.0,6125.25,13469
2025-01-24 14:10:00-05:00,6125.0,6127.75,6123.25,6125.75,15323
2025-01-24 14:15:00-05:00,6125.5,6128.75,6124.25,6124.75,10877
2025-01-24 14:20:00-05:00,6124.5,6128.5,6124.5,6127.75,10212
2025-01-24 14:25:00-05:00,6127.75,6132.25,6127.5,6128.0,13416
2025-01-24 14:30:00-05:00,6128.25,6130.25,6127.0,6127.0,9858
2025-01-24 14:35:00-05:00,6127.0,6129.5,6127.0,6128.25,6832
2025-01-24 14:40:00-05:00,6128.25,6129.5,6127.5,6128.5,7447
2025-01-24 14:45:00-05:00,6128.5,6131.25,6128.5,6130.0,6841
2025-01-24 14:50:00-05:00,6130.0,6133.25,6130.0,6132.5,9285
2025-01-24 14:55:00-05:00,6132.5,6132.75,6127.5,6127.75,12625
2025-01-24 15:00:00-05:00,6127.75,6132.25,6126.5,6131.75,14019
2025-01-24 15:05:00-05:00,6131.5,6132.0,6127.5,6128.0,7192
2025-01-24 15:10:00-05:00,6127.75,6130.5,6127.25,6130.0,6270
2025-01-24 15:15:00-05:00,6130.0,6130.5,6126.25,6126.5,6642
2025-01-24 15:20:00-05:00,6126.5,6128.0,6124.5,6127.5,8522
2025-01-24 15:25:00-05:00,6127.5,6128.25,6123.5,6124.5,9815
2025-01-24 15:30:00-05:00,6124.75,6128.25,6124.0,6124.0,12988
2025-01-24 15:35:00-05:00,6124.25,6125.5,6123.5,6124.25,9184
2025-01-24 15:40:00-05:00,6124.25,6126.0,6122.0,6125.0,13419
2025-01-24 15:45:00-05:00,6125.0,6126.5,6124.5,6125.0,12495
2025-01-24 15:50:00-05:00,6125.0,6130.25,6125.0,6129.0,23478
2025-01-24 15:55:00-05:00,6128.75,6135.0,6127.25,6132.75,71174
2025-01-24 16:00:00-05:00,6132.75,6133.5,6129.25,6132.0,26631
2025-01-24 16:05:00-05:00,6132.0,6132.5,6130.25,6130.5,5226
2025-01-24 16:10:00-05:00,6130.5,6130.75,6127.25,6129.25,4961
2025-01-24 16:15:00-05:00,6129.5,6129.75,6128.25,6129.5,1116
2025-01-24 16:20:00-05:00,6129.5,6130.25,6128.5,6130.0,1727
2025-01-24 16:25:00-05:00,6130.0,6130.0,6129.25,6129.25,569
2025-01-24 16:30:00-05:00,6129.25,6131.0,6128.0,6130.75,1712
2025-01-24 16:35:00-05:00,6130.75,6130.75,6128.5,6128.75,859
2025-01-24 16:40:00-05:00,6128.75,6130.5,6128.75,6130.25,894
2025-01-24 16:45:00-05:00,6130.0,6131.0,6130.0,6130.25,665
2025-01-24 16:50:00-05:00,6130.5,6131.5,6130.25,6131.25,713
2025-01-24 16:55:00-05:00,6131.25,6132.0,6130.75,6132.0,1012
2025-01-26 18:00:00-05:00,6102.25,6105.25,6100.0,6102.0,12818
2025-01-26 18:05:00-05:00,6101.75,6103.75,6101.0,6102.25,2937
2025-01-26 18:10:00-05:00,6102.5,6103.5,6099.25,6103.0,3118
2025-01-26 18:15:00-05:00,6103.0,6103.25,6099.25,6099.5,1502
2025-01-26 18:20:00-05:00,6099.5,6103.75,6099.0,6102.25,2398
2025-01-26 18:25:00-05:00,6102.5,6104.5,6100.5,6103.5,1857
2025-01-26 18:30:00-05:00,6103.5,6104.25,6102.25,6103.25,1321
2025-01-26 18:35:00-05:00,6103.5,6104.0,6102.25,6103.0,1041
2025-01-26 18:40:00-05:00,6102.75,6104.5,6102.25,6104.0,894
2025-01-26 18:45:00-05:00,6104.25,6104.75,6103.25,6104.25,1140
2025-01-26 18:50:00-05:00,6104.25,6104.75,6103.75,6104.0,849
2025-01-26 18:55:00-05:00,6104.0,6104.25,6102.5,6103.25,1007
2025-01-26 19:00:00-05:00,6103.25,6104.0,6100.0,6100.5,2748
2025-01-26 19:05:00-05:00,6100.25,6101.0,6099.75,6100.5,1186
2025-01-26 19:10:00-05:00,6100.25,6100.75,6099.5,6100.5,816
2025-01-26 19:15:00-05:00,6100.5,6100.75,6098.5,6099.0,2200
2025-01-26 19:20:00-05:00,6099.25,6099.75,6098.75,6099.0,612
2025-01-26 19:25:00-05:00,6099.0,6100.25,6098.25,6098.75,1120
2025-01-26 19:30:00-05:00,6098.5,6099.0,6096.25,6096.5,2070
2025-01-26 19:35:00-05:00,6096.25,6096.5,6093.0,6094.25,3941
2025-01-26 19:40:00-05:00,6094.25,6094.5,6092.5,6093.5,2163
2025-01-26 19:45:00-05:00,6093.25,6093.5,6092.25,6092.75,1139
2025-01-26 19:50:00-05:00,6092.5,6092.5,6086.0,6086.0,4607
2025-01-26 19:55:00-05:00,6086.0,6087.25,6083.25,6085.0,3369
2025-01-26 20:00:00-05:00,6084.75,6087.0,6081.75,6081.75,2709
2025-01-26 20:05:00-05:00,6081.5,6087.75,6080.5,6087.75,2448
2025-01-26 20:10:00-05:00,6087.75,6089.75,6086.75,6087.75,1557
2025-01-26 20:15:00-05:00,6088.0,6088.75,6086.25,6088.75,993
2025-01-26 20:20:00-05:00,6088.75,6088.75,6085.0,6085.75,1450
2025-01-26 20:25:00-05:00,6086.0,6086.75,6082.5,6083.75,1704
2025-01-26 20:30:00-05:00,6084.0,6084.75,6080.25,6080.75,1757
2025-01-26 20:35:00-05:00,6080.5,6081.0,6076.75,6078.75,2938
2025-01-26 20:40:00-05:00,6079.0,6080.25,6074.25,6077.25,2476
2025-01-26 20:45:00-05:00,6077.5,6077.75,6072.25,6073.25,2578
2025-01-26 20:50:00-05:00,6073.0,6078.0,6072.0,6077.25,2667
2025-01-26 20:55:00-05:00,6077.25,6078.25,6075.25,6077.5,1252
2025-01-26 21:00:00-05:00,6077.5,6078.5,6076.25,6077.5,923
2025-01-26 21:05:00-05:00,6077.75,6077.75,6075.25,6076.0,1210
2025-01-26 21:10:00-05:00,6076.0,6076.25,6072.75,6073.0,1642
2025-01-26 21:15:00-05:00,6073.25,6074.75,6072.5,6074.25,849
2025-01-26 21:20:00-05:00,6074.5,6077.5,6073.75,6077.0,1147
2025-01-26 21:25:00-05:00,6077.25,6077.75,6076.25,6077.25,698
2025-01-26 21:30:00-05:00,6077.0,6079.75,6076.5,6079.25,1464
2025-01-26 21:35:00-05:00,6079.0,6079.25,6076.75,6077.5,921
2025-01-26 21:40:00-05:00,6077.25,6079.25,6077.25,6078.5,716
2025-01-26 21:45:00-05:00,6078.5,6078.75,6077.25,6078.25,423
2025-01-26 21:50:00-05:00,6078.25,6080.75,6078.25,6079.5,841
2025-01-26 21:55:00-05:00,6079.5,6079.75,6078.25,6078.75,492
2025-01-26 22:00:00-05:00,6078.75,6081.0,6076.75,6080.75,1197
2025-01-26 22:05:00-05:00,6080.75,6082.0,6080.25,6081.25,715
2025-01-26 22:10:00-05:00,6081.0,6084.25,6080.75,6084.25,1493
2025-01-26 22:15:00-05:00,6084.25,6085.75,6083.75,6085.0,1548
2025-01-26 22:20:00-05:00,6085.0,6085.25,6082.75,6083.0,997
2025-01-26 22:25:00-05:00,6083.25,6084.75,6083.0,6084.0,565
2025-01-26 22:30:00-05:00,6084.25,6084.25,6082.25,6082.5,949
2025-01-26 22:35:00-05:00,6082.5,6083.25,6080.5,6083.0,1223
2025-01-26 22:40:00-05:00,6083.0,6084.5,6082.5,6083.5,487
2025-01-26 22:45:00-05:00,6083.5,6083.5,6081.0,6081.75,732
2025-01-26 22:50:00-05:00,6081.75,6082.0,6080.25,6081.25,849
2025-01-26 22:55:00-05:00,6081.25,6082.5,6080.5,6081.5,465
2025-01-26 23:00:00-05:00,6081.5,6082.0,6080.75,6081.5,396
2025-01-26 23:05:00-05:00,6081.5,6082.0,6078.75,6080.0,741
2025-01-26 23:10:00-05:00,6080.0,6080.0,6078.0,6079.25,562
2025-01-26 23:15:00-05:00,6079.25,6079.75,6076.5,6077.25,614
2025-01-26 23:20:00-05:00,6077.0,6077.75,6075.0,6076.75,1119
2025-01-26 23:25:00-05:00,6077.25,6078.5,6076.5,6078.25,383
2025-01-26 23:30:00-05:00,6078.25,6078.5,6073.75,6074.25,1116
2025-01-26 23:35:00-05:00,6074.5,6075.0,6072.5,6073.25,987
2025-01-26 23:40:00-05:00,6073.0,6075.25,6073.0,6074.75,752
2025-01-26 23:45:00-05:00,6074.75,6076.25,6074.25,6075.0,690
2025-01-26 23:50:00-05:00,6074.75,6075.25,6073.75,6075.25,405
2025-01-26 23:55:00-05:00,6075.0,6076.0,6075.0,6075.0,779
2025-01-27 00:00:00-05:00,6075.0,6076.25,6074.0,6074.25,617
2025-01-27 00:05:00-05:00,6074.5,6075.0,6072.0,6072.5,1031
2025-01-27 00:10:00-05:00,6072.25,6073.5,6069.25,6072.75,2009
2025-01-27 00:15:00-05:00,6073.0,6074.5,6072.25,6072.25,625
2025-01-27 00:20:00-05:00,6072.5,6073.25,6068.5,6068.75,1343
2025-01-27 00:25:00-05:00,6068.75,6068.75,6061.75,6063.25,2539
2025-01-27 00:30:00-05:00,6063.25,6064.75,6062.0,6062.5,1225
2025-01-27 00:35:00-05:00,6062.75,6064.0,6061.5,6063.75,1122
2025-01-27 00:40:00-05:00,6064.0,6064.25,6059.75,6063.0,2074
2025-01-27 00:45:00-05:00,6063.25,6063.75,6059.75,6061.25,930
2025-01-27 00:50:00-05:00,6061.25,6061.75,6057.0,6061.5,1649
2025-01-27 00:55:00-05:00,6061.5,6061.75,6058.75,6060.0,1077
2025-01-27 01:00:00-05:00,6060.0,6061.25,6059.0,6059.25,673
2025-01-27 01:05:00-05:00,6059.25,6060.25,6055.5,6056.75,1440
2025-01-27 01:10:00-05:00,6056.75,6058.5,6055.75,6058.0,946
2025-01-27 01:15:00-05:00,6058.25,6060.0,6057.0,6058.75,538
2025-01-27 01:20:00-05:00,6058.5,6059.0,6054.0,6055.5,1383
2025-01-27 01:25:00-05:00,6055.5,6056.5,6055.0,6055.75,797
2025-01-27 01:30:00-05:00,6055.5,6055.5,6051.25,6051.75,1805
2025-01-27 01:35:00-05:00,6051.75,6053.0,6043.25,6047.0,4420
2025-01-27 01:40:00-05:00,6047.0,6049.5,6046.75,6047.0,1629
2025-01-27 01:45:00-05:00,6047.25,6047.75,6044.5,6045.75,2055
2025-01-27 01:50:00-05:00,6045.5,6049.75,6045.5,6049.75,794
2025-01-27 01:55:00-05:00,6049.75,6051.5,6047.75,6048.25,1206
2025-01-27 02:00:00-05:00,6048.5,6051.75,6048.25,6050.25,1524
2025-01-27 02:05:00-05:00,6050.25,6050.75,6045.5,6046.25,1739
2025-01-27 02:10:00-05:00,6046.25,6046.75,6041.5,6042.75,2132
2025-01-27 02:15:00-05:00,6042.75,6043.0,6034.75,6038.25,4861
2025-01-27 02:20:00-05:00,6038.25,6042.25,6038.0,6038.25,2018
2025-01-27 02:25:00-05:00,6038.0,6044.25,6036.75,6039.5,2295
2025-01-27 02:30:00-05:00,6039.5,6042.0,6037.75,6039.25,1357
2025-01-27 02:35:00-05:00,6039.25,6045.25,6038.5,6040.0,2369
2025-01-27 02:40:00-05:00,6040.25,6044.25,6039.25,6043.5,1661
2025-01-27 02:45:00-05:00,6043.25,6044.0,6040.25,6041.0,1102
2025-01-27 02:50:00-05:00,6041.0,6043.25,6036.25,6037.5,3894
2025-01-27 02:55:00-05:00,6037.5,6038.5,6027.75,6029.0,6204
2025-01-27 03:00:00-05:00,6029.25,6036.0,6028.25,6035.75,5520
2025-01-27 03:05:00-05:00,6035.5,6037.75,6030.25,6032.75,4688
2025-01-27 03:10:00-05:00,6033.0,6033.75,6028.25,6030.5,3801
2025-01-27 03:15:00-05:00,6030.5,6030.5,6019.75,6021.5,5070
2025-01-27 03:20:00-05:00,6021.75,6024.0,6016.0,6018.5,4960
2025-01-27 03:25:00-05:00,6018.5,6026.75,6018.0,6021.25,4348
2025-01-27 03:30:00-05:00,6021.25,6023.5,6016.75,6021.0,3524
2025-01-27 03:35:00-05:00,6020.75,6023.25,6012.0,6014.5,4120
2025-01-27 03:40:00-05:00,6014.75,6015.0,6006.75,6010.25,6406
2025-01-27 03:45:00-05:00,6010.25,6019.25,6010.0,6016.0,3587
2025-01-27 03:50:00-05:00,6016.0,6019.75,6014.75,6017.0,3303
2025-01-27 03:55:00-05:00,6017.25,6017.75,6011.25,6017.5,4095
2025-01-27 04:00:00-05:00,6017.25,6018.25,6007.25,6010.75,7284
2025-01-27 04:05:00-05:00,6010.75,6015.0,6009.0,6012.0,4599
2025-01-27 04:10:00-05:00,6012.0,6016.25,6010.5,6011.0,3315
2025-01-27 04:15:00-05:00,6011.0,6015.5,6009.5,6010.75,3415
2025-01-27 04:20:00-05:00,6010.5,6016.5,6010.25,6015.5,2956
2025-01-27 04:25:00-05:00,6015.5,6017.75,6011.0,6011.25,3225
2025-01-27 04:30:00-05:00,6011.25,6016.5,6009.75,6013.25,3916
2025-01-27 04:35:00-05:00,6013.0,6018.75,6012.0,6018.25,2630
2025-01-27 04:40:00-05:00,6018.25,6020.75,6015.25,6015.5,2721
2025-01-27 04:45:00-05:00,6015.5,6016.5,6008.0,6009.25,3288
2025-01-27 04:50:00-05:00,6009.0,6014.0,6009.0,6012.5,2663
2025-01-27 04:55:00-05:00,6012.5,6013.0,6010.0,6010.5,3594
2025-01-27 05:00:00-05:00,6010.75,6011.5,5997.25,5998.0,7355
2025-01-27 05:05:00-05:00,5998.0,6004.0,5998.0,6003.0,4594
2025-01-27 05:10:00-05:00,6003.25,6003.25,5995.75,5996.25,3482
2025-01-27 05:15:00-05:00,5996.5,5997.0,5990.0,5991.0,7156
2025-01-27 05:20:00-05:00,5991.0,5996.25,5990.25,5993.5,4413
2025-01-27 05:25:00-05:00,5993.75,5994.5,5990.0,5990.75,4348
2025-01-27 05:30:00-05:00,5991.0,5992.75,5984.75,5985.0,9109
2025-01-27 05:35:00-05:00,5985.0,5989.75,5983.5,5987.0,7400
2025-01-27 05:40:00-05:00,5987.5,5989.0,5981.0,5982.0,7334
2025-01-27 05:45:00-05:00,5981.75,5984.25,5973.75,5975.75,7407
2025-01-27 05:50:00-05:00,5975.75,5977.5,5948.0,5970.5,18206
2025-01-27 05:55:00-05:00,5970.5,5978.5,5969.5,5973.5,9297
2025-01-27 06:00:00-05:00,5973.5,5981.25,5971.0,5977.25,7236
2025-01-27 06:05:00-05:00,5977.0,5988.0,5975.25,5984.5,6433
2025-01-27 06:10:00-05:00,5984.5,5988.75,5978.0,5988.0,5892
2025-01-27 06:15:00-05:00,5988.0,5991.75,5980.5,5983.5,8333
2025-01-27 06:20:00-05:00,5983.75,5989.75,5982.0,5984.25,4411
2025-01-27 06:25:00-05:00,5984.25,5987.0,5973.0,5979.5,6353
2025-01-27 06:30:00-05:00,5979.5,5988.0,5977.0,5987.0,4047
2025-01-27 06:35:00-05:00,5987.25,5991.5,5983.75,5990.25,5044
2025-01-27 06:40:00-05:00,5990.25,5991.25,5986.5,5988.5,3404
2025-01-27 06:45:00-05:00,5988.0,5990.75,5985.0,5989.5,4267
2025-01-27 06:50:00-05:00,5989.5,5989.5,5981.75,5986.25,3170
2025-01-27 06:55:00-05:00,5986.25,5988.0,5979.0,5982.0,3638
2025-01-27 07:00:00-05:00,5981.75,5990.25,5980.75,5985.5,7305
2025-01-27 07:05:00-05:00,5985.25,5992.25,5982.75,5992.25,4116
2025-01-27 07:10:00-05:00,5992.0,5994.75,5989.25,5994.25,5802
2025-01-27 07:15:00-05:00,5994.0,5994.75,5989.25,5989.5,3313
2025-01-27 07:20:00-05:00,5989.25,5996.0,5988.0,5995.25,4892
2025-01-27 07:25:00-05:00,5995.25,5998.5,5992.75,5995.0,4365
2025-01-27 07:30:00-05:00,5994.75,5995.25,5992.5,5993.5,3580
2025-01-27 07:35:00-05:00,5993.75,5997.0,5993.0,5995.0,3589
2025-01-27 07:40:00-05:00,5995.0,6003.5,5994.0,6003.25,6373
2025-01-27 07:45:00-05:00,6003.0,6006.5,6000.75,6004.0,6719
2025-01-27 07:50:00-05:00,6003.75,6004.0,5997.25,6001.25,5674
2025-01-27 07:55:00-05:00,6001.25,6003.75,5998.5,6000.0,3641
2025-01-27 08:00:00-05:00,6000.0,6001.75,5993.25,6001.0,6106
2025-01-27 08:05:00-05:00,6001.0,6006.75,6000.5,6005.25,5178
2025-01-27 08:10:00-05:00,6005.5,6008.0,6003.75,6006.5,5249
2025-01-27 08:15:00-05:00,6006.75,6012.0,6005.5,6010.0,7371
2025-01-27 08:20:00-05:00,6010.25,6014.75,6007.75,6009.75,7599
2025-01-27 08:25:00-05:00,6009.5,6014.0,6007.0,6012.5,5842
2025-01-27 08:30:00-05:00,6012.75,6014.75,6005.0,6006.25,7775
2025-01-27 08:35:00-05:00,6006.0,6007.75,6003.75,6006.25,6027
2025-01-27 08:40:00-05:00,6006.0,6010.5,6003.25,6005.75,6614
2025-01-27 08:45:00-05:00,6006.0,6009.5,6004.0,6007.0,5305
2025-01-27 08:50:00-05:00,6006.75,6006.75,6002.5,6004.75,4924
2025-01-27 08:55:00-05:00,6004.75,6009.25,6004.25,6007.5,4568
2025-01-27 09:00:00-05:00,6007.5,6007.75,6001.25,6002.0,4694
2025-01-27 09:05:00-05:00,6002.25,6004.0,5999.25,6000.0,4937
2025-01-27 09:10:00-05:00,6000.0,6001.0,5996.5,6000.25,5649
2025-01-27 09:15:00-05:00,6000.25,6002.5,5996.25,5998.0,5151
2025-01-27 09:20:00-05:00,5998.0,6001.25,5997.0,5997.75,5181
2025-01-27 09:25:00-05:00,5997.75,6001.0,5995.75,5998.0,14221
2025-01-27 09:30:00-05:00,5998.0,6030.0,5996.75,6025.0,90115
2025-01-27 09:35:00-05:00,6024.75,6036.25,6020.25,6034.75,48297
2025-01-27 09:40:00-05:00,6034.5,6035.0,6023.75,6027.25,35758
2025-01-27 09:45:00-05:00,6027.25,6034.0,6025.5,6031.0,29148
2025-01-27 09:50:00-05:00,6031.25,6037.0,6026.75,6033.25,29906
2025-01-27 09:55:00-05:00,6033.0,6037.75,6030.0,6037.0,22036
2025-01-27 10:00:00-05:00,6036.75,6038.25,6025.75,6027.25,29491
2025-01-27 10:05:00-05:00,6027.25,6034.5,6024.75,6028.25,28531
2025-01-27 10:10:00-05:00,6028.25,6032.75,6024.75,6028.25,26414
2025-01-27 10:15:00-05:00,6028.25,6031.0,6017.5,6019.75,32165
2025-01-27 10:20:00-05:00,6019.75,6034.0,6019.25,6033.0,30969
2025-01-27 10:25:00-05:00,6033.0,6043.0,6029.75,6041.0,32976
2025-01-27 10:30:00-05:00,6041.0,6046.5,6038.0,6046.0,31453
2025-01-27 10:35:00-05:00,6046.0,6047.0,6039.25,6043.0,25276
2025-01-27 10:40:00-05:00,6043.0,6048.0,6041.25,6045.75,20715
2025-01-27 10:45:00-05:00,6045.75,6046.75,6036.0,6038.0,22287
2025-01-27 10:50:00-05:00,6038.0,6043.0,6035.25,6042.5,20049
2025-01-27 10:55:00-05:00,6042.25,6044.25,6031.25,6031.75,17424
2025-01-27 11:00:00-05:00,6031.75,6033.5,6026.25,6028.0,19581
2025-01-27 11:05:00-05:00,6028.0,6029.5,6021.0,6022.25,20580
2025-01-27 11:10:00-05:00,6022.25,6027.75,6022.25,6025.5,19310
2025-01-27 11:15:00-05:00,6025.5,6030.5,6024.75,6026.75,14654
2025-01-27 11:20:00-05:00,6026.75,6028.0,6018.25,6019.0,16016
2025-01-27 11:25:00-05:00,6019.25,6019.5,6013.75,6016.0,19975
2025-01-27 11:30:00-05:00,6016.0,6017.75,6014.0,6016.0,18878
2025-01-27 11:35:00-05:00,6015.75,6022.5,6013.75,6014.5,23280
2025-01-27 11:40:00-05:00,6014.25,6018.5,6013.25,6018.25,17599
2025-01-27 11:45:00-05:00,6018.0,6028.75,6016.5,6024.0,21973
2025-01-27 11:50:00-05:00,6023.75,6026.25,6014.25,6015.25,17747
2025-01-27 11:55:00-05:00,6015.25,6025.25,6014.5,6019.25,18553
2025-01-27 12:00:00-05:00,6019.5,6029.25,6016.75,6026.25,20774
2025-01-27 12:05:00-05:00,6026.0,6027.0,6017.0,6019.0,14842
2025-01-27 12:10:00-05:00,6018.75,6026.25,6018.25,6022.5,12056
2025-01-27 12:15:00-05:00,6022.25,6026.0,6018.75,6019.5,10795
2025-01-27 12:20:00-05:00,6019.25,6021.25,6014.75,6019.25,14046
2025-01-27 12:25:00-05:00,6019.25,6031.75,6017.75,6027.75,19799
2025-01-27 12:30:00-05:00,6027.75,6031.5,6025.25,6030.75,15054
2025-01-27 12:35:00-05:00,6030.75,6033.5,6027.25,6029.0,13075
2025-01-27 12:40:00-05:00,6029.25,6030.25,6024.5,6028.5,12000
2025-01-27 12:45:00-05:00,6028.25,6028.5,6019.75,6020.0,10703
2025-01-27 12:50:00-05:00,6020.0,6020.25,6013.75,6015.5,16833
2025-01-27 12:55:00-05:00,6015.25,6017.0,6012.75,6013.25,15784
2025-01-27 13:00:00-05:00,6013.25,6017.75,6012.75,6015.25,13329
2025-01-27 13:05:00-05:00,6015.0,6019.25,6014.0,6015.0,10266
2025-01-27 13:10:00-05:00,6015.0,6018.0,6013.5,6015.5,8997
2025-01-27 13:15:00-05:00,6015.5,6018.25,6012.25,6015.0,10541
2025-01-27 13:20:00-05:00,6015.0,6017.75,6012.75,6013.75,10574
2025-01-27 13:25:00-05:00,6013.75,6017.0,6011.75,6012.75,8676
2025-01-27 13:30:00-05:00,6012.75,6023.25,6012.0,6019.75,17486
2025-01-27 13:35:00-05:00,6019.5,6025.75,6015.75,6016.75,11272
2025-01-27 13:40:00-05:00,6016.75,6026.0,6016.75,6024.0,11784
2025-01-27 13:45:00-05:00,6023.75,6024.5,6018.5,6019.5,9321
2025-01-27 13:50:00-05:00,6019.5,6023.75,6018.0,6021.5,9588
2025-01-27 13:55:00-05:00,6021.5,6022.25,6015.25,6017.5,9893
2025-01-27 14:00:00-05:00,6017.75,6025.5,6017.5,6023.0,11999
2025-01-27 14:05:00-05:00,6023.25,6023.75,6019.25,6020.0,10020
2025-01-27 14:10:00-05:00,6020.25,6025.25,6019.5,6022.0,9875
2025-01-27 14:15:00-05:00,6022.0,6031.0,6021.25,6030.5,11585
2025-01-27 14:20:00-05:00,6030.75,6032.25,6028.0,6031.25,11549
2025-01-27 14:25:00-05:00,6031.5,6043.25,6031.0,6041.75,24414
2025-01-27 14:30:00-05:00,6041.75,6041.75,6034.0,6037.75,18366
2025-01-27 14:35:00-05:00,6038.0,6039.5,6030.75,6036.25,15665
2025-01-27 14:40:00-05:00,6036.5,6037.75,6027.5,6028.5,11752
2025-01-27 14:45:00-05:00,6028.5,6029.0,6018.75,6019.5,16881
2025-01-27 14:50:00-05:00,6019.75,6021.75,6014.75,6020.25,20071
2025-01-27 14:55:00-05:00,6020.25,6025.75,6018.0,6021.75,13585
2025-01-27 15:00:00-05:00,6021.5,6027.0,6020.5,6024.0,13771
2025-01-27 15:05:00-05:00,6024.0,6025.75,6015.5,6024.5,21804
2025-01-27 15:10:00-05:00,6024.75,6028.5,6020.5,6022.0,13468
2025-01-27 15:15:00-05:00,6021.75,6028.25,6019.5,6026.25,15695
2025-01-27 15:20:00-05:00,6026.25,6032.75,6025.0,6031.0,15392
2025-01-27 15:25:00-05:00,6031.0,6033.5,6025.5,6026.75,16654
2025-01-27 15:30:00-05:00,6027.0,6030.0,6023.5,6025.75,18874
2025-01-27 15:35:00-05:00,6025.75,6032.0,6025.25,6030.0,19976
2025-01-27 15:40:00-05:00,6030.25,6035.75,6027.75,6035.25,20280
2025-01-27 15:45:00-05:00,6035.25,6037.75,6028.75,6033.25,25643
2025-01-27 15:50:00-05:00,6033.25,6035.75,6026.25,6032.25,32735
2025-01-27 15:55:00-05:00,6032.25,6048.75,6031.25,6046.75,114418
2025-01-27 16:00:00-05:00,6046.75,6056.5,6044.25,6054.5,43765
2025-01-27 16:05:00-05:00,6054.5,6054.5,6048.0,6049.5,9564
2025-01-27 16:10:00-05:00,6049.5,6051.5,6047.25,6050.25,6187
2025-01-27 16:15:00-05:00,6050.25,6052.75,6049.5,6052.0,2209
2025-01-27 16:20:00-05:00,6052.25,6055.25,6050.75,6054.25,2837
2025-01-27 16:25:00-05:00,6054.0,6054.25,6052.25,6052.75,1467
2025-01-27 16:30:00-05:00,6052.75,6053.25,6051.75,6052.75,1458
2025-01-27 16:35:00-05:00,6052.75,6053.25,6051.25,6052.75,1570
2025-01-27 16:40:00-05:00,6052.75,6053.25,6051.5,6052.0,1887
2025-01-27 16:45:00-05:00,6052.0,6052.0,6049.5,6050.0,1558
2025-01-27 16:50:00-05:00,6050.25,6050.75,6049.5,6049.5,1010
2025-01-27 16:55:00-05:00,6049.5,6050.75,6048.75,6050.25,1477
2025-01-27 18:00:00-05:00,6059.5,6059.5,6051.75,6053.0,2630
2025-01-27 18:05:00-05:00,6052.5,6059.5,6051.0,6058.25,1906
2025-01-27 18:10:00-05:00,6058.25,6058.5,6052.0,6052.5,1570
2025-01-27 18:15:00-05:00,6052.5,6053.0,6048.5,6050.25,2337
2025-01-27 18:20:00-05:00,6050.5,6051.25,6037.0,6048.5,6863
2025-01-27 18:25:00-05:00,6048.5,6049.25,6037.0,6040.75,3436
2025-01-27 18:30:00-05:00,6040.75,6044.25,6040.0,6042.5,2202
2025-01-27 18:35:00-05:00,6042.25,6045.5,6041.75,6044.5,1636
2025-01-27 18:40:00-05:00,6044.5,6049.25,6044.5,6048.25,1034
2025-01-27 18:45:00-05:00,6048.0,6048.0,6045.25,6048.0,799
2025-01-27 18:50:00-05:00,6048.25,6053.5,6048.25,6052.5,2079
2025-01-27 18:55:00-05:00,6052.75,6053.25,6051.5,6052.5,818
2025-01-27 19:00:00-05:00,6052.5,6054.25,6050.75,6051.0,1080
2025-01-27 19:05:00-05:00,6051.25,6052.5,6049.0,6051.25,845
2025-01-27 19:10:00-05:00,6051.25,6051.5,6047.5,6048.75,605
2025-01-27 19:15:00-05:00,6048.75,6049.25,6046.0,6048.5,985
2025-01-27 19:20:00-05:00,6048.25,6050.25,6044.75,6046.0,677
2025-01-27 19:25:00-05:00,6046.0,6046.5,6044.5,6045.25,682
2025-01-27 19:30:00-05:00,6045.25,6045.5,6039.25,6042.5,1725
2025-01-27 19:35:00-05:00,6042.25,6045.75,6041.0,6045.5,816
2025-01-27 19:40:00-05:00,6045.5,6045.5,6043.25,6045.0,692
2025-01-27 19:45:00-05:00,6044.75,6045.0,6041.5,6043.75,808
2025-01-27 19:50:00-05:00,6043.75,6046.75,6043.25,6043.75,588
2025-01-27 19:55:00-05:00,6043.75,6044.5,6042.25,6043.75,403
2025-01-27 20:00:00-05:00,6044.0,6047.0,6044.0,6046.5,611
2025-01-27 20:05:00-05:00,6046.5,6049.75,6046.0,6049.75,579
2025-01-27 20:10:00-05:00,6049.5,6051.5,6048.5,6050.5,863
2025-01-27 20:15:00-05:00,6050.75,6052.25,6047.75,6048.75,829
2025-01-27 20:20:00-05:00,6048.25,6050.75,6047.75,6050.25,497
2025-01-27 20:25:00-05:00,6050.25,6052.75,6050.0,6050.75,1127
2025-01-27 20:30:00-05:00,6050.5,6050.75,6048.75,6050.0,603
2025-01-27 20:35:00-05:00,6050.25,6052.25,6049.5,6051.75,577
2025-01-27 20:40:00-05:00,6051.75,6051.75,6049.75,6050.5,400
2025-01-27 20:45:00-05:00,6050.5,6050.5,6045.0,6047.0,917
2025-01-27 20:50:00-05:00,6046.75,6050.0,6046.5,6049.75,480
2025-01-27 20:55:00-05:00,6049.75,6050.25,6033.5,6035.25,4925
2025-01-27 21:00:00-05:00,6035.25,6040.5,6032.25,6039.25,3159
2025-01-27 21:05:00-05:00,6039.5,6044.75,6038.0,6044.25,1540
2025-01-27 21:10:00-05:00,6044.25,6046.75,6044.25,6045.0,726
2025-01-27 21:15:00-05:00,6045.0,6049.5,6044.5,6046.75,1215
2025-01-27 21:20:00-05:00,6046.5,6047.5,6044.75,6046.25,669
2025-01-27 21:25:00-05:00,6046.25,6048.0,6045.0,6045.75,481
2025-01-27 21:30:00-05:00,6045.5,6046.75,6044.0,6046.5,499
2025-01-27 21:35:00-05:00,6046.75,6046.75,6042.5,6042.75,408
2025-01-27 21:40:00-05:00,6043.0,6044.25,6041.75,6042.5,328
2025-01-27 21:45:00-05:00,6042.5,6043.75,6041.25,6041.75,325
2025-01-27 21:50:00-05:00,6042.0,6045.25,6040.25,6044.75,546
2025-01-27 21:55:00-05:00,6044.75,6045.75,6043.5,6044.0,364
2025-01-27 22:00:00-05:00,6044.0,6045.25,6042.75,6044.75,300
2025-01-27 22:05:00-05:00,6044.75,6047.25,6042.75,6046.5,380
2025-01-27 22:10:00-05:00,6046.5,6048.0,6045.75,6046.25,480
2025-01-27 22:15:00-05:00,6046.25,6047.5,6045.25,6047.25,447
2025-01-27 22:20:00-05:00,6047.25,6049.25,6046.75,6047.25,674
2025-01-27 22:25:00-05:00,6047.25,6050.0,6046.25,6049.0,572
2025-01-27 22:30:00-05:00,6049.0,6051.5,6049.0,6050.0,614
2025-01-27 22:35:00-05:00,6049.75,6050.0,6046.0,6046.5,577
2025-01-27 22:40:00-05:00,6046.5,6047.5,6045.75,6046.5,413
2025-01-27 22:45:00-05:00,6046.5,6046.5,6044.25,6044.5,405
2025-01-27 22:50:00-05:00,6044.25,6045.5,6042.75,6043.0,412
2025-01-27 22:55:00-05:00,6043.25,6044.0,6042.75,6043.75,264
2025-01-27 23:00:00-05:00,6043.5,6044.0,6042.25,6042.5,406
2025-01-27 23:05:00-05:00,6042.5,6044.5,6042.25,6043.0,497
2025-01-27 23:10:00-05:00,6043.25,6046.5,6042.25,6045.75,657
2025-01-27 23:15:00-05:00,6045.5,6046.25,6044.5,6044.75,407
2025-01-27 23:20:00-05:00,6044.75,6046.0,6042.75,6044.25,485
2025-01-27 23:25:00-05:00,6044.5,6045.0,6041.75,6043.5,386
2025-01-27 23:30:00-05:00,6043.5,6045.0,6042.0,6044.5,322
2025-01-27 23:35:00-05:00,6044.5,6046.0,6044.5,6045.0,196
2025-01-27 23:40:00-05:00,6045.25,6046.25,6044.25,6044.75,187
2025-01-27 23:45:00-05:00,6045.0,6045.5,6044.5,6045.25,153
2025-01-27 23:50:00-05:00,6045.25,6045.75,6044.25,6045.25,203
2025-01-27 23:55:00-05:00,6045.0,6047.5,6044.5,6047.0,329
2025-01-28 00:00:00-05:00,6047.25,6049.5,6046.0,6046.75,629
2025-01-28 00:05:00-05:00,6047.0,6047.25,6043.5,6044.75,307
2025-01-28 00:10:00-05:00,6044.5,6044.75,6042.25,6043.5,299
2025-01-28 00:15:00-05:00,6043.25,6043.75,6042.25,6042.75,366
2025-01-28 00:20:00-05:00,6042.75,6043.25,6041.75,6042.75,179
2025-01-28 00:25:00-05:00,6042.5,6043.5,6042.0,6042.75,186
2025-01-28 00:30:00-05:00,6042.5,6043.5,6040.75,6041.25,305
2025-01-28 00:35:00-05:00,6041.5,6042.25,6036.25,6036.5,1287
2025-01-28 00:40:00-05:00,6036.25,6039.5,6036.25,6039.5,580
2025-01-28 00:45:00-05:00,6039.5,6041.0,6039.0,6039.0,344
2025-01-28 00:50:00-05:00,6039.25,6040.5,6039.25,6040.0,180
2025-01-28 00:55:00-05:00,6039.75,6043.75,6039.75,6043.5,437
2025-01-28 01:00:00-05:00,6043.75,6045.5,6043.25,6045.0,430
2025-01-28 01:05:00-05:00,6044.75,6046.0,6043.75,6044.0,553
2025-01-28 01:10:00-05:00,6044.0,6046.0,6043.75,6045.0,277
2025-01-28 01:15:00-05:00,6045.0,6045.25,6043.0,6044.5,205
2025-01-28 01:20:00-05:00,6044.5,6045.25,6044.0,6044.0,288
2025-01-28 01:25:00-05:00,6043.75,6043.75,6041.25,6043.0,536
2025-01-28 01:30:00-05:00,6043.0,6046.0,6043.0,6043.75,635
2025-01-28 01:35:00-05:00,6043.5,6044.0,6039.75,6040.0,435
2025-01-28 01:40:00-05:00,6040.0,6040.5,6038.5,6039.5,422
2025-01-28 01:45:00-05:00,6039.5,6039.5,6037.5,6039.5,367
2025-01-28 01:50:00-05:00,6039.5,6040.25,6038.75,6039.75,352
2025-01-28 01:55:00-05:00,6040.0,6041.5,6040.0,6041.0,211
2025-01-28 02:00:00-05:00,6040.75,6041.25,6037.0,6039.0,962
2025-01-28 02:05:00-05:00,6039.25,6041.0,6039.0,6040.25,564
2025-01-28 02:10:00-05:00,6040.5,6042.5,6039.25,6040.0,828
2025-01-28 02:15:00-05:00,6039.75,6046.5,6039.0,6044.75,988
2025-01-28 02:20:00-05:00,6045.0,6048.5,6043.5,6048.25,1013
2025-01-28 02:25:00-05:00,6048.0,6050.5,6046.5,6048.5,831
2025-01-28 02:30:00-05:00,6048.5,6051.5,6046.0,6051.25,1356
2025-01-28 02:35:00-05:00,6051.0,6052.5,6050.0,6052.0,1069
2025-01-28 02:40:00-05:00,6052.0,6052.25,6050.5,6052.0,509
2025-01-28 02:45:00-05:00,6052.25,6052.5,6050.0,6050.75,576
2025-01-28 02:50:00-05:00,6050.5,6050.75,6047.5,6047.75,854
2025-01-28 02:55:00-05:00,6048.0,6050.5,6047.75,6050.25,680
2025-01-28 03:00:00-05:00,6050.25,6054.5,6049.0,6054.0,2815
2025-01-28 03:05:00-05:00,6053.75,6053.75,6046.5,6049.25,2171
2025-01-28 03:10:00-05:00,6049.5,6049.75,6044.5,6046.25,1971
2025-01-28 03:15:00-05:00,6046.5,6049.5,6043.5,6049.25,2191
2025-01-28 03:20:00-05:00,6049.25,6051.5,6048.0,6049.5,964
2025-01-28 03:25:00-05:00,6049.5,6051.25,6045.5,6048.0,950
2025-01-28 03:30:00-05:00,6048.25,6053.25,6047.75,6053.0,1162
2025-01-28 03:35:00-05:00,6053.25,6055.25,6051.0,6053.75,1186
2025-01-28 03:40:00-05:00,6053.75,6056.5,6052.25,6056.0,1434
2025-01-28 03:45:00-05:00,6056.0,6059.5,6054.5,6059.0,1493
2025-01-28 03:50:00-05:00,6059.0,6064.0,6057.25,6061.0,3028
2025-01-28 03:55:00-05:00,6061.25,6066.0,6060.25,6064.75,2833
2025-01-28 04:00:00-05:00,6064.5,6069.25,6061.5,6066.5,5085
2025-01-28 04:05:00-05:00,6066.25,6066.75,6063.5,6066.0,2920
2025-01-28 04:10:00-05:00,6066.25,6066.75,6064.0,6064.75,1642
2025-01-28 04:15:00-05:00,6064.5,6067.0,6063.75,6064.25,1333
2025-01-28 04:20:00-05:00,6064.25,6065.25,6063.25,6064.25,1171
2025-01-28 04:25:00-05:00,6064.0,6065.5,6061.25,6061.5,1504
2025-01-28 04:30:00-05:00,6061.75,6062.25,6058.75,6061.5,1448
2025-01-28 04:35:00-05:00,6061.75,6065.25,6060.25,6063.0,1262
2025-01-28 04:40:00-05:00,6063.0,6066.0,6062.25,6065.75,973
2025-01-28 04:45:00-05:00,6065.75,6067.5,6064.25,6066.5,1035
2025-01-28 04:50:00-05:00,6066.5,6067.0,6065.25,6066.0,659
2025-01-28 04:55:00-05:00,6065.75,6068.0,6065.25,6067.75,947
2025-01-28 05:00:00-05:00,6067.75,6069.75,6066.75,6069.5,1626
2025-01-28 05:05:00-05:00,6069.25,6072.0,6069.0,6071.25,1902
2025-01-28 05:10:00-05:00,6071.25,6072.75,6069.5,6070.25,1543
2025-01-28 05:15:00-05:00,6070.25,6071.75,6070.25,6070.75,813
2025-01-28 05:20:00-05:00,6071.0,6073.0,6070.25,6070.5,1359
2025-01-28 05:25:00-05:00,6070.5,6072.25,6069.75,6071.0,1236
2025-01-28 05:30:00-05:00,6071.25,6072.25,6069.5,6069.75,1066
2025-01-28 05:35:00-05:00,6070.0,6072.0,6069.0,6069.75,1108
2025-01-28 05:40:00-05:00,6069.5,6070.5,6068.5,6069.75,712
2025-01-28 05:45:00-05:00,6069.75,6070.75,6069.25,6069.75,779
2025-01-28 05:50:00-05:00,6070.0,6071.5,6068.5,6068.75,857
2025-01-28 05:55:00-05:00,6068.75,6070.0,6067.5,6068.25,957
2025-01-28 06:00:00-05:00,6068.25,6070.0,6067.75,6069.5,950
2025-01-28 06:05:00-05:00,6069.75,6070.75,6068.75,6069.5,620
2025-01-28 06:10:00-05:00,6069.75,6072.0,6069.25,6071.5,592
2025-01-28 06:15:00-05:00,6071.25,6071.75,6067.75,6068.25,498
2025-01-28 06:20:00-05:00,6068.25,6068.75,6064.5,6065.5,1364
2025-01-28 06:25:00-05:00,6065.5,6066.25,6063.5,6064.0,992
2025-01-28 06:30:00-05:00,6064.0,6065.25,6059.5,6060.25,1689
2025-01-28 06:35:00-05:00,6060.25,6062.0,6057.5,6061.25,1701
2025-01-28 06:40:00-05:00,6061.25,6063.25,6061.0,6062.75,1074
2025-01-28 06:45:00-05:00,6062.5,6065.0,6061.25,6064.5,1115
2025-01-28 06:50:00-05:00,6064.75,6064.75,6061.75,6061.75,624
2025-01-28 06:55:00-05:00,6061.75,6063.75,6059.5,6060.0,1221
2025-01-28 07:00:00-05:00,6060.25,6061.5,6053.25,6054.5,3350
2025-01-28 07:05:00-05:00,6054.5,6056.0,6052.0,6053.0,1871
2025-01-28 07:10:00-05:00,6052.75,6053.25,6049.5,6051.25,2255
2025-01-28 07:15:00-05:00,6051.75,6053.25,6047.25,6047.75,2042
2025-01-28 07:20:00-05:00,6047.5,6052.25,6046.0,6051.5,2410
2025-01-28 07:25:00-05:00,6051.25,6051.75,6048.5,6049.0,1778
2025-01-28 07:30:00-05:00,6049.0,6051.25,6046.25,6050.25,3217
2025-01-28 07:35:00-05:00,6050.25,6055.5,6049.5,6051.5,2853
2025-01-28 07:40:00-05:00,6051.75,6054.5,6051.25,6054.25,2284
2025-01-28 07:45:00-05:00,6054.25,6054.75,6052.0,6053.75,1547
2025-01-28 07:50:00-05:00,6053.75,6059.0,6053.75,6058.5,3555
2025-01-28 07:55:00-05:00,6058.25,6060.75,6056.75,6058.0,3710
2025-01-28 08:00:00-05:00,6058.0,6060.5,6057.5,6057.75,2742
2025-01-28 08:05:00-05:00,6057.75,6058.25,6055.0,6056.5,2077
2025-01-28 08:10:00-05:00,6056.5,6060.75,6056.5,6060.0,1767
2025-01-28 08:15:00-05:00,6060.0,6060.75,6058.0,6058.75,2125
2025-01-28 08:20:00-05:00,6059.0,6065.75,6058.75,6065.75,3837
2025-01-28 08:25:00-05:00,6065.5,6066.25,6064.0,6064.0,3144
2025-01-28 08:30:00-05:00,6064.0,6065.75,6058.0,6059.5,4863
2025-01-28 08:35:00-05:00,6059.5,6059.5,6054.0,6056.25,4414
2025-01-28 08:40:00-05:00,6056.5,6057.5,6052.25,6053.0,2708
2025-01-28 08:45:00-05:00,6053.0,6055.75,6052.75,6053.75,3226
2025-01-28 08:50:00-05:00,6053.75,6055.25,6051.5,6052.75,2403
2025-01-28 08:55:00-05:00,6052.75,6055.75,6052.25,6055.0,1836
2025-01-28 09:00:00-05:00,6054.75,6057.75,6053.25,6055.0,2194
2025-01-28 09:05:00-05:00,6055.0,6056.0,6052.0,6052.25,2020
2025-01-28 09:10:00-05:00,6052.5,6054.75,6052.0,6053.0,2155
2025-01-28 09:15:00-05:00,6052.75,6053.75,6051.0,6052.5,2745
2025-01-28 09:20:00-05:00,6052.5,6055.5,6052.0,6053.5,2919
2025-01-28 09:25:00-05:00,6053.5,6059.0,6053.5,6057.75,8409
2025-01-28 09:30:00-05:00,6057.5,6059.5,6045.0,6047.5,37071
2025-01-28 09:35:00-05:00,6047.25,6048.5,6039.0,6042.25,27202
2025-01-28 09:40:00-05:00,6042.25,6044.5,6033.75,6035.25,24685
2025-01-28 09:45:00-05:00,6035.25,6039.5,6023.5,6029.25,42611
2025-01-28 09:50:00-05:00,6029.0,6038.25,6026.0,6038.0,29423
2025-01-28 09:55:00-05:00,6038.25,6040.75,6035.0,6039.75,17141
2025-01-28 10:00:00-05:00,6039.75,6056.0,6038.75,6055.5,29741
2025-01-28 10:05:00-05:00,6055.75,6057.75,6049.25,6050.75,23633
2025-01-28 10:10:00-05:00,6050.75,6060.0,6050.25,6059.25,21649
2025-01-28 10:15:00-05:00,6059.25,6061.75,6057.25,6061.25,17170
2025-01-28 10:20:00-05:00,6061.25,6071.25,6059.5,6071.25,21820
2025-01-28 10:25:00-05:00,6071.25,6079.0,6070.25,6075.75,25375
2025-01-28 10:30:00-05:00,6076.0,6076.5,6069.25,6070.75,26832
2025-01-28 10:35:00-05:00,6070.75,6077.0,6068.5,6075.25,19245
2025-01-28 10:40:00-05:00,6075.25,6076.75,6072.0,6075.0,16406
2025-01-28 10:45:00-05:00,6075.0,6078.25,6069.0,6077.75,18338
2025-01-28 10:50:00-05:00,6077.75,6078.5,6075.25,6075.5,16182
2025-01-28 10:55:00-05:00,6075.75,6082.25,6075.5,6081.75,15574
2025-01-28 11:00:00-05:00,6082.0,6086.25,6076.75,6081.75,25757
2025-01-28 11:05:00-05:00,6082.0,6084.25,6081.5,6084.0,10164
2025-01-28 11:10:00-05:00,6083.75,6087.25,6079.5,6081.25,16528
2025-01-28 11:15:00-05:00,6081.25,6083.75,6077.25,6078.0,16053
2025-01-28 11:20:00-05:00,6078.0,6079.25,6071.0,6071.5,19531
2025-01-28 11:25:00-05:00,6071.75,6072.25,6061.25,6065.25,27078
2025-01-28 11:30:00-05:00,6065.25,6068.5,6064.25,6067.75,17294
2025-01-28 11:35:00-05:00,6067.75,6070.25,6061.25,6070.0,18744
2025-01-28 11:40:00-05:00,6069.75,6070.75,6060.25,6067.0,18686
2025-01-28 11:45:00-05:00,6067.0,6072.75,6066.0,6072.5,12939
2025-01-28 11:50:00-05:00,6072.5,6072.75,6061.5,6071.75,21123
2025-01-28 11:55:00-05:00,6071.75,6077.25,6070.5,6077.0,10864
2025-01-28 12:00:00-05:00,6076.75,6079.0,6075.0,6078.75,13036
2025-01-28 12:05:00-05:00,6078.75,6086.75,6078.25,6085.75,16390
2025-01-28 12:10:00-05:00,6086.0,6088.25,6084.75,6086.5,15505
2025-01-28 12:15:00-05:00,6086.75,6090.5,6086.0,6088.75,11167
2025-01-28 12:20:00-05:00,6088.75,6090.5,6086.5,6089.0,12237
2025-01-28 12:25:00-05:00,6089.25,6089.75,6087.0,6088.25,13619
2025-01-28 12:30:00-05:00,6088.5,6090.0,6087.5,6089.25,9778
2025-01-28 12:35:00-05:00,6089.5,6090.0,6086.25,6088.0,9783
2025-01-28 12:40:00-05:00,6088.25,6088.75,6084.25,6087.0,12703
2025-01-28 12:45:00-05:00,6087.25,6088.0,6084.25,6087.0,8430
2025-01-28 12:50:00-05:00,6087.0,6089.5,6086.0,6089.25,7704
2025-01-28 12:55:00-05:00,6089.25,6092.5,6088.5,6090.0,12671
2025-01-28 13:00:00-05:00,6090.0,6094.75,6088.75,6094.0,10706
2025-01-28 13:05:00-05:00,6094.0,6097.0,6093.5,6094.5,11031
2025-01-28 13:10:00-05:00,6094.5,6097.0,6093.75,6096.75,7040
2025-01-28 13:15:00-05:00,6096.75,6099.25,6096.75,6099.25,10575
2025-01-28 13:20:00-05:00,6099.0,6099.25,6094.0,6095.75,10944
2025-01-28 13:25:00-05:00,6095.5,6096.25,6092.0,6093.5,8947
2025-01-28 13:30:00-05:00,6093.5,6096.25,6093.0,6095.75,6037
2025-01-28 13:35:00-05:00,6095.75,6096.25,6090.5,6091.5,9833
2025-01-28 13:40:00-05:00,6091.75,6091.75,6086.5,6090.25,17651
2025-01-28 13:45:00-05:00,6090.25,6091.5,6087.5,6091.25,9485
2025-01-28 13:50:00-05:00,6091.25,6093.5,6090.25,6090.5,8545
2025-01-28 13:55:00-05:00,6090.75,6091.75,6088.0,6089.25,9192
2025-01-28 14:00:00-05:00,6089.5,6090.75,6086.25,6086.5,8078
2025-01-28 14:05:00-05:00,6086.5,6088.0,6084.75,6085.25,10289
2025-01-28 14:10:00-05:00,6085.5,6086.5,6083.75,6085.5,9805
2025-01-28 14:15:00-05:00,6085.5,6090.5,6085.0,6089.25,9358
2025-01-28 14:20:00-05:00,6089.5,6092.25,6089.0,6090.75,7695
2025-01-28 14:25:00-05:00,6090.75,6093.0,6089.25,6091.75,9171
2025-01-28 14:30:00-05:00,6092.0,6096.0,6091.75,6095.0,6716
2025-01-28 14:35:00-05:00,6095.0,6097.75,6095.0,6096.75,8257
2025-01-28 14:40:00-05:00,6097.0,6100.5,6096.75,6099.5,10245
2025-01-28 14:45:00-05:00,6099.25,6103.0,6099.25,6101.75,11990
2025-01-28 14:50:00-05:00,6101.75,6103.25,6100.5,6103.0,9236
2025-01-28 14:55:00-05:00,6103.0,6104.25,6101.75,6103.0,9479
2025-01-28 15:00:00-05:00,6102.75,6103.25,6098.75,6100.5,14807
2025-01-28 15:05:00-05:00,6100.5,6101.25,6098.5,6100.0,8672
2025-01-28 15:10:00-05:00,6100.0,6102.25,6099.0,6101.0,10012
2025-01-28 15:15:00-05:00,6101.25,6104.75,6100.25,6104.0,8995
2025-01-28 15:20:00-05:00,6104.25,6105.5,6103.5,6104.25,8759
2025-01-28 15:25:00-05:00,6104.0,6104.0,6101.5,6102.25,10431
2025-01-28 15:30:00-05:00,6102.25,6103.75,6100.5,6102.25,10897
2025-01-28 15:35:00-05:00,6102.25,6102.5,6098.75,6100.0,12623
2025-01-28 15:40:00-05:00,6100.25,6103.75,6100.0,6103.5,11694
2025-01-28 15:45:00-05:00,6103.5,6104.0,6097.0,6098.5,16400
2025-01-28 15:50:00-05:00,6098.5,6103.0,6095.25,6102.0,27516
2025-01-28 15:55:00-05:00,6102.25,6102.25,6095.5,6096.0,67773
2025-01-28 16:00:00-05:00,6096.0,6096.25,6089.75,6092.25,31512
2025-01-28 16:05:00-05:00,6092.0,6093.25,6091.75,6092.75,6370
2025-01-28 16:10:00-05:00,6092.5,6092.75,6090.75,6092.0,4109
2025-01-28 16:15:00-05:00,6092.0,6092.5,6090.75,6092.5,1893
2025-01-28 16:20:00-05:00,6092.5,6092.5,6091.0,6091.0,1711
2025-01-28 16:25:00-05:00,6091.25,6091.75,6090.5,6090.5,1201
2025-01-28 16:30:00-05:00,6090.5,6090.75,6090.0,6090.5,1056
2025-01-28 16:35:00-05:00,6090.5,6091.75,6089.75,6091.0,1385
2025-01-28 16:40:00-05:00,6091.0,6091.5,6090.5,6091.25,990
2025-01-28 16:45:00-05:00,6091.0,6092.0,6090.75,6092.0,760
2025-01-28 16:50:00-05:00,6092.0,6092.0,6091.0,6091.0,584
2025-01-28 16:55:00-05:00,6091.25,6091.25,6090.0,6091.25,1023
2025-01-28 18:00:00-05:00,6090.75,6091.0,6086.5,6088.75,1256
2025-01-28 18:05:00-05:00,6088.75,6089.5,6088.0,6089.25,330
2025-01-28 18:10:00-05:00,6089.0,6090.0,6088.25,6089.75,485
2025-01-28 18:15:00-05:00,6089.5,6094.75,6089.5,6093.0,1016
2025-01-28 18:20:00-05:00,6093.25,6094.0,6090.75,6091.5,718
2025-01-28 18:25:00-05:00,6091.25,6092.5,6090.25,6092.5,461
2025-01-28 18:30:00-05:00,6092.25,6092.5,6089.25,6089.5,358
2025-01-28 18:35:00-05:00,6089.25,6090.25,6088.75,6089.25,401
2025-01-28 18:40:00-05:00,6089.25,6090.0,6088.0,6089.75,330
2025-01-28 18:45:00-05:00,6089.75,6091.0,6089.0,6089.25,392
2025-01-28 18:50:00-05:00,6089.25,6089.75,6088.25,6088.5,364
2025-01-28 18:55:00-05:00,6088.75,6090.0,6086.5,6087.75,517
2025-01-28 19:00:00-05:00,6087.75,6091.75,6086.5,6091.25,808
2025-01-28 19:05:00-05:00,6091.0,6093.5,6090.5,6091.0,531
2025-01-28 19:10:00-05:00,6091.0,6091.5,6089.0,6089.5,520
2025-01-28 19:15:00-05:00,6089.75,6090.75,6088.75,6089.0,310
2025-01-28 19:20:00-05:00,6089.0,6090.25,6088.0,6090.0,359
2025-01-28 19:25:00-05:00,6090.0,6090.75,6089.25,6090.0,243
2025-01-28 19:30:00-05:00,6090.0,6091.75,6089.25,6089.75,509
2025-01-28 19:35:00-05:00,6089.75,6089.75,6088.25,6089.25,202
2025-01-28 19:40:00-05:00,6089.0,6090.5,6089.0,6090.0,268
2025-01-28 19:45:00-05:00,6090.25,6092.0,6090.25,6092.0,266
2025-01-28 19:50:00-05:00,6091.75,6092.0,6091.0,6092.0,225
2025-01-28 19:55:00-05:00,6091.75,6092.75,6091.5,6092.25,292
2025-01-28 20:00:00-05:00,6092.0,6093.25,6091.5,6092.5,480
2025-01-28 20:05:00-05:00,6092.25,6092.25,6090.0,6090.75,380
2025-01-28 20:10:00-05:00,6090.5,6091.75,6090.0,6091.0,275
2025-01-28 20:15:00-05:00,6090.75,6091.75,6090.25,6091.75,180
2025-01-28 20:20:00-05:00,6091.75,6092.0,6091.0,6091.5,124
2025-01-28 20:25:00-05:00,6091.25,6093.0,6091.0,6092.75,230
2025-01-28 20:30:00-05:00,6092.75,6093.75,6092.75,6093.25,215
2025-01-28 20:35:00-05:00,6093.25,6094.0,6092.25,6093.75,360
2025-01-28 20:40:00-05:00,6093.75,6093.75,6092.0,6093.0,250
2025-01-28 20:45:00-05:00,6093.0,6093.75,6092.25,6092.75,242
2025-01-28 20:50:00-05:00,6092.75,6093.0,6092.25,6092.5,97
2025-01-28 20:55:00-05:00,6092.25,6092.75,6091.75,6091.75,118
2025-01-28 21:00:00-05:00,6092.0,6093.0,6091.75,6092.25,181
2025-01-28 21:05:00-05:00,6092.25,6092.75,6091.75,6092.0,210
2025-01-28 21:10:00-05:00,6092.0,6092.75,6092.0,6092.25,125
2025-01-28 21:15:00-05:00,6092.25,6092.5,6090.5,6091.0,242
2025-01-28 21:20:00-05:00,6091.0,6091.25,6090.25,6091.0,170
2025-01-28 21:25:00-05:00,6091.25,6091.5,6090.5,6091.0,103
2025-01-28 21:30:00-05:00,6091.25,6093.25,6091.0,6092.75,245
2025-01-28 21:35:00-05:00,6092.75,6093.25,6092.5,6093.0,107
2025-01-28 21:40:00-05:00,6093.0,6095.0,6093.0,6094.75,474
2025-01-28 21:45:00-05:00,6094.5,6095.75,6094.5,6094.5,343
2025-01-28 21:50:00-05:00,6094.25,6094.5,6093.5,6094.25,250
2025-01-28 21:55:00-05:00,6094.25,6095.5,6094.25,6094.5,303
2025-01-28 22:00:00-05:00,6094.5,6094.75,6094.0,6094.0,207
2025-01-28 22:05:00-05:00,6094.0,6094.25,6091.5,6091.75,482
2025-01-28 22:10:00-05:00,6092.0,6092.25,6090.5,6092.0,273
2025-01-28 22:15:00-05:00,6092.0,6092.5,6091.75,6092.25,180
2025-01-28 22:20:00-05:00,6092.25,6092.25,6089.25,6089.75,620
2025-01-28 22:25:00-05:00,6089.75,6091.5,6088.75,6090.75,534
2025-01-28 22:30:00-05:00,6090.5,6090.5,6088.75,6089.75,289
2025-01-28 22:35:00-05:00,6090.0,6092.0,6090.0,6091.5,294
2025-01-28 22:40:00-05:00,6091.75,6091.75,6090.5,6091.25,118
2025-01-28 22:45:00-05:00,6091.5,6092.25,6091.25,6092.0,142
2025-01-28 22:50:00-05:00,6092.0,6093.0,6091.75,6092.75,170
2025-01-28 22:55:00-05:00,6092.5,6094.25,6091.75,6094.25,401
2025-01-28 23:00:00-05:00,6094.25,6098.0,6094.25,6097.0,1479
2025-01-28 23:05:00-05:00,6097.0,6097.0,6096.0,6096.5,247
2025-01-28 23:10:00-05:00,6096.5,6098.5,6096.5,6098.0,367
2025-01-28 23:15:00-05:00,6098.0,6099.25,6098.0,6098.75,441
2025-01-28 23:20:00-05:00,6098.5,6099.0,6097.5,6099.0,259
2025-01-28 23:25:00-05:00,6099.0,6099.75,6098.5,6099.5,315
2025-01-28 23:30:00-05:00,6099.5,6099.5,6098.0,6099.0,221
2025-01-28 23:35:00-05:00,6098.75,6099.25,6098.0,6098.25,178
2025-01-28 23:40:00-05:00,6098.25,6099.0,6097.5,6098.25,218
2025-01-28 23:45:00-05:00,6098.5,6098.75,6097.75,6098.0,93
2025-01-28 23:50:00-05:00,6098.25,6098.75,6098.25,6098.25,77
2025-01-28 23:55:00-05:00,6098.25,6098.25,6096.75,6097.0,175
2025-01-29 00:00:00-05:00,6097.0,6097.25,6096.75,6097.0,110
2025-01-29 00:05:00-05:00,6097.25,6097.75,6096.25,6097.75,194
2025-01-29 00:10:00-05:00,6097.25,6098.0,6096.25,6096.5,212
2025-01-29 00:15:00-05:00,6096.5,6098.25,6096.5,6097.75,142
2025-01-29 00:20:00-05:00,6097.75,6097.75,6096.75,6097.0,80
2025-01-29 00:25:00-05:00,6097.25,6098.0,6097.25,6098.0,68
2025-01-29 00:30:00-05:00,6098.0,6098.0,6095.75,6096.25,285
2025-01-29 00:35:00-05:00,6096.25,6096.5,6096.0,6096.0,153
2025-01-29 00:40:00-05:00,6096.0,6096.25,6095.25,6095.25,172
2025-01-29 00:45:00-05:00,6095.0,6095.75,6094.25,6095.75,210
2025-01-29 00:50:00-05:00,6095.75,6096.25,6093.5,6094.0,383
2025-01-29 00:55:00-05:00,6094.0,6094.5,6093.75,6094.25,137
2025-01-29 01:00:00-05:00,6094.5,6111.5,6094.5,6105.25,6979
2025-01-29 01:05:00-05:00,6105.5,6105.75,6102.25,6103.75,1006
2025-01-29 01:10:00-05:00,6103.75,6105.75,6103.0,6104.25,654
2025-01-29 01:15:00-05:00,6104.0,6106.25,6103.75,6104.75,715
2025-01-29 01:20:00-05:00,6104.75,6105.5,6102.0,6105.0,906
2025-01-29 01:25:00-05:00,6105.0,6105.25,6102.75,6105.25,615
2025-01-29 01:30:00-05:00,6105.5,6109.25,6105.5,6107.0,1177
2025-01-29 01:35:00-05:00,6106.75,6108.25,6105.75,6108.25,684
2025-01-29 01:40:00-05:00,6108.5,6110.75,6108.25,6109.75,680
2025-01-29 01:45:00-05:00,6109.5,6110.25,6107.0,6107.5,548
2025-01-29 01:50:00-05:00,6107.25,6107.75,6106.25,6107.5,253
2025-01-29 01:55:00-05:00,6107.75,6108.75,6107.0,6107.5,517
2025-01-29 02:00:00-05:00,6107.5,6107.75,6105.25,6105.5,680
2025-01-29 02:05:00-05:00,6105.25,6107.5,6105.25,6106.75,387
2025-01-29 02:10:00-05:00,6106.75,6107.0,6104.75,6105.0,548
2025-01-29 02:15:00-05:00,6105.0,6105.75,6104.25,6105.0,466
2025-01-29 02:20:00-05:00,6105.25,6105.5,6104.0,6104.25,439
2025-01-29 02:25:00-05:00,6104.25,6105.0,6103.0,6104.25,400
2025-01-29 02:30:00-05:00,6104.5,6105.5,6103.75,6104.0,377
2025-01-29 02:35:00-05:00,6104.25,6105.5,6103.5,6104.0,391
2025-01-29 02:40:00-05:00,6104.0,6104.0,6103.0,6103.25,323
2025-01-29 02:45:00-05:00,6103.0,6104.0,6102.75,6103.25,534
2025-01-29 02:50:00-05:00,6103.25,6105.0,6103.25,6104.25,540
2025-01-29 02:55:00-05:00,6104.5,6105.25,6104.0,6105.0,836
2025-01-29 03:00:00-05:00,6105.0,6106.5,6104.0,6106.0,2617
2025-01-29 03:05:00-05:00,6105.75,6106.25,6104.75,6105.75,998
2025-01-29 03:10:00-05:00,6105.75,6107.25,6104.0,6104.25,2742
2025-01-29 03:15:00-05:00,6104.0,6105.5,6101.75,6105.25,1290
2025-01-29 03:20:00-05:00,6105.25,6105.75,6104.25,6105.25,765
2025-01-29 03:25:00-05:00,6105.25,6106.25,6104.75,6105.25,528
2025-01-29 03:30:00-05:00,6105.0,6107.0,6104.75,6106.25,1189
2025-01-29 03:35:00-05:00,6106.25,6106.25,6101.5,6103.75,1614
2025-01-29 03:40:00-05:00,6103.75,6104.75,6103.0,6104.25,580
2025-01-29 03:45:00-05:00,6104.25,6105.5,6103.75,6104.75,1264
2025-01-29 03:50:00-05:00,6104.75,6105.0,6103.25,6104.0,557
2025-01-29 03:55:00-05:00,6103.75,6104.0,6102.0,6102.5,675
2025-01-29 04:00:00-05:00,6102.25,6102.75,6097.5,6097.75,2093
2025-01-29 04:05:00-05:00,6097.5,6101.0,6095.0,6100.0,2534
2025-01-29 04:10:00-05:00,6100.25,6103.75,6099.5,6103.25,1297
2025-01-29 04:15:00-05:00,6103.25,6103.25,6098.75,6100.5,1251
2025-01-29 04:20:00-05:00,6100.75,6101.75,6097.5,6098.75,882
2025-01-29 04:25:00-05:00,6099.0,6100.25,6098.0,6099.75,758
2025-01-29 04:30:00-05:00,6099.75,6099.75,6096.75,6097.0,820
2025-01-29 04:35:00-05:00,6097.25,6099.25,6096.5,6098.25,498
2025-01-29 04:40:00-05:00,6098.5,6100.5,6098.0,6100.0,530
2025-01-29 04:45:00-05:00,6100.0,6102.5,6099.0,6102.25,797
2025-01-29 04:50:00-05:00,6102.5,6103.75,6100.75,6102.75,837
2025-01-29 04:55:00-05:00,6102.75,6103.25,6100.0,6101.5,876
2025-01-29 05:00:00-05:00,6101.5,6102.25,6100.0,6100.0,544
2025-01-29 05:05:00-05:00,6100.0,6101.75,6099.25,6101.0,496
2025-01-29 05:10:00-05:00,6101.25,6103.0,6101.25,6102.0,460
2025-01-29 05:15:00-05:00,6102.0,6102.0,6100.0,6100.0,306
2025-01-29 05:20:00-05:00,6100.0,6101.25,6100.0,6100.75,354
2025-01-29 05:25:00-05:00,6100.75,6101.25,6098.25,6098.75,583
2025-01-29 05:30:00-05:00,6098.75,6101.25,6097.5,6100.5,685
2025-01-29 05:35:00-05:00,6100.5,6102.75,6099.5,6102.0,463
2025-01-29 05:40:00-05:00,6101.75,6104.0,6101.75,6102.25,718
2025-01-29 05:45:00-05:00,6102.25,6103.25,6101.75,6102.75,853
2025-01-29 05:50:00-05:00,6102.5,6103.0,6101.5,6103.0,413
2025-01-29 05:55:00-05:00,6103.0,6105.0,6102.5,6103.5,2452
2025-01-29 06:00:00-05:00,6103.75,6104.0,6101.0,6102.25,595
2025-01-29 06:05:00-05:00,6102.25,6103.25,6101.5,6103.25,299
2025-01-29 06:10:00-05:00,6103.25,6103.25,6101.5,6101.5,235
2025-01-29 06:15:00-05:00,6101.5,6101.75,6100.0,6100.75,291
2025-01-29 06:20:00-05:00,6100.75,6101.25,6099.75,6100.75,315
2025-01-29 06:25:00-05:00,6100.75,6102.25,6100.5,6102.0,178
2025-01-29 06:30:00-05:00,6102.0,6102.5,6099.5,6100.0,468
2025-01-29 06:35:00-05:00,6100.0,6101.5,6098.75,6100.5,718
2025-01-29 06:40:00-05:00,6100.75,6103.0,6100.5,6103.0,628
2025-01-29 06:45:00-05:00,6103.25,6104.0,6103.0,6103.25,663
2025-01-29 06:50:00-05:00,6103.25,6105.25,6103.25,6105.25,999
2025-01-29 06:55:00-05:00,6105.25,6106.75,6104.5,6105.0,2363
2025-01-29 07:00:00-05:00,6105.0,6105.25,6102.0,6102.75,1541
2025-01-29 07:05:00-05:00,6102.75,6103.75,6100.5,6101.0,1039
2025-01-29 07:10:00-05:00,6101.25,6102.0,6100.0,6100.25,565
2025-01-29 07:15:00-05:00,6100.0,6101.25,6097.75,6098.25,1021
2025-01-29 07:20:00-05:00,6098.25,6100.0,6097.25,6099.25,862
2025-01-29 07:25:00-05:00,6099.5,6100.0,6097.75,6098.5,430
2025-01-29 07:30:00-05:00,6098.25,6098.25,6096.0,6096.75,640
2025-01-29 07:35:00-05:00,6096.75,6098.75,6096.75,6097.75,718
2025-01-29 07:40:00-05:00,6097.75,6097.75,6095.5,6095.75,535
2025-01-29 07:45:00-05:00,6095.75,6097.25,6095.5,6095.75,564
2025-01-29 07:50:00-05:00,6095.75,6097.5,6094.0,6094.5,1226
2025-01-29 07:55:00-05:00,6094.5,6097.5,6093.5,6096.25,792
2025-01-29 08:00:00-05:00,6096.25,6096.5,6094.5,6095.5,888
2025-01-29 08:05:00-05:00,6095.25,6095.25,6088.5,6089.75,2728
2025-01-29 08:10:00-05:00,6089.75,6090.25,6086.75,6087.5,2407
2025-01-29 08:15:00-05:00,6087.5,6089.25,6084.0,6084.75,2341
2025-01-29 08:20:00-05:00,6084.75,6087.5,6082.0,6083.5,4484
2025-01-29 08:25:00-05:00,6083.5,6085.75,6081.25,6083.0,2762
2025-01-29 08:30:00-05:00,6082.75,6084.0,6078.75,6082.75,3523
2025-01-29 08:35:00-05:00,6082.5,6084.75,6079.5,6082.5,2853
2025-01-29 08:40:00-05:00,6082.5,6085.0,6080.75,6081.75,2639
2025-01-29 08:45:00-05:00,6081.5,6082.5,6079.5,6081.5,2148
2025-01-29 08:50:00-05:00,6081.75,6082.5,6079.0,6080.75,2102
2025-01-29 08:55:00-05:00,6080.5,6085.75,6079.75,6085.75,2585
2025-01-29 09:00:00-05:00,6085.5,6088.25,6085.0,6087.0,3494
2025-01-29 09:05:00-05:00,6087.0,6088.0,6083.0,6083.25,2848
2025-01-29 09:10:00-05:00,6083.25,6087.5,6083.0,6087.25,2007
2025-01-29 09:15:00-05:00,6087.25,6089.75,6086.25,6089.5,2756
2025-01-29 09:20:00-05:00,6089.25,6090.25,6088.75,6088.75,2373
2025-01-29 09:25:00-05:00,6089.0,6090.5,6085.5,6087.5,9898
2025-01-29 09:30:00-05:00,6087.25,6090.5,6080.75,6082.75,28378
2025-01-29 09:35:00-05:00,6083.0,6085.0,6079.25,6083.5,18713
2025-01-29 09:40:00-05:00,6083.75,6085.5,6074.5,6077.0,23020
2025-01-29 09:45:00-05:00,6077.0,6082.5,6075.0,6078.25,14243
2025-01-29 09:50:00-05:00,6078.0,6085.0,6076.5,6083.0,16103
2025-01-29 09:55:00-05:00,6083.0,6086.0,6079.5,6083.0,13826
2025-01-29 10:00:00-05:00,6083.25,6088.25,6082.0,6085.5,15375
2025-01-29 10:05:00-05:00,6085.5,6091.25,6085.25,6089.75,14885
2025-01-29 10:10:00-05:00,6089.75,6090.5,6078.0,6083.5,19707
2025-01-29 10:15:00-05:00,6083.5,6085.75,6079.75,6083.5,14354
2025-01-29 10:20:00-05:00,6083.5,6088.5,6080.5,6084.5,12328
2025-01-29 10:25:00-05:00,6084.5,6085.5,6077.25,6079.5,13828
2025-01-29 10:30:00-05:00,6079.75,6082.75,6078.0,6081.5,10629
2025-01-29 10:35:00-05:00,6081.5,6083.25,6080.25,6081.75,9089
2025-01-29 10:40:00-05:00,6081.75,6085.25,6074.75,6077.5,13513
2025-01-29 10:45:00-05:00,6077.5,6079.75,6074.75,6079.75,10790
2025-01-29 10:50:00-05:00,6079.5,6082.75,6079.25,6081.75,9562
2025-01-29 10:55:00-05:00,6081.75,6081.75,6076.5,6078.25,8773
2025-01-29 11:00:00-05:00,6078.25,6082.0,6077.25,6080.5,8919
2025-01-29 11:05:00-05:00,6080.5,6080.5,6072.75,6076.25,17898
2025-01-29 11:10:00-05:00,6076.25,6078.0,6073.75,6076.75,10857
2025-01-29 11:15:00-05:00,6076.5,6077.5,6072.0,6075.0,13196
2025-01-29 11:20:00-05:00,6075.0,6077.25,6072.5,6077.0,8898
2025-01-29 11:25:00-05:00,6077.0,6078.0,6074.25,6074.5,7090
2025-01-29 11:30:00-05:00,6074.5,6077.5,6073.25,6077.0,7410
2025-01-29 11:35:00-05:00,6077.0,6079.5,6070.5,6071.0,12195
2025-01-29 11:40:00-05:00,6071.0,6076.0,6069.25,6075.75,11176
2025-01-29 11:45:00-05:00,6075.75,6078.5,6073.5,6078.0,9770
2025-01-29 11:50:00-05:00,6078.0,6079.75,6075.5,6078.75,8096
2025-01-29 11:55:00-05:00,6078.75,6078.75,6070.25,6072.75,9797
2025-01-29 12:00:00-05:00,6072.75,6080.5,6072.0,6080.25,11202
2025-01-29 12:05:00-05:00,6080.25,6082.5,6077.75,6079.0,10414
2025-01-29 12:10:00-05:00,6079.25,6081.0,6077.0,6078.75,6272
2025-01-29 12:15:00-05:00,6078.75,6082.5,6078.25,6081.5,5265
2025-01-29 12:20:00-05:00,6081.75,6084.25,6081.25,6082.75,7236
2025-01-29 12:25:00-05:00,6082.75,6084.5,6079.25,6080.75,6512
2025-01-29 12:30:00-05:00,6080.75,6083.25,6080.25,6080.5,6016
2025-01-29 12:35:00-05:00,6080.75,6081.75,6078.5,6078.75,4350
2025-01-29 12:40:00-05:00,6079.0,6080.0,6077.25,6077.75,5438
2025-01-29 12:45:00-05:00,6078.0,6078.0,6073.75,6075.25,8278
2025-01-29 12:50:00-05:00,6075.25,6075.25,6072.75,6073.25,6024
2025-01-29 12:55:00-05:00,6073.25,6074.0,6069.25,6070.75,9022
2025-01-29 13:00:00-05:00,6071.0,6073.5,6046.25,6050.25,51106
2025-01-29 13:05:00-05:00,6050.5,6067.25,6047.75,6066.75,32915
2025-01-29 13:10:00-05:00,6067.0,6070.0,6058.5,6066.25,19199
2025-01-29 13:15:00-05:00,6066.25,6068.5,6063.5,6064.75,11354
2025-01-29 13:20:00-05:00,6064.75,6067.5,6061.5,6067.0,11190
2025-01-29 13:25:00-05:00,6067.0,6073.75,6066.5,6073.5,13887
2025-01-29 13:30:00-05:00,6073.5,6076.75,6070.5,6071.5,12891
2025-01-29 13:35:00-05:00,6071.5,6073.75,6063.5,6065.25,9424
2025-01-29 13:40:00-05:00,6065.25,6068.5,6064.25,6065.75,7345
2025-01-29 13:45:00-05:00,6066.0,6072.75,6064.25,6071.5,7237
2025-01-29 13:50:00-05:00,6071.75,6072.0,6066.75,6069.0,8302
2025-01-29 13:55:00-05:00,6069.0,6069.25,6065.25,6065.25,4353
2025-01-29 14:00:00-05:00,6065.25,6065.75,6049.5,6053.0,29291
2025-01-29 14:05:00-05:00,6052.75,6059.5,6049.75,6055.25,20471
2025-01-29 14:10:00-05:00,6055.25,6056.0,6046.25,6050.5,18803
2025-01-29 14:15:00-05:00,6050.25,6053.5,6042.25,6047.25,17973
2025-01-29 14:20:00-05:00,6047.5,6051.5,6045.75,6048.25,15578
2025-01-29 14:25:00-05:00,6048.5,6049.25,6044.0,6044.0,8408
2025-01-29 14:30:00-05:00,6044.0,6062.75,6042.75,6056.25,27840
2025-01-29 14:35:00-05:00,6056.5,6067.0,6044.25,6065.75,35170
2025-01-29 14:40:00-05:00,6065.5,6081.75,6063.5,6076.0,45574
2025-01-29 14:45:00-05:00,6076.0,6083.0,6068.0,6074.5,22032
2025-01-29 14:50:00-05:00,6074.5,6083.5,6069.25,6079.5,18204
2025-01-29 14:55:00-05:00,6079.25,6080.5,6067.25,6073.5,21914
2025-01-29 15:00:00-05:00,6073.25,6077.0,6061.75,6063.5,19976
2025-01-29 15:05:00-05:00,6063.25,6071.0,6060.25,6068.5,19913
2025-01-29 15:10:00-05:00,6068.75,6076.0,6061.5,6068.25,24984
2025-01-29 15:15:00-05:00,6068.0,6070.0,6055.75,6065.25,18575
2025-01-29 15:20:00-05:00,6065.25,6082.0,6065.0,6080.75,21518
2025-01-29 15:25:00-05:00,6080.5,6087.5,6080.25,6083.75,20242
2025-01-29 15:30:00-05:00,6084.25,6087.5,6080.5,6082.75,14377
2025-01-29 15:35:00-05:00,6082.5,6082.75,6067.5,6068.5,21262
2025-01-29 15:40:00-05:00,6068.5,6075.0,6066.75,6070.5,18315
2025-01-29 15:45:00-05:00,6070.25,6072.0,6064.5,6069.75,15577
2025-01-29 15:50:00-05:00,6069.75,6073.5,6058.0,6068.75,24012
2025-01-29 15:55:00-05:00,6069.0,6074.75,6064.5,6068.25,63586
2025-01-29 16:00:00-05:00,6068.25,6076.0,6048.5,6057.5,34892
2025-01-29 16:05:00-05:00,6057.75,6061.5,6043.75,6059.75,14264
2025-01-29 16:10:00-05:00,6059.5,6066.75,6057.5,6065.0,9655
2025-01-29 16:15:00-05:00,6064.75,6067.75,6060.0,6065.25,5560
2025-01-29 16:20:00-05:00,6064.75,6075.75,6064.25,6073.5,7476
2025-01-29 16:25:00-05:00,6073.75,6079.75,6072.5,6076.0,7129
2025-01-29 16:30:00-05:00,6076.25,6078.5,6071.5,6077.5,4654
2025-01-29 16:35:00-05:00,6077.5,6078.5,6075.0,6076.5,2669
2025-01-29 16:40:00-05:00,6076.5,6081.5,6062.0,6073.75,16256
2025-01-29 16:45:00-05:00,6073.5,6081.0,6071.5,6079.25,3402
2025-01-29 16:50:00-05:00,6079.25,6080.25,6074.75,6080.0,3070
2025-01-29 16:55:00-05:00,6080.0,6080.5,6075.75,6076.5,2202
2025-01-29 18:00:00-05:00,6068.5,6073.5,6065.25,6069.5,4801
2025-01-29 18:05:00-05:00,6069.5,6075.75,6068.0,6071.5,2267
2025-01-29 18:10:00-05:00,6071.5,6072.25,6068.5,6069.75,1312
2025-01-29 18:15:00-05:00,6069.5,6070.0,6066.25,6068.5,1238
2025-01-29 18:20:00-05:00,6068.75,6069.75,6063.75,6064.25,1126
2025-01-29 18:25:00-05:00,6064.25,6065.25,6061.5,6063.5,1318
2025-01-29 18:30:00-05:00,6063.75,6065.5,6062.5,6064.0,1024
2025-01-29 18:35:00-05:00,6063.75,6066.25,6063.75,6065.5,639
2025-01-29 18:40:00-05:00,6065.5,6068.25,6065.5,6066.25,783
2025-01-29 18:45:00-05:00,6066.25,6070.0,6066.25,6068.5,883
2025-01-29 18:50:00-05:00,6068.5,6070.0,6068.25,6069.5,568
2025-01-29 18:55:00-05:00,6069.5,6070.5,6067.75,6068.75,626
2025-01-29 19:00:00-05:00,6068.75,6069.0,6066.75,6068.25,654
2025-01-29 19:05:00-05:00,6068.75,6072.75,6068.5,6071.75,659
2025-01-29 19:10:00-05:00,6071.75,6074.0,6071.5,6073.25,570
2025-01-29 19:15:00-05:00,6073.5,6075.75,6073.0,6075.5,780
2025-01-29 19:20:00-05:00,6075.5,6077.0,6075.25,6076.25,569
2025-01-29 19:25:00-05:00,6076.0,6078.25,6075.75,6078.0,593
2025-01-29 19:30:00-05:00,6078.0,6079.0,6077.75,6078.5,478
2025-01-29 19:35:00-05:00,6078.5,6079.0,6078.0,6078.25,372
2025-01-29 19:40:00-05:00,6078.25,6080.5,6078.25,6079.25,567
2025-01-29 19:45:00-05:00,6079.5,6081.5,6078.75,6080.75,613
2025-01-29 19:50:00-05:00,6080.5,6081.25,6080.0,6080.75,660
2025-01-29 19:55:00-05:00,6080.75,6081.5,6080.5,6081.5,372
2025-01-29 20:00:00-05:00,6081.25,6081.25,6080.0,6080.0,489
2025-01-29 20:05:00-05:00,6080.0,6082.0,6079.25,6081.0,598
2025-01-29 20:10:00-05:00,6080.75,6084.75,6080.5,6084.5,1174
2025-01-29 20:15:00-05:00,6084.75,6087.0,6084.5,6085.75,1159
2025-01-29 20:20:00-05:00,6085.5,6086.0,6084.25,6085.25,481
2025-01-29 20:25:00-05:00,6085.25,6086.0,6084.5,6085.75,325
2025-01-29 20:30:00-05:00,6085.5,6089.25,6085.0,6089.0,975
2025-01-29 20:35:00-05:00,6089.0,6091.5,6089.0,6090.75,1246
2025-01-29 20:40:00-05:00,6090.5,6092.5,6090.25,6090.5,1075
2025-01-29 20:45:00-05:00,6090.5,6091.75,6089.75,6090.0,664
2025-01-29 20:50:00-05:00,6090.0,6090.75,6089.5,6090.75,771
2025-01-29 20:55:00-05:00,6090.75,6091.0,6088.75,6089.25,509
2025-01-29 21:00:00-05:00,6089.25,6091.75,6089.25,6090.75,673
2025-01-29 21:05:00-05:00,6090.75,6091.0,6090.25,6091.0,302
2025-01-29 21:10:00-05:00,6091.0,6091.75,6090.25,6091.5,257
2025-01-29 21:15:00-05:00,6091.25,6093.0,6090.5,6092.25,673
2025-01-29 21:20:00-05:00,6092.25,6093.75,6092.25,6093.25,811
2025-01-29 21:25:00-05:00,6093.25,6093.5,6091.75,6093.0,466
2025-01-29 21:30:00-05:00,6093.25,6094.0,6092.25,6093.5,420
2025-01-29 21:35:00-05:00,6093.25,6093.75,6091.5,6091.75,475
2025-01-29 21:40:00-05:00,6091.75,6091.75,6090.25,6091.0,306
2025-01-29 21:45:00-05:00,6091.0,6091.0,6089.75,6090.0,322
2025-01-29 21:50:00-05:00,6090.0,6090.0,6089.25,6089.75,339
2025-01-29 21:55:00-05:00,6090.0,6090.5,6089.25,6089.75,285
2025-01-29 22:00:00-05:00,6089.75,6090.75,6089.75,6089.75,266
2025-01-29 22:05:00-05:00,6089.75,6091.75,6089.5,6091.5,372
2025-01-29 22:10:00-05:00,6091.5,6091.75,6090.5,6091.75,344
2025-01-29 22:15:00-05:00,6091.75,6091.75,6090.5,6091.0,225
2025-01-29 22:20:00-05:00,6091.25,6091.25,6090.25,6090.75,234
2025-01-29 22:25:00-05:00,6091.0,6091.5,6090.75,6090.75,186
2025-01-29 22:30:00-05:00,6090.75,6091.5,6090.25,6090.5,169
2025-01-29 22:35:00-05:00,6090.5,6090.5,6089.5,6089.5,236
2025-01-29 22:40:00-05:00,6089.5,6090.25,6089.25,6090.0,247
2025-01-29 22:45:00-05:00,6090.25,6090.5,6089.25,6089.5,198
2025-01-29 22:50:00-05:00,6089.5,6091.5,6089.5,6091.5,327
2025-01-29 22:55:00-05:00,6091.25,6092.5,6091.0,6092.5,476
2025-01-29 23:00:00-05:00,6092.5,6093.75,6092.0,6092.5,527
2025-01-29 23:05:00-05:00,6092.5,6093.25,6092.0,6092.25,139
2025-01-29 23:10:00-05:00,6092.25,6093.0,6091.25,6093.0,192
2025-01-29 23:15:00-05:00,6092.75,6093.25,6092.25,6092.75,168
2025-01-29 23:20:00-05:00,6092.75,6093.25,6092.75,6093.0,129
2025-01-29 23:25:00-05:00,6093.0,6093.0,6092.5,6092.5,196
2025-01-29 23:30:00-05:00,6092.75,6092.75,6091.25,6091.25,254
2025-01-29 23:35:00-05:00,6091.25,6092.0,6091.25,6091.75,172
2025-01-29 23:40:00-05:00,6091.5,6091.5,6090.25,6091.5,287
2025-01-29 23:45:00-05:00,6091.25,6091.75,6091.25,6091.5,141
2025-01-29 23:50:00-05:00,6091.5,6091.5,6090.25,6091.0,251
2025-01-29 23:55:00-05:00,6090.75,6091.25,6090.0,6090.25,398
2025-01-30 00:00:00-05:00,6090.25,6090.5,6088.5,6088.5,372
2025-01-30 00:05:00-05:00,6088.5,6088.75,6087.0,6087.5,516
2025-01-30 00:10:00-05:00,6087.5,6088.5,6087.25,6088.25,255
2025-01-30 00:15:00-05:00,6088.5,6089.25,6088.0,6088.75,165
2025-01-30 00:20:00-05:00,6088.75,6089.25,6088.25,6088.75,207
2025-01-30 00:25:00-05:00,6088.5,6090.5,6088.5,6089.75,285
2025-01-30 00:30:00-05:00,6089.75,6090.0,6087.75,6088.5,327
2025-01-30 00:35:00-05:00,6088.25,6090.0,6088.25,6089.25,243
2025-01-30 00:40:00-05:00,6089.25,6091.0,6089.25,6090.75,261
2025-01-30 00:45:00-05:00,6090.75,6091.0,6090.0,6090.75,323
2025-01-30 00:50:00-05:00,6090.75,6091.25,6090.25,6090.5,262
2025-01-30 00:55:00-05:00,6090.25,6090.25,6088.75,6090.0,433
2025-01-30 01:00:00-05:00,6090.0,6091.75,6090.0,6090.75,469
2025-01-30 01:05:00-05:00,6090.5,6091.0,6088.5,6088.75,205
2025-01-30 01:10:00-05:00,6088.75,6089.25,6088.5,6088.75,130
2025-01-30 01:15:00-05:00,6088.75,6089.25,6088.5,6088.75,113
2025-01-30 01:20:00-05:00,6088.75,6089.25,6088.5,6088.75,126
2025-01-30 01:25:00-05:00,6088.5,6088.75,6087.5,6088.25,334
2025-01-30 01:30:00-05:00,6088.25,6088.5,6086.25,6086.25,249
2025-01-30 01:35:00-05:00,6086.25,6087.75,6086.0,6087.75,395
2025-01-30 01:40:00-05:00,6088.0,6088.0,6086.75,6087.25,220
2025-01-30 01:45:00-05:00,6087.25,6087.75,6087.0,6087.5,185
2025-01-30 01:50:00-05:00,6087.5,6088.75,6087.0,6088.25,240
2025-01-30 01:55:00-05:00,6088.25,6088.5,6087.5,6088.25,157
2025-01-30 02:00:00-05:00,6088.0,6088.0,6084.75,6085.0,780
2025-01-30 02:05:00-05:00,6085.25,6086.0,6085.0,6085.25,331
2025-01-30 02:10:00-05:00,6085.25,6086.75,6085.25,6086.75,281
2025-01-30 02:15:00-05:00,6086.75,6087.75,6086.0,6087.75,226
2025-01-30 02:20:00-05:00,6087.5,6088.75,6087.25,6088.5,311
2025-01-30 02:25:00-05:00,6088.5,6089.25,6087.0,6089.25,323
2025-01-30 02:30:00-05:00,6089.0,6090.75,6088.75,6090.75,397
2025-01-30 02:35:00-05:00,6091.0,6091.5,6090.25,6091.25,357
2025-01-30 02:40:00-05:00,6091.5,6092.25,6091.0,6092.0,386
2025-01-30 02:45:00-05:00,6092.0,6092.0,6090.5,6091.75,265
2025-01-30 02:50:00-05:00,6091.75,6092.75,6091.25,6092.0,397
2025-01-30 02:55:00-05:00,6092.25,6093.5,6091.5,6092.25,646
2025-01-30 03:00:00-05:00,6092.0,6096.25,6090.5,6096.0,2369
2025-01-30 03:05:00-05:00,6096.0,6097.5,6095.5,6096.5,1210
2025-01-30 03:10:00-05:00,6096.5,6097.25,6094.75,6095.25,732
2025-01-30 03:15:00-05:00,6095.5,6098.0,6095.0,6097.75,950
2025-01-30 03:20:00-05:00,6097.75,6099.75,6096.5,6099.5,2117
2025-01-30 03:25:00-05:00,6099.75,6100.0,6098.5,6099.0,1061
2025-01-30 03:30:00-05:00,6099.0,6099.25,6096.5,6097.75,705
2025-01-30 03:35:00-05:00,6097.5,6098.75,6097.25,6098.5,656
2025-01-30 03:40:00-05:00,6098.75,6099.0,6097.0,6098.0,641
2025-01-30 03:45:00-05:00,6098.0,6100.0,6097.75,6099.75,847
2025-01-30 03:50:00-05:00,6100.0,6101.5,6099.25,6100.75,681
2025-01-30 03:55:00-05:00,6100.5,6101.5,6100.25,6101.25,600
2025-01-30 04:00:00-05:00,6101.25,6101.25,6096.25,6096.75,1323
2025-01-30 04:05:00-05:00,6096.5,6098.5,6095.5,6097.25,781
2025-01-30 04:10:00-05:00,6097.5,6098.5,6096.25,6096.5,683
2025-01-30 04:15:00-05:00,6096.25,6098.25,6096.0,6098.0,424
2025-01-30 04:20:00-05:00,6098.25,6099.0,6096.5,6096.75,706
2025-01-30 04:25:00-05:00,6096.75,6097.25,6095.25,6096.0,539
2025-01-30 04:30:00-05:00,6096.25,6096.75,6093.5,6093.75,836
2025-01-30 04:35:00-05:00,6093.5,6094.0,6091.5,6091.75,675
2025-01-30 04:40:00-05:00,6092.0,6093.5,6091.0,6091.75,638
2025-01-30 04:45:00-05:00,6091.75,6093.25,6091.25,6092.25,468
2025-01-30 04:50:00-05:00,6092.5,6093.0,6089.25,6090.25,566
2025-01-30 04:55:00-05:00,6090.25,6091.25,6090.0,6090.25,684
2025-01-30 05:00:00-05:00,6090.5,6092.5,6089.0,6092.0,730
2025-01-30 05:05:00-05:00,6091.75,6093.75,6090.5,6090.5,501
2025-01-30 05:10:00-05:00,6090.75,6092.25,6090.5,6091.5,476
2025-01-30 05:15:00-05:00,6091.5,6092.75,6088.0,6088.5,1010
2025-01-30 05:20:00-05:00,6088.5,6088.75,6086.0,6088.0,1007
2025-01-30 05:25:00-05:00,6088.0,6089.75,6087.75,6089.0,513
2025-01-30 05:30:00-05:00,6089.0,6092.5,6088.5,6091.75,542
2025-01-30 05:35:00-05:00,6091.75,6093.0,6091.0,6091.5,439
2025-01-30 05:40:00-05:00,6091.75,6092.0,6090.5,6090.75,299
2025-01-30 05:45:00-05:00,6090.5,6092.25,6089.75,6091.5,336
2025-01-30 05:50:00-05:00,6091.5,6091.5,6087.75,6089.0,498
2025-01-30 05:55:00-05:00,6089.0,6089.0,6087.25,6087.5,436
2025-01-30 06:00:00-05:00,6087.5,6090.25,6087.0,6089.0,656
2025-01-30 06:05:00-05:00,6089.0,6091.25,6088.25,6091.25,559
2025-01-30 06:10:00-05:00,6091.25,6093.5,6091.0,6093.0,891
2025-01-30 06:15:00-05:00,6093.25,6094.75,6092.5,6094.25,1057
2025-01-30 06:20:00-05:00,6094.0,6094.5,6093.0,6094.0,539
2025-01-30 06:25:00-05:00,6094.0,6094.75,6092.0,6092.5,517
2025-01-30 06:30:00-05:00,6092.5,6092.75,6089.25,6091.5,2258
2025-01-30 06:35:00-05:00,6091.25,6092.75,6091.0,6091.5,576
2025-01-30 06:40:00-05:00,6091.75,6093.0,6089.75,6090.0,493
2025-01-30 06:45:00-05:00,6089.75,6091.25,6088.5,6090.75,762
2025-01-30 06:50:00-05:00,6090.75,6090.75,6087.0,6087.25,749
2025-01-30 06:55:00-05:00,6087.0,6088.25,6086.0,6087.25,552
2025-01-30 07:00:00-05:00,6087.25,6090.0,6079.5,6083.5,4878
2025-01-30 07:05:00-05:00,6083.5,6089.0,6082.75,6084.75,1623
2025-01-30 07:10:00-05:00,6084.75,6084.75,6081.0,6082.25,1027
2025-01-30 07:15:00-05:00,6082.25,6082.25,6074.25,6076.0,3250
2025-01-30 07:20:00-05:00,6076.0,6077.5,6074.25,6076.75,2041
2025-01-30 07:25:00-05:00,6076.75,6078.25,6075.0,6077.25,1531
2025-01-30 07:30:00-05:00,6077.25,6078.5,6074.5,6078.0,1369
2025-01-30 07:35:00-05:00,6078.0,6083.5,6077.5,6083.25,2014
2025-01-30 07:40:00-05:00,6083.25,6084.25,6081.5,6081.75,1724
2025-01-30 07:45:00-05:00,6082.0,6083.5,6080.25,6083.0,952
2025-01-30 07:50:00-05:00,6083.0,6084.5,6082.0,6083.75,744
2025-01-30 07:55:00-05:00,6084.0,6084.5,6081.75,6082.75,751
2025-01-30 08:00:00-05:00,6082.75,6083.25,6079.5,6082.25,2201
2025-01-30 08:05:00-05:00,6082.25,6084.5,6081.25,6083.75,1632
2025-01-30 08:10:00-05:00,6083.75,6086.0,6083.75,6086.0,1159
2025-01-30 08:15:00-05:00,6086.0,6087.0,6083.75,6083.75,1454
2025-01-30 08:20:00-05:00,6083.5,6084.75,6081.5,6082.25,1411
2025-01-30 08:25:00-05:00,6082.5,6085.0,6081.25,6084.75,1865
2025-01-30 08:30:00-05:00,6084.25,6089.5,6078.5,6085.0,5641
2025-01-30 08:35:00-05:00,6085.25,6085.25,6079.0,6080.75,3289
2025-01-30 08:40:00-05:00,6080.75,6082.25,6078.75,6081.25,2705
2025-01-30 08:45:00-05:00,6081.25,6082.5,6078.75,6082.25,1684
2025-01-30 08:50:00-05:00,6082.0,6086.25,6080.75,6085.75,2294
2025-01-30 08:55:00-05:00,6085.75,6091.25,6085.25,6090.25,3084
2025-01-30 09:00:00-05:00,6090.5,6091.75,6086.25,6087.25,4344
2025-01-30 09:05:00-05:00,6087.25,6089.25,6085.25,6088.25,2611
2025-01-30 09:10:00-05:00,6088.0,6089.75,6086.75,6086.75,1410
2025-01-30 09:15:00-05:00,6086.5,6086.75,6082.25,6084.25,2452
2025-01-30 09:20:00-05:00,6084.25,6085.5,6080.75,6081.5,2895
2025-01-30 09:25:00-05:00,6081.5,6091.75,6080.5,6089.5,12489
2025-01-30 09:30:00-05:00,6089.5,6093.0,6087.0,6087.25,32965
2025-01-30 09:35:00-05:00,6087.0,6096.0,6083.5,6095.25,23988
2025-01-30 09:40:00-05:00,6095.0,6097.0,6089.25,6094.0,23327
2025-01-30 09:45:00-05:00,6094.0,6107.75,6093.0,6107.0,28938
2025-01-30 09:50:00-05:00,6107.25,6109.75,6100.75,6105.0,28555
2025-01-30 09:55:00-05:00,6105.25,6109.5,6095.5,6099.25,26392
2025-01-30 10:00:00-05:00,6099.25,6100.0,6080.25,6088.25,42780
2025-01-30 10:05:00-05:00,6088.0,6089.5,6082.25,6086.5,21514
2025-01-30 10:10:00-05:00,6086.5,6091.5,6084.5,6086.75,16135
2025-01-30 10:15:00-05:00,6086.75,6087.75,6082.25,6084.25,14986
2025-01-30 10:20:00-05:00,6084.25,6089.5,6082.25,6089.0,13114
2025-01-30 10:25:00-05:00,6089.0,6089.25,6073.5,6075.75,18277
2025-01-30 10:30:00-05:00,6076.0,6079.25,6070.0,6079.0,24533
2025-01-30 10:35:00-05:00,6078.75,6087.75,6078.5,6086.75,17851
2025-01-30 10:40:00-05:00,6086.75,6088.5,6081.75,6082.0,12751
2025-01-30 10:45:00-05:00,6082.25,6086.25,6081.25,6083.25,10415
2025-01-30 10:50:00-05:00,6083.0,6083.75,6071.25,6072.25,18912
2025-01-30 10:55:00-05:00,6072.25,6072.5,6063.5,6064.25,21890
2025-01-30 11:00:00-05:00,6064.25,6068.0,6057.5,6065.75,27264
2025-01-30 11:05:00-05:00,6065.75,6068.5,6063.0,6063.25,12762
2025-01-30 11:10:00-05:00,6063.25,6067.25,6056.5,6057.25,16704
2025-01-30 11:15:00-05:00,6057.25,6065.0,6057.25,6064.5,14730
2025-01-30 11:20:00-05:00,6064.75,6073.75,6064.5,6073.5,13453
2025-01-30 11:25:00-05:00,6073.5,6079.0,6072.25,6079.0,18450
2025-01-30 11:30:00-05:00,6079.0,6081.5,6074.25,6075.5,15498
2025-01-30 11:35:00-05:00,6075.5,6081.0,6072.25,6080.5,12152
2025-01-30 11:40:00-05:00,6080.75,6081.75,6079.0,6081.25,9362
2025-01-30 11:45:00-05:00,6081.25,6082.75,6080.0,6082.5,6852
2025-01-30 11:50:00-05:00,6082.25,6090.75,6082.25,6089.25,15512
2025-01-30 11:55:00-05:00,6089.25,6093.25,6087.0,6090.5,16687
2025-01-30 12:00:00-05:00,6090.25,6090.5,6085.25,6087.75,14949
2025-01-30 12:05:00-05:00,6088.0,6089.5,6083.5,6087.0,11921
2025-01-30 12:10:00-05:00,6087.25,6088.25,6079.5,6080.5,11886
2025-01-30 12:15:00-05:00,6080.25,6081.5,6074.5,6077.25,17091
2025-01-30 12:20:00-05:00,6077.25,6081.0,6076.0,6077.0,8310
2025-01-30 12:25:00-05:00,6077.0,6078.5,6070.25,6073.0,12689
2025-01-30 12:30:00-05:00,6073.25,6076.0,6071.0,6075.25,12019
2025-01-30 12:35:00-05:00,6075.0,6077.5,6073.75,6076.75,9630
2025-01-30 12:40:00-05:00,6076.75,6081.75,6073.5,6075.25,11639
2025-01-30 12:45:00-05:00,6075.25,6079.75,6074.25,6078.75,8222
2025-01-30 12:50:00-05:00,6078.5,6082.0,6078.25,6081.75,5852
2025-01-30 12:55:00-05:00,6081.5,6083.25,6080.0,6083.0,6842
2025-01-30 13:00:00-05:00,6083.25,6084.75,6081.5,6084.25,11062
2025-01-30 13:05:00-05:00,6084.25,6089.5,6082.75,6087.75,8454
2025-01-30 13:10:00-05:00,6088.0,6088.5,6085.0,6087.5,9806
2025-01-30 13:15:00-05:00,6087.75,6089.25,6087.25,6088.25,6268
2025-01-30 13:20:00-05:00,6088.25,6092.75,6087.25,6092.25,9078
2025-01-30 13:25:00-05:00,6092.0,6093.25,6086.75,6089.75,11772
2025-01-30 13:30:00-05:00,6089.75,6095.75,6089.25,6095.25,10061
2025-01-30 13:35:00-05:00,6095.25,6100.0,6094.5,6099.25,10704
2025-01-30 13:40:00-05:00,6099.25,6100.75,6096.75,6097.0,10933
2025-01-30 13:45:00-05:00,6097.25,6100.75,6097.25,6099.25,7668
2025-01-30 13:50:00-05:00,6099.25,6100.25,6097.5,6098.75,6849
2025-01-30 13:55:00-05:00,6099.0,6101.0,6096.5,6100.0,8092
2025-01-30 14:00:00-05:00,6100.0,6100.0,6095.75,6096.5,10098
2025-01-30 14:05:00-05:00,6096.5,6099.75,6096.5,6098.75,7929
2025-01-30 14:10:00-05:00,6099.0,6102.75,6098.75,6101.25,9274
2025-01-30 14:15:00-05:00,6101.25,6102.0,6099.25,6100.0,7932
2025-01-30 14:20:00-05:00,6100.0,6102.0,6098.5,6100.0,6644
2025-01-30 14:25:00-05:00,6100.0,6100.5,6098.0,6099.75,8325
2025-01-30 14:30:00-05:00,6099.5,6100.0,6096.0,6096.5,10435
2025-01-30 14:35:00-05:00,6096.5,6099.0,6096.25,6098.75,7610
2025-01-30 14:40:00-05:00,6098.75,6099.25,6097.0,6098.75,6560
2025-01-30 14:45:00-05:00,6098.75,6102.0,6098.0,6101.5,7676
2025-01-30 14:50:00-05:00,6101.75,6103.0,6100.5,6103.0,6934
2025-01-30 14:55:00-05:00,6102.75,6107.25,6102.25,6107.0,11949
2025-01-30 15:00:00-05:00,6106.75,6112.5,6106.0,6111.0,15415
2025-01-30 15:05:00-05:00,6111.0,6111.5,6106.25,6110.0,10118
2025-01-30 15:10:00-05:00,6110.25,6111.5,6109.5,6111.0,6246
2025-01-30 15:15:00-05:00,6111.0,6113.75,6110.25,6113.75,9672
2025-01-30 15:20:00-05:00,6113.5,6116.25,6113.0,6115.75,10512
2025-01-30 15:25:00-05:00,6115.5,6116.0,6112.25,6113.25,10180
2025-01-30 15:30:00-05:00,6113.0,6113.5,6109.75,6113.25,11427
2025-01-30 15:35:00-05:00,6113.25,6113.25,6085.5,6086.5,61151
2025-01-30 15:40:00-05:00,6086.25,6088.25,6068.75,6072.0,67783
2025-01-30 15:45:00-05:00,6071.75,6090.75,6067.75,6088.5,49642
2025-01-30 15:50:00-05:00,6088.25,6099.5,6083.5,6099.0,42176
2025-01-30 15:55:00-05:00,6099.0,6106.25,6095.5,6099.25,80472
2025-01-30 16:00:00-05:00,6099.25,6106.0,6097.5,6101.5,23331
2025-01-30 16:05:00-05:00,6102.0,6107.0,6099.5,6100.0,11134
2025-01-30 16:10:00-05:00,6100.0,6102.25,6088.5,6096.5,10543
2025-01-30 16:15:00-05:00,6096.5,6098.25,6094.75,6096.25,2912
2025-01-30 16:20:00-05:00,6096.25,6098.25,6094.5,6095.5,2156
2025-01-30 16:25:00-05:00,6095.5,6097.75,6094.75,6096.25,1641
2025-01-30 16:30:00-05:00,6096.0,6107.75,6085.5,6094.75,13000
2025-01-30 16:35:00-05:00,6095.0,6097.25,6092.25,6094.5,2429
2025-01-30 16:40:00-05:00,6094.0,6095.5,6090.75,6094.5,2314
2025-01-30 16:45:00-05:00,6094.5,6096.75,6090.75,6092.5,2405
2025-01-30 16:50:00-05:00,6092.25,6095.0,6091.5,6093.0,1383
2025-01-30 16:55:00-05:00,6092.75,6094.5,6089.75,6093.25,2299
2025-01-30 18:00:00-05:00,6106.0,6113.5,6103.0,6111.0,4160
2025-01-30 18:05:00-05:00,6111.0,6112.75,6109.25,6110.5,1462
2025-01-30 18:10:00-05:00,6110.5,6111.0,6109.0,6110.5,868
2025-01-30 18:15:00-05:00,6110.25,6111.75,6108.0,6108.75,750
2025-01-30 18:20:00-05:00,6108.75,6109.0,6106.75,6108.5,566
2025-01-30 18:25:00-05:00,6108.5,6109.0,6102.75,6104.25,1242
2025-01-30 18:30:00-05:00,6104.25,6105.75,6101.25,6101.5,1940
2025-01-30 18:35:00-05:00,6101.5,6103.75,6100.5,6102.5,953
2025-01-30 18:40:00-05:00,6102.75,6104.5,6102.0,6103.75,459
2025-01-30 18:45:00-05:00,6104.0,6107.5,6103.5,6105.75,683
2025-01-30 18:50:00-05:00,6105.5,6107.25,6104.25,6107.0,520
2025-01-30 18:55:00-05:00,6107.0,6110.25,6107.0,6109.25,920
2025-01-30 19:00:00-05:00,6109.25,6109.5,6103.25,6107.25,1387
2025-01-30 19:05:00-05:00,6107.25,6107.75,6105.0,6106.75,474
2025-01-30 19:10:00-05:00,6107.0,6108.75,6106.25,6106.5,434
2025-01-30 19:15:00-05:00,6106.75,6108.0,6105.75,6107.5,467
2025-01-30 19:20:00-05:00,6107.5,6108.75,6106.75,6108.5,265
2025-01-30 19:25:00-05:00,6108.25,6109.0,6107.0,6108.5,390
2025-01-30 19:30:00-05:00,6108.75,6109.5,6107.25,6107.5,318
2025-01-30 19:35:00-05:00,6107.75,6108.5,6107.0,6108.5,243
2025-01-30 19:40:00-05:00,6108.5,6109.5,6108.25,6109.5,275
2025-01-30 19:45:00-05:00,6109.5,6111.0,6109.25,6109.75,625
2025-01-30 19:50:00-05:00,6109.5,6109.75,6108.25,6108.75,301
2025-01-30 19:55:00-05:00,6108.5,6109.5,6108.0,6108.5,293
2025-01-30 20:00:00-05:00,6108.25,6108.25,6105.75,6106.5,596
2025-01-30 20:05:00-05:00,6106.75,6108.75,6106.25,6106.75,362
2025-01-30 20:10:00-05:00,6106.75,6107.75,6105.75,6107.75,295
2025-01-30 20:15:00-05:00,6107.75,6110.0,6107.75,6109.5,495
2025-01-30 20:20:00-05:00,6109.25,6110.0,6108.5,6109.25,394
2025-01-30 20:25:00-05:00,6109.0,6111.5,6099.25,6108.75,5085
2025-01-30 20:30:00-05:00,6108.5,6111.5,6108.5,6110.25,1026
2025-01-30 20:35:00-05:00,6110.25,6110.75,6109.25,6110.0,366
2025-01-30 20:40:00-05:00,6109.75,6111.75,6109.75,6111.75,531
2025-01-30 20:45:00-05:00,6111.75,6116.0,6111.75,6115.5,1800
2025-01-30 20:50:00-05:00,6115.75,6116.0,6114.75,6115.25,731
2025-01-30 20:55:00-05:00,6115.25,6118.5,6114.75,6117.75,1547
2025-01-30 21:00:00-05:00,6117.75,6119.75,6117.5,6118.5,827
2025-01-30 21:05:00-05:00,6118.5,6118.75,6115.75,6116.5,669
2025-01-30 21:10:00-05:00,6116.5,6117.5,6116.25,6116.75,316
2025-01-30 21:15:00-05:00,6116.5,6117.0,6115.25,6116.75,587
2025-01-30 21:20:00-05:00,6116.5,6117.0,6114.25,6115.0,562
2025-01-30 21:25:00-05:00,6115.0,6116.0,6114.5,6115.5,415
2025-01-30 21:30:00-05:00,6115.25,6115.5,6113.0,6113.5,534
2025-01-30 21:35:00-05:00,6113.5,6113.75,6112.5,6113.5,285
2025-01-30 21:40:00-05:00,6113.25,6116.0,6113.0,6113.75,856
2025-01-30 21:45:00-05:00,6114.0,6115.25,6113.75,6114.25,336
2025-01-30 21:50:00-05:00,6114.25,6115.25,6114.0,6114.5,337
2025-01-30 21:55:00-05:00,6114.5,6115.0,6112.0,6112.25,507
2025-01-30 22:00:00-05:00,6112.25,6114.25,6111.75,6113.25,332
2025-01-30 22:05:00-05:00,6113.25,6113.75,6112.75,6113.25,125
2025-01-30 22:10:00-05:00,6113.5,6114.0,6113.0,6113.75,124
2025-01-30 22:15:00-05:00,6114.0,6115.0,6114.0,6114.75,236
2025-01-30 22:20:00-05:00,6114.75,6115.25,6113.75,6114.0,232
2025-01-30 22:25:00-05:00,6114.25,6114.5,6112.75,6113.5,255
2025-01-30 22:30:00-05:00,6113.25,6113.25,6111.5,6112.0,305
2025-01-30 22:35:00-05:00,6112.0,6112.5,6111.25,6112.25,242
2025-01-30 22:40:00-05:00,6112.0,6112.25,6111.5,6112.0,212
2025-01-30 22:45:00-05:00,6112.0,6112.5,6111.25,6112.5,295
2025-01-30 22:50:00-05:00,6112.75,6113.5,6112.0,6112.0,228
2025-01-30 22:55:00-05:00,6112.0,6112.25,6111.25,6111.25,220
2025-01-30 23:00:00-05:00,6111.5,6112.0,6111.0,6111.5,283
2025-01-30 23:05:00-05:00,6111.5,6112.0,6111.0,6112.0,186
2025-01-30 23:10:00-05:00,6112.0,6114.0,6111.5,6114.0,305
2025-01-30 23:15:00-05:00,6113.75,6114.75,6113.25,6114.5,287
2025-01-30 23:20:00-05:00,6114.5,6114.75,6113.0,6113.75,254
2025-01-30 23:25:00-05:00,6114.0,6114.25,6112.75,6112.75,217
2025-01-30 23:30:00-05:00,6112.75,6113.25,6112.0,6112.5,207
2025-01-30 23:35:00-05:00,6112.25,6112.75,6111.75,6112.75,156
2025-01-30 23:40:00-05:00,6112.5,6113.5,6111.5,6111.75,233
2025-01-30 23:45:00-05:00,6112.0,6112.75,6111.25,6111.75,191
2025-01-30 23:50:00-05:00,6112.0,6112.5,6110.75,6111.25,232
2025-01-30 23:55:00-05:00,6111.0,6111.75,6111.0,6111.75,120
2025-01-31 00:00:00-05:00,6112.0,6113.75,6111.75,6113.75,220
2025-01-31 00:05:00-05:00,6113.75,6115.25,6113.75,6114.0,262
2025-01-31 00:10:00-05:00,6114.25,6115.0,6113.5,6114.5,165
2025-01-31 00:15:00-05:00,6114.5,6115.25,6114.25,6115.0,134
2025-01-31 00:20:00-05:00,6115.0,6115.25,6114.25,6115.0,208
2025-01-31 00:25:00-05:00,6114.75,6114.75,6114.0,6114.25,191
2025-01-31 00:30:00-05:00,6114.0,6114.5,6113.75,6114.0,121
2025-01-31 00:35:00-05:00,6114.25,6114.25,6112.75,6113.25,349
2025-01-31 00:40:00-05:00,6113.0,6114.5,6113.0,6114.0,242
2025-01-31 00:45:00-05:00,6114.0,6114.5,6113.25,6114.5,238
2025-01-31 00:50:00-05:00,6114.5,6114.75,6113.5,6113.75,178
2025-01-31 00:55:00-05:00,6114.0,6114.5,6113.75,6113.75,172
2025-01-31 01:00:00-05:00,6114.0,6115.0,6112.5,6114.5,560
2025-01-31 01:05:00-05:00,6114.75,6115.75,6113.75,6115.5,500
2025-01-31 01:10:00-05:00,6115.5,6116.25,6114.75,6115.5,504
2025-01-31 01:15:00-05:00,6115.5,6116.5,6115.5,6116.25,269
2025-01-31 01:20:00-05:00,6116.25,6117.25,6116.0,6117.0,382
2025-01-31 01:25:00-05:00,6117.0,6118.0,6116.75,6118.0,302
2025-01-31 01:30:00-05:00,6117.75,6118.25,6117.0,6117.5,310
2025-01-31 01:35:00-05:00,6117.25,6118.25,6117.25,6118.0,220
2025-01-31 01:40:00-05:00,6118.0,6119.5,6118.0,6119.0,479
2025-01-31 01:45:00-05:00,6119.0,6119.75,6118.75,6119.75,217
2025-01-31 01:50:00-05:00,6119.5,6119.5,6117.75,6118.0,225
2025-01-31 01:55:00-05:00,6118.0,6118.25,6117.75,6118.0,175
2025-01-31 02:00:00-05:00,6117.75,6119.0,6117.75,6118.5,482
2025-01-31 02:05:00-05:00,6118.5,6121.75,6118.5,6121.75,911
2025-01-31 02:10:00-05:00,6121.5,6123.25,6121.0,6122.75,1046
2025-01-31 02:15:00-05:00,6123.0,6124.25,6122.75,6124.0,623
2025-01-31 02:20:00-05:00,6124.0,6124.5,6122.25,6123.25,638
2025-01-31 02:25:00-05:00,6123.5,6123.75,6122.75,6123.5,360
2025-01-31 02:30:00-05:00,6123.25,6124.0,6122.5,6123.0,439
2025-01-31 02:35:00-05:00,6123.0,6124.25,6122.75,6124.0,496
2025-01-31 02:40:00-05:00,6124.0,6124.75,6122.5,6123.0,704
2025-01-31 02:45:00-05:00,6123.0,6124.5,6123.0,6124.5,547
2025-01-31 02:50:00-05:00,6124.5,6124.5,6122.25,6122.5,665
2025-01-31 02:55:00-05:00,6122.75,6123.25,6122.0,6122.0,440
2025-01-31 03:00:00-05:00,6122.25,6123.0,6119.5,6120.75,1665
2025-01-31 03:05:00-05:00,6120.75,6121.5,6120.0,6121.25,1115
2025-01-31 03:10:00-05:00,6121.25,6121.5,6119.25,6119.75,857
2025-01-31 03:15:00-05:00,6119.75,6122.75,6119.75,6122.75,825
2025-01-31 03:20:00-05:00,6122.5,6123.5,6120.75,6122.25,912
2025-01-31 03:25:00-05:00,6122.25,6122.25,6120.25,6121.0,589
2025-01-31 03:30:00-05:00,6120.75,6124.0,6120.75,6124.0,754
2025-01-31 03:35:00-05:00,6123.75,6124.0,6121.75,6122.5,761
2025-01-31 03:40:00-05:00,6122.5,6122.75,6120.25,6120.5,596
2025-01-31 03:45:00-05:00,6120.5,6122.25,6119.75,6121.0,759
2025-01-31 03:50:00-05:00,6121.25,6121.5,6118.0,6118.75,872
2025-01-31 03:55:00-05:00,6118.5,6119.5,6116.25,6118.5,977
2025-01-31 04:00:00-05:00,6118.5,6122.25,6118.5,6121.75,1745
2025-01-31 04:05:00-05:00,6121.75,6124.5,6121.25,6123.75,1160
2025-01-31 04:10:00-05:00,6123.75,6126.0,6123.5,6125.25,1351
2025-01-31 04:15:00-05:00,6125.25,6126.25,6123.5,6126.25,618
2025-01-31 04:20:00-05:00,6126.25,6126.75,6125.0,6125.75,438
2025-01-31 04:25:00-05:00,6125.75,6127.5,6125.25,6127.5,622
2025-01-31 04:30:00-05:00,6127.75,6128.5,6126.5,6128.0,1121
2025-01-31 04:35:00-05:00,6128.25,6128.25,6126.25,6127.0,534
2025-01-31 04:40:00-05:00,6127.25,6127.25,6125.25,6125.25,801
2025-01-31 04:45:00-05:00,6125.5,6126.25,6124.25,6125.0,556
2025-01-31 04:50:00-05:00,6125.0,6125.25,6123.5,6125.0,551
2025-01-31 04:55:00-05:00,6124.75,6124.75,6124.0,6124.5,366
2025-01-31 05:00:00-05:00,6124.5,6125.75,6123.75,6124.75,562
2025-01-31 05:05:00-05:00,6124.75,6125.0,6123.25,6124.5,508
2025-01-31 05:10:00-05:00,6124.5,6125.75,6122.75,6123.5,686
2025-01-31 05:15:00-05:00,6123.75,6124.75,6123.0,6124.0,370
2025-01-31 05:20:00-05:00,6124.25,6126.25,6123.75,6125.75,480
2025-01-31 05:25:00-05:00,6125.75,6126.5,6125.5,6125.75,377
2025-01-31 05:30:00-05:00,6125.75,6126.25,6124.25,6125.5,430
2025-01-31 05:35:00-05:00,6125.5,6125.5,6124.5,6125.25,317
2025-01-31 05:40:00-05:00,6125.25,6126.75,6125.25,6126.25,651
2025-01-31 05:45:00-05:00,6126.25,6126.5,6125.5,6126.5,386
2025-01-31 05:50:00-05:00,6126.5,6126.75,6123.25,6123.25,877
2025-01-31 05:55:00-05:00,6123.5,6125.75,6123.0,6124.25,905
2025-01-31 06:00:00-05:00,6124.0,6125.5,6124.0,6125.0,559
2025-01-31 06:05:00-05:00,6125.25,6126.75,6125.25,6126.75,430
2025-01-31 06:10:00-05:00,6126.75,6127.0,6125.5,6125.75,517
2025-01-31 06:15:00-05:00,6125.5,6128.25,6125.25,6128.0,804
2025-01-31 06:20:00-05:00,6127.75,6128.5,6127.25,6128.5,576
2025-01-31 06:25:00-05:00,6128.25,6128.5,6126.5,6127.0,763
2025-01-31 06:30:00-05:00,6127.0,6127.5,6125.5,6126.75,415
2025-01-31 06:35:00-05:00,6126.75,6127.75,6126.5,6127.25,268
2025-01-31 06:40:00-05:00,6127.25,6128.25,6127.0,6128.0,391
2025-01-31 06:45:00-05:00,6128.0,6128.25,6126.75,6127.5,416
2025-01-31 06:50:00-05:00,6127.5,6127.5,6126.0,6127.25,443
2025-01-31 06:55:00-05:00,6127.0,6129.0,6127.0,6129.0,1352
2025-01-31 07:00:00-05:00,6129.0,6129.5,6126.25,6127.5,2037
2025-01-31 07:05:00-05:00,6127.5,6129.5,6126.5,6128.75,2165
2025-01-31 07:10:00-05:00,6129.0,6129.0,6127.0,6128.0,765
2025-01-31 07:15:00-05:00,6128.0,6129.5,6127.5,6129.25,923
2025-01-31 07:20:00-05:00,6129.25,6130.0,6128.25,6128.25,1026
2025-01-31 07:25:00-05:00,6128.25,6128.75,6126.5,6127.25,1069
2025-01-31 07:30:00-05:00,6127.5,6128.25,6125.5,6126.25,739
2025-01-31 07:35:00-05:00,6126.25,6126.75,6125.0,6125.75,930
2025-01-31 07:40:00-05:00,6126.0,6127.75,6126.0,6127.5,1049
2025-01-31 07:45:00-05:00,6127.75,6129.0,6127.0,6127.75,1172
2025-01-31 07:50:00-05:00,6128.0,6128.25,6126.25,6126.75,532
2025-01-31 07:55:00-05:00,6127.0,6127.0,6125.0,6125.5,1195
2025-01-31 08:00:00-05:00,6125.5,6126.0,6123.75,6124.5,1488
2025-01-31 08:05:00-05:00,6124.75,6126.5,6123.75,6125.75,1362
2025-01-31 08:10:00-05:00,6126.0,6126.25,6125.0,6125.5,694
2025-01-31 08:15:00-05:00,6125.5,6127.0,6124.75,6126.25,1255
2025-01-31 08:20:00-05:00,6126.5,6127.5,6125.75,6127.0,1073
2025-01-31 08:25:00-05:00,6127.0,6127.5,6126.0,6127.5,1614
2025-01-31 08:30:00-05:00,6127.25,6129.75,6124.75,6125.5,3714
2025-01-31 08:35:00-05:00,6125.25,6126.25,6121.0,6125.75,3737
2025-01-31 08:40:00-05:00,6125.5,6127.25,6124.0,6125.5,2636
2025-01-31 08:45:00-05:00,6125.5,6128.0,6123.0,6127.75,3184
2025-01-31 08:50:00-05:00,6127.75,6129.25,6126.75,6127.25,2713
2025-01-31 08:55:00-05:00,6127.5,6128.75,6126.25,6127.25,1763
2025-01-31 09:00:00-05:00,6127.0,6127.0,6122.25,6122.5,3783
2025-01-31 09:05:00-05:00,6122.5,6123.5,6120.5,6121.5,2887
2025-01-31 09:10:00-05:00,6121.5,6121.5,6117.75,6118.5,3606
2025-01-31 09:15:00-05:00,6118.25,6120.5,6117.0,6120.0,4491
2025-01-31 09:20:00-05:00,6120.0,6120.5,6117.0,6119.0,3204
2025-01-31 09:25:00-05:00,6119.0,6123.75,6118.5,6122.5,8734
2025-01-31 09:30:00-05:00,6122.5,6126.75,6119.5,6121.75,32497
2025-01-31 09:35:00-05:00,6122.0,6126.0,6118.25,6124.25,19991
2025-01-31 09:40:00-05:00,6124.5,6127.5,6122.75,6125.25,12312
2025-01-31 09:45:00-05:00,6125.5,6127.75,6122.5,6123.25,16363
2025-01-31 09:50:00-05:00,6123.0,6128.25,6121.0,6127.25,16928
2025-01-31 09:55:00-05:00,6127.25,6129.25,6124.25,6129.0,12246
2025-01-31 10:00:00-05:00,6128.75,6135.75,6127.75,6134.5,27737
2025-01-31 10:05:00-05:00,6134.75,6136.0,6130.25,6134.5,18466
2025-01-31 10:10:00-05:00,6134.5,6137.5,6132.5,6135.75,18391
2025-01-31 10:15:00-05:00,6136.0,6136.75,6134.5,6135.75,9246
2025-01-31 10:20:00-05:00,6135.75,6138.25,6130.75,6137.0,15990
2025-01-31 10:25:00-05:00,6137.25,6138.0,6135.75,6137.5,9728
2025-01-31 10:30:00-05:00,6137.5,6143.5,6137.25,6143.0,19309
2025-01-31 10:35:00-05:00,6143.0,6143.5,6140.0,6142.75,15629
2025-01-31 10:40:00-05:00,6142.75,6143.0,6138.0,6138.0,15026
2025-01-31 10:45:00-05:00,6138.0,6143.0,6136.5,6142.5,12930
2025-01-31 10:50:00-05:00,6142.75,6143.5,6140.0,6140.75,11634
2025-01-31 10:55:00-05:00,6140.75,6144.25,6140.5,6142.5,11319
2025-01-31 11:00:00-05:00,6142.5,6146.25,6142.5,6144.5,12506
2025-01-31 11:05:00-05:00,6144.5,6146.75,6143.75,6146.5,9658
2025-01-31 11:10:00-05:00,6146.5,6147.75,6146.0,6146.25,10531
2025-01-31 11:15:00-05:00,6146.5,6146.75,6143.0,6144.75,11145
2025-01-31 11:20:00-05:00,6144.75,6144.75,6141.25,6143.0,11510
2025-01-31 11:25:00-05:00,6143.0,6143.5,6138.75,6139.25,15097
2025-01-31 11:30:00-05:00,6139.0,6142.25,6137.75,6139.75,13800
2025-01-31 11:35:00-05:00,6139.75,6140.75,6136.0,6137.5,13063
2025-01-31 11:40:00-05:00,6137.5,6138.75,6134.75,6137.25,12089
2025-01-31 11:45:00-05:00,6137.25,6137.75,6135.25,6137.75,9151
2025-01-31 11:50:00-05:00,6137.75,6138.0,6133.25,6137.25,12040
2025-01-31 11:55:00-05:00,6137.25,6137.5,6135.25,6137.0,7497
2025-01-31 12:00:00-05:00,6137.0,6138.25,6134.75,6135.0,8962
2025-01-31 12:05:00-05:00,6135.25,6136.25,6127.75,6136.25,32283
2025-01-31 12:10:00-05:00,6136.25,6137.75,6130.5,6136.75,22064
2025-01-31 12:15:00-05:00,6137.0,6138.25,6132.25,6135.5,13327
2025-01-31 12:20:00-05:00,6135.75,6142.0,6134.75,6141.5,10788
2025-01-31 12:25:00-05:00,6141.75,6143.5,6140.5,6143.25,8195
2025-01-31 12:30:00-05:00,6143.5,6145.5,6141.25,6141.5,12018
2025-01-31 12:35:00-05:00,6141.75,6143.5,6141.0,6141.25,5351
2025-01-31 12:40:00-05:00,6141.5,6142.75,6139.75,6140.25,6965
2025-01-31 12:45:00-05:00,6140.5,6141.5,6138.5,6140.5,6858
2025-01-31 12:50:00-05:00,6140.5,6143.25,6139.5,6141.75,7979
2025-01-31 12:55:00-05:00,6141.75,6141.75,6137.0,6139.0,9279
2025-01-31 13:00:00-05:00,6139.0,6140.5,6137.0,6140.25,7293
2025-01-31 13:05:00-05:00,6140.25,6141.5,6139.0,6139.0,4962
2025-01-31 13:10:00-05:00,6139.25,6140.75,6138.25,6138.5,4839
2025-01-31 13:15:00-05:00,6138.75,6140.0,6124.0,6125.5,24786
2025-01-31 13:20:00-05:00,6125.5,6131.25,6120.5,6124.5,52731
2025-01-31 13:25:00-05:00,6124.5,6124.75,6114.75,6116.25,35247
2025-01-31 13:30:00-05:00,6116.0,6118.0,6099.5,6099.75,42087
2025-01-31 13:35:00-05:00,6099.5,6107.75,6095.75,6105.75,42512
2025-01-31 13:40:00-05:00,6105.5,6114.0,6101.5,6107.25,30035
2025-01-31 13:45:00-05:00,6107.25,6112.5,6104.5,6109.25,19478
2025-01-31 13:50:00-05:00,6109.25,6111.25,6097.0,6103.25,21215
2025-01-31 13:55:00-05:00,6103.0,6106.75,6099.0,6101.75,14605
2025-01-31 14:00:00-05:00,6101.5,6106.75,6094.5,6098.25,24422
2025-01-31 14:05:00-05:00,6098.0,6098.75,6080.75,6085.75,39030
2025-01-31 14:10:00-05:00,6085.5,6100.0,6085.25,6096.0,24064
2025-01-31 14:15:00-05:00,6095.75,6100.5,6086.5,6089.25,20739
2025-01-31 14:20:00-05:00,6089.25,6093.25,6084.0,6092.25,18152
2025-01-31 14:25:00-05:00,6092.25,6094.25,6088.0,6092.5,14840
2025-01-31 14:30:00-05:00,6092.5,6099.0,6092.0,6098.0,16464
2025-01-31 14:35:00-05:00,6098.0,6098.75,6083.5,6084.25,21814
2025-01-31 14:40:00-05:00,6084.25,6087.75,6073.5,6075.5,23946
2025-01-31 14:45:00-05:00,6075.5,6078.0,6066.75,6077.0,31864
2025-01-31 14:50:00-05:00,6077.0,6085.0,6073.75,6082.75,23880
2025-01-31 14:55:00-05:00,6082.5,6088.25,6081.25,6083.5,21858
2025-01-31 15:00:00-05:00,6083.5,6083.5,6063.75,6064.25,29154
2025-01-31 15:05:00-05:00,6064.25,6070.5,6062.0,6063.0,21535
2025-01-31 15:10:00-05:00,6063.0,6070.75,6062.0,6065.25,23119
2025-01-31 15:15:00-05:00,6065.25,6072.25,6064.25,6069.75,21395
2025-01-31 15:20:00-05:00,6069.5,6070.0,6062.0,6068.5,18860
2025-01-31 15:25:00-05:00,6068.5,6071.5,6061.0,6064.0,19122
2025-01-31 15:30:00-05:00,6064.25,6069.5,6061.5,6066.5,23584
2025-01-31 15:35:00-05:00,6066.25,6069.0,6058.25,6060.5,17735
2025-01-31 15:40:00-05:00,6060.5,6066.25,6057.75,6059.75,20769
2025-01-31 15:45:00-05:00,6060.0,6075.0,6059.75,6072.25,20670
2025-01-31 15:50:00-05:00,6072.0,6080.25,6063.0,6067.25,51404
2025-01-31 15:55:00-05:00,6067.25,6071.5,6064.25,6064.75,102091
2025-01-31 16:00:00-05:00,6064.75,6069.0,6057.75,6067.0,38590
2025-01-31 16:05:00-05:00,6067.0,6069.0,6060.5,6065.25,13285
2025-01-31 16:10:00-05:00,6065.0,6065.75,6060.25,6063.75,9672
2025-01-31 16:15:00-05:00,6063.5,6066.5,6062.0,6065.5,3202
2025-01-31 16:20:00-05:00,6065.75,6067.5,6065.25,6066.75,2273
2025-01-31 16:25:00-05:00,6066.75,6067.0,6064.5,6065.0,2050
2025-01-31 16:30:00-05:00,6065.25,6065.5,6061.0,6061.25,3084
2025-01-31 16:35:00-05:00,6061.25,6063.25,6061.0,6062.25,1350
2025-01-31 16:40:00-05:00,6062.25,6063.0,6061.5,6062.75,1325
2025-01-31 16:45:00-05:00,6062.5,6065.25,6062.25,6065.0,1373
2025-01-31 16:50:00-05:00,6065.0,6067.25,6062.25,6062.75,2616
2025-01-31 16:55:00-05:00,6062.75,6066.25,6061.25,6065.5,2558
2025-02-02 18:00:00-05:00,5982.25,5982.5,5942.0,5958.5,24169
2025-02-02 18:05:00-05:00,5958.5,5976.25,5955.0,5968.5,12402
2025-02-02 18:10:00-05:00,5968.25,5972.5,5958.75,5959.75,9769
2025-02-02 18:15:00-05:00,5959.5,5961.25,5943.75,5948.5,11103
2025-02-02 18:20:00-05:00,5948.5,5957.0,5947.0,5951.25,6727
2025-02-02 18:25:00-05:00,5951.25,5961.75,5948.75,5956.0,5351
2025-02-02 18:30:00-05:00,5956.25,5962.0,5955.75,5960.5,4400
2025-02-02 18:35:00-05:00,5960.75,5963.75,5957.0,5960.25,3228
2025-02-02 18:40:00-05:00,5960.75,5963.75,5959.0,5963.0,2242
2025-02-02 18:45:00-05:00,5963.25,5972.0,5963.0,5966.75,5125
2025-02-02 18:50:00-05:00,5966.75,5968.75,5964.0,5967.75,2374
2025-02-02 18:55:00-05:00,5968.25,5972.5,5967.75,5968.0,2691
2025-02-02 19:00:00-05:00,5967.75,5972.25,5962.25,5970.75,3532
2025-02-02 19:05:00-05:00,5970.5,5976.0,5968.75,5972.0,4343
2025-02-02 19:10:00-05:00,5972.0,5973.75,5969.5,5973.5,1424
2025-02-02 19:15:00-05:00,5973.5,5974.0,5963.0,5965.25,3221
2025-02-02 19:20:00-05:00,5965.0,5967.0,5954.5,5963.75,7687
2025-02-02 19:25:00-05:00,5964.0,5968.75,5960.25,5967.75,4183
2025-02-02 19:30:00-05:00,5967.5,5969.5,5965.75,5969.25,2304
2025-02-02 19:35:00-05:00,5969.0,5970.75,5965.0,5966.0,2271
2025-02-02 19:40:00-05:00,5966.0,5971.75,5965.0,5968.25,2242
2025-02-02 19:45:00-05:00,5968.25,5970.75,5963.75,5967.75,2067
2025-02-02 19:50:00-05:00,5967.75,5968.5,5962.5,5963.5,1540
2025-02-02 19:55:00-05:00,5963.5,5967.25,5962.5,5967.25,1280
2025-02-02 20:00:00-05:00,5967.0,5967.25,5961.25,5962.75,2728
2025-02-02 20:05:00-05:00,5962.5,5963.0,5956.75,5957.25,2488
2025-02-02 20:10:00-05:00,5957.0,5966.75,5956.25,5965.5,2222
2025-02-02 20:15:00-05:00,5965.25,5969.5,5964.0,5969.25,2267
2025-02-02 20:20:00-05:00,5969.25,5973.25,5967.5,5969.5,3121
2025-02-02 20:25:00-05:00,5969.25,5972.5,5967.5,5969.75,2443
2025-02-02 20:30:00-05:00,5970.0,5971.5,5968.5,5970.75,2298
2025-02-02 20:35:00-05:00,5970.75,5972.0,5969.5,5971.75,2383
2025-02-02 20:40:00-05:00,5971.75,5973.75,5964.5,5964.75,3251
2025-02-02 20:45:00-05:00,5964.75,5971.25,5964.0,5964.75,2139
2025-02-02 20:50:00-05:00,5965.25,5967.25,5961.5,5962.75,3225
2025-02-02 20:55:00-05:00,5962.75,5962.75,5958.75,5961.5,3637
2025-02-02 21:00:00-05:00,5961.5,5962.25,5956.0,5959.75,2978
2025-02-02 21:05:00-05:00,5959.75,5960.25,5953.75,5955.0,2875
2025-02-02 21:10:00-05:00,5955.25,5957.75,5951.5,5957.0,3258
2025-02-02 21:15:00-05:00,5957.25,5958.0,5954.0,5955.5,1641
2025-02-02 21:20:00-05:00,5956.0,5956.5,5951.5,5955.5,1662
2025-02-02 21:25:00-05:00,5955.25,5956.5,5952.75,5953.5,1096
2025-02-02 21:30:00-05:00,5953.5,5953.75,5950.25,5952.0,2486
2025-02-02 21:35:00-05:00,5952.0,5952.25,5943.5,5944.5,4463
2025-02-02 21:40:00-05:00,5944.5,5945.75,5937.75,5945.75,4303
2025-02-02 21:45:00-05:00,5945.75,5946.0,5938.75,5939.5,2381
2025-02-02 21:50:00-05:00,5939.5,5941.75,5935.5,5939.75,2934
2025-02-02 21:55:00-05:00,5939.5,5948.75,5939.5,5947.0,2711
2025-02-02 22:00:00-05:00,5947.0,5947.25,5941.75,5943.0,1528
2025-02-02 22:05:00-05:00,5943.0,5945.25,5940.75,5943.25,1268
2025-02-02 22:10:00-05:00,5943.5,5946.0,5941.5,5942.75,1019
2025-02-02 22:15:00-05:00,5942.75,5946.75,5942.75,5944.75,892
2025-02-02 22:20:00-05:00,5945.0,5948.75,5944.75,5946.75,1402
2025-02-02 22:25:00-05:00,5947.0,5949.75,5946.25,5949.0,1068
2025-02-02 22:30:00-05:00,5949.25,5953.0,5948.5,5949.5,2799
2025-02-02 22:35:00-05:00,5949.5,5949.5,5945.0,5946.75,1546
2025-02-02 22:40:00-05:00,5947.0,5947.75,5945.75,5946.5,672
2025-02-02 22:45:00-05:00,5946.75,5948.75,5945.0,5948.25,906
2025-02-02 22:50:00-05:00,5948.5,5949.5,5947.0,5948.25,899
2025-02-02 22:55:00-05:00,5948.25,5950.75,5947.25,5948.25,1320
2025-02-02 23:00:00-05:00,5948.25,5951.25,5947.5,5949.0,2335
2025-02-02 23:05:00-05:00,5949.0,5949.0,5944.75,5945.5,1477
2025-02-02 23:10:00-05:00,5945.5,5948.5,5944.0,5948.25,1348
2025-02-02 23:15:00-05:00,5948.25,5949.0,5946.75,5947.0,673
2025-02-02 23:20:00-05:00,5947.0,5947.5,5943.75,5946.75,1153
2025-02-02 23:25:00-05:00,5946.75,5946.75,5945.25,5945.5,998
2025-02-02 23:30:00-05:00,5945.5,5945.5,5936.75,5937.0,2048
2025-02-02 23:35:00-05:00,5937.25,5939.0,5936.5,5937.5,1087
2025-02-02 23:40:00-05:00,5937.5,5940.0,5937.5,5939.25,573
2025-02-02 23:45:00-05:00,5939.25,5942.75,5938.75,5941.75,757
2025-02-02 23:50:00-05:00,5941.75,5945.0,5940.75,5944.5,898
2025-02-02 23:55:00-05:00,5944.25,5945.0,5942.75,5943.25,438
2025-02-03 00:00:00-05:00,5943.25,5943.5,5940.0,5940.75,798
2025-02-03 00:05:00-05:00,5941.0,5943.25,5941.0,5942.0,611
2025-02-03 00:10:00-05:00,5941.75,5947.5,5941.75,5945.75,1073
2025-02-03 00:15:00-05:00,5945.25,5946.25,5944.0,5945.5,457
2025-02-03 00:20:00-05:00,5945.75,5946.0,5943.25,5944.5,392
2025-02-03 00:25:00-05:00,5944.75,5945.25,5942.25,5943.75,799
2025-02-03 00:30:00-05:00,5943.5,5944.75,5942.75,5943.5,536
2025-02-03 00:35:00-05:00,5943.5,5944.75,5942.25,5944.5,619
2025-02-03 00:40:00-05:00,5944.75,5947.25,5944.75,5946.75,942
2025-02-03 00:45:00-05:00,5946.5,5949.5,5945.0,5949.25,1086
2025-02-03 00:50:00-05:00,5949.25,5953.0,5949.0,5953.0,1232
2025-02-03 00:55:00-05:00,5952.75,5953.0,5951.0,5952.25,738
2025-02-03 01:00:00-05:00,5952.0,5956.75,5951.25,5954.5,2555
2025-02-03 01:05:00-05:00,5954.5,5955.0,5951.75,5953.25,1286
2025-02-03 01:10:00-05:00,5953.25,5953.5,5950.0,5950.5,1530
2025-02-03 01:15:00-05:00,5950.5,5951.75,5947.75,5949.5,1637
2025-02-03 01:20:00-05:00,5949.5,5950.25,5947.5,5948.0,604
2025-02-03 01:25:00-05:00,5948.0,5949.75,5946.5,5948.5,831
2025-02-03 01:30:00-05:00,5948.75,5952.25,5948.5,5949.5,1863
2025-02-03 01:35:00-05:00,5949.5,5951.25,5949.25,5949.75,706
2025-02-03 01:40:00-05:00,5950.0,5951.75,5949.5,5951.0,741
2025-02-03 01:45:00-05:00,5951.0,5958.5,5950.0,5955.0,3422
2025-02-03 01:50:00-05:00,5955.0,5955.25,5949.0,5950.25,1510
2025-02-03 01:55:00-05:00,5950.5,5952.0,5949.5,5952.0,1044
2025-02-03 02:00:00-05:00,5952.0,5957.0,5951.75,5956.75,1762
2025-02-03 02:05:00-05:00,5956.75,5957.75,5955.25,5956.5,1719
2025-02-03 02:10:00-05:00,5956.5,5960.0,5955.5,5957.25,2107
2025-02-03 02:15:00-05:00,5957.0,5958.0,5954.25,5956.75,1123
2025-02-03 02:20:00-05:00,5956.75,5959.0,5956.75,5958.5,1521
2025-02-03 02:25:00-05:00,5958.75,5959.0,5955.25,5958.25,1143
2025-02-03 02:30:00-05:00,5958.25,5959.0,5955.0,5957.25,1198
2025-02-03 02:35:00-05:00,5957.5,5957.75,5954.5,5956.25,933
2025-02-03 02:40:00-05:00,5956.25,5960.75,5956.25,5959.0,2462
2025-02-03 02:45:00-05:00,5959.25,5964.75,5956.75,5964.25,3864
2025-02-03 02:50:00-05:00,5964.25,5967.75,5963.25,5963.75,3402
2025-02-03 02:55:00-05:00,5963.25,5963.25,5957.5,5959.75,2536
2025-02-03 03:00:00-05:00,5960.0,5967.75,5959.5,5966.5,5118
2025-02-03 03:05:00-05:00,5966.25,5974.5,5964.25,5974.25,5082
2025-02-03 03:10:00-05:00,5974.25,5975.5,5971.0,5973.25,3348
2025-02-03 03:15:00-05:00,5973.5,5985.5,5970.25,5985.0,6526
2025-02-03 03:20:00-05:00,5984.75,5988.75,5981.25,5981.75,5026
2025-02-03 03:25:00-05:00,5981.5,5981.75,5977.5,5979.0,3325
2025-02-03 03:30:00-05:00,5978.75,5982.5,5976.5,5980.0,2200
2025-02-03 03:35:00-05:00,5980.25,5985.25,5979.5,5979.5,2533
2025-02-03 03:40:00-05:00,5979.25,5980.0,5976.75,5979.25,1964
2025-02-03 03:45:00-05:00,5979.0,5979.75,5975.5,5978.0,1613
2025-02-03 03:50:00-05:00,5978.0,5981.5,5976.75,5977.25,1582
2025-02-03 03:55:00-05:00,5977.25,5982.75,5977.25,5980.5,1816
2025-02-03 04:00:00-05:00,5980.5,5983.75,5975.75,5981.25,3659
2025-02-03 04:05:00-05:00,5981.0,5981.25,5974.0,5974.0,3377
2025-02-03 04:10:00-05:00,5974.0,5977.5,5971.75,5976.25,2597
2025-02-03 04:15:00-05:00,5976.0,5978.0,5969.75,5970.0,3074
2025-02-03 04:20:00-05:00,5970.0,5974.5,5967.0,5971.5,2542
2025-02-03 04:25:00-05:00,5971.75,5975.25,5971.75,5973.75,1701
2025-02-03 04:30:00-05:00,5974.0,5979.75,5974.0,5979.25,2244
2025-02-03 04:35:00-05:00,5979.0,5979.0,5971.0,5971.5,2861
2025-02-03 04:40:00-05:00,5971.75,5974.25,5968.0,5968.5,2355
2025-02-03 04:45:00-05:00,5968.75,5970.5,5966.25,5968.75,2001
2025-02-03 04:50:00-05:00,5969.0,5970.5,5967.0,5968.25,2063
2025-02-03 04:55:00-05:00,5968.5,5969.25,5965.25,5966.75,1413
2025-02-03 05:00:00-05:00,5966.5,5969.25,5962.5,5963.0,3209
2025-02-03 05:05:00-05:00,5963.0,5973.0,5962.75,5972.0,2357
2025-02-03 05:10:00-05:00,5971.75,5974.0,5969.0,5973.5,1708
2025-02-03 05:15:00-05:00,5973.25,5973.25,5970.5,5971.75,1056
2025-02-03 05:20:00-05:00,5971.75,5974.25,5969.25,5971.75,1933
2025-02-03 05:25:00-05:00,5971.75,5974.25,5971.0,5972.75,1116
2025-02-03 05:30:00-05:00,5972.75,5981.25,5972.75,5979.5,2380
2025-02-03 05:35:00-05:00,5979.25,5981.0,5978.75,5980.0,1742
2025-02-03 05:40:00-05:00,5980.0,5982.25,5978.5,5981.5,2028
2025-02-03 05:45:00-05:00,5981.5,5982.5,5978.0,5979.0,1412
2025-02-03 05:50:00-05:00,5979.0,5980.0,5976.25,5978.25,1279
2025-02-03 05:55:00-05:00,5978.5,5979.75,5977.5,5979.75,959
2025-02-03 06:00:00-05:00,5979.5,5985.75,5979.5,5983.5,1738
2025-02-03 06:05:00-05:00,5983.5,5987.5,5983.0,5986.0,2080
2025-02-03 06:10:00-05:00,5986.25,5988.0,5985.0,5987.0,1426
2025-02-03 06:15:00-05:00,5987.0,5987.25,5983.25,5983.75,1721
2025-02-03 06:20:00-05:00,5984.0,5985.0,5981.75,5983.0,2756
2025-02-03 06:25:00-05:00,5982.75,5984.5,5980.0,5981.5,2049
2025-02-03 06:30:00-05:00,5981.5,5982.75,5978.5,5979.5,1937
2025-02-03 06:35:00-05:00,5979.75,5980.5,5977.0,5978.0,1406
2025-02-03 06:40:00-05:00,5977.75,5978.5,5976.25,5977.25,1208
2025-02-03 06:45:00-05:00,5977.25,5980.0,5973.75,5975.0,2304
2025-02-03 06:50:00-05:00,5975.25,5975.75,5970.75,5972.5,2550
2025-02-03 06:55:00-05:00,5972.5,5978.5,5972.5,5976.5,2292
2025-02-03 07:00:00-05:00,5976.5,5979.5,5972.75,5973.25,4097
2025-02-03 07:05:00-05:00,5973.0,5974.75,5970.75,5971.5,2388
2025-02-03 07:10:00-05:00,5971.75,5973.75,5968.5,5973.5,3741
2025-02-03 07:15:00-05:00,5973.75,5975.75,5969.5,5970.0,2783
2025-02-03 07:20:00-05:00,5970.0,5974.25,5969.5,5974.0,2169
2025-02-03 07:25:00-05:00,5974.0,5977.25,5971.25,5973.0,3215
2025-02-03 07:30:00-05:00,5972.75,5973.5,5967.5,5968.0,3800
2025-02-03 07:35:00-05:00,5968.25,5969.0,5964.5,5966.0,2699
2025-02-03 07:40:00-05:00,5966.0,5967.5,5964.5,5964.75,2858
2025-02-03 07:45:00-05:00,5964.75,5965.5,5960.75,5962.5,3651
2025-02-03 07:50:00-05:00,5962.5,5964.75,5960.75,5962.75,3404
2025-02-03 07:55:00-05:00,5962.75,5965.25,5960.25,5963.75,4171
2025-02-03 08:00:00-05:00,5964.0,5973.25,5962.0,5970.0,9942
2025-02-03 08:05:00-05:00,5970.0,5983.0,5969.5,5973.5,16271
2025-02-03 08:10:00-05:00,5973.25,5979.5,5970.0,5978.25,5525
2025-02-03 08:15:00-05:00,5978.25,5978.75,5975.75,5977.75,3803
2025-02-03 08:20:00-05:00,5977.5,5980.75,5970.75,5974.25,4314
2025-02-03 08:25:00-05:00,5974.5,5975.75,5971.25,5974.5,2510
2025-02-03 08:30:00-05:00,5974.75,5979.0,5972.0,5972.0,3467
2025-02-03 08:35:00-05:00,5972.25,5972.25,5967.25,5967.75,3702
2025-02-03 08:40:00-05:00,5967.75,5970.75,5966.75,5969.5,2912
2025-02-03 08:45:00-05:00,5969.5,5972.25,5967.0,5969.5,2962
2025-02-03 08:50:00-05:00,5969.25,5970.25,5965.5,5970.0,2224
2025-02-03 08:55:00-05:00,5970.0,5970.75,5967.75,5969.75,2484
2025-02-03 09:00:00-05:00,5969.5,5971.25,5966.5,5968.25,3103
2025-02-03 09:05:00-05:00,5968.0,5970.5,5966.25,5966.5,3133
2025-02-03 09:10:00-05:00,5966.25,5974.75,5963.5,5969.5,8807
2025-02-03 09:15:00-05:00,5969.5,5970.25,5966.5,5968.5,6605
2025-02-03 09:20:00-05:00,5968.25,5969.25,5965.5,5967.75,5040
2025-02-03 09:25:00-05:00,5967.5,5974.5,5961.75,5972.25,18376
2025-02-03 09:30:00-05:00,5972.25,5987.25,5964.75,5981.0,66838
2025-02-03 09:35:00-05:00,5981.0,5989.5,5974.75,5988.5,35557
2025-02-03 09:40:00-05:00,5988.5,5988.75,5978.25,5979.5,27904
2025-02-03 09:45:00-05:00,5979.5,5981.75,5969.75,5972.5,37895
2025-02-03 09:50:00-05:00,5972.5,5976.25,5961.25,5965.25,34348
2025-02-03 09:55:00-05:00,5965.0,5975.5,5961.5,5965.25,26336
2025-02-03 10:00:00-05:00,5965.25,5968.0,5957.0,5960.25,42623
2025-02-03 10:05:00-05:00,5960.0,5969.0,5958.25,5965.75,33975
2025-02-03 10:10:00-05:00,5965.75,5966.0,5955.0,5956.0,32826
2025-02-03 10:15:00-05:00,5956.25,5957.75,5950.5,5951.0,29343
2025-02-03 10:20:00-05:00,5950.75,6001.5,5950.25,5997.5,89448
2025-02-03 10:25:00-05:00,5997.25,6011.5,5989.25,6009.25,68470
2025-02-03 10:30:00-05:00,6009.25,6016.5,6002.25,6013.25,50655
2025-02-03 10:35:00-05:00,6013.25,6020.5,6004.75,6012.5,37797
2025-02-03 10:40:00-05:00,6012.25,6032.0,6007.0,6027.25,47850
2025-02-03 10:45:00-05:00,6027.0,6028.0,6014.5,6020.25,31714
2025-02-03 10:50:00-05:00,6020.5,6028.5,6018.5,6020.75,23533
2025-02-03 10:55:00-05:00,6020.75,6029.75,6018.0,6025.0,22241
2025-02-03 11:00:00-05:00,6024.75,6032.75,6013.5,6021.75,40839
2025-02-03 11:05:00-05:00,6022.0,6025.5,6003.25,6022.75,40131
2025-02-03 11:10:00-05:00,6022.75,6031.0,6022.75,6027.5,20230
2025-02-03 11:15:00-05:00,6027.75,6033.75,6024.5,6032.5,18596
2025-02-03 11:20:00-05:00,6032.75,6038.5,6030.25,6032.5,19742
2025-02-03 11:25:00-05:00,6032.5,6034.25,6021.25,6024.75,17554
2025-02-03 11:30:00-05:00,6025.0,6032.0,6018.0,6030.75,15861
2025-02-03 11:35:00-05:00,6030.75,6033.5,6027.75,6033.25,11408
2025-02-03 11:40:00-05:00,6033.25,6035.0,6024.25,6033.25,12458
2025-02-03 11:45:00-05:00,6033.25,6036.0,6025.25,6026.75,13225
2025-02-03 11:50:00-05:00,6026.5,6036.25,6026.0,6031.5,10527
2025-02-03 11:55:00-05:00,6031.5,6031.5,6014.75,6019.0,22315
2025-02-03 12:00:00-05:00,6018.75,6022.75,6013.5,6017.5,18212
2025-02-03 12:05:00-05:00,6017.5,6021.25,6012.5,6020.25,13543
2025-02-03 12:10:00-05:00,6020.25,6022.25,6012.5,6018.0,11494
2025-02-03 12:15:00-05:00,6017.75,6020.25,6014.75,6020.0,7597
2025-02-03 12:20:00-05:00,6020.25,6031.0,6019.75,6030.75,11762
2025-02-03 12:25:00-05:00,6030.75,6033.0,6019.5,6020.25,12668
2025-02-03 12:30:00-05:00,6020.0,6022.0,6014.0,6014.75,14423
2025-02-03 12:35:00-05:00,6014.75,6017.25,6009.5,6013.0,12708
2025-02-03 12:40:00-05:00,6013.25,6014.0,6009.25,6010.75,12553
2025-02-03 12:45:00-05:00,6011.0,6017.0,6009.75,6013.75,13467
2025-02-03 12:50:00-05:00,6014.0,6027.0,6013.5,6024.5,17018
2025-02-03 12:55:00-05:00,6024.25,6025.0,6003.75,6019.25,49581
2025-02-03 13:00:00-05:00,6019.5,6022.25,6006.25,6020.5,17936
2025-02-03 13:05:00-05:00,6020.25,6024.25,6010.0,6012.75,15879
2025-02-03 13:10:00-05:00,6012.75,6025.0,6010.0,6021.25,12454
2025-02-03 13:15:00-05:00,6021.5,6025.75,6017.25,6019.75,9618
2025-02-03 13:20:00-05:00,6019.75,6024.0,6018.0,6021.25,8930
2025-02-03 13:25:00-05:00,6021.5,6028.5,6020.0,6024.0,12255
2025-02-03 13:30:00-05:00,6024.25,6030.5,6022.5,6029.5,9498
2025-02-03 13:35:00-05:00,6029.5,6032.0,6024.0,6027.75,9236
2025-02-03 13:40:00-05:00,6028.0,6029.25,6020.0,6024.0,8392
2025-02-03 13:45:00-05:00,6024.25,6032.75,6024.25,6030.75,7520
2025-02-03 13:50:00-05:00,6030.75,6035.25,6030.75,6033.75,6651
2025-02-03 13:55:00-05:00,6034.0,6036.25,6032.75,6034.25,6723
2025-02-03 14:00:00-05:00,6034.25,6038.0,6032.0,6034.5,10358
2025-02-03 14:05:00-05:00,6034.5,6038.0,6031.25,6036.75,7063
2025-02-03 14:10:00-05:00,6037.0,6043.25,6036.75,6042.25,11694
2025-02-03 14:15:00-05:00,6042.5,6046.5,6042.0,6045.25,10673
2025-02-03 14:20:00-05:00,6045.25,6046.25,6042.25,6045.25,6891
2025-02-03 14:25:00-05:00,6045.0,6045.75,6040.5,6041.0,7331
2025-02-03 14:30:00-05:00,6041.0,6045.0,6040.0,6043.5,7618
2025-02-03 14:35:00-05:00,6043.5,6043.5,6038.75,6041.25,6981
2025-02-03 14:40:00-05:00,6041.25,6046.25,6039.25,6045.25,7288
2025-02-03 14:45:00-05:00,6045.25,6049.25,6045.0,6047.5,8276
2025-02-03 14:50:00-05:00,6047.75,6048.75,6044.5,6045.5,7476
2025-02-03 14:55:00-05:00,6045.5,6046.75,6040.5,6043.25,8292
2025-02-03 15:00:00-05:00,6043.25,6046.75,6040.25,6045.5,8137
2025-02-03 15:05:00-05:00,6045.75,6045.75,6038.75,6040.25,8964
2025-02-03 15:10:00-05:00,6040.0,6041.0,6035.5,6036.5,8984
2025-02-03 15:15:00-05:00,6036.25,6041.0,6034.75,6041.0,8931
2025-02-03 15:20:00-05:00,6040.75,6042.75,6037.75,6040.0,7286
2025-02-03 15:25:00-05:00,6040.0,6040.0,6030.0,6031.5,10351
2025-02-03 15:30:00-05:00,6031.5,6034.5,6027.25,6032.5,14295
2025-02-03 15:35:00-05:00,6032.5,6036.75,6029.5,6032.0,9795
2025-02-03 15:40:00-05:00,6032.0,6035.0,6027.0,6028.75,11252
2025-02-03 15:45:00-05:00,6028.75,6031.25,6025.25,6030.75,13164
2025-02-03 15:50:00-05:00,6031.0,6034.25,6028.0,6028.75,20742
2025-02-03 15:55:00-05:00,6028.5,6028.75,6020.0,6023.0,76919
2025-02-03 16:00:00-05:00,6023.25,6026.5,6020.5,6025.5,25895
2025-02-03 16:05:00-05:00,6025.5,6030.5,6025.0,6025.25,11642
2025-02-03 16:10:00-05:00,6025.25,6026.75,6023.5,6023.75,5350
2025-02-03 16:15:00-05:00,6023.75,6042.0,6023.5,6040.5,6986
2025-02-03 16:20:00-05:00,6040.5,6045.25,6035.0,6039.0,12248
2025-02-03 16:25:00-05:00,6039.0,6043.0,6038.0,6042.0,4393
2025-02-03 16:30:00-05:00,6042.0,6042.5,6039.5,6041.0,1922
2025-02-03 16:35:00-05:00,6041.0,6062.0,6037.75,6057.75,20781
2025-02-03 16:40:00-05:00,6057.75,6059.5,6055.0,6055.75,5528
2025-02-03 16:45:00-05:00,6055.5,6058.75,6054.0,6057.25,7188
2025-02-03 16:50:00-05:00,6057.25,6057.25,6054.0,6054.5,2288
2025-02-03 16:55:00-05:00,6054.25,6055.5,6054.0,6055.5,4929
2025-02-03 18:00:00-05:00,6069.0,6069.0,6058.25,6058.75,2810
2025-02-03 18:05:00-05:00,6059.25,6061.0,6057.5,6058.5,1288
2025-02-03 18:10:00-05:00,6058.5,6059.5,6057.0,6057.0,895
2025-02-03 18:15:00-05:00,6057.0,6058.5,6057.0,6057.5,802
2025-02-03 18:20:00-05:00,6057.5,6058.75,6056.0,6057.0,914
2025-02-03 18:25:00-05:00,6057.0,6057.5,6056.0,6056.25,863
2025-02-03 18:30:00-05:00,6056.25,6058.0,6054.5,6056.75,950
2025-02-03 18:35:00-05:00,6056.5,6057.75,6055.75,6056.25,801
2025-02-03 18:40:00-05:00,6056.25,6057.75,6056.0,6057.0,352
2025-02-03 18:45:00-05:00,6057.0,6058.5,6055.0,6055.25,509
2025-02-03 18:50:00-05:00,6055.25,6056.5,6052.75,6055.75,712
2025-02-03 18:55:00-05:00,6056.0,6057.25,6056.0,6057.0,344
2025-02-03 19:00:00-05:00,6056.75,6057.25,6052.75,6052.75,1119
2025-02-03 19:05:00-05:00,6053.0,6053.25,6051.0,6052.0,784
2025-02-03 19:10:00-05:00,6052.25,6053.0,6050.25,6051.0,623
2025-02-03 19:15:00-05:00,6051.0,6053.5,6048.5,6050.25,862
2025-02-03 19:20:00-05:00,6050.25,6050.25,6048.0,6049.25,752
2025-02-03 19:25:00-05:00,6049.5,6051.75,6049.0,6050.5,486
2025-02-03 19:30:00-05:00,6050.5,6053.5,6050.25,6052.0,643
2025-02-03 19:35:00-05:00,6052.25,6053.0,6051.25,6052.0,291
2025-02-03 19:40:00-05:00,6052.25,6053.0,6051.75,6052.75,242
2025-02-03 19:45:00-05:00,6053.0,6053.0,6049.25,6049.5,642
2025-02-03 19:50:00-05:00,6049.5,6050.0,6048.75,6049.75,463
2025-02-03 19:55:00-05:00,6049.75,6051.5,6049.5,6050.5,321
2025-02-03 20:00:00-05:00,6050.75,6050.75,6046.5,6047.25,1526
2025-02-03 20:05:00-05:00,6047.5,6047.75,6044.5,6045.0,979
2025-02-03 20:10:00-05:00,6045.25,6045.5,6041.25,6042.5,916
2025-02-03 20:15:00-05:00,6042.5,6044.25,6041.75,6042.0,590
2025-02-03 20:20:00-05:00,6041.75,6044.5,6040.75,6041.5,549
2025-02-03 20:25:00-05:00,6041.5,6043.0,6040.75,6042.25,476
2025-02-03 20:30:00-05:00,6042.25,6042.75,6035.75,6039.0,1675
2025-02-03 20:35:00-05:00,6038.75,6040.0,6038.25,6039.25,652
2025-02-03 20:40:00-05:00,6039.5,6042.0,6039.5,6041.25,362
2025-02-03 20:45:00-05:00,6041.25,6042.0,6039.5,6041.25,504
2025-02-03 20:50:00-05:00,6041.5,6043.0,6041.0,6041.75,585
2025-02-03 20:55:00-05:00,6041.75,6043.25,6041.0,6042.0,427
2025-02-03 21:00:00-05:00,6042.5,6042.75,6040.0,6041.75,571
2025-02-03 21:05:00-05:00,6041.5,6043.25,6041.25,6043.0,403
2025-02-03 21:10:00-05:00,6042.75,6043.0,6041.25,6042.25,362
2025-02-03 21:15:00-05:00,6042.25,6042.25,6040.25,6041.0,406
2025-02-03 21:20:00-05:00,6041.0,6041.5,6038.0,6038.5,554
2025-02-03 21:25:00-05:00,6038.5,6041.0,6038.25,6040.5,421
2025-02-03 21:30:00-05:00,6040.5,6040.5,6037.0,6038.0,650
2025-02-03 21:35:00-05:00,6038.25,6038.75,6036.5,6036.5,355
2025-02-03 21:40:00-05:00,6036.5,6036.75,6033.5,6034.75,1087
2025-02-03 21:45:00-05:00,6034.75,6035.75,6034.0,6034.25,426
2025-02-03 21:50:00-05:00,6034.0,6037.0,6034.0,6036.0,516
2025-02-03 21:55:00-05:00,6035.75,6035.75,6033.25,6034.25,480
2025-02-03 22:00:00-05:00,6034.25,6035.25,6031.0,6031.25,921
2025-02-03 22:05:00-05:00,6031.0,6032.75,6030.75,6031.75,614
2025-02-03 22:10:00-05:00,6031.75,6034.0,6031.25,6033.25,467
2025-02-03 22:15:00-05:00,6033.25,6033.25,6031.0,6032.0,334
2025-02-03 22:20:00-05:00,6032.0,6033.75,6031.5,6033.25,651
2025-02-03 22:25:00-05:00,6033.5,6034.5,6032.75,6033.5,290
2025-02-03 22:30:00-05:00,6033.25,6033.5,6031.75,6032.25,283
2025-02-03 22:35:00-05:00,6032.25,6033.0,6028.75,6030.25,887
2025-02-03 22:40:00-05:00,6030.25,6030.5,6025.25,6027.25,1484
2025-02-03 22:45:00-05:00,6027.25,6028.5,6026.5,6027.75,701
2025-02-03 22:50:00-05:00,6027.75,6029.25,6027.75,6028.5,492
2025-02-03 22:55:00-05:00,6028.75,6030.75,6028.5,6029.5,477
2025-02-03 23:00:00-05:00,6029.75,6031.75,6029.75,6031.25,573
2025-02-03 23:05:00-05:00,6031.25,6032.5,6030.75,6032.0,357
2025-02-03 23:10:00-05:00,6032.0,6034.5,6031.5,6034.5,675
2025-02-03 23:15:00-05:00,6034.25,6034.75,6033.0,6033.25,441
2025-02-03 23:20:00-05:00,6033.25,6034.25,6032.25,6033.5,607
2025-02-03 23:25:00-05:00,6033.75,6035.25,6033.75,6035.0,378
2025-02-03 23:30:00-05:00,6035.0,6035.0,6031.75,6032.0,427
2025-02-03 23:35:00-05:00,6032.0,6032.0,6030.5,6031.0,390
2025-02-03 23:40:00-05:00,6031.0,6031.5,6030.0,6031.5,389
2025-02-03 23:45:00-05:00,6031.5,6032.75,6028.5,6028.5,655
2025-02-03 23:50:00-05:00,6028.75,6030.25,6027.5,6029.5,625
2025-02-03 23:55:00-05:00,6029.5,6030.25,6028.75,6029.0,237
2025-02-04 00:00:00-05:00,6029.0,6029.5,6017.0,6018.5,5509
2025-02-04 00:05:00-05:00,6018.75,6019.0,5987.0,6001.75,12724
2025-02-04 00:10:00-05:00,6001.75,6009.5,5996.25,6001.0,4534
2025-02-04 00:15:00-05:00,6001.0,6004.0,5995.5,5999.75,4569
2025-02-04 00:20:00-05:00,5999.75,6001.0,5988.75,6000.75,6723
2025-02-04 00:25:00-05:00,6000.75,6011.5,5998.75,6009.5,4419
2025-02-04 00:30:00-05:00,6009.0,6012.5,6004.75,6009.5,3011
2025-02-04 00:35:00-05:00,6009.5,6014.5,6008.5,6011.5,1924
2025-02-04 00:40:00-05:00,6011.75,6012.5,6009.25,6012.0,1371
2025-02-04 00:45:00-05:00,6011.75,6012.5,6010.0,6011.5,633
2025-02-04 00:50:00-05:00,6011.75,6022.25,6011.75,6016.25,2891
2025-02-04 00:55:00-05:00,6016.25,6016.5,6010.25,6011.25,1332
2025-02-04 01:00:00-05:00,6011.25,6014.25,6010.75,6011.5,1266
2025-02-04 01:05:00-05:00,6011.75,6013.5,6010.25,6011.75,678
2025-02-04 01:10:00-05:00,6011.5,6013.0,6005.5,6009.0,2017
2025-02-04 01:15:00-05:00,6009.25,6011.0,6007.0,6008.75,713
2025-02-04 01:20:00-05:00,6008.75,6010.5,6007.0,6008.75,743
2025-02-04 01:25:00-05:00,6008.75,6011.0,6006.75,6008.75,938
2025-02-04 01:30:00-05:00,6008.5,6009.5,6005.0,6008.5,1059
2025-02-04 01:35:00-05:00,6008.75,6009.5,6003.0,6007.0,1388
2025-02-04 01:40:00-05:00,6007.0,6011.25,6005.75,6009.5,839
2025-02-04 01:45:00-05:00,6009.75,6014.0,6008.0,6012.75,1016
2025-02-04 01:50:00-05:00,6012.75,6014.75,6011.25,6012.0,907
2025-02-04 01:55:00-05:00,6012.0,6019.0,6012.0,6018.5,1104
2025-02-04 02:00:00-05:00,6018.25,6019.75,6015.25,6015.5,1473
2025-02-04 02:05:00-05:00,6015.75,6019.25,6015.5,6018.0,536
2025-02-04 02:10:00-05:00,6017.75,6021.25,6014.25,6021.25,1092
2025-02-04 02:15:00-05:00,6021.0,6023.0,6018.75,6019.5,1135
2025-02-04 02:20:00-05:00,6019.5,6020.25,6017.5,6018.0,698
2025-02-04 02:25:00-05:00,6018.0,6019.0,6016.25,6018.25,754
2025-02-04 02:30:00-05:00,6018.25,6021.0,6017.75,6020.0,774
2025-02-04 02:35:00-05:00,6020.25,6020.75,6017.0,6018.5,688
2025-02-04 02:40:00-05:00,6018.75,6018.75,6015.5,6017.0,560
2025-02-04 02:45:00-05:00,6016.5,6020.5,6016.25,6019.25,893
2025-02-04 02:50:00-05:00,6019.25,6022.5,6018.25,6018.5,989
2025-02-04 02:55:00-05:00,6018.75,6019.5,6015.25,6016.5,1128
2025-02-04 03:00:00-05:00,6016.75,6021.5,6012.0,6013.0,2223
2025-02-04 03:05:00-05:00,6012.75,6014.0,6010.75,6011.0,1623
2025-02-04 03:10:00-05:00,6010.75,6012.0,6006.75,6011.25,1916
2025-02-04 03:15:00-05:00,6011.25,6013.0,6010.25,6011.25,1275
2025-02-04 03:20:00-05:00,6011.25,6017.5,6010.75,6015.25,1575
2025-02-04 03:25:00-05:00,6015.25,6015.25,6007.5,6008.0,2203
2025-02-04 03:30:00-05:00,6008.0,6011.5,6001.25,6002.75,2778
2025-02-04 03:35:00-05:00,6002.5,6003.75,5999.25,6003.0,2429
2025-02-04 03:40:00-05:00,6003.25,6003.5,5995.5,5998.25,2691
2025-02-04 03:45:00-05:00,5998.0,6000.0,5994.0,5995.0,2288
2025-02-04 03:50:00-05:00,5995.0,5999.75,5994.75,5999.0,2139
2025-02-04 03:55:00-05:00,5999.0,6004.5,5999.0,6003.5,1565
2025-02-04 04:00:00-05:00,6003.75,6010.75,6003.25,6009.25,2559
2025-02-04 04:05:00-05:00,6009.5,6010.5,6006.5,6009.75,1083
2025-02-04 04:10:00-05:00,6010.0,6013.5,6008.75,6010.75,1401
2025-02-04 04:15:00-05:00,6010.5,6011.0,6007.5,6010.25,1292
2025-02-04 04:20:00-05:00,6010.0,6011.75,6006.5,6010.75,1227
2025-02-04 04:25:00-05:00,6011.0,6011.5,6008.5,6011.0,636
2025-02-04 04:30:00-05:00,6011.0,6011.75,6008.0,6008.5,907
2025-02-04 04:35:00-05:00,6008.25,6009.75,6006.25,6007.5,1298
2025-02-04 04:40:00-05:00,6007.25,6007.25,6003.75,6006.75,1275
2025-02-04 04:45:00-05:00,6006.5,6010.0,6006.25,6007.25,856
2025-02-04 04:50:00-05:00,6007.25,6009.0,6006.0,6007.25,536
2025-02-04 04:55:00-05:00,6007.25,6008.5,6006.25,6007.25,612
2025-02-04 05:00:00-05:00,6007.0,6007.0,6004.5,6006.5,909
2025-02-04 05:05:00-05:00,6006.5,6009.5,6006.0,6006.0,495
2025-02-04 05:10:00-05:00,6006.0,6011.75,6005.5,6011.25,1068
2025-02-04 05:15:00-05:00,6011.25,6013.25,6010.25,6011.25,1286
2025-02-04 05:20:00-05:00,6011.25,6015.0,6011.0,6011.75,1246
2025-02-04 05:25:00-05:00,6011.75,6013.0,6010.75,6011.5,687
2025-02-04 05:30:00-05:00,6011.75,6012.75,6008.0,6009.75,916
2025-02-04 05:35:00-05:00,6010.0,6013.0,6009.25,6010.25,812
2025-02-04 05:40:00-05:00,6010.5,6011.75,6007.75,6011.5,709
2025-02-04 05:45:00-05:00,6011.5,6014.0,6010.5,6012.75,728
2025-02-04 05:50:00-05:00,6012.75,6012.75,6009.75,6010.5,697
2025-02-04 05:55:00-05:00,6010.75,6012.75,6010.5,6011.25,493
2025-02-04 06:00:00-05:00,6011.5,6014.0,6010.75,6012.25,977
2025-02-04 06:05:00-05:00,6012.0,6019.0,6011.0,6018.75,1291
2025-02-04 06:10:00-05:00,6018.75,6019.0,6012.0,6012.75,904
2025-02-04 06:15:00-05:00,6013.0,6014.5,6010.25,6011.5,949
2025-02-04 06:20:00-05:00,6011.5,6013.25,6008.25,6013.25,1225
2025-02-04 06:25:00-05:00,6013.0,6016.75,6013.0,6016.0,878
2025-02-04 06:30:00-05:00,6016.25,6016.25,6014.5,6016.0,1295
2025-02-04 06:35:00-05:00,6016.0,6016.25,6012.75,6014.0,814
2025-02-04 06:40:00-05:00,6014.0,6016.0,6013.0,6015.0,1025
2025-02-04 06:45:00-05:00,6015.0,6017.0,6013.5,6016.0,691
2025-02-04 06:50:00-05:00,6016.0,6016.0,6013.5,6013.5,651
2025-02-04 06:55:00-05:00,6013.5,6014.25,6011.25,6012.5,976
2025-02-04 07:00:00-05:00,6012.75,6017.75,6012.75,6017.25,1604
2025-02-04 07:05:00-05:00,6017.0,6019.5,6016.0,6019.5,1239
2025-02-04 07:10:00-05:00,6019.25,6021.5,6018.25,6018.5,2132
2025-02-04 07:15:00-05:00,6018.5,6021.75,6018.25,6020.5,1498
2025-02-04 07:20:00-05:00,6020.25,6021.25,6018.25,6019.25,1228
2025-02-04 07:25:00-05:00,6019.0,6023.5,6017.75,6022.75,2645
2025-02-04 07:30:00-05:00,6023.0,6024.5,6021.75,6023.25,1904
2025-02-04 07:35:00-05:00,6023.0,6028.5,6023.0,6026.75,2401
2025-02-04 07:40:00-05:00,6026.5,6031.0,6024.25,6026.0,4046
2025-02-04 07:45:00-05:00,6026.0,6026.0,6021.75,6024.0,1820
2025-02-04 07:50:00-05:00,6024.0,6027.25,6022.75,6026.75,1466
2025-02-04 07:55:00-05:00,6026.75,6031.25,6025.25,6027.25,2417
2025-02-04 08:00:00-05:00,6026.75,6027.5,6021.25,6025.25,3375
2025-02-04 08:05:00-05:00,6025.25,6028.75,6024.0,6028.25,1480
2025-02-04 08:10:00-05:00,6028.0,6029.5,6025.5,6027.75,1329
2025-02-04 08:15:00-05:00,6027.75,6029.25,6026.5,6028.25,1544
2025-02-04 08:20:00-05:00,6028.25,6031.0,6027.0,6030.0,4531
2025-02-04 08:25:00-05:00,6030.0,6031.25,6026.5,6027.75,2564
2025-02-04 08:30:00-05:00,6028.0,6028.25,6025.75,6027.0,1982
2025-02-04 08:35:00-05:00,6027.25,6028.0,6025.5,6026.25,1605
2025-02-04 08:40:00-05:00,6026.0,6026.5,6021.5,6023.0,3860
2025-02-04 08:45:00-05:00,6023.0,6024.5,6021.0,6022.25,2202
2025-02-04 08:50:00-05:00,6022.0,6023.75,6021.25,6022.0,2251
2025-02-04 08:55:00-05:00,6022.25,6022.5,6019.0,6022.0,3640
2025-02-04 09:00:00-05:00,6022.0,6025.0,6020.5,6024.5,3177
2025-02-04 09:05:00-05:00,6024.25,6026.75,6023.75,6026.75,3235
2025-02-04 09:10:00-05:00,6026.75,6027.0,6023.0,6023.0,3576
2025-02-04 09:15:00-05:00,6023.0,6023.5,6020.75,6021.5,3772
2025-02-04 09:20:00-05:00,6021.25,6022.25,6019.75,6021.5,2621
2025-02-04 09:25:00-05:00,6021.75,6024.75,6020.25,6023.5,9270
2025-02-04 09:30:00-05:00,6023.5,6027.25,6018.0,6025.25,34887
2025-02-04 09:35:00-05:00,6025.25,6030.75,6024.0,6028.25,20191
2025-02-04 09:40:00-05:00,6028.25,6030.75,6023.25,6027.5,17852
2025-02-04 09:45:00-05:00,6027.5,6029.75,6024.5,6027.5,11675
2025-02-04 09:50:00-05:00,6027.75,6035.5,6025.75,6034.75,18734
2025-02-04 09:55:00-05:00,6034.75,6037.75,6032.0,6035.0,14463
2025-02-04 10:00:00-05:00,6035.0,6044.75,6034.25,6043.5,24290
2025-02-04 10:05:00-05:00,6043.25,6052.25,6041.0,6050.5,21313
2025-02-04 10:10:00-05:00,6050.5,6054.75,6048.5,6049.75,28894
2025-02-04 10:15:00-05:00,6049.5,6057.0,6049.25,6056.25,19819
2025-02-04 10:20:00-05:00,6056.25,6056.75,6049.5,6052.5,15900
2025-02-04 10:25:00-05:00,6052.25,6054.75,6050.0,6051.0,13466
2025-02-04 10:30:00-05:00,6051.0,6055.0,6046.5,6052.5,17227
2025-02-04 10:35:00-05:00,6052.5,6057.0,6049.5,6055.75,11071
2025-02-04 10:40:00-05:00,6055.75,6058.25,6054.5,6055.5,11270
2025-02-04 10:45:00-05:00,6055.25,6056.0,6050.0,6054.0,11997
2025-02-04 10:50:00-05:00,6054.0,6055.0,6049.0,6053.75,10521
2025-02-04 10:55:00-05:00,6053.75,6054.75,6047.0,6049.25,9950
2025-02-04 11:00:00-05:00,6049.25,6057.75,6049.25,6057.25,12456
2025-02-04 11:05:00-05:00,6057.25,6060.0,6056.0,6058.75,11601
2025-02-04 11:10:00-05:00,6058.75,6059.75,6057.25,6059.0,7076
2025-02-04 11:15:00-05:00,6059.0,6061.0,6058.5,6059.5,8872
2025-02-04 11:20:00-05:00,6059.5,6061.5,6057.5,6060.25,10966
2025-02-04 11:25:00-05:00,6060.0,6066.0,6059.5,6065.25,11709
2025-02-04 11:30:00-05:00,6065.25,6066.75,6061.75,6063.0,13280
2025-02-04 11:35:00-05:00,6062.75,6065.5,6062.25,6065.5,6626
2025-02-04 11:40:00-05:00,6065.5,6066.25,6059.0,6060.75,10509
2025-02-04 11:45:00-05:00,6060.75,6061.5,6055.75,6056.0,11235
2025-02-04 11:50:00-05:00,6056.25,6059.25,6053.5,6058.75,12614
2025-02-04 11:55:00-05:00,6058.75,6060.0,6054.25,6059.5,10038
2025-02-04 12:00:00-05:00,6059.5,6062.25,6058.25,6061.0,6763
2025-02-04 12:05:00-05:00,6061.25,6061.75,6058.25,6058.5,7212
2025-02-04 12:10:00-05:00,6058.75,6062.25,6057.75,6060.75,5945
2025-02-04 12:15:00-05:00,6061.0,6062.0,6048.25,6051.25,30998
2025-02-04 12:20:00-05:00,6051.25,6053.5,6046.0,6051.25,15037
2025-02-04 12:25:00-05:00,6051.25,6051.5,6042.0,6043.25,14096
2025-02-04 12:30:00-05:00,6043.25,6046.0,6039.25,6043.25,15021
2025-02-04 12:35:00-05:00,6043.0,6049.25,6042.75,6046.75,15160
2025-02-04 12:40:00-05:00,6046.5,6050.5,6044.75,6049.75,8730
2025-02-04 12:45:00-05:00,6049.5,6050.5,6046.5,6048.0,7262
2025-02-04 12:50:00-05:00,6048.0,6052.0,6048.0,6050.25,9478
2025-02-04 12:55:00-05:00,6050.25,6055.75,6049.75,6055.25,9503
2025-02-04 13:00:00-05:00,6055.5,6056.0,6049.5,6049.75,8556
2025-02-04 13:05:00-05:00,6049.75,6050.25,6046.25,6049.25,9350
2025-02-04 13:10:00-05:00,6049.5,6053.75,6048.75,6052.25,6481
2025-02-04 13:15:00-05:00,6052.5,6054.5,6052.0,6053.75,4740
2025-02-04 13:20:00-05:00,6054.0,6057.0,6052.0,6056.75,6979
2025-02-04 13:25:00-05:00,6057.0,6058.0,6055.5,6056.75,6854
2025-02-04 13:30:00-05:00,6056.5,6058.0,6056.25,6057.5,6355
2025-02-04 13:35:00-05:00,6057.5,6057.5,6053.75,6054.0,7027
2025-02-04 13:40:00-05:00,6054.25,6056.0,6054.0,6055.0,4161
2025-02-04 13:45:00-05:00,6055.25,6056.5,6054.75,6056.0,4169
2025-02-04 13:50:00-05:00,6056.0,6057.75,6054.0,6055.5,7164
2025-02-04 13:55:00-05:00,6055.5,6056.75,6052.5,6052.75,6172
2025-02-04 14:00:00-05:00,6052.5,6058.0,6051.0,6057.25,9720
2025-02-04 14:05:00-05:00,6057.5,6061.25,6057.0,6060.75,9827
2025-02-04 14:10:00-05:00,6060.75,6063.5,6060.75,6062.25,8432
2025-02-04 14:15:00-05:00,6062.5,6064.0,6061.75,6064.0,5644
2025-02-04 14:20:00-05:00,6063.75,6067.0,6062.75,6064.5,9587
2025-02-04 14:25:00-05:00,6064.25,6064.75,6062.5,6064.5,5280
2025-02-04 14:30:00-05:00,6064.5,6067.5,6064.5,6066.5,8728
2025-02-04 14:35:00-05:00,6066.5,6068.75,6065.25,6066.0,8250
2025-02-04 14:40:00-05:00,6066.0,6067.0,6063.75,6065.75,7192
2025-02-04 14:45:00-05:00,6065.5,6066.75,6062.75,6064.0,7282
2025-02-04 14:50:00-05:00,6063.75,6065.0,6062.0,6064.5,6964
2025-02-04 14:55:00-05:00,6064.5,6065.25,6053.75,6060.25,24757
2025-02-04 15:00:00-05:00,6060.0,6061.25,6057.5,6060.0,14198
2025-02-04 15:05:00-05:00,6060.0,6062.75,6059.5,6061.5,8823
2025-02-04 15:10:00-05:00,6061.75,6064.75,6061.5,6063.75,8878
2025-02-04 15:15:00-05:00,6063.75,6064.5,6060.25,6062.0,7848
2025-02-04 15:20:00-05:00,6062.0,6062.5,6057.25,6058.25,10199
2025-02-04 15:25:00-05:00,6058.25,6059.25,6055.5,6056.25,8885
2025-02-04 15:30:00-05:00,6056.0,6059.75,6055.0,6058.75,10159
2025-02-04 15:35:00-05:00,6058.5,6064.0,6058.0,6063.75,8056
2025-02-04 15:40:00-05:00,6063.5,6064.5,6060.5,6061.5,7016
2025-02-04 15:45:00-05:00,6061.25,6061.75,6058.5,6059.75,11906
2025-02-04 15:50:00-05:00,6059.75,6065.5,6057.25,6064.5,17112
2025-02-04 15:55:00-05:00,6064.5,6067.75,6061.5,6062.5,53513
2025-02-04 16:00:00-05:00,6062.75,6066.5,6048.75,6051.75,32417
2025-02-04 16:05:00-05:00,6051.25,6057.75,6051.25,6055.25,7815
2025-02-04 16:10:00-05:00,6055.5,6055.75,6050.5,6051.0,4835
2025-02-04 16:15:00-05:00,6051.0,6055.5,6050.5,6051.75,4590
2025-02-04 16:20:00-05:00,6052.0,6052.0,6046.0,6049.5,4245
2025-02-04 16:25:00-05:00,6049.5,6051.75,6048.5,6048.5,2018
2025-02-04 16:30:00-05:00,6048.5,6050.25,6047.5,6048.0,1602
2025-02-04 16:35:00-05:00,6048.0,6048.25,6044.0,6045.75,2457
2025-02-04 16:40:00-05:00,6045.75,6046.25,6042.5,6045.75,3991
2025-02-04 16:45:00-05:00,6045.75,6049.0,6045.25,6048.5,2825
2025-02-04 16:50:00-05:00,6048.75,6048.75,6045.25,6045.5,1735
2025-02-04 16:55:00-05:00,6045.5,6046.25,6045.0,6045.75,2012
2025-02-04 18:00:00-05:00,6042.75,6047.5,6038.25,6046.0,2330
2025-02-04 18:05:00-05:00,6046.25,6046.25,6042.5,6042.75,939
2025-02-04 18:10:00-05:00,6042.75,6046.5,6041.5,6046.25,1053
2025-02-04 18:15:00-05:00,6046.25,6048.25,6044.25,6044.75,858
2025-02-04 18:20:00-05:00,6045.0,6047.0,6044.75,6045.0,533
2025-02-04 18:25:00-05:00,6045.25,6046.75,6044.0,6046.0,346
2025-02-04 18:30:00-05:00,6046.0,6047.5,6045.75,6046.0,418
2025-02-04 18:35:00-05:00,6046.0,6046.0,6044.0,6044.5,353
2025-02-04 18:40:00-05:00,6044.75,6046.75,6044.5,6046.5,273
2025-02-04 18:45:00-05:00,6046.5,6046.5,6044.75,6044.75,275
2025-02-04 18:50:00-05:00,6044.75,6045.5,6043.0,6043.25,426
2025-02-04 18:55:00-05:00,6043.5,6044.25,6041.75,6042.25,398
2025-02-04 19:00:00-05:00,6042.5,6043.5,6039.75,6040.75,1151
2025-02-04 19:05:00-05:00,6041.0,6044.0,6040.25,6043.75,812
2025-02-04 19:10:00-05:00,6043.75,6047.75,6043.25,6047.0,732
2025-02-04 19:15:00-05:00,6047.0,6047.0,6045.5,6046.0,382
2025-02-04 19:20:00-05:00,6046.0,6047.0,6046.0,6046.25,235
2025-02-04 19:25:00-05:00,6046.0,6047.5,6046.0,6047.5,260
2025-02-04 19:30:00-05:00,6047.5,6051.25,6047.5,6050.75,1073
2025-02-04 19:35:00-05:00,6050.5,6052.25,6050.25,6051.75,1073
2025-02-04 19:40:00-05:00,6051.5,6053.0,6050.25,6050.5,490
2025-02-04 19:45:00-05:00,6050.5,6051.75,6048.25,6048.25,418
2025-02-04 19:50:00-05:00,6048.5,6050.5,6048.0,6050.25,452
2025-02-04 19:55:00-05:00,6050.0,6050.5,6048.75,6049.5,301
2025-02-04 20:00:00-05:00,6049.5,6050.5,6049.0,6050.0,522
2025-02-04 20:05:00-05:00,6050.25,6050.75,6048.25,6049.25,411
2025-02-04 20:10:00-05:00,6049.25,6050.25,6049.0,6049.75,365
2025-02-04 20:15:00-05:00,6050.0,6052.5,6050.0,6051.75,831
2025-02-04 20:20:00-05:00,6051.75,6053.0,6050.0,6050.5,587
2025-02-04 20:25:00-05:00,6050.5,6052.0,6050.0,6050.75,350
2025-02-04 20:30:00-05:00,6051.0,6051.0,6043.75,6045.75,1559
2025-02-04 20:35:00-05:00,6045.75,6046.25,6043.25,6044.5,918
2025-02-04 20:40:00-05:00,6044.75,6045.75,6044.25,6044.5,360
2025-02-04 20:45:00-05:00,6044.75,6045.75,6043.5,6044.0,388
2025-02-04 20:50:00-05:00,6044.0,6044.75,6042.5,6044.25,648
2025-02-04 20:55:00-05:00,6044.25,6044.5,6041.5,6042.0,589
2025-02-04 21:00:00-05:00,6041.75,6042.5,6040.0,6041.5,863
2025-02-04 21:05:00-05:00,6041.5,6042.5,6040.75,6042.5,381
2025-02-04 21:10:00-05:00,6042.5,6043.75,6041.0,6043.25,484
2025-02-04 21:15:00-05:00,6043.0,6043.0,6041.75,6042.25,273
2025-02-04 21:20:00-05:00,6042.5,6043.0,6040.5,6040.75,390
2025-02-04 21:25:00-05:00,6040.5,6041.25,6039.25,6041.25,655
2025-02-04 21:30:00-05:00,6041.0,6042.75,6040.5,6042.5,347
2025-02-04 21:35:00-05:00,6042.5,6042.5,6041.25,6042.0,231
2025-02-04 21:40:00-05:00,6042.5,6043.25,6042.0,6042.75,373
2025-02-04 21:45:00-05:00,6042.75,6044.75,6042.75,6043.5,541
2025-02-04 21:50:00-05:00,6043.25,6043.5,6041.75,6042.25,317
2025-02-04 21:55:00-05:00,6042.25,6042.5,6038.25,6039.0,950
2025-02-04 22:00:00-05:00,6039.0,6041.25,6039.0,6040.0,484
2025-02-04 22:05:00-05:00,6040.0,6040.5,6038.0,6040.5,403
2025-02-04 22:10:00-05:00,6040.25,6040.75,6039.25,6039.5,270
2025-02-04 22:15:00-05:00,6039.5,6040.25,6039.0,6039.25,204
2025-02-04 22:20:00-05:00,6039.75,6040.0,6036.0,6037.25,1239
2025-02-04 22:25:00-05:00,6037.25,6037.75,6036.5,6037.5,405
2025-02-04 22:30:00-05:00,6037.5,6038.75,6037.5,6038.25,298
2025-02-04 22:35:00-05:00,6038.5,6039.5,6037.75,6039.25,264
2025-02-04 22:40:00-05:00,6039.5,6039.75,6038.75,6039.75,217
2025-02-04 22:45:00-05:00,6039.75,6039.75,6037.75,6038.0,198
2025-02-04 22:50:00-05:00,6038.0,6038.0,6037.25,6037.5,206
2025-02-04 22:55:00-05:00,6037.75,6037.75,6034.5,6035.75,783
2025-02-04 23:00:00-05:00,6035.5,6036.25,6033.5,6034.25,710
2025-02-04 23:05:00-05:00,6034.5,6036.0,6034.25,6036.0,276
2025-02-04 23:10:00-05:00,6035.75,6036.25,6035.0,6035.5,358
2025-02-04 23:15:00-05:00,6035.75,6036.0,6034.0,6034.5,330
2025-02-04 23:20:00-05:00,6034.75,6035.5,6034.5,6034.75,227
2025-02-04 23:25:00-05:00,6035.0,6035.75,6033.25,6034.75,354
2025-02-04 23:30:00-05:00,6035.0,6036.5,6034.25,6036.5,260
2025-02-04 23:35:00-05:00,6036.75,6037.25,6036.0,6036.5,382
2025-02-04 23:40:00-05:00,6036.5,6037.25,6036.0,6037.0,176
2025-02-04 23:45:00-05:00,6036.75,6037.25,6036.25,6037.0,188
2025-02-04 23:50:00-05:00,6037.0,6037.5,6035.5,6035.5,264
2025-02-04 23:55:00-05:00,6035.5,6037.5,6035.25,6037.25,307
2025-02-05 00:00:00-05:00,6037.5,6038.25,6037.0,6037.75,466
2025-02-05 00:05:00-05:00,6038.0,6038.0,6036.25,6037.75,472
2025-02-05 00:10:00-05:00,6037.75,6038.25,6037.0,6037.5,184
2025-02-05 00:15:00-05:00,6037.5,6038.5,6037.5,6037.5,256
2025-02-05 00:20:00-05:00,6037.25,6037.5,6036.5,6037.25,222
2025-02-05 00:25:00-05:00,6037.25,6037.25,6035.25,6035.75,366
2025-02-05 00:30:00-05:00,6036.0,6036.75,6034.5,6035.25,325
2025-02-05 00:35:00-05:00,6035.25,6035.25,6033.5,6034.5,374
2025-02-05 00:40:00-05:00,6034.5,6035.5,6034.0,6034.5,547
2025-02-05 00:45:00-05:00,6034.25,6035.0,6034.0,6034.0,294
2025-02-05 00:50:00-05:00,6034.0,6034.25,6032.25,6033.0,698
2025-02-05 00:55:00-05:00,6033.25,6033.5,6032.5,6033.25,325
2025-02-05 01:00:00-05:00,6033.0,6033.75,6031.0,6031.75,638
2025-02-05 01:05:00-05:00,6031.75,6032.5,6031.25,6032.0,346
2025-02-05 01:10:00-05:00,6032.25,6033.0,6031.75,6032.25,323
2025-02-05 01:15:00-05:00,6032.25,6034.5,6032.0,6034.0,466
2025-02-05 01:20:00-05:00,6034.25,6035.75,6034.25,6035.75,527
2025-02-05 01:25:00-05:00,6035.75,6036.75,6033.75,6035.25,987
2025-02-05 01:30:00-05:00,6035.0,6036.0,6035.0,6035.75,709
2025-02-05 01:35:00-05:00,6035.75,6035.75,6031.0,6031.5,888
2025-02-05 01:40:00-05:00,6031.75,6032.75,6029.5,6031.0,962
2025-02-05 01:45:00-05:00,6031.0,6032.25,6030.25,6031.0,364
2025-02-05 01:50:00-05:00,6031.25,6031.75,6030.5,6031.5,316
2025-02-05 01:55:00-05:00,6031.5,6031.75,6030.5,6031.0,259
2025-02-05 02:00:00-05:00,6031.0,6031.25,6026.75,6028.75,1762
2025-02-05 02:05:00-05:00,6028.5,6029.5,6027.25,6029.0,537
2025-02-05 02:10:00-05:00,6029.0,6030.75,6028.75,6029.5,508
2025-02-05 02:15:00-05:00,6029.5,6030.75,6028.5,6030.5,552
2025-02-05 02:20:00-05:00,6030.25,6032.25,6030.0,6031.0,462
2025-02-05 02:25:00-05:00,6031.0,6032.5,6029.75,6030.25,684
2025-02-05 02:30:00-05:00,6030.25,6031.0,6027.5,6027.5,648
2025-02-05 02:35:00-05:00,6027.5,6028.5,6025.25,6027.25,971
2025-02-05 02:40:00-05:00,6027.25,6029.75,6027.25,6029.0,722
2025-02-05 02:45:00-05:00,6029.0,6031.0,6028.5,6030.5,636
2025-02-05 02:50:00-05:00,6030.75,6031.0,6029.5,6030.25,550
2025-02-05 02:55:00-05:00,6030.0,6031.0,6030.0,6030.5,497
2025-02-05 03:00:00-05:00,6030.25,6035.25,6030.0,6034.25,1915
2025-02-05 03:05:00-05:00,6034.5,6034.75,6032.25,6032.25,919
2025-02-05 03:10:00-05:00,6032.25,6033.75,6030.75,6032.5,913
2025-02-05 03:15:00-05:00,6032.5,6033.75,6031.75,6032.5,630
2025-02-05 03:20:00-05:00,6032.75,6037.75,6032.75,6037.25,971
2025-02-05 03:25:00-05:00,6037.5,6039.25,6036.5,6039.25,1640
2025-02-05 03:30:00-05:00,6039.0,6040.25,6037.75,6039.0,1291
2025-02-05 03:35:00-05:00,6038.75,6039.25,6030.0,6032.0,5517
2025-02-05 03:40:00-05:00,6032.0,6033.25,6024.0,6026.0,3271
2025-02-05 03:45:00-05:00,6026.0,6031.75,6025.25,6030.75,1610
2025-02-05 03:50:00-05:00,6030.75,6032.25,6029.0,6029.5,687
2025-02-05 03:55:00-05:00,6029.75,6030.25,6028.25,6029.0,640
2025-02-05 04:00:00-05:00,6029.0,6032.75,6027.0,6032.5,1473
2025-02-05 04:05:00-05:00,6032.5,6035.5,6031.5,6032.25,2811
2025-02-05 04:10:00-05:00,6032.0,6036.5,6031.0,6035.25,1175
2025-02-05 04:15:00-05:00,6035.0,6035.5,6030.75,6031.25,993
2025-02-05 04:20:00-05:00,6031.25,6032.5,6027.0,6027.0,3257
2025-02-05 04:25:00-05:00,6027.25,6029.75,6025.75,6027.75,1284
2025-02-05 04:30:00-05:00,6027.75,6028.5,6025.5,6026.5,987
2025-02-05 04:35:00-05:00,6026.75,6028.5,6025.75,6025.75,782
2025-02-05 04:40:00-05:00,6026.0,6026.75,6020.75,6022.75,2567
2025-02-05 04:45:00-05:00,6022.5,6024.75,6021.75,6022.5,990
2025-02-05 04:50:00-05:00,6022.75,6025.0,6022.75,6024.25,745
2025-02-05 04:55:00-05:00,6024.5,6025.5,6021.25,6022.0,883
2025-02-05 05:00:00-05:00,6022.25,6024.5,6020.25,6024.25,1005
2025-02-05 05:05:00-05:00,6024.0,6029.0,6023.75,6028.5,1355
2025-02-05 05:10:00-05:00,6028.5,6030.0,6027.5,6027.75,757
2025-02-05 05:15:00-05:00,6027.5,6029.75,6027.0,6029.25,573
2025-02-05 05:20:00-05:00,6029.0,6030.0,6028.0,6028.25,574
2025-02-05 05:25:00-05:00,6028.0,6030.0,6027.25,6029.25,586
2025-02-05 05:30:00-05:00,6029.25,6030.0,6028.25,6030.0,504
2025-02-05 05:35:00-05:00,6030.0,6033.0,6030.0,6032.0,1327
2025-02-05 05:40:00-05:00,6031.75,6031.75,6029.75,6030.25,492
2025-02-05 05:45:00-05:00,6030.25,6031.0,6029.0,6030.75,490
2025-02-05 05:50:00-05:00,6030.5,6030.75,6028.75,6030.75,438
2025-02-05 05:55:00-05:00,6030.5,6031.75,6030.5,6031.25,483
2025-02-05 06:00:00-05:00,6031.5,6032.25,6030.75,6031.75,488
2025-02-05 06:05:00-05:00,6032.0,6032.75,6031.5,6032.0,782
2025-02-05 06:10:00-05:00,6032.0,6033.0,6031.0,6033.0,646
2025-02-05 06:15:00-05:00,6032.75,6034.5,6031.75,6034.25,1037
2025-02-05 06:20:00-05:00,6034.25,6035.75,6033.0,6035.5,720
2025-02-05 06:25:00-05:00,6035.5,6036.25,6034.25,6034.5,982
2025-02-05 06:30:00-05:00,6034.75,6035.25,6033.75,6033.75,564
2025-02-05 06:35:00-05:00,6033.5,6034.5,6032.75,6034.0,474
2025-02-05 06:40:00-05:00,6034.25,6035.75,6034.25,6035.5,1121
2025-02-05 06:45:00-05:00,6035.5,6035.75,6034.75,6035.5,711
2025-02-05 06:50:00-05:00,6035.75,6037.25,6035.75,6036.75,1165
2025-02-05 06:55:00-05:00,6036.5,6037.0,6035.5,6036.5,878
2025-02-05 07:00:00-05:00,6036.5,6037.25,6035.25,6036.5,1173
2025-02-05 07:05:00-05:00,6036.5,6036.75,6035.0,6035.25,1246
2025-02-05 07:10:00-05:00,6035.5,6036.0,6032.25,6033.0,1080
2025-02-05 07:15:00-05:00,6033.0,6036.75,6033.0,6036.0,1626
2025-02-05 07:20:00-05:00,6035.75,6036.25,6033.5,6034.75,1002
2025-02-05 07:25:00-05:00,6034.75,6036.25,6034.25,6036.25,752
2025-02-05 07:30:00-05:00,6036.25,6036.25,6034.5,6035.0,619
2025-02-05 07:35:00-05:00,6034.5,6036.5,6034.25,6035.5,668
2025-02-05 07:40:00-05:00,6035.5,6038.25,6035.5,6038.0,932
2025-02-05 07:45:00-05:00,6038.25,6039.5,6036.5,6036.75,2847
2025-02-05 07:50:00-05:00,6036.5,6038.25,6036.25,6037.5,884
2025-02-05 07:55:00-05:00,6037.5,6039.0,6036.75,6038.5,1025
2025-02-05 08:00:00-05:00,6038.5,6039.25,6035.25,6038.0,2165
2025-02-05 08:05:00-05:00,6038.0,6042.0,6037.0,6040.5,4507
2025-02-05 08:10:00-05:00,6040.25,6040.5,6037.0,6038.25,1923
2025-02-05 08:15:00-05:00,6038.25,6039.0,6033.75,6037.0,2720
2025-02-05 08:20:00-05:00,6037.25,6040.0,6036.25,6038.25,2013
2025-02-05 08:25:00-05:00,6038.5,6041.25,6037.75,6040.75,2214
2025-02-05 08:30:00-05:00,6040.75,6046.25,6038.75,6039.75,7126
2025-02-05 08:35:00-05:00,6039.75,6041.5,6037.75,6040.0,2970
2025-02-05 08:40:00-05:00,6040.25,6043.25,6039.5,6042.0,3022
2025-02-05 08:45:00-05:00,6042.25,6043.75,6040.5,6041.75,2728
2025-02-05 08:50:00-05:00,6042.0,6043.25,6041.5,6042.75,2430
2025-02-05 08:55:00-05:00,6043.0,6045.0,6042.5,6044.25,2908
2025-02-05 09:00:00-05:00,6044.0,6044.75,6041.25,6043.5,3929
2025-02-05 09:05:00-05:00,6043.25,6046.75,6043.25,6046.5,3308
2025-02-05 09:10:00-05:00,6046.25,6048.25,6045.75,6047.75,3395
2025-02-05 09:15:00-05:00,6048.0,6049.75,6047.75,6048.75,3408
2025-02-05 09:20:00-05:00,6048.75,6050.75,6047.75,6050.0,2626
2025-02-05 09:25:00-05:00,6050.25,6052.25,6049.0,6051.25,7833
2025-02-05 09:30:00-05:00,6051.0,6051.75,6046.25,6048.75,28272
2025-02-05 09:35:00-05:00,6048.75,6055.5,6048.25,6054.0,19396
2025-02-05 09:40:00-05:00,6054.25,6055.25,6051.75,6053.0,12335
2025-02-05 09:45:00-05:00,6053.25,6055.0,6050.5,6051.5,10446
2025-02-05 09:50:00-05:00,6051.5,6052.75,6044.5,6046.0,20420
2025-02-05 09:55:00-05:00,6046.0,6046.75,6038.75,6044.75,17667
2025-02-05 10:00:00-05:00,6045.25,6055.0,6029.5,6031.5,38510
2025-02-05 10:05:00-05:00,6031.5,6038.75,6030.25,6038.5,26350
2025-02-05 10:10:00-05:00,6038.5,6043.75,6033.75,6043.75,21525
2025-02-05 10:15:00-05:00,6043.5,6044.5,6036.25,6040.75,16373
2025-02-05 10:20:00-05:00,6040.75,6046.75,6037.25,6046.0,16569
2025-02-05 10:25:00-05:00,6045.75,6050.75,6045.75,6050.25,16106
2025-02-05 10:30:00-05:00,6050.5,6050.75,6042.0,6049.25,17832
2025-02-05 10:35:00-05:00,6049.5,6053.5,6048.25,6052.75,12118
2025-02-05 10:40:00-05:00,6053.0,6054.25,6050.25,6052.0,11988
2025-02-05 10:45:00-05:00,6052.25,6053.0,6047.25,6048.75,11539
2025-02-05 10:50:00-05:00,6048.75,6051.5,6046.5,6051.5,10637
2025-02-05 10:55:00-05:00,6051.5,6053.5,6048.0,6050.0,9690
2025-02-05 11:00:00-05:00,6050.0,6052.75,6047.25,6051.0,10766
2025-02-05 11:05:00-05:00,6051.25,6058.25,6050.5,6057.25,11533
2025-02-05 11:10:00-05:00,6057.25,6058.5,6052.25,6054.0,12342
2025-02-05 11:15:00-05:00,6053.75,6055.25,6046.5,6048.75,13926
2025-02-05 11:20:00-05:00,6048.75,6049.0,6045.25,6048.75,9801
2025-02-05 11:25:00-05:00,6048.75,6057.0,6047.25,6057.0,10427
2025-02-05 11:30:00-05:00,6057.0,6059.0,6055.5,6058.75,12795
2025-02-05 11:35:00-05:00,6058.75,6061.75,6058.0,6060.75,12991
2025-02-05 11:40:00-05:00,6060.75,6063.25,6058.25,6063.0,11180
2025-02-05 11:45:00-05:00,6063.0,6067.0,6061.25,6065.5,13255
2025-02-05 11:50:00-05:00,6065.75,6073.5,6065.75,6071.75,24470
2025-02-05 11:55:00-05:00,6071.75,6072.5,6068.25,6071.25,16544
2025-02-05 12:00:00-05:00,6071.5,6075.0,6070.75,6074.25,13026
2025-02-05 12:05:00-05:00,6074.25,6076.75,6073.0,6075.0,11463
2025-02-05 12:10:00-05:00,6075.0,6076.25,6072.75,6073.75,9250
2025-02-05 12:15:00-05:00,6074.0,6074.0,6070.75,6072.5,11118
2025-02-05 12:20:00-05:00,6072.25,6072.25,6067.5,6070.5,10653
2025-02-05 12:25:00-05:00,6070.25,6072.0,6069.25,6069.75,6602
2025-02-05 12:30:00-05:00,6069.5,6071.5,6069.0,6069.5,6469
2025-02-05 12:35:00-05:00,6069.75,6072.25,6068.25,6069.5,6213
2025-02-05 12:40:00-05:00,6069.5,6070.75,6068.25,6070.5,5330
2025-02-05 12:45:00-05:00,6070.5,6073.25,6070.0,6072.5,7247
2025-02-05 12:50:00-05:00,6072.5,6073.0,6067.75,6072.75,8846
2025-02-05 12:55:00-05:00,6072.75,6072.75,6070.0,6071.25,5659
2025-02-05 13:00:00-05:00,6071.25,6073.75,6071.25,6072.5,4994
2025-02-05 13:05:00-05:00,6072.75,6073.25,6070.25,6071.0,5705
2025-02-05 13:10:00-05:00,6071.25,6072.0,6068.75,6072.0,6646
2025-02-05 13:15:00-05:00,6072.0,6073.5,6070.25,6073.25,5113
2025-02-05 13:20:00-05:00,6073.0,6073.25,6071.0,6071.5,3965
2025-02-05 13:25:00-05:00,6071.25,6071.25,6066.5,6070.5,9610
2025-02-05 13:30:00-05:00,6070.25,6073.0,6068.75,6073.0,7668
2025-02-05 13:35:00-05:00,6072.75,6076.75,6072.25,6076.25,8557
2025-02-05 13:40:00-05:00,6076.25,6078.75,6074.0,6075.75,10041
2025-02-05 13:45:00-05:00,6075.75,6076.25,6074.5,6076.0,6220
2025-02-05 13:50:00-05:00,6075.75,6076.5,6072.25,6074.0,7634
2025-02-05 13:55:00-05:00,6073.75,6075.0,6071.25,6074.0,7461
2025-02-05 14:00:00-05:00,6074.0,6076.75,6073.75,6075.75,4680
2025-02-05 14:05:00-05:00,6075.75,6081.5,6075.5,6080.0,9128
2025-02-05 14:10:00-05:00,6080.25,6081.5,6077.75,6079.5,7377
2025-02-05 14:15:00-05:00,6079.5,6080.0,6078.0,6078.5,4210
2025-02-05 14:20:00-05:00,6078.75,6079.5,6077.75,6079.5,4204
2025-02-05 14:25:00-05:00,6079.25,6079.5,6077.0,6077.75,4129
2025-02-05 14:30:00-05:00,6077.75,6078.5,6076.0,6077.0,6160
2025-02-05 14:35:00-05:00,6077.25,6078.5,6075.75,6078.0,6091
2025-02-05 14:40:00-05:00,6078.0,6079.25,6076.25,6076.25,5305
2025-02-05 14:45:00-05:00,6076.25,6077.0,6075.0,6076.75,5039
2025-02-05 14:50:00-05:00,6076.5,6076.75,6073.5,6074.25,4622
2025-02-05 14:55:00-05:00,6074.5,6076.0,6073.75,6075.75,5498
2025-02-05 15:00:00-05:00,6075.5,6078.75,6075.25,6077.25,7469
2025-02-05 15:05:00-05:00,6077.5,6078.5,6075.25,6078.25,5838
2025-02-05 15:10:00-05:00,6078.0,6079.0,6077.75,6078.75,5250
2025-02-05 15:15:00-05:00,6078.75,6082.25,6078.5,6081.75,7901
2025-02-05 15:20:00-05:00,6081.5,6084.5,6081.5,6084.5,10352
2025-02-05 15:25:00-05:00,6084.25,6084.5,6081.0,6082.25,8484
2025-02-05 15:30:00-05:00,6082.0,6083.25,6080.25,6081.25,8137
2025-02-05 15:35:00-05:00,6081.0,6082.0,6078.75,6079.75,9118
2025-02-05 15:40:00-05:00,6079.75,6080.0,6073.75,6075.0,11934
2025-02-05 15:45:00-05:00,6074.75,6078.0,6074.25,6076.0,13813
2025-02-05 15:50:00-05:00,6075.75,6080.5,6073.5,6079.5,19138
2025-02-05 15:55:00-05:00,6079.5,6088.5,6079.25,6086.0,68857
2025-02-05 16:00:00-05:00,6086.0,6088.5,6083.75,6085.25,25778
2025-02-05 16:05:00-05:00,6085.0,6086.5,6084.25,6085.75,4363
2025-02-05 16:10:00-05:00,6085.75,6089.25,6085.5,6088.5,5266
2025-02-05 16:15:00-05:00,6088.25,6092.0,6088.25,6089.5,4047
2025-02-05 16:20:00-05:00,6089.75,6090.5,6088.5,6089.0,1524
2025-02-05 16:25:00-05:00,6089.25,6089.5,6088.0,6089.0,1543
2025-02-05 16:30:00-05:00,6089.0,6089.0,6087.25,6088.0,1155
2025-02-05 16:35:00-05:00,6088.25,6088.75,6087.75,6088.25,826
2025-02-05 16:40:00-05:00,6088.5,6088.5,6087.5,6087.5,973
2025-02-05 16:45:00-05:00,6087.5,6088.75,6086.75,6087.75,1228
2025-02-05 16:50:00-05:00,6087.75,6090.0,6087.5,6090.0,1622
2025-02-05 16:55:00-05:00,6090.0,6091.0,6089.75,6090.0,1949
2025-02-05 18:00:00-05:00,6090.25,6090.25,6087.25,6088.0,852
2025-02-05 18:05:00-05:00,6087.75,6088.25,6086.75,6086.75,407
2025-02-05 18:10:00-05:00,6087.0,6088.25,6087.0,6087.25,408
2025-02-05 18:15:00-05:00,6087.0,6088.0,6087.0,6087.75,260
2025-02-05 18:20:00-05:00,6087.25,6089.5,6087.25,6089.0,362
2025-02-05 18:25:00-05:00,6089.25,6090.0,6088.5,6088.75,325
2025-02-05 18:30:00-05:00,6088.75,6089.5,6087.0,6087.0,401
2025-02-05 18:35:00-05:00,6087.0,6088.0,6086.75,6087.25,261
2025-02-05 18:40:00-05:00,6087.5,6088.75,6087.0,6088.75,376
2025-02-05 18:45:00-05:00,6088.75,6090.5,6088.0,6089.25,570
2025-02-05 18:50:00-05:00,6089.5,6090.5,6089.25,6089.5,392
2025-02-05 18:55:00-05:00,6089.5,6090.25,6089.25,6090.0,231
2025-02-05 19:00:00-05:00,6090.0,6095.75,6089.75,6094.5,2430
2025-02-05 19:05:00-05:00,6094.75,6095.5,6094.0,6094.5,781
2025-02-05 19:10:00-05:00,6094.5,6095.25,6093.5,6094.5,592
2025-02-05 19:15:00-05:00,6094.25,6094.75,6093.5,6094.5,403
2025-02-05 19:20:00-05:00,6094.75,6095.25,6094.0,6094.5,260
2025-02-05 19:25:00-05:00,6094.5,6095.0,6094.0,6094.75,306
2025-02-05 19:30:00-05:00,6094.75,6095.5,6093.75,6094.25,375
2025-02-05 19:35:00-05:00,6094.25,6094.25,6092.0,6092.0,477
2025-02-05 19:40:00-05:00,6092.0,6093.0,6092.0,6092.5,352
2025-02-05 19:45:00-05:00,6092.5,6092.5,6091.25,6092.0,350
2025-02-05 19:50:00-05:00,6091.75,6092.0,6089.5,6091.75,769
2025-02-05 19:55:00-05:00,6091.75,6092.25,6091.25,6091.5,414
2025-02-05 20:00:00-05:00,6091.5,6093.25,6091.0,6092.0,439
2025-02-05 20:05:00-05:00,6092.0,6092.5,6090.5,6091.5,410
2025-02-05 20:10:00-05:00,6091.75,6093.75,6091.75,6093.5,319
2025-02-05 20:15:00-05:00,6093.75,6094.0,6092.75,6093.25,370
2025-02-05 20:20:00-05:00,6093.5,6093.5,6092.25,6092.25,255
2025-02-05 20:25:00-05:00,6092.25,6092.75,6091.75,6092.5,147
2025-02-05 20:30:00-05:00,6092.25,6093.25,6092.0,6092.75,259
2025-02-05 20:35:00-05:00,6092.75,6093.0,6091.5,6092.0,335
2025-02-05 20:40:00-05:00,6091.75,6092.5,6090.25,6091.0,616
2025-02-05 20:45:00-05:00,6090.75,6092.0,6090.5,6091.25,194
2025-02-05 20:50:00-05:00,6091.5,6092.25,6090.75,6092.0,331
2025-02-05 20:55:00-05:00,6092.0,6093.0,6091.5,6091.75,304
2025-02-05 21:00:00-05:00,6091.5,6091.5,6090.25,6091.0,363
2025-02-05 21:05:00-05:00,6090.75,6091.75,6090.0,6091.0,320
2025-02-05 21:10:00-05:00,6091.25,6092.25,6091.25,6092.0,178
2025-02-05 21:15:00-05:00,6091.75,6093.0,6091.5,6092.5,270
2025-02-05 21:20:00-05:00,6092.5,6092.75,6092.0,6092.5,394
2025-02-05 21:25:00-05:00,6092.5,6094.25,6092.5,6093.75,408
2025-02-05 21:30:00-05:00,6093.75,6094.25,6093.0,6094.25,225
2025-02-05 21:35:00-05:00,6094.0,6094.5,6093.25,6094.0,276
2025-02-05 21:40:00-05:00,6094.0,6094.25,6093.25,6093.5,229
2025-02-05 21:45:00-05:00,6093.5,6094.0,6093.0,6093.75,251
2025-02-05 21:50:00-05:00,6093.5,6094.0,6093.0,6093.75,222
2025-02-05 21:55:00-05:00,6093.75,6094.0,6093.25,6093.75,157
2025-02-05 22:00:00-05:00,6093.5,6095.0,6093.5,6094.25,335
2025-02-05 22:05:00-05:00,6094.5,6094.5,6092.75,6093.0,366
2025-02-05 22:10:00-05:00,6092.75,6093.0,6092.0,6093.0,288
2025-02-05 22:15:00-05:00,6093.0,6093.25,6092.5,6093.0,212
2025-02-05 22:20:00-05:00,6092.75,6093.25,6092.5,6092.5,158
2025-02-05 22:25:00-05:00,6092.5,6093.0,6092.5,6092.75,179
2025-02-05 22:30:00-05:00,6092.5,6093.25,6092.0,6093.0,268
2025-02-05 22:35:00-05:00,6093.0,6093.0,6092.25,6092.5,138
2025-02-05 22:40:00-05:00,6092.5,6093.25,6092.5,6092.75,161
2025-02-05 22:45:00-05:00,6092.75,6093.5,6092.0,6093.25,217
2025-02-05 22:50:00-05:00,6093.25,6094.0,6092.75,6094.0,162
2025-02-05 22:55:00-05:00,6094.0,6094.75,6093.75,6094.5,198
2025-02-05 23:00:00-05:00,6094.25,6094.75,6094.0,6094.75,313
2025-02-05 23:05:00-05:00,6095.0,6095.25,6094.25,6095.25,287
2025-02-05 23:10:00-05:00,6095.25,6096.25,6095.0,6096.0,330
2025-02-05 23:15:00-05:00,6096.0,6096.25,6095.25,6095.25,376
2025-02-05 23:20:00-05:00,6095.25,6096.25,6095.0,6096.25,299
2025-02-05 23:25:00-05:00,6096.25,6097.5,6096.0,6097.0,478
2025-02-05 23:30:00-05:00,6097.0,6097.5,6096.5,6097.5,238
2025-02-05 23:35:00-05:00,6097.25,6097.5,6096.25,6096.75,266
2025-02-05 23:40:00-05:00,6096.5,6097.25,6096.25,6096.75,233
2025-02-05 23:45:00-05:00,6096.75,6097.25,6096.5,6097.25,240
2025-02-05 23:50:00-05:00,6097.0,6098.25,6097.0,6098.25,398
2025-02-05 23:55:00-05:00,6098.25,6098.5,6097.75,6098.25,257
2025-02-06 00:00:00-05:00,6098.25,6099.0,6097.75,6098.75,731
2025-02-06 00:05:00-05:00,6098.5,6099.0,6098.25,6098.5,255
2025-02-06 00:10:00-05:00,6098.25,6099.75,6098.25,6099.5,386
2025-02-06 00:15:00-05:00,6099.5,6099.75,6099.25,6099.5,208
2025-02-06 00:20:00-05:00,6099.25,6102.0,6099.25,6101.25,1136
2025-02-06 00:25:00-05:00,6101.25,6102.0,6100.25,6101.75,524
2025-02-06 00:30:00-05:00,6101.75,6101.75,6100.5,6101.25,244
2025-02-06 00:35:00-05:00,6101.25,6103.0,6101.0,6102.75,372
2025-02-06 00:40:00-05:00,6102.75,6102.75,6101.75,6102.0,253
2025-02-06 00:45:00-05:00,6101.75,6102.75,6101.25,6102.75,316
2025-02-06 00:50:00-05:00,6102.5,6102.75,6101.75,6102.25,205
2025-02-06 00:55:00-05:00,6102.25,6102.75,6102.0,6102.25,211
2025-02-06 01:00:00-05:00,6102.5,6102.75,6102.0,6102.0,283
2025-02-06 01:05:00-05:00,6102.0,6102.25,6101.5,6101.75,230
2025-02-06 01:10:00-05:00,6101.75,6102.0,6101.25,6101.25,158
2025-02-06 01:15:00-05:00,6101.25,6101.5,6100.75,6101.25,271
2025-02-06 01:20:00-05:00,6101.5,6102.0,6101.0,6101.75,205
2025-02-06 01:25:00-05:00,6101.75,6102.25,6101.5,6101.75,271
2025-02-06 01:30:00-05:00,6101.75,6102.0,6100.5,6100.75,242
2025-02-06 01:35:00-05:00,6100.75,6101.25,6100.5,6100.75,209
2025-02-06 01:40:00-05:00,6100.75,6101.0,6100.25,6100.5,275
2025-02-06 01:45:00-05:00,6100.75,6100.75,6099.5,6099.5,622
2025-02-06 01:50:00-05:00,6099.75,6099.75,6099.0,6099.25,381
2025-02-06 01:55:00-05:00,6099.25,6099.5,6098.25,6099.25,305
2025-02-06 02:00:00-05:00,6099.0,6102.5,6098.75,6102.0,813
2025-02-06 02:05:00-05:00,6102.0,6102.5,6101.75,6102.25,245
2025-02-06 02:10:00-05:00,6102.25,6102.25,6100.25,6100.5,487
2025-02-06 02:15:00-05:00,6100.75,6100.75,6098.0,6098.5,558
2025-02-06 02:20:00-05:00,6098.25,6099.5,6098.0,6099.0,607
2025-02-06 02:25:00-05:00,6098.75,6099.0,6097.25,6098.75,513
2025-02-06 02:30:00-05:00,6098.5,6099.25,6097.5,6097.5,344
2025-02-06 02:35:00-05:00,6097.75,6098.25,6097.5,6097.75,278
2025-02-06 02:40:00-05:00,6097.75,6097.75,6096.5,6097.25,581
2025-02-06 02:45:00-05:00,6097.25,6097.75,6096.5,6097.25,299
2025-02-06 02:50:00-05:00,6097.25,6097.75,6095.25,6095.75,703
2025-02-06 02:55:00-05:00,6095.75,6095.75,6094.5,6095.25,703
2025-02-06 03:00:00-05:00,6095.5,6095.5,6092.5,6094.0,2167
2025-02-06 03:05:00-05:00,6093.75,6095.75,6093.25,6095.5,779
2025-02-06 03:10:00-05:00,6095.5,6097.0,6094.0,6094.75,701
2025-02-06 03:15:00-05:00,6095.0,6095.25,6093.25,6094.0,627
2025-02-06 03:20:00-05:00,6094.0,6097.25,6093.0,6097.0,949
2025-02-06 03:25:00-05:00,6097.0,6099.0,6096.25,6098.25,1377
2025-02-06 03:30:00-05:00,6098.25,6101.25,6097.75,6100.25,1248
2025-02-06 03:35:00-05:00,6100.0,6102.75,6100.0,6101.75,1078
2025-02-06 03:40:00-05:00,6102.0,6104.0,6101.25,6103.25,1043
2025-02-06 03:45:00-05:00,6103.5,6104.0,6102.25,6102.75,1219
2025-02-06 03:50:00-05:00,6102.75,6104.25,6102.0,6103.25,1275
2025-02-06 03:55:00-05:00,6103.5,6103.5,6101.75,6102.0,945
2025-02-06 04:00:00-05:00,6102.25,6103.5,6099.25,6103.25,1230
2025-02-06 04:05:00-05:00,6103.25,6104.5,6102.25,6103.5,1186
2025-02-06 04:10:00-05:00,6103.75,6105.0,6103.5,6104.25,619
2025-02-06 04:15:00-05:00,6104.5,6104.75,6102.5,6103.0,859
2025-02-06 04:20:00-05:00,6103.0,6103.25,6100.0,6100.25,750
2025-02-06 04:25:00-05:00,6100.0,6101.25,6099.25,6101.0,607
2025-02-06 04:30:00-05:00,6100.75,6102.0,6100.0,6101.25,648
2025-02-06 04:35:00-05:00,6101.25,6102.5,6100.75,6101.75,401
2025-02-06 04:40:00-05:00,6101.5,6101.75,6098.75,6099.25,1053
2025-02-06 04:45:00-05:00,6099.5,6099.75,6097.75,6099.75,595
2025-02-06 04:50:00-05:00,6099.5,6100.75,6099.25,6099.75,513
2025-02-06 04:55:00-05:00,6099.75,6100.5,6098.25,6098.5,484
2025-02-06 05:00:00-05:00,6098.75,6101.0,6098.0,6100.5,1192
2025-02-06 05:05:00-05:00,6100.0,6101.5,6099.25,6100.25,456
2025-02-06 05:10:00-05:00,6100.5,6101.5,6100.25,6100.25,473
2025-02-06 05:15:00-05:00,6100.5,6100.75,6099.25,6099.5,367
2025-02-06 05:20:00-05:00,6099.5,6100.25,6098.75,6099.5,512
2025-02-06 05:25:00-05:00,6099.75,6100.25,6097.5,6097.5,392
2025-02-06 05:30:00-05:00,6097.5,6097.75,6095.0,6096.0,911
2025-02-06 05:35:00-05:00,6096.25,6098.0,6096.25,6097.0,467
2025-02-06 05:40:00-05:00,6097.0,6098.5,6096.5,6097.25,467
2025-02-06 05:45:00-05:00,6097.5,6098.0,6096.5,6097.0,1030
2025-02-06 05:50:00-05:00,6097.25,6097.25,6094.25,6095.0,574
2025-02-06 05:55:00-05:00,6095.0,6095.25,6094.25,6095.0,748
2025-02-06 06:00:00-05:00,6094.75,6094.75,6089.25,6091.0,2989
2025-02-06 06:05:00-05:00,6091.0,6093.25,6090.5,6092.25,745
2025-02-06 06:10:00-05:00,6092.0,6093.25,6091.0,6091.5,1145
2025-02-06 06:15:00-05:00,6091.25,6093.0,6090.5,6091.5,975
2025-02-06 06:20:00-05:00,6091.5,6092.0,6089.5,6091.0,1406
2025-02-06 06:25:00-05:00,6091.0,6091.0,6088.5,6090.25,1053
2025-02-06 06:30:00-05:00,6090.5,6090.5,6086.5,6087.5,1422
2025-02-06 06:35:00-05:00,6087.5,6089.5,6087.0,6089.25,1547
2025-02-06 06:40:00-05:00,6089.0,6090.25,6088.5,6089.5,1018
2025-02-06 06:45:00-05:00,6089.5,6092.25,6087.75,6088.5,2131
2025-02-06 06:50:00-05:00,6088.25,6089.5,6087.75,6088.0,1383
2025-02-06 06:55:00-05:00,6088.25,6088.5,6086.5,6088.25,1322
2025-02-06 07:00:00-05:00,6088.0,6089.25,6086.5,6087.5,1868
2025-02-06 07:05:00-05:00,6087.5,6088.0,6086.5,6087.25,1515
2025-02-06 07:10:00-05:00,6087.25,6088.75,6087.0,6087.25,1017
2025-02-06 07:15:00-05:00,6087.25,6090.25,6086.25,6090.0,1913
2025-02-06 07:20:00-05:00,6090.0,6091.0,6089.5,6091.0,951
2025-02-06 07:25:00-05:00,6091.0,6092.25,6089.5,6091.25,1109
2025-02-06 07:30:00-05:00,6091.25,6092.25,6089.25,6089.5,1464
2025-02-06 07:35:00-05:00,6089.75,6092.5,6088.5,6092.25,1302
2025-02-06 07:40:00-05:00,6092.0,6094.5,6091.75,6093.75,1295
2025-02-06 07:45:00-05:00,6094.0,6095.5,6093.5,6095.5,1562
2025-02-06 07:50:00-05:00,6095.75,6097.5,6094.75,6096.5,1994
2025-02-06 07:55:00-05:00,6096.5,6098.0,6096.0,6098.0,1533
2025-02-06 08:00:00-05:00,6098.0,6101.0,6096.0,6099.5,3468
2025-02-06 08:05:00-05:00,6099.5,6099.75,6097.0,6098.5,2107
2025-02-06 08:10:00-05:00,6098.5,6099.25,6097.5,6097.75,1264
2025-02-06 08:15:00-05:00,6097.75,6099.25,6096.5,6097.25,1498
2025-02-06 08:20:00-05:00,6097.5,6099.75,6097.0,6099.5,1048
2025-02-06 08:25:00-05:00,6099.25,6100.75,6099.0,6099.0,1388
2025-02-06 08:30:00-05:00,6099.5,6101.25,6097.5,6098.75,2417
2025-02-06 08:35:00-05:00,6098.75,6099.75,6097.75,6097.75,1533
2025-02-06 08:40:00-05:00,6097.75,6097.75,6094.75,6095.0,1838
2025-02-06 08:45:00-05:00,6095.25,6098.0,6094.75,6097.5,1638
2025-02-06 08:50:00-05:00,6097.5,6098.25,6095.5,6098.0,1454
2025-02-06 08:55:00-05:00,6098.0,6101.0,6097.75,6101.0,1932
2025-02-06 09:00:00-05:00,6101.0,6103.0,6100.75,6101.75,2914
2025-02-06 09:05:00-05:00,6101.75,6102.75,6100.75,6101.25,2617
2025-02-06 09:10:00-05:00,6101.5,6102.5,6101.0,6101.75,1711
2025-02-06 09:15:00-05:00,6101.75,6104.75,6101.5,6104.75,2994
2025-02-06 09:20:00-05:00,6104.75,6106.25,6102.5,6105.25,2844
2025-02-06 09:25:00-05:00,6105.5,6106.0,6102.75,6103.75,9033
2025-02-06 09:30:00-05:00,6103.75,6104.5,6097.75,6100.0,31314
2025-02-06 09:35:00-05:00,6100.0,6100.25,6095.0,6096.0,17055
2025-02-06 09:40:00-05:00,6096.25,6100.5,6095.5,6100.5,16419
2025-02-06 09:45:00-05:00,6100.5,6105.0,6100.0,6100.5,17552
2025-02-06 09:50:00-05:00,6100.75,6102.0,6098.25,6099.5,12818
2025-02-06 09:55:00-05:00,6099.25,6099.25,6093.25,6096.0,17733
2025-02-06 10:00:00-05:00,6096.25,6097.0,6093.5,6094.25,13706
2025-02-06 10:05:00-05:00,6094.5,6100.0,6093.5,6099.0,13947
2025-02-06 10:10:00-05:00,6099.0,6102.0,6098.25,6101.0,12414
2025-02-06 10:15:00-05:00,6101.25,6103.25,6100.25,6100.5,10917
2025-02-06 10:20:00-05:00,6100.5,6102.5,6094.0,6094.75,15378
2025-02-06 10:25:00-05:00,6094.75,6095.5,6092.0,6093.25,16645
2025-02-06 10:30:00-05:00,6093.0,6096.25,6091.0,6094.5,15448
2025-02-06 10:35:00-05:00,6094.5,6101.75,6087.5,6088.25,24035
2025-02-06 10:40:00-05:00,6088.25,6097.75,6087.75,6091.25,20663
2025-02-06 10:45:00-05:00,6091.0,6091.5,6085.25,6088.5,17500
2025-02-06 10:50:00-05:00,6088.5,6092.75,6088.0,6091.75,15800
2025-02-06 10:55:00-05:00,6091.75,6093.25,6089.0,6090.25,8457
2025-02-06 11:00:00-05:00,6090.0,6094.0,6089.25,6092.75,9303
2025-02-06 11:05:00-05:00,6092.75,6095.5,6091.5,6095.25,7375
2025-02-06 11:10:00-05:00,6095.25,6100.0,6095.0,6099.75,12780
2025-02-06 11:15:00-05:00,6099.75,6100.5,6098.25,6100.25,6514
2025-02-06 11:20:00-05:00,6100.25,6101.0,6097.75,6100.5,7050
2025-02-06 11:25:00-05:00,6100.5,6101.0,6099.0,6099.25,7419
2025-02-06 11:30:00-05:00,6099.25,6099.75,6096.75,6097.5,7968
2025-02-06 11:35:00-05:00,6097.5,6098.75,6093.5,6095.75,10050
2025-02-06 11:40:00-05:00,6095.5,6095.75,6093.75,6094.25,7685
2025-02-06 11:45:00-05:00,6094.25,6096.25,6091.25,6095.75,9206
2025-02-06 11:50:00-05:00,6095.75,6099.0,6095.25,6097.75,8370
2025-02-06 11:55:00-05:00,6097.75,6098.5,6093.75,6095.0,7347
2025-02-06 12:00:00-05:00,6095.25,6095.75,6091.25,6095.25,9580
2025-02-06 12:05:00-05:00,6095.0,6095.25,6092.75,6093.75,4914
2025-02-06 12:10:00-05:00,6094.0,6094.25,6091.5,6092.0,4657
2025-02-06 12:15:00-05:00,6092.0,6097.25,6091.25,6097.0,6159
2025-02-06 12:20:00-05:00,6097.0,6100.5,6097.0,6099.5,6962
2025-02-06 12:25:00-05:00,6099.75,6100.0,6094.75,6095.25,5642
2025-02-06 12:30:00-05:00,6095.5,6095.75,6092.5,6095.5,6472
2025-02-06 12:35:00-05:00,6095.5,6097.5,6095.25,6096.25,4247
2025-02-06 12:40:00-05:00,6096.5,6097.25,6095.75,6097.0,2319
2025-02-06 12:45:00-05:00,6097.0,6098.5,6096.0,6098.25,3069
2025-02-06 12:50:00-05:00,6098.5,6100.75,6098.25,6100.5,4939
2025-02-06 12:55:00-05:00,6100.5,6101.75,6099.5,6100.25,6122
2025-02-06 13:00:00-05:00,6100.25,6102.75,6100.0,6102.5,6914
2025-02-06 13:05:00-05:00,6102.5,6104.0,6097.75,6099.75,11008
2025-02-06 13:10:00-05:00,6100.0,6102.25,6096.75,6098.75,12577
2025-02-06 13:15:00-05:00,6098.75,6102.5,6097.0,6100.25,10666
2025-02-06 13:20:00-05:00,6100.5,6101.75,6099.0,6101.25,4195
2025-02-06 13:25:00-05:00,6101.25,6101.25,6098.0,6099.75,5108
2025-02-06 13:30:00-05:00,6099.75,6102.0,6099.5,6100.5,4612
2025-02-06 13:35:00-05:00,6100.25,6100.75,6096.5,6097.25,5838
2025-02-06 13:40:00-05:00,6097.0,6101.0,6095.25,6097.75,10016
2025-02-06 13:45:00-05:00,6097.75,6098.5,6095.25,6098.25,6153
2025-02-06 13:50:00-05:00,6098.0,6098.25,6095.25,6095.5,4567
2025-02-06 13:55:00-05:00,6095.25,6096.75,6094.25,6095.5,4997
2025-02-06 14:00:00-05:00,6095.25,6097.75,6093.5,6096.75,7538
2025-02-06 14:05:00-05:00,6096.5,6098.0,6095.75,6097.75,3918
2025-02-06 14:10:00-05:00,6097.5,6098.5,6095.25,6095.75,3868
2025-02-06 14:15:00-05:00,6095.75,6098.0,6094.25,6095.75,5300
2025-02-06 14:20:00-05:00,6096.0,6096.25,6094.5,6094.75,3652
2025-02-06 14:25:00-05:00,6094.75,6095.0,6087.25,6089.25,14847
2025-02-06 14:30:00-05:00,6089.5,6089.75,6070.0,6074.0,40941
2025-02-06 14:35:00-05:00,6074.0,6081.0,6072.0,6079.25,22508
2025-02-06 14:40:00-05:00,6079.25,6080.75,6075.0,6077.25,14610
2025-02-06 14:45:00-05:00,6077.25,6084.25,6076.25,6083.75,11499
2025-02-06 14:50:00-05:00,6083.5,6086.75,6083.25,6085.0,12139
2025-02-06 14:55:00-05:00,6085.0,6086.0,6079.25,6081.0,11865
2025-02-06 15:00:00-05:00,6080.75,6082.25,6078.75,6081.0,9692
2025-02-06 15:05:00-05:00,6081.0,6084.5,6080.5,6084.0,7901
2025-02-06 15:10:00-05:00,6083.75,6085.75,6083.25,6085.75,6647
2025-02-06 15:15:00-05:00,6085.5,6090.75,6085.5,6088.25,12485
2025-02-06 15:20:00-05:00,6088.25,6090.75,6087.25,6090.25,7153
2025-02-06 15:25:00-05:00,6090.25,6092.0,6090.25,6091.25,7297
2025-02-06 15:30:00-05:00,6091.25,6093.5,6090.5,6091.5,9694
2025-02-06 15:35:00-05:00,6091.5,6093.0,6089.5,6092.5,8135
2025-02-06 15:40:00-05:00,6092.5,6094.5,6091.75,6094.0,8820
2025-02-06 15:45:00-05:00,6094.0,6099.0,6093.75,6097.75,11927
2025-02-06 15:50:00-05:00,6097.75,6106.0,6097.75,6105.25,30685
2025-02-06 15:55:00-05:00,6105.25,6108.5,6102.75,6107.0,68587
2025-02-06 16:00:00-05:00,6107.25,6107.75,6075.25,6095.75,39933
2025-02-06 16:05:00-05:00,6095.75,6096.25,6090.5,6093.25,8864
2025-02-06 16:10:00-05:00,6093.25,6096.25,6093.25,6094.0,4017
2025-02-06 16:15:00-05:00,6094.25,6099.5,6092.75,6098.0,4097
2025-02-06 16:20:00-05:00,6097.75,6099.5,6096.25,6098.0,2586
2025-02-06 16:25:00-05:00,6098.0,6098.75,6095.25,6096.5,1418
2025-02-06 16:30:00-05:00,6096.5,6100.5,6096.0,6099.0,1921
2025-02-06 16:35:00-05:00,6099.0,6100.5,6096.25,6096.25,1735
2025-02-06 16:40:00-05:00,6096.5,6097.5,6095.25,6096.5,1153
2025-02-06 16:45:00-05:00,6096.0,6097.0,6093.5,6094.25,1461
2025-02-06 16:50:00-05:00,6094.0,6095.0,6092.5,6093.25,1156
2025-02-06 16:55:00-05:00,6093.25,6096.0,6092.75,6094.25,2252
2025-02-06 18:00:00-05:00,6089.75,6095.0,6084.5,6094.0,1979
2025-02-06 18:05:00-05:00,6094.0,6099.25,6093.25,6098.75,1290
2025-02-06 18:10:00-05:00,6098.75,6099.5,6098.0,6098.25,699
2025-02-06 18:15:00-05:00,6098.5,6100.25,6098.25,6099.25,454
2025-02-06 18:20:00-05:00,6099.25,6099.5,6098.5,6099.0,416
2025-02-06 18:25:00-05:00,6098.75,6101.5,6098.25,6100.25,561
2025-02-06 18:30:00-05:00,6100.25,6100.25,6098.5,6099.0,259
2025-02-06 18:35:00-05:00,6099.0,6099.75,6098.75,6099.0,128
2025-02-06 18:40:00-05:00,6099.0,6100.0,6098.25,6099.75,316
2025-02-06 18:45:00-05:00,6100.0,6100.0,6099.0,6099.0,218
2025-02-06 18:50:00-05:00,6099.0,6100.0,6098.5,6100.0,242
2025-02-06 18:55:00-05:00,6099.75,6100.75,6099.75,6100.25,269
2025-02-06 19:00:00-05:00,6100.25,6102.0,6099.75,6101.5,349
2025-02-06 19:05:00-05:00,6101.5,6102.0,6100.0,6100.5,211
2025-02-06 19:10:00-05:00,6100.5,6102.25,6100.5,6101.5,202
2025-02-06 19:15:00-05:00,6101.25,6101.5,6100.75,6100.75,223
2025-02-06 19:20:00-05:00,6100.75,6101.25,6100.0,6101.25,354
2025-02-06 19:25:00-05:00,6101.0,6101.25,6100.5,6101.0,153
2025-02-06 19:30:00-05:00,6101.25,6101.25,6100.25,6100.25,191
2025-02-06 19:35:00-05:00,6100.25,6101.0,6098.0,6100.0,857
2025-02-06 19:40:00-05:00,6100.25,6100.5,6099.5,6100.25,113
2025-02-06 19:45:00-05:00,6100.5,6101.0,6099.75,6101.0,190
2025-02-06 19:50:00-05:00,6101.0,6101.5,6100.5,6101.5,163
2025-02-06 19:55:00-05:00,6101.5,6103.75,6101.5,6103.25,753
2025-02-06 20:00:00-05:00,6103.5,6104.5,6103.0,6104.0,644
2025-02-06 20:05:00-05:00,6104.0,6105.0,6103.5,6104.75,392
2025-02-06 20:10:00-05:00,6104.5,6105.75,6104.0,6104.25,468
2025-02-06 20:15:00-05:00,6104.25,6104.25,6102.75,6103.5,381
2025-02-06 20:20:00-05:00,6103.5,6104.25,6103.0,6104.0,205
2025-02-06 20:25:00-05:00,6104.0,6104.0,6102.75,6103.0,190
2025-02-06 20:30:00-05:00,6103.0,6104.5,6103.0,6104.5,245
2025-02-06 20:35:00-05:00,6104.5,6108.0,6104.25,6107.5,924
2025-02-06 20:40:00-05:00,6107.5,6107.75,6106.75,6107.5,343
2025-02-06 20:45:00-05:00,6107.5,6108.25,6107.0,6107.5,339
2025-02-06 20:50:00-05:00,6107.5,6107.75,6106.75,6107.5,220
2025-02-06 20:55:00-05:00,6107.5,6107.75,6106.25,6106.75,181
2025-02-06 21:00:00-05:00,6106.75,6108.0,6106.75,6107.0,279
2025-02-06 21:05:00-05:00,6107.0,6107.0,6105.25,6105.75,288
2025-02-06 21:10:00-05:00,6105.75,6105.75,6104.5,6105.25,288
2025-02-06 21:15:00-05:00,6105.25,6106.0,6105.0,6105.5,230
2025-02-06 21:20:00-05:00,6105.5,6106.5,6105.5,6105.5,201
2025-02-06 21:25:00-05:00,6105.5,6105.75,6105.0,6105.5,179
2025-02-06 21:30:00-05:00,6105.5,6105.5,6105.0,6105.25,149
2025-02-06 21:35:00-05:00,6105.0,6105.25,6104.0,6104.75,257
2025-02-06 21:40:00-05:00,6105.0,6106.0,6104.75,6105.5,161
2025-02-06 21:45:00-05:00,6105.5,6105.5,6104.75,6105.0,166
2025-02-06 21:50:00-05:00,6105.0,6105.75,6105.0,6105.75,245
2025-02-06 21:55:00-05:00,6105.75,6106.75,6105.5,6106.5,198
2025-02-06 22:00:00-05:00,6106.5,6106.5,6105.75,6106.0,251
2025-02-06 22:05:00-05:00,6105.75,6107.5,6105.75,6106.75,597
2025-02-06 22:10:00-05:00,6106.75,6106.75,6104.75,6104.75,255
2025-02-06 22:15:00-05:00,6105.0,6106.0,6104.5,6105.25,232
2025-02-06 22:20:00-05:00,6105.25,6105.25,6104.25,6105.0,249
2025-02-06 22:25:00-05:00,6104.75,6104.75,6104.0,6104.25,108
2025-02-06 22:30:00-05:00,6104.5,6105.25,6104.25,6105.0,111
2025-02-06 22:35:00-05:00,6105.0,6105.25,6104.0,6104.25,98
2025-02-06 22:40:00-05:00,6104.0,6104.25,6102.25,6102.5,419
2025-02-06 22:45:00-05:00,6102.75,6103.5,6102.0,6103.25,351
2025-02-06 22:50:00-05:00,6103.25,6103.75,6102.75,6103.5,190
2025-02-06 22:55:00-05:00,6103.5,6103.5,6102.25,6102.5,170
2025-02-06 23:00:00-05:00,6102.5,6103.0,6102.25,6102.5,108
2025-02-06 23:05:00-05:00,6102.25,6102.5,6101.75,6102.0,113
2025-02-06 23:10:00-05:00,6102.0,6102.0,6101.5,6101.75,117
2025-02-06 23:15:00-05:00,6101.5,6102.25,6101.25,6102.0,97
2025-02-06 23:20:00-05:00,6101.75,6102.0,6101.5,6101.75,86
2025-02-06 23:25:00-05:00,6101.75,6102.25,6100.75,6101.0,242
2025-02-06 23:30:00-05:00,6101.25,6101.5,6100.75,6101.25,100
2025-02-06 23:35:00-05:00,6101.0,6101.5,6100.5,6101.25,152
2025-02-06 23:40:00-05:00,6101.25,6101.25,6101.0,6101.25,70
2025-02-06 23:45:00-05:00,6101.5,6101.75,6100.75,6101.0,144
2025-02-06 23:50:00-05:00,6101.25,6101.25,6100.25,6100.5,133
2025-02-06 23:55:00-05:00,6100.5,6100.75,6100.25,6100.5,104
2025-02-07 00:00:00-05:00,6100.75,6101.0,6100.25,6101.0,122
2025-02-07 00:05:00-05:00,6100.5,6101.0,6100.25,6100.5,104
2025-02-07 00:10:00-05:00,6100.75,6101.0,6100.5,6100.75,93
2025-02-07 00:15:00-05:00,6100.5,6101.0,6100.25,6100.5,148
2025-02-07 00:20:00-05:00,6100.5,6100.5,6099.75,6100.5,396
2025-02-07 00:25:00-05:00,6100.5,6100.75,6100.0,6100.5,227
2025-02-07 00:30:00-05:00,6100.5,6101.5,6099.75,6100.25,403
2025-02-07 00:35:00-05:00,6100.0,6100.75,6100.0,6100.5,128
2025-02-07 00:40:00-05:00,6100.75,6100.75,6099.0,6099.25,326
2025-02-07 00:45:00-05:00,6099.25,6099.75,6098.25,6098.75,315
2025-02-07 00:50:00-05:00,6098.75,6099.0,6098.25,6098.75,226
2025-02-07 00:55:00-05:00,6098.75,6100.0,6098.5,6099.25,239
2025-02-07 01:00:00-05:00,6099.25,6099.5,6097.75,6098.0,432
2025-02-07 01:05:00-05:00,6098.0,6098.0,6095.5,6097.25,779
2025-02-07 01:10:00-05:00,6097.25,6097.5,6095.25,6095.5,325
2025-02-07 01:15:00-05:00,6095.75,6096.0,6094.0,6094.25,497
2025-02-07 01:20:00-05:00,6094.5,6097.0,6094.5,6095.75,314
2025-02-07 01:25:00-05:00,6095.75,6096.5,6095.5,6096.5,221
2025-02-07 01:30:00-05:00,6096.5,6096.75,6095.25,6095.75,322
2025-02-07 01:35:00-05:00,6095.5,6096.0,6094.0,6095.75,277
2025-02-07 01:40:00-05:00,6096.0,6098.0,6096.0,6097.5,411
2025-02-07 01:45:00-05:00,6097.5,6098.0,6096.5,6098.0,226
2025-02-07 01:50:00-05:00,6097.75,6099.5,6097.25,6098.5,293
2025-02-07 01:55:00-05:00,6098.5,6100.25,6098.25,6100.25,243
2025-02-07 02:00:00-05:00,6100.25,6102.0,6100.0,6100.75,628
2025-02-07 02:05:00-05:00,6100.5,6103.25,6099.25,6100.75,1246
2025-02-07 02:10:00-05:00,6101.0,6102.0,6101.0,6101.25,285
2025-02-07 02:15:00-05:00,6101.25,6102.5,6101.0,6102.0,553
2025-02-07 02:20:00-05:00,6101.75,6101.75,6101.0,6101.25,233
2025-02-07 02:25:00-05:00,6101.5,6102.0,6100.75,6101.0,109
2025-02-07 02:30:00-05:00,6101.25,6102.5,6101.0,6102.25,199
2025-02-07 02:35:00-05:00,6102.5,6102.75,6102.25,6102.75,138
2025-02-07 02:40:00-05:00,6102.75,6103.0,6101.5,6102.0,255
2025-02-07 02:45:00-05:00,6102.25,6102.75,6102.0,6102.5,278
2025-02-07 02:50:00-05:00,6102.5,6102.75,6101.5,6102.0,220
2025-02-07 02:55:00-05:00,6102.0,6102.25,6100.75,6100.75,419
2025-02-07 03:00:00-05:00,6100.5,6103.75,6100.5,6102.75,1094
2025-02-07 03:05:00-05:00,6102.75,6106.0,6102.5,6105.75,1060
2025-02-07 03:10:00-05:00,6105.5,6106.75,6104.5,6104.75,857
2025-02-07 03:15:00-05:00,6104.5,6105.5,6103.5,6103.75,678
2025-02-07 03:20:00-05:00,6103.75,6104.25,6098.5,6099.0,1069
2025-02-07 03:25:00-05:00,6098.75,6101.0,6098.75,6100.75,596
2025-02-07 03:30:00-05:00,6100.75,6101.75,6099.5,6101.5,593
2025-02-07 03:35:00-05:00,6101.5,6102.25,6101.25,6101.75,287
2025-02-07 03:40:00-05:00,6102.0,6103.5,6102.0,6103.0,544
2025-02-07 03:45:00-05:00,6103.0,6103.25,6100.5,6100.75,256
2025-02-07 03:50:00-05:00,6100.5,6101.0,6099.5,6099.75,323
2025-02-07 03:55:00-05:00,6099.75,6100.5,6098.0,6099.75,703
2025-02-07 04:00:00-05:00,6099.75,6101.5,6098.75,6101.25,795
2025-02-07 04:05:00-05:00,6101.25,6103.5,6101.25,6102.75,570
2025-02-07 04:10:00-05:00,6103.0,6103.5,6101.25,6101.75,437
2025-02-07 04:15:00-05:00,6101.5,6103.0,6101.0,6101.25,393
2025-02-07 04:20:00-05:00,6101.25,6101.25,6099.25,6100.5,439
2025-02-07 04:25:00-05:00,6100.5,6101.5,6099.25,6100.5,611
2025-02-07 04:30:00-05:00,6100.75,6103.0,6100.5,6102.25,989
2025-02-07 04:35:00-05:00,6102.5,6104.0,6102.25,6103.5,716
2025-02-07 04:40:00-05:00,6103.75,6106.0,6103.75,6104.5,733
2025-02-07 04:45:00-05:00,6104.5,6104.5,6103.25,6103.5,290
2025-02-07 04:50:00-05:00,6103.5,6105.0,6103.5,6104.0,437
2025-02-07 04:55:00-05:00,6104.0,6104.75,6102.75,6104.5,577
2025-02-07 05:00:00-05:00,6104.25,6104.75,6103.5,6104.25,448
2025-02-07 05:05:00-05:00,6104.25,6105.25,6104.25,6104.75,452
2025-02-07 05:10:00-05:00,6104.5,6104.75,6103.5,6103.75,278
2025-02-07 05:15:00-05:00,6103.5,6104.75,6103.25,6104.0,548
2025-02-07 05:20:00-05:00,6104.0,6106.0,6103.75,6105.5,872
2025-02-07 05:25:00-05:00,6105.5,6106.0,6105.5,6105.5,310
2025-02-07 05:30:00-05:00,6105.75,6106.0,6103.75,6104.0,516
2025-02-07 05:35:00-05:00,6104.0,6104.5,6102.25,6104.0,394
2025-02-07 05:40:00-05:00,6104.0,6104.5,6103.25,6103.5,205
2025-02-07 05:45:00-05:00,6103.5,6103.75,6102.5,6103.25,308
2025-02-07 05:50:00-05:00,6103.25,6104.5,6102.25,6102.75,752
2025-02-07 05:55:00-05:00,6102.75,6104.5,6102.75,6103.75,609
2025-02-07 06:00:00-05:00,6103.75,6105.0,6103.5,6104.75,264
2025-02-07 06:05:00-05:00,6104.75,6105.0,6103.25,6104.5,212
2025-02-07 06:10:00-05:00,6104.75,6104.75,6103.25,6103.5,309
2025-02-07 06:15:00-05:00,6103.75,6104.0,6103.5,6103.5,235
2025-02-07 06:20:00-05:00,6103.5,6103.5,6101.5,6102.25,458
2025-02-07 06:25:00-05:00,6102.25,6104.5,6102.25,6103.5,286
2025-02-07 06:30:00-05:00,6103.5,6105.0,6103.25,6104.0,281
2025-02-07 06:35:00-05:00,6104.25,6105.25,6104.0,6104.75,388
2025-02-07 06:40:00-05:00,6104.75,6106.75,6104.75,6106.5,499
2025-02-07 06:45:00-05:00,6106.75,6107.25,6105.75,6107.0,528
2025-02-07 06:50:00-05:00,6107.25,6109.5,6107.25,6107.75,937
2025-02-07 06:55:00-05:00,6108.0,6108.25,6107.0,6107.5,527
2025-02-07 07:00:00-05:00,6107.5,6108.25,6106.75,6107.25,700
2025-02-07 07:05:00-05:00,6107.25,6107.25,6105.75,6106.75,796
2025-02-07 07:10:00-05:00,6106.75,6107.75,6106.5,6106.75,492
2025-02-07 07:15:00-05:00,6106.75,6108.0,6106.5,6107.25,450
2025-02-07 07:20:00-05:00,6107.25,6107.5,6105.75,6106.0,579
2025-02-07 07:25:00-05:00,6106.25,6107.25,6106.0,6106.0,602
2025-02-07 07:30:00-05:00,6106.0,6106.25,6103.5,6105.0,797
2025-02-07 07:35:00-05:00,6105.25,6106.0,6104.75,6105.25,430
2025-02-07 07:40:00-05:00,6105.5,6106.0,6105.0,6105.75,400
2025-02-07 07:45:00-05:00,6106.0,6106.0,6104.75,6106.0,603
2025-02-07 07:50:00-05:00,6105.75,6106.75,6105.0,6105.25,586
2025-02-07 07:55:00-05:00,6105.5,6105.75,6104.5,6104.5,551
2025-02-07 08:00:00-05:00,6104.75,6105.0,6103.75,6104.0,884
2025-02-07 08:05:00-05:00,6103.75,6104.0,6101.0,6101.5,1976
2025-02-07 08:10:00-05:00,6101.25,6103.5,6101.0,6103.5,1255
2025-02-07 08:15:00-05:00,6103.25,6106.25,6103.25,6103.5,1326
2025-02-07 08:20:00-05:00,6103.25,6103.5,6099.5,6100.0,1988
2025-02-07 08:25:00-05:00,6100.0,6102.0,6099.0,6101.75,1801
2025-02-07 08:30:00-05:00,6101.0,6114.75,6087.5,6098.25,22526
2025-02-07 08:35:00-05:00,6098.25,6102.5,6092.5,6100.25,9608
2025-02-07 08:40:00-05:00,6100.5,6112.0,6100.25,6108.5,10689
2025-02-07 08:45:00-05:00,6108.5,6108.75,6101.25,6103.0,4855
2025-02-07 08:50:00-05:00,6102.75,6107.25,6101.25,6105.5,4225
2025-02-07 08:55:00-05:00,6105.75,6110.25,6105.75,6109.25,3683
2025-02-07 09:00:00-05:00,6109.25,6109.75,6105.0,6108.75,4272
2025-02-07 09:05:00-05:00,6108.5,6109.0,6105.5,6107.75,2656
2025-02-07 09:10:00-05:00,6107.75,6110.5,6106.75,6110.25,2196
2025-02-07 09:15:00-05:00,6110.0,6112.25,6108.5,6110.5,2910
2025-02-07 09:20:00-05:00,6110.25,6110.75,6108.0,6109.5,1781
2025-02-07 09:25:00-05:00,6109.5,6112.0,6108.0,6110.75,4374
2025-02-07 09:30:00-05:00,6110.5,6116.5,6107.25,6113.75,27162
2025-02-07 09:35:00-05:00,6114.0,6115.25,6109.0,6114.75,19986
2025-02-07 09:40:00-05:00,6114.75,6119.5,6114.0,6117.0,16818
2025-02-07 09:45:00-05:00,6117.25,6121.75,6116.75,6120.5,14964
2025-02-07 09:50:00-05:00,6120.5,6123.25,6119.0,6121.5,14981
2025-02-07 09:55:00-05:00,6121.5,6121.75,6117.0,6120.0,14680
2025-02-07 10:00:00-05:00,6120.5,6120.5,6085.75,6089.25,59767
2025-02-07 10:05:00-05:00,6089.25,6099.0,6084.75,6097.5,35743
2025-02-07 10:10:00-05:00,6097.5,6098.25,6078.75,6084.25,40595
2025-02-07 10:15:00-05:00,6084.25,6090.75,6079.5,6088.5,27164
2025-02-07 10:20:00-05:00,6088.5,6094.25,6082.0,6092.25,22136
2025-02-07 10:25:00-05:00,6092.25,6095.25,6087.0,6087.0,16808
2025-02-07 10:30:00-05:00,6087.0,6090.0,6083.75,6089.0,17063
2025-02-07 10:35:00-05:00,6088.75,6096.75,6087.0,6089.0,17882
2025-02-07 10:40:00-05:00,6089.0,6093.75,6084.25,6086.0,13946
2025-02-07 10:45:00-05:00,6086.0,6090.5,6081.5,6089.5,15564
2025-02-07 10:50:00-05:00,6089.5,6095.5,6052.5,6058.75,53161
2025-02-07 10:55:00-05:00,6059.0,6076.0,6056.75,6075.5,41082
2025-02-07 11:00:00-05:00,6075.75,6076.75,6056.75,6062.0,29427
2025-02-07 11:05:00-05:00,6062.0,6077.75,6056.25,6075.75,25488
2025-02-07 11:10:00-05:00,6075.75,6076.75,6064.25,6065.75,19529
2025-02-07 11:15:00-05:00,6066.0,6086.5,6063.75,6077.5,30043
2025-02-07 11:20:00-05:00,6077.5,6085.75,6070.0,6071.75,25156
2025-02-07 11:25:00-05:00,6071.75,6074.5,6060.0,6061.0,21269
2025-02-07 11:30:00-05:00,6061.25,6070.0,6061.0,6067.5,19105
2025-02-07 11:35:00-05:00,6067.25,6069.0,6059.5,6062.5,14584
2025-02-07 11:40:00-05:00,6062.75,6068.5,6058.0,6061.25,16967
2025-02-07 11:45:00-05:00,6061.5,6063.75,6055.5,6059.25,24825
2025-02-07 11:50:00-05:00,6059.25,6062.25,6053.75,6057.25,18997
2025-02-07 11:55:00-05:00,6057.5,6067.5,6055.75,6056.75,28540
2025-02-07 12:00:00-05:00,6056.75,6057.5,6051.25,6054.25,21703
2025-02-07 12:05:00-05:00,6054.25,6067.75,6048.25,6064.5,41100
2025-02-07 12:10:00-05:00,6064.5,6067.75,6056.5,6066.5,19952
2025-02-07 12:15:00-05:00,6066.25,6067.25,6046.5,6055.25,40607
2025-02-07 12:20:00-05:00,6055.25,6066.25,6051.25,6054.75,32990
2025-02-07 12:25:00-05:00,6054.75,6061.0,6053.0,6057.25,12349
2025-02-07 12:30:00-05:00,6057.0,6063.0,6053.75,6056.5,13809
2025-02-07 12:35:00-05:00,6056.75,6064.75,6055.75,6063.5,10849
2025-02-07 12:40:00-05:00,6063.5,6065.5,6060.25,6063.0,9079
2025-02-07 12:45:00-05:00,6063.0,6068.0,6062.25,6066.25,7628
2025-02-07 12:50:00-05:00,6066.25,6069.5,6060.75,6065.25,11212
2025-02-07 12:55:00-05:00,6065.25,6067.75,6061.5,6062.25,7061
2025-02-07 13:00:00-05:00,6062.25,6070.75,6061.25,6068.75,10723
2025-02-07 13:05:00-05:00,6068.75,6077.5,6068.75,6074.5,14259
2025-02-07 13:10:00-05:00,6074.75,6077.0,6072.75,6075.75,6874
2025-02-07 13:15:00-05:00,6075.75,6078.5,6075.25,6076.75,9156
2025-02-07 13:20:00-05:00,6076.5,6076.75,6071.25,6074.0,9434
2025-02-07 13:25:00-05:00,6073.75,6075.75,6072.25,6074.5,6318
2025-02-07 13:30:00-05:00,6074.25,6076.5,6073.25,6076.25,5624
2025-02-07 13:35:00-05:00,6076.25,6077.5,6075.25,6076.75,4746
2025-02-07 13:40:00-05:00,6076.75,6077.0,6061.5,6064.25,18018
2025-02-07 13:45:00-05:00,6064.5,6064.75,6058.0,6061.25,14069
2025-02-07 13:50:00-05:00,6061.5,6063.0,6056.5,6058.25,11505
2025-02-07 13:55:00-05:00,6058.5,6059.25,6051.75,6053.25,12819
2025-02-07 14:00:00-05:00,6053.25,6056.75,6051.75,6056.0,11678
2025-02-07 14:05:00-05:00,6055.75,6056.75,6050.5,6053.5,9608
2025-02-07 14:10:00-05:00,6053.25,6054.75,6047.25,6050.25,11061
2025-02-07 14:15:00-05:00,6050.0,6053.0,6048.5,6049.75,8659
2025-02-07 14:20:00-05:00,6049.5,6051.25,6044.75,6049.5,15874
2025-02-07 14:25:00-05:00,6049.25,6051.5,6046.25,6046.75,8926
2025-02-07 14:30:00-05:00,6046.75,6051.0,6043.75,6050.75,16601
2025-02-07 14:35:00-05:00,6050.75,6053.75,6048.25,6053.0,8287
2025-02-07 14:40:00-05:00,6052.75,6056.0,6050.25,6054.75,12529
2025-02-07 14:45:00-05:00,6054.75,6056.25,6050.75,6055.75,8709
2025-02-07 14:50:00-05:00,6055.75,6056.75,6051.5,6053.0,7843
2025-02-07 14:55:00-05:00,6053.25,6054.5,6050.5,6052.0,5280
2025-02-07 15:00:00-05:00,6051.75,6051.75,6045.5,6046.5,12972
2025-02-07 15:05:00-05:00,6046.5,6050.5,6046.25,6048.0,8634
2025-02-07 15:10:00-05:00,6048.0,6049.75,6043.25,6044.25,10312
2025-02-07 15:15:00-05:00,6044.25,6047.0,6041.25,6046.5,12768
2025-02-07 15:20:00-05:00,6046.5,6048.75,6044.25,6046.0,8738
2025-02-07 15:25:00-05:00,6046.0,6047.5,6044.5,6044.75,6810
2025-02-07 15:30:00-05:00,6044.75,6051.5,6044.5,6051.25,14597
2025-02-07 15:35:00-05:00,6051.0,6052.25,6045.75,6047.5,11343
2025-02-07 15:40:00-05:00,6047.5,6050.5,6047.0,6047.75,9219
2025-02-07 15:45:00-05:00,6048.0,6050.25,6046.75,6048.75,10874
2025-02-07 15:50:00-05:00,6048.75,6053.75,6048.75,6051.5,20307
2025-02-07 15:55:00-05:00,6051.5,6051.5,6046.25,6049.25,64593
2025-02-07 16:00:00-05:00,6049.5,6054.25,6049.0,6050.25,27968
2025-02-07 16:05:00-05:00,6050.25,6052.5,6049.75,6051.0,5114
2025-02-07 16:10:00-05:00,6051.25,6052.5,6050.5,6051.25,3834
2025-02-07 16:15:00-05:00,6051.5,6052.5,6050.0,6052.25,2978
2025-02-07 16:20:00-05:00,6052.25,6052.5,6050.5,6052.5,2307
2025-02-07 16:25:00-05:00,6052.25,6052.5,6051.75,6052.0,1730
2025-02-07 16:30:00-05:00,6052.0,6052.5,6050.25,6051.0,1463
2025-02-07 16:35:00-05:00,6051.0,6051.25,6050.25,6050.75,1048
2025-02-07 16:40:00-05:00,6050.75,6051.0,6050.25,6051.0,892
2025-02-07 16:45:00-05:00,6050.75,6051.25,6049.75,6050.5,751
2025-02-07 16:50:00-05:00,6050.5,6050.5,6049.5,6050.0,860
2025-02-07 16:55:00-05:00,6050.0,6050.5,6049.5,6050.0,3028
2025-02-09 18:00:00-05:00,6016.0,6039.0,6014.0,6036.0,8187
2025-02-09 18:05:00-05:00,6035.75,6043.75,6034.5,6043.0,2809
2025-02-09 18:10:00-05:00,6043.0,6044.75,6037.75,6039.25,3058
2025-02-09 18:15:00-05:00,6039.25,6040.0,6037.25,6039.5,1259
2025-02-09 18:20:00-05:00,6039.75,6042.0,6038.75,6041.5,898
2025-02-09 18:25:00-05:00,6041.25,6042.0,6039.5,6040.25,732
2025-02-09 18:30:00-05:00,6040.25,6047.5,6040.0,6045.25,1873
2025-02-09 18:35:00-05:00,6045.5,6048.25,6045.25,6047.0,989
2025-02-09 18:40:00-05:00,6047.0,6048.5,6046.25,6047.5,986
2025-02-09 18:45:00-05:00,6047.75,6053.25,6047.75,6052.75,1903
2025-02-09 18:50:00-05:00,6053.0,6061.25,6052.25,6058.0,3511
2025-02-09 18:55:00-05:00,6058.0,6060.75,6058.0,6059.5,2843
2025-02-09 19:00:00-05:00,6059.5,6064.25,6059.5,6060.25,2557
2025-02-09 19:05:00-05:00,6060.25,6061.25,6059.0,6060.5,682
2025-02-09 19:10:00-05:00,6060.75,6060.75,6059.25,6060.0,611
2025-02-09 19:15:00-05:00,6060.0,6060.25,6058.75,6059.25,675
2025-02-09 19:20:00-05:00,6059.5,6060.5,6057.25,6059.25,877
2025-02-09 19:25:00-05:00,6059.25,6062.25,6059.0,6061.75,1088
2025-02-09 19:30:00-05:00,6061.75,6067.25,6061.5,6067.0,1906
2025-02-09 19:35:00-05:00,6067.0,6067.0,6063.5,6064.25,1205
2025-02-09 19:40:00-05:00,6064.5,6065.25,6063.5,6063.5,508
2025-02-09 19:45:00-05:00,6063.5,6064.5,6062.75,6064.5,476
2025-02-09 19:50:00-05:00,6064.25,6066.75,6064.0,6066.5,575
2025-02-09 19:55:00-05:00,6066.5,6069.5,6066.5,6069.25,1508
2025-02-09 20:00:00-05:00,6069.25,6069.75,6067.75,6068.25,902
2025-02-09 20:05:00-05:00,6068.0,6070.0,6067.25,6068.25,807
2025-02-09 20:10:00-05:00,6068.5,6068.5,6066.5,6067.25,781
2025-02-09 20:15:00-05:00,6067.0,6069.0,6066.25,6068.25,888
2025-02-09 20:20:00-05:00,6068.25,6068.25,6065.25,6065.5,1064
2025-02-09 20:25:00-05:00,6065.5,6066.25,6064.5,6065.25,750
2025-02-09 20:30:00-05:00,6065.25,6065.75,6063.75,6065.0,685
2025-02-09 20:35:00-05:00,6065.25,6065.5,6064.25,6064.5,533
2025-02-09 20:40:00-05:00,6064.25,6066.25,6063.75,6065.75,476
2025-02-09 20:45:00-05:00,6065.75,6066.0,6063.5,6064.0,635
2025-02-09 20:50:00-05:00,6064.0,6064.5,6063.25,6063.75,394
2025-02-09 20:55:00-05:00,6063.5,6064.25,6063.25,6064.0,235
2025-02-09 21:00:00-05:00,6064.0,6064.25,6062.75,6064.0,537
2025-02-09 21:05:00-05:00,6063.75,6064.25,6063.25,6063.25,274
2025-02-09 21:10:00-05:00,6063.0,6063.5,6062.25,6063.25,319
2025-02-09 21:15:00-05:00,6063.25,6063.25,6061.25,6062.0,492
2025-02-09 21:20:00-05:00,6062.0,6063.75,6062.0,6062.75,547
2025-02-09 21:25:00-05:00,6062.5,6063.0,6060.75,6062.5,772
2025-02-09 21:30:00-05:00,6062.75,6063.75,6062.25,6063.75,389
2025-02-09 21:35:00-05:00,6063.75,6064.25,6063.0,6063.75,463
2025-02-09 21:40:00-05:00,6063.75,6064.75,6063.0,6064.25,371
2025-02-09 21:45:00-05:00,6064.25,6064.75,6063.75,6064.75,403
2025-02-09 21:50:00-05:00,6064.5,6064.5,6063.0,6063.5,274
2025-02-09 21:55:00-05:00,6063.75,6064.0,6063.25,6063.5,114
2025-02-09 22:00:00-05:00,6063.5,6064.0,6062.5,6063.0,347
2025-02-09 22:05:00-05:00,6062.75,6063.25,6062.75,6062.75,237
2025-02-09 22:10:00-05:00,6062.75,6063.0,6062.5,6062.75,133
2025-02-09 22:15:00-05:00,6062.5,6063.0,6062.0,6062.5,269
2025-02-09 22:20:00-05:00,6062.25,6063.25,6062.25,6063.0,242
2025-02-09 22:25:00-05:00,6063.0,6063.25,6062.75,6063.0,152
2025-02-09 22:30:00-05:00,6062.75,6064.75,6062.75,6064.5,305
2025-02-09 22:35:00-05:00,6064.5,6064.75,6063.25,6063.5,272
2025-02-09 22:40:00-05:00,6063.25,6064.0,6063.0,6063.25,178
2025-02-09 22:45:00-05:00,6063.25,6065.75,6062.75,6065.25,593
2025-02-09 22:50:00-05:00,6065.25,6065.75,6064.75,6065.25,247
2025-02-09 22:55:00-05:00,6065.5,6066.75,6065.0,6066.25,370
2025-02-09 23:00:00-05:00,6066.25,6066.75,6066.0,6066.25,321
2025-02-09 23:05:00-05:00,6066.25,6066.75,6065.75,6066.5,286
2025-02-09 23:10:00-05:00,6066.5,6066.75,6065.75,6066.5,229
2025-02-09 23:15:00-05:00,6066.25,6067.25,6066.0,6066.5,304
2025-02-09 23:20:00-05:00,6066.25,6068.0,6066.0,6067.75,550
2025-02-09 23:25:00-05:00,6067.75,6067.75,6067.0,6067.5,187
2025-02-09 23:30:00-05:00,6067.5,6068.0,6067.0,6067.0,313
2025-02-09 23:35:00-05:00,6067.0,6067.25,6066.5,6066.75,260
2025-02-09 23:40:00-05:00,6067.0,6067.0,6065.75,6065.75,252
2025-02-09 23:45:00-05:00,6065.75,6066.0,6064.75,6065.25,342
2025-02-09 23:50:00-05:00,6065.25,6065.25,6064.75,6065.0,176
2025-02-09 23:55:00-05:00,6065.25,6065.25,6064.0,6064.25,350
2025-02-10 00:00:00-05:00,6064.5,6066.0,6064.25,6065.75,393
2025-02-10 00:05:00-05:00,6065.75,6067.5,6065.75,6066.75,496
2025-02-10 00:10:00-05:00,6067.0,6068.5,6066.75,6068.25,717
2025-02-10 00:15:00-05:00,6068.0,6068.75,6067.75,6068.25,418
2025-02-10 00:20:00-05:00,6068.0,6070.0,6068.0,6068.75,586
2025-02-10 00:25:00-05:00,6069.0,6069.25,6068.5,6069.25,355
2025-02-10 00:30:00-05:00,6069.25,6071.5,6067.75,6071.25,1439
2025-02-10 00:35:00-05:00,6071.5,6071.5,6068.5,6068.75,544
2025-02-10 00:40:00-05:00,6068.5,6069.25,6068.25,6068.75,322
2025-02-10 00:45:00-05:00,6069.0,6069.5,6067.75,6068.5,387
2025-02-10 00:50:00-05:00,6068.25,6068.75,6066.75,6067.5,409
2025-02-10 00:55:00-05:00,6067.75,6067.75,6067.25,6067.5,176
2025-02-10 01:00:00-05:00,6067.5,6067.75,6067.0,6067.25,290
2025-02-10 01:05:00-05:00,6067.25,6067.25,6066.0,6066.5,394
2025-02-10 01:10:00-05:00,6066.5,6066.75,6065.75,6066.0,258
2025-02-10 01:15:00-05:00,6066.25,6066.75,6066.0,6066.5,280
2025-02-10 01:20:00-05:00,6066.5,6067.25,6065.75,6065.75,436
2025-02-10 01:25:00-05:00,6065.75,6066.75,6065.75,6066.0,374
2025-02-10 01:30:00-05:00,6065.75,6065.75,6063.5,6063.75,533
2025-02-10 01:35:00-05:00,6063.75,6064.75,6063.5,6064.5,314
2025-02-10 01:40:00-05:00,6064.5,6064.75,6064.25,6064.25,163
2025-02-10 01:45:00-05:00,6064.5,6065.0,6063.75,6064.0,312
2025-02-10 01:50:00-05:00,6064.25,6064.5,6063.5,6064.5,296
2025-02-10 01:55:00-05:00,6064.25,6065.75,6063.75,6065.5,375
2025-02-10 02:00:00-05:00,6065.75,6066.5,6065.25,6065.25,541
2025-02-10 02:05:00-05:00,6065.5,6066.5,6065.5,6066.0,469
2025-02-10 02:10:00-05:00,6065.75,6066.5,6065.25,6065.5,308
2025-02-10 02:15:00-05:00,6065.5,6066.0,6064.5,6064.75,482
2025-02-10 02:20:00-05:00,6064.75,6064.75,6062.5,6064.0,821
2025-02-10 02:25:00-05:00,6064.0,6065.5,6063.75,6065.25,461
2025-02-10 02:30:00-05:00,6065.25,6066.0,6064.25,6064.25,457
2025-02-10 02:35:00-05:00,6064.25,6064.25,6062.5,6063.25,469
2025-02-10 02:40:00-05:00,6063.5,6064.0,6063.25,6064.0,411
2025-02-10 02:45:00-05:00,6064.0,6066.0,6063.75,6065.75,557
2025-02-10 02:50:00-05:00,6065.75,6066.0,6064.5,6064.75,403
2025-02-10 02:55:00-05:00,6064.75,6065.75,6064.0,6064.0,505
2025-02-10 03:00:00-05:00,6064.0,6066.0,6062.5,6065.5,1077
2025-02-10 03:05:00-05:00,6065.75,6067.5,6065.25,6067.0,1194
2025-02-10 03:10:00-05:00,6067.0,6067.75,6065.75,6067.0,1084
2025-02-10 03:15:00-05:00,6066.75,6067.0,6064.5,6065.25,823
2025-02-10 03:20:00-05:00,6065.0,6069.0,6064.75,6068.5,907
2025-02-10 03:25:00-05:00,6068.5,6068.5,6066.5,6067.25,658
2025-02-10 03:30:00-05:00,6067.0,6067.5,6064.25,6065.0,981
2025-02-10 03:35:00-05:00,6065.25,6067.0,6063.75,6066.5,553
2025-02-10 03:40:00-05:00,6066.5,6068.75,6066.5,6068.25,559
2025-02-10 03:45:00-05:00,6068.5,6069.0,6067.5,6067.75,428
2025-02-10 03:50:00-05:00,6067.5,6067.75,6066.75,6067.0,351
2025-02-10 03:55:00-05:00,6067.0,6068.75,6067.0,6067.75,516
2025-02-10 04:00:00-05:00,6068.0,6069.5,6065.5,6069.0,1271
2025-02-10 04:05:00-05:00,6069.25,6069.5,6067.25,6068.75,770
2025-02-10 04:10:00-05:00,6068.75,6070.5,6068.75,6070.5,636
2025-02-10 04:15:00-05:00,6070.5,6071.5,6069.75,6070.75,733
2025-02-10 04:20:00-05:00,6070.75,6071.5,6070.5,6071.25,638
2025-02-10 04:25:00-05:00,6071.25,6072.0,6070.75,6071.5,520
2025-02-10 04:30:00-05:00,6071.5,6072.5,6071.0,6072.5,492
2025-02-10 04:35:00-05:00,6072.25,6072.25,6070.25,6071.75,652
2025-02-10 04:40:00-05:00,6071.75,6071.75,6069.75,6070.5,423
2025-02-10 04:45:00-05:00,6070.5,6070.5,6067.5,6069.5,1008
2025-02-10 04:50:00-05:00,6069.5,6070.75,6068.75,6070.0,372
2025-02-10 04:55:00-05:00,6070.0,6071.25,6069.5,6071.0,355
2025-02-10 05:00:00-05:00,6071.25,6073.5,6071.0,6073.0,599
2025-02-10 05:05:00-05:00,6073.0,6073.5,6072.5,6072.75,487
2025-02-10 05:10:00-05:00,6073.0,6073.0,6071.0,6071.5,646
2025-02-10 05:15:00-05:00,6071.5,6073.0,6071.0,6072.75,437
2025-02-10 05:20:00-05:00,6072.75,6074.0,6072.5,6073.5,551
2025-02-10 05:25:00-05:00,6073.25,6074.5,6073.0,6073.0,1342
2025-02-10 05:30:00-05:00,6073.25,6073.5,6072.5,6073.0,497
2025-02-10 05:35:00-05:00,6073.25,6077.0,6073.0,6075.75,2071
2025-02-10 05:40:00-05:00,6076.0,6076.0,6074.25,6075.25,510
2025-02-10 05:45:00-05:00,6075.25,6075.5,6074.5,6075.0,307
2025-02-10 05:50:00-05:00,6075.0,6075.25,6074.25,6074.5,356
2025-02-10 05:55:00-05:00,6074.75,6075.5,6074.75,6074.75,342
2025-02-10 06:00:00-05:00,6074.75,6075.5,6069.5,6073.5,2348
2025-02-10 06:05:00-05:00,6073.75,6075.5,6072.75,6075.25,980
2025-02-10 06:10:00-05:00,6075.5,6076.75,6074.5,6075.25,666
2025-02-10 06:15:00-05:00,6075.25,6076.75,6074.5,6076.5,535
2025-02-10 06:20:00-05:00,6076.25,6077.0,6075.25,6077.0,538
2025-02-10 06:25:00-05:00,6077.0,6077.5,6076.75,6077.0,474
2025-02-10 06:30:00-05:00,6077.0,6077.25,6076.0,6076.5,901
2025-02-10 06:35:00-05:00,6076.5,6078.0,6076.5,6078.0,803
2025-02-10 06:40:00-05:00,6077.75,6078.0,6075.75,6076.25,703
2025-02-10 06:45:00-05:00,6076.0,6076.25,6075.0,6076.0,452
2025-02-10 06:50:00-05:00,6076.0,6077.0,6075.25,6076.25,401
2025-02-10 06:55:00-05:00,6076.5,6077.75,6076.25,6077.25,334
2025-02-10 07:00:00-05:00,6077.5,6078.0,6074.75,6075.75,1747
2025-02-10 07:05:00-05:00,6075.5,6077.0,6074.75,6075.25,1051
2025-02-10 07:10:00-05:00,6075.25,6075.75,6074.25,6074.25,782
2025-02-10 07:15:00-05:00,6074.5,6076.25,6074.5,6076.0,742
2025-02-10 07:20:00-05:00,6076.0,6076.75,6075.0,6076.25,775
2025-02-10 07:25:00-05:00,6076.25,6076.25,6075.75,6076.0,553
2025-02-10 07:30:00-05:00,6076.0,6076.0,6074.75,6075.25,1072
2025-02-10 07:35:00-05:00,6075.5,6075.75,6074.5,6075.0,645
2025-02-10 07:40:00-05:00,6075.25,6076.5,6075.0,6076.5,759
2025-02-10 07:45:00-05:00,6076.5,6077.75,6075.75,6077.0,1099
2025-02-10 07:50:00-05:00,6077.25,6077.25,6076.0,6076.5,553
2025-02-10 07:55:00-05:00,6076.5,6079.0,6076.5,6078.5,826
2025-02-10 08:00:00-05:00,6078.5,6079.0,6077.5,6078.0,1347
2025-02-10 08:05:00-05:00,6078.25,6078.75,6077.5,6077.75,714
2025-02-10 08:10:00-05:00,6078.0,6080.75,6077.75,6080.75,1542
2025-02-10 08:15:00-05:00,6080.5,6081.5,6079.75,6081.0,2055
2025-02-10 08:20:00-05:00,6081.0,6081.25,6079.25,6080.0,1250
2025-02-10 08:25:00-05:00,6079.75,6083.75,6079.5,6082.75,2049
2025-02-10 08:30:00-05:00,6082.75,6085.25,6082.25,6084.75,2350
2025-02-10 08:35:00-05:00,6084.75,6085.75,6083.5,6085.75,2457
2025-02-10 08:40:00-05:00,6085.5,6085.5,6082.5,6084.0,2175
2025-02-10 08:45:00-05:00,6084.0,6084.5,6083.25,6084.5,1533
2025-02-10 08:50:00-05:00,6084.25,6084.5,6082.5,6083.75,1665
2025-02-10 08:55:00-05:00,6083.75,6085.5,6083.25,6085.25,1912
2025-02-10 09:00:00-05:00,6085.0,6087.0,6085.0,6086.0,2499
2025-02-10 09:05:00-05:00,6086.25,6086.25,6084.0,6084.0,2391
2025-02-10 09:10:00-05:00,6084.0,6084.25,6081.5,6082.0,1888
2025-02-10 09:15:00-05:00,6082.0,6082.75,6079.75,6082.25,2702
2025-02-10 09:20:00-05:00,6082.5,6082.5,6080.0,6080.5,2058
2025-02-10 09:25:00-05:00,6080.5,6083.5,6078.75,6080.75,6138
2025-02-10 09:30:00-05:00,6080.75,6082.0,6074.75,6075.5,28280
2025-02-10 09:35:00-05:00,6075.5,6077.0,6069.25,6071.75,19490
2025-02-10 09:40:00-05:00,6072.0,6072.25,6067.75,6071.5,18158
2025-02-10 09:45:00-05:00,6071.5,6075.0,6069.75,6070.0,18809
2025-02-10 09:50:00-05:00,6070.25,6075.5,6068.75,6074.5,16014
2025-02-10 09:55:00-05:00,6074.5,6076.0,6071.5,6075.75,12720
2025-02-10 10:00:00-05:00,6075.75,6082.5,6074.0,6082.0,18097
2025-02-10 10:05:00-05:00,6082.25,6089.0,6081.5,6086.75,26976
2025-02-10 10:10:00-05:00,6086.75,6088.0,6083.25,6084.75,12840
2025-02-10 10:15:00-05:00,6084.75,6086.25,6083.25,6085.0,9355
2025-02-10 10:20:00-05:00,6085.0,6088.0,6081.75,6085.75,12918
2025-02-10 10:25:00-05:00,6085.75,6089.0,6084.75,6088.5,9199
2025-02-10 10:30:00-05:00,6088.5,6090.75,6088.25,6088.75,12235
2025-02-10 10:35:00-05:00,6088.75,6090.5,6087.75,6088.75,8885
2025-02-10 10:40:00-05:00,6088.75,6090.75,6086.25,6089.25,10706
2025-02-10 10:45:00-05:00,6089.25,6094.5,6089.25,6093.25,13219
2025-02-10 10:50:00-05:00,6093.25,6093.75,6091.0,6092.5,8591
2025-02-10 10:55:00-05:00,6092.5,6093.75,6089.0,6089.75,9170
2025-02-10 11:00:00-05:00,6089.75,6092.5,6089.25,6090.25,9396
2025-02-10 11:05:00-05:00,6090.25,6090.25,6086.25,6088.5,10038
2025-02-10 11:10:00-05:00,6088.5,6090.5,6086.25,6087.75,7393
2025-02-10 11:15:00-05:00,6087.75,6087.75,6081.75,6083.75,13634
2025-02-10 11:20:00-05:00,6083.75,6085.25,6081.25,6085.0,10821
2025-02-10 11:25:00-05:00,6085.0,6086.75,6083.25,6084.0,8338
2025-02-10 11:30:00-05:00,6084.0,6084.5,6079.0,6081.0,11405
2025-02-10 11:35:00-05:00,6081.0,6084.0,6080.5,6083.5,7824
2025-02-10 11:40:00-05:00,6083.25,6084.25,6081.75,6083.0,6038
2025-02-10 11:45:00-05:00,6083.0,6084.25,6080.0,6081.5,7688
2025-02-10 11:50:00-05:00,6081.5,6084.25,6081.0,6083.5,5608
2025-02-10 11:55:00-05:00,6083.25,6085.5,6083.25,6084.75,7493
2025-02-10 12:00:00-05:00,6084.75,6085.5,6081.0,6081.0,6097
2025-02-10 12:05:00-05:00,6081.25,6081.75,6076.5,6078.75,11353
2025-02-10 12:10:00-05:00,6079.0,6079.0,6072.25,6075.5,16133
2025-02-10 12:15:00-05:00,6075.25,6077.25,6072.75,6076.0,10237
2025-02-10 12:20:00-05:00,6076.25,6079.75,6074.75,6079.5,6507
2025-02-10 12:25:00-05:00,6079.75,6080.0,6076.25,6076.75,5524
2025-02-10 12:30:00-05:00,6077.0,6081.0,6076.5,6080.25,5417
2025-02-10 12:35:00-05:00,6080.25,6083.75,6080.25,6082.5,5614
2025-02-10 12:40:00-05:00,6082.75,6084.75,6082.25,6082.5,5491
2025-02-10 12:45:00-05:00,6082.5,6083.0,6080.25,6082.0,5477
2025-02-10 12:50:00-05:00,6082.25,6086.25,6081.75,6086.0,5720
2025-02-10 12:55:00-05:00,6086.0,6087.25,6085.0,6086.75,5235
2025-02-10 13:00:00-05:00,6086.75,6089.0,6086.0,6088.5,5838
2025-02-10 13:05:00-05:00,6088.75,6089.25,6087.25,6088.25,4263
2025-02-10 13:10:00-05:00,6088.25,6089.75,6087.75,6089.75,4869
2025-02-10 13:15:00-05:00,6089.5,6090.75,6087.0,6088.25,6177
2025-02-10 13:20:00-05:00,6088.5,6090.75,6087.5,6089.0,5406
2025-02-10 13:25:00-05:00,6089.25,6090.5,6087.25,6087.75,6654
2025-02-10 13:30:00-05:00,6087.75,6089.0,6086.5,6087.5,5646
2025-02-10 13:35:00-05:00,6087.75,6089.75,6087.25,6088.5,3616
2025-02-10 13:40:00-05:00,6088.75,6089.5,6087.5,6088.75,4157
2025-02-10 13:45:00-05:00,6089.0,6090.75,6088.5,6090.25,3765
2025-02-10 13:50:00-05:00,6090.25,6093.5,6090.0,6092.0,7135
2025-02-10 13:55:00-05:00,6092.0,6093.0,6091.25,6091.5,5348
2025-02-10 14:00:00-05:00,6091.5,6091.5,6087.0,6090.25,11031
2025-02-10 14:05:00-05:00,6090.5,6092.0,6089.75,6091.75,4778
2025-02-10 14:10:00-05:00,6092.0,6094.25,6091.25,6093.25,7428
2025-02-10 14:15:00-05:00,6093.5,6094.25,6091.5,6092.25,5984
2025-02-10 14:20:00-05:00,6092.25,6096.0,6092.25,6093.75,9037
2025-02-10 14:25:00-05:00,6093.75,6093.75,6090.75,6092.75,6981
2025-02-10 14:30:00-05:00,6092.75,6094.5,6092.0,6092.75,6467
2025-02-10 14:35:00-05:00,6092.75,6093.75,6091.5,6091.75,4090
2025-02-10 14:40:00-05:00,6091.75,6092.0,6089.5,6090.75,6204
2025-02-10 14:45:00-05:00,6090.5,6090.75,6088.25,6089.5,7902
2025-02-10 14:50:00-05:00,6089.75,6091.0,6088.0,6091.0,7495
2025-02-10 14:55:00-05:00,6091.0,6092.75,6089.5,6090.25,8780
2025-02-10 15:00:00-05:00,6090.25,6092.0,6088.25,6090.5,9766
2025-02-10 15:05:00-05:00,6090.75,6092.5,6090.5,6091.25,4448
2025-02-10 15:10:00-05:00,6091.25,6093.0,6090.25,6092.75,4171
2025-02-10 15:15:00-05:00,6092.75,6093.0,6090.75,6091.0,3987
2025-02-10 15:20:00-05:00,6091.0,6091.75,6089.25,6089.75,8068
2025-02-10 15:25:00-05:00,6089.75,6091.0,6089.0,6090.0,5460
2025-02-10 15:30:00-05:00,6089.75,6090.0,6088.0,6088.75,9248
2025-02-10 15:35:00-05:00,6088.75,6088.75,6085.75,6087.5,10549
2025-02-10 15:40:00-05:00,6087.5,6091.0,6087.25,6090.0,7750
2025-02-10 15:45:00-05:00,6090.0,6090.0,6086.0,6088.25,10065
2025-02-10 15:50:00-05:00,6088.25,6090.75,6083.0,6086.75,22612
2025-02-10 15:55:00-05:00,6086.5,6090.0,6083.75,6088.25,62908
2025-02-10 16:00:00-05:00,6088.25,6088.75,6084.75,6086.25,16631
2025-02-10 16:05:00-05:00,6086.0,6086.5,6084.25,6085.0,3683
2025-02-10 16:10:00-05:00,6084.75,6085.25,6083.25,6084.0,3336
2025-02-10 16:15:00-05:00,6084.25,6085.25,6083.5,6085.0,2128
2025-02-10 16:20:00-05:00,6085.0,6086.75,6084.5,6085.75,1433
2025-02-10 16:25:00-05:00,6086.0,6086.75,6085.25,6086.75,883
2025-02-10 16:30:00-05:00,6086.75,6087.0,6086.0,6086.75,705
2025-02-10 16:35:00-05:00,6086.75,6087.5,6086.5,6087.25,572
2025-02-10 16:40:00-05:00,6087.25,6087.75,6087.0,6087.75,427
2025-02-10 16:45:00-05:00,6087.5,6088.0,6087.0,6087.5,638
2025-02-10 16:50:00-05:00,6087.5,6088.0,6087.25,6087.75,549
2025-02-10 16:55:00-05:00,6087.5,6088.0,6087.0,6087.75,615
2025-02-10 18:00:00-05:00,6085.5,6087.25,6080.5,6081.25,1984
2025-02-10 18:05:00-05:00,6081.0,6082.25,6078.0,6080.25,1197
2025-02-10 18:10:00-05:00,6080.25,6080.5,6077.0,6079.25,1583
2025-02-10 18:15:00-05:00,6079.25,6079.75,6076.25,6076.75,907
2025-02-10 18:20:00-05:00,6077.0,6077.75,6076.25,6076.25,588
2025-02-10 18:25:00-05:00,6076.25,6076.5,6072.0,6075.0,2068
2025-02-10 18:30:00-05:00,6075.0,6076.5,6075.0,6076.0,667
2025-02-10 18:35:00-05:00,6076.0,6077.75,6075.75,6077.0,785
2025-02-10 18:40:00-05:00,6077.25,6077.25,6074.5,6075.25,843
2025-02-10 18:45:00-05:00,6075.5,6076.75,6075.0,6075.75,332
2025-02-10 18:50:00-05:00,6075.5,6077.0,6075.25,6077.0,311
2025-02-10 18:55:00-05:00,6076.75,6078.0,6076.75,6077.0,322
2025-02-10 19:00:00-05:00,6077.0,6077.75,6075.5,6075.75,576
2025-02-10 19:05:00-05:00,6075.75,6076.75,6074.5,6075.0,496
2025-02-10 19:10:00-05:00,6075.0,6076.0,6074.5,6074.75,191
2025-02-10 19:15:00-05:00,6075.0,6075.75,6074.75,6075.5,229
2025-02-10 19:20:00-05:00,6075.5,6076.5,6075.0,6075.5,284
2025-02-10 19:25:00-05:00,6075.25,6079.0,6075.25,6078.25,656
2025-02-10 19:30:00-05:00,6078.25,6080.25,6078.25,6080.0,686
2025-02-10 19:35:00-05:00,6080.25,6081.0,6080.0,6080.5,569
2025-02-10 19:40:00-05:00,6080.75,6081.5,6080.5,6081.0,174
2025-02-10 19:45:00-05:00,6081.0,6081.0,6079.75,6080.5,507
2025-02-10 19:50:00-05:00,6080.5,6081.25,6080.25,6080.75,247
2025-02-10 19:55:00-05:00,6080.75,6081.25,6079.5,6080.0,928
2025-02-10 20:00:00-05:00,6079.75,6080.5,6078.0,6079.0,760
2025-02-10 20:05:00-05:00,6079.0,6080.0,6078.75,6079.25,189
2025-02-10 20:10:00-05:00,6079.5,6079.5,6078.5,6078.75,163
2025-02-10 20:15:00-05:00,6078.75,6079.25,6077.0,6078.0,447
2025-02-10 20:20:00-05:00,6078.0,6078.0,6076.5,6076.75,499
2025-02-10 20:25:00-05:00,6076.75,6076.75,6074.75,6075.25,888
2025-02-10 20:30:00-05:00,6075.25,6078.0,6075.25,6077.75,682
2025-02-10 20:35:00-05:00,6077.75,6078.75,6076.75,6078.25,326
2025-02-10 20:40:00-05:00,6078.25,6078.5,6077.0,6077.0,295
2025-02-10 20:45:00-05:00,6077.0,6077.25,6075.5,6076.75,303
2025-02-10 20:50:00-05:00,6076.5,6076.75,6075.75,6076.0,203
2025-02-10 20:55:00-05:00,6076.0,6076.75,6075.75,6076.0,227
2025-02-10 21:00:00-05:00,6076.25,6076.5,6075.5,6076.5,388
2025-02-10 21:05:00-05:00,6076.5,6076.5,6073.0,6074.0,566
2025-02-10 21:10:00-05:00,6074.0,6074.75,6073.5,6073.75,290
2025-02-10 21:15:00-05:00,6074.0,6074.25,6068.75,6071.25,1702
2025-02-10 21:20:00-05:00,6071.25,6071.25,6068.75,6070.5,758
2025-02-10 21:25:00-05:00,6070.5,6071.75,6070.25,6071.0,535
2025-02-10 21:30:00-05:00,6071.0,6071.25,6068.25,6068.75,836
2025-02-10 21:35:00-05:00,6068.75,6070.25,6068.5,6068.5,613
2025-02-10 21:40:00-05:00,6068.5,6070.5,6068.25,6070.25,716
2025-02-10 21:45:00-05:00,6070.0,6071.0,6069.5,6070.0,547
2025-02-10 21:50:00-05:00,6070.0,6071.0,6070.0,6070.75,304
2025-02-10 21:55:00-05:00,6070.5,6070.5,6069.5,6070.0,320
2025-02-10 22:00:00-05:00,6070.25,6070.25,6069.25,6069.25,415
2025-02-10 22:05:00-05:00,6069.5,6071.25,6069.5,6070.25,262
2025-02-10 22:10:00-05:00,6070.25,6070.25,6068.25,6069.75,539
2025-02-10 22:15:00-05:00,6069.5,6070.75,6068.75,6070.5,304
2025-02-10 22:20:00-05:00,6070.5,6072.75,6069.75,6071.5,695
2025-02-10 22:25:00-05:00,6071.25,6073.25,6071.0,6072.25,394
2025-02-10 22:30:00-05:00,6072.25,6073.25,6072.0,6073.0,314
2025-02-10 22:35:00-05:00,6073.0,6074.25,6073.0,6073.75,295
2025-02-10 22:40:00-05:00,6073.75,6073.75,6073.0,6073.5,181
2025-02-10 22:45:00-05:00,6073.25,6074.0,6073.0,6073.75,239
2025-02-10 22:50:00-05:00,6073.75,6074.25,6073.25,6073.75,294
2025-02-10 22:55:00-05:00,6074.0,6074.75,6073.75,6074.25,177
2025-02-10 23:00:00-05:00,6074.5,6076.0,6073.25,6076.0,601
2025-02-10 23:05:00-05:00,6075.75,6075.75,6074.5,6075.0,261
2025-02-10 23:10:00-05:00,6075.0,6075.5,6074.5,6074.75,211
2025-02-10 23:15:00-05:00,6075.0,6075.75,6074.5,6075.75,276
2025-02-10 23:20:00-05:00,6075.75,6076.0,6075.0,6076.0,135
2025-02-10 23:25:00-05:00,6076.0,6076.0,6075.5,6075.5,86
2025-02-10 23:30:00-05:00,6075.5,6076.0,6075.5,6075.5,131
2025-02-10 23:35:00-05:00,6075.25,6075.5,6074.75,6075.0,232
2025-02-10 23:40:00-05:00,6075.25,6075.25,6074.5,6074.5,88
2025-02-10 23:45:00-05:00,6074.5,6074.75,6074.25,6074.5,132
2025-02-10 23:50:00-05:00,6074.75,6075.0,6074.25,6074.75,130
2025-02-10 23:55:00-05:00,6074.75,6075.0,6074.5,6075.0,103
2025-02-11 00:00:00-05:00,6075.0,6077.0,6075.0,6076.75,292
2025-02-11 00:05:00-05:00,6076.75,6077.75,6076.5,6077.75,257
2025-02-11 00:10:00-05:00,6077.5,6077.75,6076.25,6077.0,326
2025-02-11 00:15:00-05:00,6077.0,6077.25,6076.5,6077.0,159
2025-02-11 00:20:00-05:00,6077.0,6077.0,6076.5,6076.75,151
2025-02-11 00:25:00-05:00,6076.75,6077.25,6076.75,6077.0,132
2025-02-11 00:30:00-05:00,6076.75,6077.75,6076.75,6077.0,163
2025-02-11 00:35:00-05:00,6077.25,6077.5,6076.75,6077.25,95
2025-02-11 00:40:00-05:00,6077.0,6077.25,6076.5,6077.0,119
2025-02-11 00:45:00-05:00,6077.0,6077.25,6076.5,6076.75,186
2025-02-11 00:50:00-05:00,6076.5,6076.75,6076.25,6076.75,201
2025-02-11 00:55:00-05:00,6076.5,6076.75,6076.0,6076.25,233
2025-02-11 01:00:00-05:00,6076.5,6076.5,6074.75,6075.25,608
2025-02-11 01:05:00-05:00,6075.25,6075.75,6075.0,6075.0,265
2025-02-11 01:10:00-05:00,6075.0,6075.5,6074.25,6074.75,297
2025-02-11 01:15:00-05:00,6074.25,6074.5,6072.25,6073.0,394
2025-02-11 01:20:00-05:00,6073.25,6075.0,6073.25,6074.5,206
2025-02-11 01:25:00-05:00,6074.5,6075.25,6074.5,6074.5,108
2025-02-11 01:30:00-05:00,6074.25,6074.75,6074.0,6074.25,121
2025-02-11 01:35:00-05:00,6074.25,6074.5,6073.75,6074.0,131
2025-02-11 01:40:00-05:00,6074.0,6074.5,6073.5,6074.5,69
2025-02-11 01:45:00-05:00,6074.25,6074.25,6072.75,6072.75,164
2025-02-11 01:50:00-05:00,6072.75,6073.25,6072.0,6072.25,177
2025-02-11 01:55:00-05:00,6072.25,6072.75,6072.0,6072.0,163
2025-02-11 02:00:00-05:00,6072.25,6072.25,6070.0,6071.5,677
2025-02-11 02:05:00-05:00,6071.5,6072.25,6070.75,6071.25,355
2025-02-11 02:10:00-05:00,6071.25,6072.0,6071.0,6071.5,276
2025-02-11 02:15:00-05:00,6071.75,6072.25,6071.5,6071.75,203
2025-02-11 02:20:00-05:00,6071.75,6071.75,6070.75,6071.75,194
2025-02-11 02:25:00-05:00,6071.75,6072.75,6071.5,6072.0,369
2025-02-11 02:30:00-05:00,6072.25,6072.25,6069.25,6069.5,632
2025-02-11 02:35:00-05:00,6069.5,6070.25,6069.0,6069.75,543
2025-02-11 02:40:00-05:00,6069.75,6071.0,6069.75,6070.0,388
2025-02-11 02:45:00-05:00,6070.25,6071.25,6069.75,6070.75,338
2025-02-11 02:50:00-05:00,6070.75,6071.5,6070.25,6071.25,512
2025-02-11 02:55:00-05:00,6071.25,6072.0,6065.25,6065.25,2238
2025-02-11 03:00:00-05:00,6065.25,6067.25,6062.75,6065.75,2538
2025-02-11 03:05:00-05:00,6065.75,6066.5,6065.0,6066.25,984
2025-02-11 03:10:00-05:00,6066.25,6069.0,6065.75,6068.5,754
2025-02-11 03:15:00-05:00,6068.5,6073.5,6068.25,6072.5,1427
2025-02-11 03:20:00-05:00,6072.5,6073.5,6070.75,6071.25,900
2025-02-11 03:25:00-05:00,6071.25,6072.25,6069.5,6071.0,747
2025-02-11 03:30:00-05:00,6071.0,6071.75,6069.75,6070.25,500
2025-02-11 03:35:00-05:00,6070.5,6073.5,6070.25,6073.0,623
2025-02-11 03:40:00-05:00,6073.25,6075.25,6073.25,6074.0,821
2025-02-11 03:45:00-05:00,6073.75,6075.5,6073.25,6073.5,592
2025-02-11 03:50:00-05:00,6073.5,6074.5,6072.75,6074.25,607
2025-02-11 03:55:00-05:00,6074.0,6074.0,6071.5,6072.25,489
2025-02-11 04:00:00-05:00,6072.0,6074.5,6071.25,6073.75,938
2025-02-11 04:05:00-05:00,6074.0,6076.0,6073.75,6076.0,678
2025-02-11 04:10:00-05:00,6076.0,6076.75,6074.25,6074.75,877
2025-02-11 04:15:00-05:00,6074.5,6076.25,6072.25,6072.25,805
2025-02-11 04:20:00-05:00,6072.0,6072.75,6068.75,6070.25,909
2025-02-11 04:25:00-05:00,6070.25,6071.25,6069.0,6070.0,529
2025-02-11 04:30:00-05:00,6070.25,6071.0,6067.75,6068.5,1139
2025-02-11 04:35:00-05:00,6068.5,6069.5,6067.5,6069.5,583
2025-02-11 04:40:00-05:00,6069.25,6070.0,6068.75,6069.25,394
2025-02-11 04:45:00-05:00,6069.5,6071.25,6069.25,6071.0,361
2025-02-11 04:50:00-05:00,6070.5,6070.5,6068.75,6069.25,334
2025-02-11 04:55:00-05:00,6068.75,6070.25,6068.25,6068.75,350
2025-02-11 05:00:00-05:00,6068.5,6070.5,6068.5,6069.75,326
2025-02-11 05:05:00-05:00,6069.5,6069.5,6067.0,6067.5,392
2025-02-11 05:10:00-05:00,6067.5,6070.5,6067.5,6069.75,1414
2025-02-11 05:15:00-05:00,6069.75,6072.5,6069.75,6072.0,1587
2025-02-11 05:20:00-05:00,6072.0,6072.25,6070.0,6070.25,1728
2025-02-11 05:25:00-05:00,6070.25,6071.25,6069.5,6070.25,1254
2025-02-11 05:30:00-05:00,6070.25,6071.25,6069.0,6070.0,302
2025-02-11 05:35:00-05:00,6070.0,6071.0,6067.5,6067.5,790
2025-02-11 05:40:00-05:00,6067.5,6069.5,6066.0,6068.5,1146
2025-02-11 05:45:00-05:00,6068.5,6069.25,6067.75,6068.5,411
2025-02-11 05:50:00-05:00,6068.5,6068.5,6065.25,6066.0,431
2025-02-11 05:55:00-05:00,6066.0,6066.25,6064.75,6066.0,769
2025-02-11 06:00:00-05:00,6065.75,6068.0,6065.5,6067.75,625
2025-02-11 06:05:00-05:00,6067.75,6068.75,6067.25,6068.25,526
2025-02-11 06:10:00-05:00,6068.25,6070.75,6068.0,6070.0,620
2025-02-11 06:15:00-05:00,6070.25,6070.5,6069.0,6069.5,234
2025-02-11 06:20:00-05:00,6069.25,6069.5,6068.25,6068.75,380
2025-02-11 06:25:00-05:00,6068.75,6070.5,6068.5,6070.25,287
2025-02-11 06:30:00-05:00,6070.5,6071.0,6070.0,6070.75,409
2025-02-11 06:35:00-05:00,6070.5,6072.0,6070.25,6070.75,518
2025-02-11 06:40:00-05:00,6070.5,6071.25,6069.0,6070.25,553
2025-02-11 06:45:00-05:00,6070.5,6073.25,6070.0,6072.75,962
2025-02-11 06:50:00-05:00,6072.75,6072.75,6071.5,6072.0,595
2025-02-11 06:55:00-05:00,6072.0,6073.75,6072.0,6073.5,881
2025-02-11 07:00:00-05:00,6073.25,6074.75,6068.0,6069.0,2554
2025-02-11 07:05:00-05:00,6069.0,6070.25,6068.25,6070.0,799
2025-02-11 07:10:00-05:00,6070.25,6071.25,6069.0,6069.25,897
2025-02-11 07:15:00-05:00,6069.5,6071.5,6069.25,6070.75,580
2025-02-11 07:20:00-05:00,6070.5,6072.0,6068.25,6071.5,744
2025-02-11 07:25:00-05:00,6071.25,6071.75,6068.25,6068.5,990
2025-02-11 07:30:00-05:00,6068.25,6070.5,6067.0,6070.0,1065
2025-02-11 07:35:00-05:00,6070.0,6070.75,6069.25,6070.25,567
2025-02-11 07:40:00-05:00,6070.25,6072.0,6070.25,6071.5,806
2025-02-11 07:45:00-05:00,6071.75,6074.0,6071.5,6073.75,1058
2025-02-11 07:50:00-05:00,6073.5,6075.25,6070.5,6071.25,2047
2025-02-11 07:55:00-05:00,6071.5,6073.0,6070.5,6073.0,972
2025-02-11 08:00:00-05:00,6072.75,6073.5,6071.75,6072.75,784
2025-02-11 08:05:00-05:00,6072.75,6073.25,6071.25,6071.25,932
2025-02-11 08:10:00-05:00,6071.25,6071.5,6070.0,6070.5,1213
2025-02-11 08:15:00-05:00,6070.5,6070.5,6068.5,6069.0,1648
2025-02-11 08:20:00-05:00,6068.75,6068.75,6065.0,6065.75,3564
2025-02-11 08:25:00-05:00,6065.75,6067.0,6064.5,6066.75,2295
2025-02-11 08:30:00-05:00,6066.75,6069.0,6066.75,6068.75,2118
2025-02-11 08:35:00-05:00,6068.5,6069.5,6066.75,6068.5,2210
2025-02-11 08:40:00-05:00,6068.5,6070.25,6066.75,6068.75,2074
2025-02-11 08:45:00-05:00,6068.75,6069.0,6064.5,6065.0,2162
2025-02-11 08:50:00-05:00,6065.0,6066.5,6064.25,6064.75,2378
2025-02-11 08:55:00-05:00,6064.5,6065.0,6058.5,6059.25,6269
2025-02-11 09:00:00-05:00,6059.25,6065.75,6057.75,6064.0,7062
2025-02-11 09:05:00-05:00,6064.0,6066.5,6062.5,6064.0,4686
2025-02-11 09:10:00-05:00,6064.0,6064.25,6062.0,6063.25,2722
2025-02-11 09:15:00-05:00,6063.5,6065.0,6061.0,6063.75,3941
2025-02-11 09:20:00-05:00,6063.75,6064.5,6061.75,6062.25,2731
2025-02-11 09:25:00-05:00,6062.0,6065.25,6061.75,6065.0,6237
2025-02-11 09:30:00-05:00,6065.0,6073.5,6064.0,6072.25,26350
2025-02-11 09:35:00-05:00,6072.25,6075.5,6070.25,6073.0,14930
2025-02-11 09:40:00-05:00,6072.75,6074.75,6071.0,6073.75,9843
2025-02-11 09:45:00-05:00,6074.0,6074.0,6071.0,6071.0,8100
2025-02-11 09:50:00-05:00,6071.0,6075.5,6071.0,6073.5,8597
2025-02-11 09:55:00-05:00,6073.75,6074.5,6071.75,6072.5,6401
2025-02-11 10:00:00-05:00,6072.5,6079.5,6069.0,6071.5,25386
2025-02-11 10:05:00-05:00,6071.25,6073.0,6066.5,6072.75,18383
2025-02-11 10:10:00-05:00,6073.0,6074.75,6070.5,6072.5,10851
2025-02-11 10:15:00-05:00,6072.5,6075.25,6071.75,6072.75,9152
2025-02-11 10:20:00-05:00,6072.75,6077.0,6071.0,6075.0,9671
2025-02-11 10:25:00-05:00,6075.0,6082.5,6074.5,6081.0,15865
2025-02-11 10:30:00-05:00,6081.25,6082.5,6079.5,6080.0,10335
2025-02-11 10:35:00-05:00,6080.25,6083.5,6079.75,6082.75,9587
2025-02-11 10:40:00-05:00,6083.0,6084.5,6082.25,6084.25,9112
2025-02-11 10:45:00-05:00,6084.25,6089.5,6084.25,6088.5,17321
2025-02-11 10:50:00-05:00,6088.75,6092.0,6088.25,6091.5,12304
2025-02-11 10:55:00-05:00,6091.5,6091.5,6086.5,6086.75,11050
2025-02-11 11:00:00-05:00,6086.75,6089.0,6085.25,6086.0,12754
2025-02-11 11:05:00-05:00,6086.0,6088.5,6084.75,6086.75,6942
2025-02-11 11:10:00-05:00,6086.75,6088.0,6085.75,6087.5,6010
2025-02-11 11:15:00-05:00,6087.5,6088.75,6086.0,6087.75,6988
2025-02-11 11:20:00-05:00,6087.5,6089.0,6087.5,6088.25,5057
2025-02-11 11:25:00-05:00,6088.25,6090.0,6085.0,6085.5,9708
2025-02-11 11:30:00-05:00,6085.75,6087.25,6084.0,6086.0,8616
2025-02-11 11:35:00-05:00,6086.0,6088.5,6084.0,6088.0,8796
2025-02-11 11:40:00-05:00,6088.0,6088.75,6086.5,6088.25,4682
2025-02-11 11:45:00-05:00,6088.25,6088.75,6086.25,6086.25,4606
2025-02-11 11:50:00-05:00,6086.5,6086.75,6081.75,6082.0,8861
2025-02-11 11:55:00-05:00,6082.0,6082.75,6080.0,6081.75,11386
2025-02-11 12:00:00-05:00,6081.75,6082.0,6075.5,6077.25,18769
2025-02-11 12:05:00-05:00,6077.25,6077.5,6070.5,6074.0,21706
2025-02-11 12:10:00-05:00,6073.75,6075.0,6071.75,6072.75,12795
2025-02-11 12:15:00-05:00,6072.75,6079.0,6071.75,6078.5,14529
2025-02-11 12:20:00-05:00,6078.25,6083.5,6077.75,6082.0,11794
2025-02-11 12:25:00-05:00,6082.0,6083.75,6080.75,6083.0,7776
2025-02-11 12:30:00-05:00,6083.0,6084.0,6080.75,6081.25,6532
2025-02-11 12:35:00-05:00,6081.0,6081.0,6078.0,6079.75,8839
2025-02-11 12:40:00-05:00,6080.0,6081.0,6077.75,6079.25,6277
2025-02-11 12:45:00-05:00,6079.0,6080.25,6078.5,6079.0,4782
2025-02-11 12:50:00-05:00,6078.75,6079.5,6075.5,6077.75,7669
2025-02-11 12:55:00-05:00,6077.5,6078.0,6076.5,6077.0,4858
2025-02-11 13:00:00-05:00,6077.0,6077.75,6074.75,6076.75,5877
2025-02-11 13:05:00-05:00,6076.75,6078.75,6075.75,6078.75,5566
2025-02-11 13:10:00-05:00,6078.75,6080.25,6075.25,6078.0,8215
2025-02-11 13:15:00-05:00,6078.25,6081.0,6077.5,6080.25,6424
2025-02-11 13:20:00-05:00,6080.5,6081.5,6078.25,6078.25,4663
2025-02-11 13:25:00-05:00,6078.5,6080.25,6078.25,6079.25,3460
2025-02-11 13:30:00-05:00,6079.5,6085.25,6079.0,6084.75,8273
2025-02-11 13:35:00-05:00,6085.0,6092.25,6084.0,6089.25,17910
2025-02-11 13:40:00-05:00,6089.5,6092.5,6089.0,6090.5,10670
2025-02-11 13:45:00-05:00,6090.5,6093.0,6089.25,6089.5,8634
2025-02-11 13:50:00-05:00,6089.75,6089.75,6086.5,6086.75,8843
2025-02-11 13:55:00-05:00,6086.75,6087.75,6085.25,6085.75,6503
2025-02-11 14:00:00-05:00,6085.75,6088.0,6084.75,6087.75,7232
2025-02-11 14:05:00-05:00,6087.75,6088.25,6085.0,6086.5,6394
2025-02-11 14:10:00-05:00,6086.5,6087.5,6083.75,6084.25,6373
2025-02-11 14:15:00-05:00,6084.5,6086.5,6084.0,6085.75,4924
2025-02-11 14:20:00-05:00,6085.75,6087.75,6085.25,6087.25,4622
2025-02-11 14:25:00-05:00,6087.25,6088.0,6086.25,6087.25,3488
2025-02-11 14:30:00-05:00,6087.25,6089.5,6087.0,6088.0,6265
2025-02-11 14:35:00-05:00,6088.0,6091.25,6087.5,6091.25,6833
2025-02-11 14:40:00-05:00,6091.25,6098.75,6091.0,6096.5,24954
2025-02-11 14:45:00-05:00,6096.5,6096.5,6093.5,6094.75,8565
2025-02-11 14:50:00-05:00,6095.0,6096.75,6094.25,6095.25,6008
2025-02-11 14:55:00-05:00,6095.25,6096.5,6093.75,6094.25,6054
2025-02-11 15:00:00-05:00,6094.25,6096.75,6094.25,6095.5,8326
2025-02-11 15:05:00-05:00,6095.75,6096.0,6093.0,6093.5,7825
2025-02-11 15:10:00-05:00,6093.5,6095.5,6093.5,6095.5,5594
2025-02-11 15:15:00-05:00,6095.5,6095.5,6092.0,6093.75,6664
2025-02-11 15:20:00-05:00,6094.0,6094.25,6091.5,6091.5,7378
2025-02-11 15:25:00-05:00,6091.25,6094.0,6090.5,6093.0,8054
2025-02-11 15:30:00-05:00,6093.0,6096.0,6091.5,6093.0,9905
2025-02-11 15:35:00-05:00,6092.75,6093.0,6088.5,6088.75,10536
2025-02-11 15:40:00-05:00,6088.5,6090.75,6086.5,6089.5,14228
2025-02-11 15:45:00-05:00,6089.5,6089.75,6086.75,6088.5,10299
2025-02-11 15:50:00-05:00,6088.5,6091.5,6087.25,6088.5,17684
2025-02-11 15:55:00-05:00,6088.5,6094.0,6086.25,6092.5,50165
2025-02-11 16:00:00-05:00,6092.75,6094.25,6091.5,6092.5,17573
2025-02-11 16:05:00-05:00,6092.5,6093.0,6089.75,6092.25,6277
2025-02-11 16:10:00-05:00,6092.25,6093.0,6091.5,6092.25,2865
2025-02-11 16:15:00-05:00,6092.25,6093.0,6091.25,6091.25,1868
2025-02-11 16:20:00-05:00,6091.5,6091.75,6090.5,6090.5,823
2025-02-11 16:25:00-05:00,6090.5,6091.5,6090.5,6090.75,881
2025-02-11 16:30:00-05:00,6090.5,6091.0,6090.25,6090.25,955
2025-02-11 16:35:00-05:00,6090.25,6090.75,6089.75,6090.25,795
2025-02-11 16:40:00-05:00,6090.25,6090.5,6089.0,6089.75,1020
2025-02-11 16:45:00-05:00,6089.75,6090.5,6089.25,6090.5,855
2025-02-11 16:50:00-05:00,6090.5,6090.5,6089.75,6090.25,626
2025-02-11 16:55:00-05:00,6090.5,6091.25,6090.25,6090.5,771
2025-02-11 18:00:00-05:00,6090.75,6095.25,6090.75,6092.0,1380
2025-02-11 18:05:00-05:00,6092.25,6092.25,6089.0,6089.25,783
2025-02-11 18:10:00-05:00,6089.25,6089.25,6087.0,6089.0,667
2025-02-11 18:15:00-05:00,6089.0,6089.25,6086.25,6086.75,572
2025-02-11 18:20:00-05:00,6086.75,6088.5,6086.75,6087.5,1078
2025-02-11 18:25:00-05:00,6087.75,6090.5,6087.25,6090.5,709
2025-02-11 18:30:00-05:00,6090.25,6095.0,6090.25,6093.25,1319
2025-02-11 18:35:00-05:00,6093.25,6094.0,6092.5,6093.0,279
2025-02-11 18:40:00-05:00,6092.75,6094.5,6092.5,6093.5,345
2025-02-11 18:45:00-05:00,6093.5,6094.25,6093.25,6093.75,259
2025-02-11 18:50:00-05:00,6093.5,6094.75,6092.75,6093.25,462
2025-02-11 18:55:00-05:00,6093.5,6093.75,6092.75,6092.75,305
2025-02-11 19:00:00-05:00,6092.5,6094.25,6091.25,6093.75,611
2025-02-11 19:05:00-05:00,6093.5,6094.25,6092.5,6092.5,375
2025-02-11 19:10:00-05:00,6092.5,6093.25,6091.25,6091.75,344
2025-02-11 19:15:00-05:00,6091.75,6092.75,6091.5,6092.75,276
2025-02-11 19:20:00-05:00,6093.0,6094.0,6093.0,6093.75,180
2025-02-11 19:25:00-05:00,6093.5,6094.75,6093.25,6094.5,287
2025-02-11 19:30:00-05:00,6094.5,6096.0,6093.75,6094.0,411
2025-02-11 19:35:00-05:00,6094.25,6094.5,6093.25,6094.25,194
2025-02-11 19:40:00-05:00,6094.25,6095.0,6093.75,6095.0,202
2025-02-11 19:45:00-05:00,6095.0,6096.5,6094.75,6096.25,344
2025-02-11 19:50:00-05:00,6096.25,6096.5,6094.25,6094.25,381
2025-02-11 19:55:00-05:00,6094.5,6094.5,6092.5,6093.25,1248
2025-02-11 20:00:00-05:00,6093.25,6093.25,6091.75,6092.75,538
2025-02-11 20:05:00-05:00,6092.75,6093.0,6090.25,6091.5,2743
2025-02-11 20:10:00-05:00,6091.75,6093.25,6091.75,6093.0,1191
2025-02-11 20:15:00-05:00,6093.0,6093.5,6092.0,6092.75,1112
2025-02-11 20:20:00-05:00,6092.5,6092.75,6090.5,6090.75,555
2025-02-11 20:25:00-05:00,6090.5,6092.0,6090.25,6091.25,599
2025-02-11 20:30:00-05:00,6091.5,6091.5,6089.75,6091.5,414
2025-02-11 20:35:00-05:00,6091.5,6093.0,6091.0,6093.0,249
2025-02-11 20:40:00-05:00,6093.0,6094.25,6092.0,6094.0,245
2025-02-11 20:45:00-05:00,6094.25,6096.25,6093.75,6095.25,400
2025-02-11 20:50:00-05:00,6095.5,6095.5,6094.25,6095.0,226
2025-02-11 20:55:00-05:00,6095.0,6095.75,6095.0,6095.25,165
2025-02-11 21:00:00-05:00,6095.25,6095.75,6094.25,6094.5,302
2025-02-11 21:05:00-05:00,6094.5,6094.75,6093.75,6094.5,248
2025-02-11 21:10:00-05:00,6094.5,6094.75,6094.25,6094.25,163
2025-02-11 21:15:00-05:00,6094.5,6094.5,6093.5,6093.5,168
2025-02-11 21:20:00-05:00,6093.5,6094.5,6093.5,6094.0,180
2025-02-11 21:25:00-05:00,6094.0,6094.5,6093.25,6093.75,249
2025-02-11 21:30:00-05:00,6093.5,6094.75,6093.25,6094.5,199
2025-02-11 21:35:00-05:00,6094.25,6094.25,6093.75,6094.25,111
2025-02-11 21:40:00-05:00,6094.25,6094.5,6093.0,6094.25,282
2025-02-11 21:45:00-05:00,6094.0,6094.0,6093.25,6093.25,98
2025-02-11 21:50:00-05:00,6093.25,6093.5,6093.0,6093.25,133
2025-02-11 21:55:00-05:00,6093.0,6093.25,6091.75,6091.75,266
2025-02-11 22:00:00-05:00,6092.0,6092.0,6091.0,6091.5,201
2025-02-11 22:05:00-05:00,6091.25,6091.75,6091.0,6091.5,248
2025-02-11 22:10:00-05:00,6091.5,6091.75,6090.75,6091.0,243
2025-02-11 22:15:00-05:00,6091.0,6091.5,6090.25,6091.25,246
2025-02-11 22:20:00-05:00,6091.5,6091.75,6090.75,6091.25,172
2025-02-11 22:25:00-05:00,6091.5,6091.5,6090.5,6090.5,196
2025-02-11 22:30:00-05:00,6090.5,6090.5,6088.25,6089.25,583
2025-02-11 22:35:00-05:00,6089.0,6089.5,6088.75,6089.0,219
2025-02-11 22:40:00-05:00,6088.75,6089.5,6088.0,6088.75,308
2025-02-11 22:45:00-05:00,6088.75,6089.0,6087.75,6087.75,384
2025-02-11 22:50:00-05:00,6088.0,6089.25,6088.0,6088.5,273
2025-02-11 22:55:00-05:00,6088.75,6089.0,6088.0,6088.25,128
2025-02-11 23:00:00-05:00,6088.0,6088.5,6087.25,6088.25,576
2025-02-11 23:05:00-05:00,6088.0,6088.5,6087.75,6088.25,254
2025-02-11 23:10:00-05:00,6088.0,6088.75,6087.0,6088.75,353
2025-02-11 23:15:00-05:00,6088.5,6089.25,6088.25,6089.0,215
2025-02-11 23:20:00-05:00,6089.0,6089.5,6088.5,6089.25,236
2025-02-11 23:25:00-05:00,6089.0,6089.25,6088.75,6089.0,112
2025-02-11 23:30:00-05:00,6089.25,6089.25,6087.0,6087.25,300
2025-02-11 23:35:00-05:00,6087.25,6087.75,6087.0,6087.5,303
2025-02-11 23:40:00-05:00,6087.25,6088.25,6087.25,6087.5,209
2025-02-11 23:45:00-05:00,6087.5,6087.5,6087.0,6087.5,175
2025-02-11 23:50:00-05:00,6087.5,6087.75,6086.75,6087.5,336
2025-02-11 23:55:00-05:00,6087.5,6088.0,6087.25,6087.75,216
2025-02-12 00:00:00-05:00,6088.0,6088.5,6087.75,6088.0,214
2025-02-12 00:05:00-05:00,6087.75,6088.25,6087.5,6088.25,209
2025-02-12 00:10:00-05:00,6088.0,6088.25,6087.5,6087.5,181
2025-02-12 00:15:00-05:00,6087.25,6087.25,6085.75,6086.0,600
2025-02-12 00:20:00-05:00,6086.0,6086.75,6085.75,6086.25,172
2025-02-12 00:25:00-05:00,6086.5,6086.75,6085.75,6086.5,319
2025-02-12 00:30:00-05:00,6086.5,6087.25,6085.0,6086.25,627
2025-02-12 00:35:00-05:00,6086.5,6087.0,6086.25,6086.75,159
2025-02-12 00:40:00-05:00,6086.75,6087.0,6086.5,6086.75,87
2025-02-12 00:45:00-05:00,6086.5,6086.75,6086.25,6086.75,215
2025-02-12 00:50:00-05:00,6086.5,6086.5,6086.0,6086.25,157
2025-02-12 00:55:00-05:00,6086.25,6086.5,6086.0,6086.25,147
2025-02-12 01:00:00-05:00,6086.25,6087.0,6086.25,6086.5,215
2025-02-12 01:05:00-05:00,6086.5,6086.75,6086.0,6086.0,214
2025-02-12 01:10:00-05:00,6086.25,6086.5,6085.25,6086.5,324
2025-02-12 01:15:00-05:00,6086.5,6086.75,6086.0,6086.75,180
2025-02-12 01:20:00-05:00,6086.75,6087.75,6086.5,6087.5,296
2025-02-12 01:25:00-05:00,6087.5,6087.75,6087.0,6087.75,197
2025-02-12 01:30:00-05:00,6087.5,6088.0,6087.25,6088.0,204
2025-02-12 01:35:00-05:00,6087.75,6088.0,6087.25,6088.0,131
2025-02-12 01:40:00-05:00,6088.25,6089.0,6088.0,6089.0,267
2025-02-12 01:45:00-05:00,6088.75,6089.0,6088.0,6088.0,234
2025-02-12 01:50:00-05:00,6088.0,6088.75,6087.75,6088.25,135
2025-02-12 01:55:00-05:00,6088.25,6088.5,6087.75,6087.75,133
2025-02-12 02:00:00-05:00,6087.75,6088.75,6087.75,6088.0,262
2025-02-12 02:05:00-05:00,6088.0,6088.5,6087.75,6088.0,152
2025-02-12 02:10:00-05:00,6088.0,6088.25,6087.0,6087.25,237
2025-02-12 02:15:00-05:00,6087.25,6088.25,6087.0,6088.0,212
2025-02-12 02:20:00-05:00,6087.75,6087.75,6086.5,6086.75,286
2025-02-12 02:25:00-05:00,6087.0,6087.75,6086.5,6087.5,245
2025-02-12 02:30:00-05:00,6087.25,6087.25,6086.0,6086.25,253
2025-02-12 02:35:00-05:00,6086.25,6086.5,6086.0,6086.25,230
2025-02-12 02:40:00-05:00,6086.25,6088.5,6086.25,6088.0,415
2025-02-12 02:45:00-05:00,6088.0,6088.5,6087.25,6088.0,407
2025-02-12 02:50:00-05:00,6088.0,6089.0,6087.5,6088.25,307
2025-02-12 02:55:00-05:00,6088.5,6089.5,6088.25,6089.25,407
2025-02-12 03:00:00-05:00,6089.25,6092.0,6088.75,6092.0,1210
2025-02-12 03:05:00-05:00,6091.75,6092.25,6090.5,6092.0,708
2025-02-12 03:10:00-05:00,6092.0,6092.0,6089.75,6089.75,681
2025-02-12 03:15:00-05:00,6089.75,6090.75,6088.5,6088.5,520
2025-02-12 03:20:00-05:00,6088.5,6089.5,6088.25,6089.0,362
2025-02-12 03:25:00-05:00,6089.0,6089.25,6088.0,6088.75,355
2025-02-12 03:30:00-05:00,6089.0,6091.5,6088.75,6091.25,653
2025-02-12 03:35:00-05:00,6091.25,6091.5,6090.25,6090.5,419
2025-02-12 03:40:00-05:00,6090.5,6090.75,6089.25,6089.75,350
2025-02-12 03:45:00-05:00,6089.75,6090.25,6088.75,6089.25,451
2025-02-12 03:50:00-05:00,6089.0,6090.0,6088.5,6089.0,409
2025-02-12 03:55:00-05:00,6088.75,6088.75,6087.5,6088.25,583
2025-02-12 04:00:00-05:00,6088.0,6088.0,6084.5,6085.25,1094
2025-02-12 04:05:00-05:00,6085.25,6085.25,6078.75,6082.25,2499
2025-02-12 04:10:00-05:00,6082.25,6082.25,6079.0,6080.5,1212
2025-02-12 04:15:00-05:00,6080.25,6081.5,6077.25,6078.0,1176
2025-02-12 04:20:00-05:00,6077.75,6079.5,6075.25,6079.0,1492
2025-02-12 04:25:00-05:00,6079.25,6080.5,6078.75,6079.75,1004
2025-02-12 04:30:00-05:00,6079.75,6081.5,6079.75,6080.25,513
2025-02-12 04:35:00-05:00,6080.5,6081.75,6080.25,6081.25,416
2025-02-12 04:40:00-05:00,6081.25,6083.25,6081.25,6082.75,663
2025-02-12 04:45:00-05:00,6082.75,6083.25,6081.25,6081.5,489
2025-02-12 04:50:00-05:00,6081.75,6083.75,6081.75,6083.0,524
2025-02-12 04:55:00-05:00,6082.75,6083.25,6081.75,6082.5,433
2025-02-12 05:00:00-05:00,6082.0,6082.25,6080.5,6081.25,617
2025-02-12 05:05:00-05:00,6081.5,6082.0,6080.5,6081.25,363
2025-02-12 05:10:00-05:00,6081.0,6081.5,6079.5,6081.25,441
2025-02-12 05:15:00-05:00,6081.5,6081.5,6080.5,6081.5,201
2025-02-12 05:20:00-05:00,6081.5,6083.5,6081.0,6083.0,616
2025-02-12 05:25:00-05:00,6082.75,6085.0,6082.75,6084.5,618
2025-02-12 05:30:00-05:00,6084.75,6084.75,6083.25,6083.25,347
2025-02-12 05:35:00-05:00,6083.25,6084.0,6082.75,6083.5,250
2025-02-12 05:40:00-05:00,6083.5,6083.5,6082.25,6083.0,267
2025-02-12 05:45:00-05:00,6083.0,6083.25,6082.5,6082.5,239
2025-02-12 05:50:00-05:00,6082.75,6083.5,6082.5,6083.0,312
2025-02-12 05:55:00-05:00,6083.0,6086.75,6083.0,6086.5,1996
2025-02-12 06:00:00-05:00,6086.75,6087.75,6085.75,6086.75,967
2025-02-12 06:05:00-05:00,6086.75,6086.75,6082.0,6083.25,1308
2025-02-12 06:10:00-05:00,6083.25,6086.0,6083.0,6085.75,567
2025-02-12 06:15:00-05:00,6085.5,6086.0,6083.0,6084.25,906
2025-02-12 06:20:00-05:00,6084.25,6085.5,6084.25,6085.5,262
2025-02-12 06:25:00-05:00,6085.25,6085.25,6084.0,6084.75,242
2025-02-12 06:30:00-05:00,6084.75,6085.5,6084.25,6084.5,372
2025-02-12 06:35:00-05:00,6084.5,6087.0,6084.5,6086.25,343
2025-02-12 06:40:00-05:00,6086.25,6086.75,6085.25,6085.75,284
2025-02-12 06:45:00-05:00,6085.75,6086.25,6084.75,6085.5,298
2025-02-12 06:50:00-05:00,6085.5,6086.25,6085.5,6085.75,215
2025-02-12 06:55:00-05:00,6085.5,6086.25,6084.75,6085.75,363
2025-02-12 07:00:00-05:00,6085.75,6086.75,6085.0,6086.75,531
2025-02-12 07:05:00-05:00,6086.5,6086.75,6084.75,6085.25,375
2025-02-12 07:10:00-05:00,6085.75,6087.25,6085.25,6087.0,548
2025-02-12 07:15:00-05:00,6087.25,6088.0,6086.75,6087.0,531
2025-02-12 07:20:00-05:00,6087.0,6088.0,6086.0,6087.5,692
2025-02-12 07:25:00-05:00,6087.75,6088.5,6087.25,6088.0,800
2025-02-12 07:30:00-05:00,6088.0,6089.5,6087.5,6089.0,995
2025-02-12 07:35:00-05:00,6089.0,6089.5,6088.0,6089.5,945
2025-02-12 07:40:00-05:00,6089.5,6091.25,6089.5,6090.25,1619
2025-02-12 07:45:00-05:00,6090.25,6093.0,6090.0,6091.25,1322
2025-02-12 07:50:00-05:00,6091.5,6092.75,6090.5,6090.75,993
2025-02-12 07:55:00-05:00,6090.5,6093.75,6090.0,6093.0,3537
2025-02-12 08:00:00-05:00,6093.0,6097.0,6092.0,6095.0,3771
2025-02-12 08:05:00-05:00,6095.25,6095.25,6092.5,6092.75,2015
2025-02-12 08:10:00-05:00,6092.75,6093.75,6092.0,6093.0,1879
2025-02-12 08:15:00-05:00,6093.25,6095.75,6092.75,6094.0,2275
2025-02-12 08:20:00-05:00,6093.75,6094.25,6091.25,6092.75,3106
2025-02-12 08:25:00-05:00,6092.5,6093.75,6091.75,6092.5,2772
2025-02-12 08:30:00-05:00,6092.75,6098.0,6028.5,6037.25,47742
2025-02-12 08:35:00-05:00,6037.5,6037.5,6024.5,6030.0,29030
2025-02-12 08:40:00-05:00,6030.25,6034.0,6027.5,6030.75,14906
2025-02-12 08:45:00-05:00,6030.5,6039.25,6029.25,6033.75,15536
2025-02-12 08:50:00-05:00,6033.75,6034.25,6030.25,6032.25,8798
2025-02-12 08:55:00-05:00,6032.5,6034.25,6030.75,6031.0,5983
2025-02-12 09:00:00-05:00,6031.25,6031.5,6022.5,6025.25,14591
2025-02-12 09:05:00-05:00,6025.25,6027.25,6020.75,6023.75,9420
2025-02-12 09:10:00-05:00,6024.0,6026.5,6022.5,6025.75,5877
2025-02-12 09:15:00-05:00,6025.75,6029.0,6025.0,6027.5,6840
2025-02-12 09:20:00-05:00,6027.5,6034.0,6025.0,6033.75,8150
2025-02-12 09:25:00-05:00,6033.5,6033.75,6030.25,6030.75,9147
2025-02-12 09:30:00-05:00,6030.75,6035.5,6023.75,6035.0,43438
2025-02-12 09:35:00-05:00,6034.75,6042.0,6031.5,6039.25,25609
2025-02-12 09:40:00-05:00,6039.5,6046.0,6037.25,6044.25,24745
2025-02-12 09:45:00-05:00,6044.5,6050.75,6043.0,6050.5,28963
2025-02-12 09:50:00-05:00,6050.25,6056.0,6047.0,6054.0,27853
2025-02-12 09:55:00-05:00,6054.25,6054.25,6050.5,6052.5,20355
2025-02-12 10:00:00-05:00,6052.5,6053.5,6037.0,6037.5,31462
2025-02-12 10:05:00-05:00,6037.75,6044.75,6036.0,6042.25,25865
2025-02-12 10:10:00-05:00,6042.0,6043.5,6034.25,6037.0,21934
2025-02-12 10:15:00-05:00,6036.75,6051.75,6035.75,6051.0,23571
2025-02-12 10:20:00-05:00,6051.25,6062.5,6049.25,6058.25,29746
2025-02-12 10:25:00-05:00,6058.0,6061.25,6050.75,6053.25,23602
2025-02-12 10:30:00-05:00,6053.25,6058.5,6053.0,6056.5,15660
2025-02-12 10:35:00-05:00,6056.5,6072.25,6055.5,6066.5,41743
2025-02-12 10:40:00-05:00,6066.5,6068.0,6060.5,6063.75,19579
2025-02-12 10:45:00-05:00,6063.75,6064.75,6056.75,6059.5,17620
2025-02-12 10:50:00-05:00,6059.75,6063.0,6058.25,6062.5,12950
2025-02-12 10:55:00-05:00,6062.5,6064.25,6061.25,6063.0,10275
2025-02-12 11:00:00-05:00,6063.0,6063.5,6057.5,6058.25,12581
2025-02-12 11:05:00-05:00,6058.5,6059.5,6052.25,6053.75,15081
2025-02-12 11:10:00-05:00,6054.0,6057.0,6045.75,6048.5,19281
2025-02-12 11:15:00-05:00,6048.5,6049.75,6046.25,6048.25,11919
2025-02-12 11:20:00-05:00,6048.25,6050.0,6042.0,6045.0,15164
2025-02-12 11:25:00-05:00,6045.25,6045.5,6040.0,6044.75,15840
2025-02-12 11:30:00-05:00,6044.75,6049.25,6044.25,6047.75,12786
2025-02-12 11:35:00-05:00,6047.75,6054.0,6046.75,6052.75,12717
2025-02-12 11:40:00-05:00,6052.5,6060.5,6052.0,6060.0,11744
2025-02-12 11:45:00-05:00,6060.0,6060.75,6056.75,6059.75,10994
2025-02-12 11:50:00-05:00,6059.5,6067.5,6059.25,6065.5,14422
2025-02-12 11:55:00-05:00,6065.5,6074.5,6065.25,6073.25,20637
2025-02-12 12:00:00-05:00,6073.0,6076.75,6070.75,6072.75,29939
2025-02-12 12:05:00-05:00,6072.75,6074.75,6069.25,6072.25,11458
2025-02-12 12:10:00-05:00,6072.0,6079.0,6069.75,6076.0,20496
2025-02-12 12:15:00-05:00,6076.0,6079.0,6074.75,6075.5,15014
2025-02-12 12:20:00-05:00,6075.75,6079.75,6074.5,6076.75,11560
2025-02-12 12:25:00-05:00,6076.75,6078.5,6075.5,6077.0,7241
2025-02-12 12:30:00-05:00,6076.75,6078.0,6073.25,6076.5,11472
2025-02-12 12:35:00-05:00,6076.5,6077.25,6072.75,6074.25,6214
2025-02-12 12:40:00-05:00,6074.25,6074.5,6069.75,6071.75,8035
2025-02-12 12:45:00-05:00,6071.75,6080.75,6071.0,6077.75,11317
2025-02-12 12:50:00-05:00,6078.0,6081.75,6076.75,6081.25,8768
2025-02-12 12:55:00-05:00,6081.5,6084.5,6080.25,6083.25,12892
2025-02-12 13:00:00-05:00,6083.25,6084.75,6078.5,6079.25,10510
2025-02-12 13:05:00-05:00,6079.5,6081.75,6076.25,6078.25,9259
2025-02-12 13:10:00-05:00,6078.5,6079.75,6076.5,6079.5,5266
2025-02-12 13:15:00-05:00,6079.5,6080.25,6075.25,6076.25,8093
2025-02-12 13:20:00-05:00,6076.0,6077.5,6074.0,6076.0,9004
2025-02-12 13:25:00-05:00,6076.0,6077.5,6070.25,6074.75,15089
2025-02-12 13:30:00-05:00,6074.75,6076.75,6073.25,6075.75,11817
2025-02-12 13:35:00-05:00,6075.5,6076.5,6074.0,6075.75,4543
2025-02-12 13:40:00-05:00,6075.5,6076.0,6068.25,6069.0,8951
2025-02-12 13:45:00-05:00,6068.75,6072.25,6068.25,6070.0,9045
2025-02-12 13:50:00-05:00,6070.0,6074.25,6069.5,6072.5,6398
2025-02-12 13:55:00-05:00,6072.5,6073.75,6070.5,6071.0,5549
2025-02-12 14:00:00-05:00,6071.25,6071.5,6067.0,6067.75,9965
2025-02-12 14:05:00-05:00,6067.75,6069.75,6064.25,6068.5,11252
2025-02-12 14:10:00-05:00,6068.5,6068.5,6064.25,6065.75,7725
2025-02-12 14:15:00-05:00,6065.75,6066.75,6064.5,6066.0,6307
2025-02-12 14:20:00-05:00,6066.0,6071.25,6065.0,6069.25,10600
2025-02-12 14:25:00-05:00,6069.5,6071.75,6066.0,6069.25,7668
2025-02-12 14:30:00-05:00,6069.5,6073.5,6069.5,6072.75,6769
2025-02-12 14:35:00-05:00,6072.75,6075.0,6072.0,6073.75,6943
2025-02-12 14:40:00-05:00,6074.0,6075.0,6073.25,6074.5,5422
2025-02-12 14:45:00-05:00,6074.5,6081.5,6074.25,6080.5,11201
2025-02-12 14:50:00-05:00,6080.75,6080.75,6076.75,6079.75,8525
2025-02-12 14:55:00-05:00,6079.5,6080.5,6076.5,6078.25,8976
2025-02-12 15:00:00-05:00,6078.25,6079.75,6076.0,6077.75,7998
2025-02-12 15:05:00-05:00,6077.75,6078.75,6076.5,6077.25,7642
2025-02-12 15:10:00-05:00,6077.25,6079.25,6075.75,6076.5,7073
2025-02-12 15:15:00-05:00,6076.5,6076.75,6074.75,6075.75,8052
2025-02-12 15:20:00-05:00,6075.75,6077.0,6074.75,6076.0,4508
2025-02-12 15:25:00-05:00,6075.75,6077.0,6072.0,6072.25,8182
2025-02-12 15:30:00-05:00,6072.25,6075.0,6071.25,6074.5,10225
2025-02-12 15:35:00-05:00,6074.25,6075.0,6070.75,6071.5,7190
2025-02-12 15:40:00-05:00,6071.25,6073.25,6066.0,6066.75,13735
2025-02-12 15:45:00-05:00,6066.75,6069.0,6065.5,6067.75,13275
2025-02-12 15:50:00-05:00,6067.75,6071.25,6064.75,6069.5,26331
2025-02-12 15:55:00-05:00,6069.5,6074.75,6069.5,6072.75,62819
2025-02-12 16:00:00-05:00,6073.0,6076.0,6069.25,6072.5,31397
2025-02-12 16:05:00-05:00,6072.5,6077.5,6072.25,6076.0,5336
2025-02-12 16:10:00-05:00,6076.0,6076.0,6073.25,6073.5,3229
2025-02-12 16:15:00-05:00,6073.5,6075.0,6073.5,6074.5,1357
2025-02-12 16:20:00-05:00,6074.5,6074.5,6073.25,6073.75,929
2025-02-12 16:25:00-05:00,6074.0,6074.75,6070.75,6074.25,3337
2025-02-12 16:30:00-05:00,6074.25,6076.75,6073.75,6075.5,1446
2025-02-12 16:35:00-05:00,6075.25,6076.5,6075.0,6075.5,1017
2025-02-12 16:40:00-05:00,6075.25,6077.25,6075.25,6077.25,1163
2025-02-12 16:45:00-05:00,6077.0,6080.25,6077.0,6080.25,1910
2025-02-12 16:50:00-05:00,6080.25,6080.75,6079.75,6080.0,1288
2025-02-12 16:55:00-05:00,6080.0,6080.5,6079.25,6079.75,1821
2025-02-12 18:00:00-05:00,6079.75,6082.0,6077.75,6077.75,1553
2025-02-12 18:05:00-05:00,6077.75,6078.25,6076.75,6077.0,368
2025-02-12 18:10:00-05:00,6077.25,6079.25,6077.0,6077.5,526
2025-02-12 18:15:00-05:00,6077.5,6078.75,6076.75,6078.0,665
2025-02-12 18:20:00-05:00,6077.75,6078.5,6077.25,6078.0,196
2025-02-12 18:25:00-05:00,6078.25,6078.25,6077.0,6078.0,204
2025-02-12 18:30:00-05:00,6077.5,6078.5,6077.25,6078.25,298
2025-02-12 18:35:00-05:00,6078.25,6079.75,6078.0,6079.5,362
2025-02-12 18:40:00-05:00,6079.75,6084.5,6079.75,6082.5,1335
2025-02-12 18:45:00-05:00,6082.75,6084.5,6082.0,6084.25,842
2025-02-12 18:50:00-05:00,6084.0,6085.75,6083.75,6084.25,808
2025-02-12 18:55:00-05:00,6084.25,6085.25,6083.75,6084.0,581
2025-02-12 19:00:00-05:00,6084.0,6084.75,6082.0,6082.75,790
2025-02-12 19:05:00-05:00,6082.75,6083.5,6082.5,6082.5,420
2025-02-12 19:10:00-05:00,6082.25,6082.75,6081.0,6082.25,590
2025-02-12 19:15:00-05:00,6082.0,6082.25,6080.75,6081.0,455
2025-02-12 19:20:00-05:00,6081.25,6082.25,6081.0,6081.5,284
2025-02-12 19:25:00-05:00,6081.5,6083.5,6081.5,6083.0,437
2025-02-12 19:30:00-05:00,6083.25,6083.5,6082.25,6082.5,220
2025-02-12 19:35:00-05:00,6082.5,6083.75,6081.5,6083.5,462
2025-02-12 19:40:00-05:00,6083.5,6086.5,6083.25,6085.75,716
2025-02-12 19:45:00-05:00,6085.75,6086.0,6085.25,6085.75,395
2025-02-12 19:50:00-05:00,6085.75,6086.0,6085.0,6085.25,297
2025-02-12 19:55:00-05:00,6085.25,6086.0,6084.25,6084.75,350
2025-02-12 20:00:00-05:00,6084.75,6085.25,6083.0,6083.75,511
2025-02-12 20:05:00-05:00,6083.5,6085.0,6083.0,6084.75,319
2025-02-12 20:10:00-05:00,6084.75,6085.5,6084.5,6085.0,229
2025-02-12 20:15:00-05:00,6085.25,6085.25,6083.25,6083.75,458
2025-02-12 20:20:00-05:00,6083.75,6085.0,6083.5,6084.25,499
2025-02-12 20:25:00-05:00,6084.0,6084.0,6082.0,6082.75,350
2025-02-12 20:30:00-05:00,6082.5,6085.25,6082.0,6085.25,556
2025-02-12 20:35:00-05:00,6085.25,6086.75,6084.75,6085.25,644
2025-02-12 20:40:00-05:00,6085.0,6085.5,6084.75,6084.75,285
2025-02-12 20:45:00-05:00,6085.0,6085.5,6083.75,6084.25,322
2025-02-12 20:50:00-05:00,6084.0,6085.0,6083.5,6083.75,439
2025-02-12 20:55:00-05:00,6083.75,6084.0,6083.25,6083.5,176
2025-02-12 21:00:00-05:00,6083.5,6083.5,6082.5,6082.75,236
2025-02-12 21:05:00-05:00,6082.5,6082.5,6080.5,6080.75,613
2025-02-12 21:10:00-05:00,6080.75,6081.0,6079.75,6080.75,378
2025-02-12 21:15:00-05:00,6081.0,6082.75,6080.75,6082.5,374
2025-02-12 21:20:00-05:00,6082.5,6083.0,6081.5,6081.75,247
2025-02-12 21:25:00-05:00,6081.75,6082.75,6081.25,6082.25,303
2025-02-12 21:30:00-05:00,6082.5,6083.0,6082.25,6082.5,125
2025-02-12 21:35:00-05:00,6082.25,6083.75,6082.25,6083.25,161
2025-02-12 21:40:00-05:00,6083.0,6083.75,6082.5,6083.75,168
2025-02-12 21:45:00-05:00,6083.5,6084.25,6083.25,6084.0,250
2025-02-12 21:50:00-05:00,6084.0,6084.0,6082.75,6083.0,217
2025-02-12 21:55:00-05:00,6083.0,6083.5,6082.75,6083.25,117
2025-02-12 22:00:00-05:00,6083.25,6083.75,6083.0,6083.5,171
2025-02-12 22:05:00-05:00,6083.5,6086.5,6083.5,6085.0,698
2025-02-12 22:10:00-05:00,6085.0,6086.0,6085.0,6085.5,250
2025-02-12 22:15:00-05:00,6085.25,6086.5,6085.0,6086.5,232
2025-02-12 22:20:00-05:00,6086.5,6088.5,6086.25,6086.75,946
2025-02-12 22:25:00-05:00,6086.5,6086.75,6085.75,6086.0,302
2025-02-12 22:30:00-05:00,6086.0,6088.0,6086.0,6087.0,359
2025-02-12 22:35:00-05:00,6087.25,6087.25,6086.5,6087.25,172
2025-02-12 22:40:00-05:00,6087.25,6087.5,6086.75,6087.0,120
2025-02-12 22:45:00-05:00,6087.25,6087.75,6087.0,6087.25,226
2025-02-12 22:50:00-05:00,6087.25,6087.5,6086.5,6086.5,213
2025-02-12 22:55:00-05:00,6087.0,6087.25,6086.0,6086.75,281
2025-02-12 23:00:00-05:00,6086.75,6088.75,6086.75,6088.5,1457
2025-02-12 23:05:00-05:00,6088.5,6090.0,6088.25,6089.0,734
2025-02-12 23:10:00-05:00,6089.0,6090.25,6088.75,6089.0,369
2025-02-12 23:15:00-05:00,6089.0,6089.5,6088.5,6089.25,281
2025-02-12 23:20:00-05:00,6089.25,6089.25,6088.25,6088.75,208
2025-02-12 23:25:00-05:00,6088.75,6089.25,6088.0,6088.25,210
2025-02-12 23:30:00-05:00,6088.5,6089.0,6088.25,6089.0,128
2025-02-12 23:35:00-05:00,6089.0,6089.75,6088.25,6089.25,169
2025-02-12 23:40:00-05:00,6089.5,6089.5,6088.75,6089.25,195
2025-02-12 23:45:00-05:00,6089.0,6089.25,6087.5,6087.5,277
2025-02-12 23:50:00-05:00,6087.5,6088.0,6087.25,6087.25,212
2025-02-12 23:55:00-05:00,6087.5,6087.5,6086.5,6086.5,285
2025-02-13 00:00:00-05:00,6086.5,6088.0,6086.5,6087.5,217
2025-02-13 00:05:00-05:00,6087.5,6088.0,6087.0,6087.5,198
2025-02-13 00:10:00-05:00,6087.5,6087.5,6086.25,6086.75,275
2025-02-13 00:15:00-05:00,6086.75,6087.0,6086.5,6086.75,189
2025-02-13 00:20:00-05:00,6087.0,6087.25,6086.25,6086.5,160
2025-02-13 00:25:00-05:00,6086.5,6086.75,6086.25,6086.25,145
2025-02-13 00:30:00-05:00,6086.25,6086.75,6086.0,6086.0,166
2025-02-13 00:35:00-05:00,6086.25,6086.75,6085.75,6086.0,146
2025-02-13 00:40:00-05:00,6086.0,6086.0,6084.0,6085.25,356
2025-02-13 00:45:00-05:00,6085.0,6086.25,6085.0,6086.0,262
2025-02-13 00:50:00-05:00,6085.75,6086.25,6085.0,6085.25,150
2025-02-13 00:55:00-05:00,6085.5,6085.5,6084.75,6085.25,226
2025-02-13 01:00:00-05:00,6085.25,6086.25,6085.0,6085.5,511
2025-02-13 01:05:00-05:00,6085.5,6086.75,6085.25,6086.75,290
2025-02-13 01:10:00-05:00,6086.75,6087.75,6085.75,6086.5,344
2025-02-13 01:15:00-05:00,6086.5,6087.25,6086.5,6087.0,200
2025-02-13 01:20:00-05:00,6086.75,6086.75,6085.0,6085.5,403
2025-02-13 01:25:00-05:00,6085.5,6086.25,6085.0,6086.0,225
2025-02-13 01:30:00-05:00,6086.0,6087.5,6086.0,6087.0,378
2025-02-13 01:35:00-05:00,6086.75,6088.75,6086.75,6087.75,518
2025-02-13 01:40:00-05:00,6088.0,6088.25,6085.25,6086.0,438
2025-02-13 01:45:00-05:00,6086.0,6086.0,6083.5,6083.75,625
2025-02-13 01:50:00-05:00,6083.75,6084.25,6083.75,6083.75,143
2025-02-13 01:55:00-05:00,6083.75,6084.0,6083.25,6083.25,130
2025-02-13 02:00:00-05:00,6083.25,6084.0,6082.0,6083.25,652
2025-02-13 02:05:00-05:00,6083.25,6083.75,6081.25,6083.0,431
2025-02-13 02:10:00-05:00,6083.0,6084.25,6082.75,6083.0,287
2025-02-13 02:15:00-05:00,6082.75,6084.25,6082.25,6083.75,334
2025-02-13 02:20:00-05:00,6083.75,6084.25,6082.75,6083.0,341
2025-02-13 02:25:00-05:00,6083.0,6084.0,6081.75,6083.0,277
2025-02-13 02:30:00-05:00,6083.0,6083.25,6079.75,6080.0,625
2025-02-13 02:35:00-05:00,6080.25,6081.0,6079.0,6080.75,671
2025-02-13 02:40:00-05:00,6080.25,6080.5,6078.25,6078.75,562
2025-02-13 02:45:00-05:00,6079.0,6079.5,6077.25,6078.0,628
2025-02-13 02:50:00-05:00,6078.0,6078.0,6074.75,6075.0,824
2025-02-13 02:55:00-05:00,6075.0,6077.5,6075.0,6077.25,752
2025-02-13 03:00:00-05:00,6077.25,6077.5,6075.0,6077.25,1712
2025-02-13 03:05:00-05:00,6077.5,6078.0,6073.0,6073.25,1134
2025-02-13 03:10:00-05:00,6073.25,6073.25,6070.0,6071.25,1632
2025-02-13 03:15:00-05:00,6071.5,6071.5,6066.0,6068.25,2628
2025-02-13 03:20:00-05:00,6068.5,6069.25,6062.0,6063.5,1688
2025-02-13 03:25:00-05:00,6063.25,6063.5,6059.0,6061.75,2340
2025-02-13 03:30:00-05:00,6061.75,6061.75,6058.25,6059.0,2031
2025-02-13 03:35:00-05:00,6059.0,6060.5,6056.0,6058.25,2109
2025-02-13 03:40:00-05:00,6058.25,6061.25,6056.75,6060.5,1982
2025-02-13 03:45:00-05:00,6060.75,6062.5,6059.25,6060.5,1429
2025-02-13 03:50:00-05:00,6060.75,6060.75,6058.5,6059.25,804
2025-02-13 03:55:00-05:00,6059.5,6059.75,6057.0,6058.5,815
2025-02-13 04:00:00-05:00,6058.25,6058.75,6053.5,6058.0,3230
2025-02-13 04:05:00-05:00,6058.0,6059.25,6056.5,6058.5,1515
2025-02-13 04:10:00-05:00,6058.5,6062.5,6057.25,6061.5,1409
2025-02-13 04:15:00-05:00,6061.25,6067.0,6061.25,6066.5,2349
2025-02-13 04:20:00-05:00,6066.25,6067.5,6065.0,6067.0,881
2025-02-13 04:25:00-05:00,6066.75,6069.5,6066.75,6068.0,907
2025-02-13 04:30:00-05:00,6068.25,6069.5,6067.25,6069.0,871
2025-02-13 04:35:00-05:00,6068.75,6069.75,6067.0,6069.0,993
2025-02-13 04:40:00-05:00,6069.0,6071.75,6068.75,6069.75,1471
2025-02-13 04:45:00-05:00,6069.5,6072.0,6068.5,6071.5,1513
2025-02-13 04:50:00-05:00,6071.25,6071.75,6070.25,6071.0,628
2025-02-13 04:55:00-05:00,6071.25,6071.25,6070.25,6070.75,1109
2025-02-13 05:00:00-05:00,6070.75,6072.0,6070.5,6070.75,661
2025-02-13 05:05:00-05:00,6070.75,6071.25,6067.25,6070.0,1064
2025-02-13 05:10:00-05:00,6070.25,6072.25,6069.75,6071.5,717
2025-02-13 05:15:00-05:00,6071.25,6072.25,6070.75,6070.75,490
2025-02-13 05:20:00-05:00,6070.75,6071.75,6069.5,6070.0,473
2025-02-13 05:25:00-05:00,6070.0,6070.5,6069.5,6069.75,464
2025-02-13 05:30:00-05:00,6070.0,6071.75,6068.5,6071.0,632
2025-02-13 05:35:00-05:00,6071.25,6073.5,6071.25,6073.25,909
2025-02-13 05:40:00-05:00,6073.5,6074.25,6073.0,6074.25,450
2025-02-13 05:45:00-05:00,6074.25,6074.25,6072.5,6073.5,450
2025-02-13 05:50:00-05:00,6073.25,6073.25,6072.25,6072.75,407
2025-02-13 05:55:00-05:00,6073.0,6074.0,6072.25,6072.75,859
2025-02-13 06:00:00-05:00,6072.75,6073.25,6071.75,6072.75,506
2025-02-13 06:05:00-05:00,6072.75,6073.75,6072.0,6073.25,438
2025-02-13 06:10:00-05:00,6073.25,6074.5,6072.5,6074.5,597
2025-02-13 06:15:00-05:00,6074.5,6075.75,6073.75,6075.25,744
2025-02-13 06:20:00-05:00,6075.5,6077.5,6075.5,6076.5,809
2025-02-13 06:25:00-05:00,6076.5,6077.5,6076.25,6076.75,842
2025-02-13 06:30:00-05:00,6076.75,6077.25,6076.0,6076.75,530
2025-02-13 06:35:00-05:00,6076.75,6077.5,6076.5,6076.75,418
2025-02-13 06:40:00-05:00,6076.75,6077.0,6076.0,6076.25,450
2025-02-13 06:45:00-05:00,6076.5,6077.5,6065.25,6071.75,6676
2025-02-13 06:50:00-05:00,6071.75,6073.5,6064.5,6068.0,3095
2025-02-13 06:55:00-05:00,6068.0,6072.25,6065.5,6070.75,2165
2025-02-13 07:00:00-05:00,6070.5,6072.75,6069.25,6071.5,1564
2025-02-13 07:05:00-05:00,6071.5,6073.75,6068.5,6069.5,2013
2025-02-13 07:10:00-05:00,6069.5,6070.0,6065.0,6066.0,1843
2025-02-13 07:15:00-05:00,6066.0,6068.5,6065.0,6065.75,1500
2025-02-13 07:20:00-05:00,6066.0,6068.75,6065.75,6067.5,987
2025-02-13 07:25:00-05:00,6067.75,6070.75,6067.75,6069.5,1444
2025-02-13 07:30:00-05:00,6069.25,6071.25,6069.25,6070.75,934
2025-02-13 07:35:00-05:00,6070.75,6071.25,6070.0,6070.25,567
2025-02-13 07:40:00-05:00,6070.25,6071.5,6069.5,6070.25,579
2025-02-13 07:45:00-05:00,6070.25,6070.25,6066.75,6068.25,1060
2025-02-13 07:50:00-05:00,6068.25,6069.75,6064.75,6069.5,1523
2025-02-13 07:55:00-05:00,6069.75,6070.25,6068.0,6069.5,1022
2025-02-13 08:00:00-05:00,6069.75,6069.75,6067.75,6068.75,897
2025-02-13 08:05:00-05:00,6068.75,6069.25,6067.5,6068.5,844
2025-02-13 08:10:00-05:00,6068.25,6069.25,6066.75,6067.0,715
2025-02-13 08:15:00-05:00,6066.75,6069.5,6066.0,6069.25,1710
2025-02-13 08:20:00-05:00,6069.25,6070.25,6068.5,6069.0,1554
2025-02-13 08:25:00-05:00,6069.0,6071.25,6068.0,6070.75,2021
2025-02-13 08:30:00-05:00,6070.75,6087.25,6063.0,6079.25,19434
2025-02-13 08:35:00-05:00,6079.25,6085.0,6078.75,6082.0,8173
2025-02-13 08:40:00-05:00,6081.75,6086.0,6080.75,6083.0,5347
2025-02-13 08:45:00-05:00,6083.0,6083.0,6077.75,6081.5,5952
2025-02-13 08:50:00-05:00,6081.5,6083.75,6079.0,6080.0,3557
2025-02-13 08:55:00-05:00,6080.0,6085.0,6078.25,6084.5,3706
2025-02-13 09:00:00-05:00,6084.5,6084.75,6081.75,6083.5,3971
2025-02-13 09:05:00-05:00,6083.25,6084.0,6079.0,6082.5,3897
2025-02-13 09:10:00-05:00,6082.5,6084.25,6081.5,6083.5,2610
2025-02-13 09:15:00-05:00,6083.5,6084.0,6081.0,6083.25,2671
2025-02-13 09:20:00-05:00,6083.25,6086.0,6082.75,6085.0,2724
2025-02-13 09:25:00-05:00,6084.75,6085.25,6081.5,6083.5,5063
2025-02-13 09:30:00-05:00,6083.5,6089.0,6080.75,6084.0,28911
2025-02-13 09:35:00-05:00,6083.75,6085.25,6070.25,6075.75,28559
2025-02-13 09:40:00-05:00,6076.0,6083.25,6073.25,6082.5,21697
2025-02-13 09:45:00-05:00,6082.75,6085.5,6077.0,6078.5,20073
2025-02-13 09:50:00-05:00,6078.75,6082.75,6077.0,6081.75,14057
2025-02-13 09:55:00-05:00,6081.75,6088.75,6080.5,6086.25,17857
2025-02-13 10:00:00-05:00,6086.5,6096.25,6086.25,6089.25,37841
2025-02-13 10:05:00-05:00,6089.5,6091.25,6080.5,6087.25,24423
2025-02-13 10:10:00-05:00,6087.5,6095.25,6086.75,6091.25,24305
2025-02-13 10:15:00-05:00,6091.25,6100.0,6090.75,6099.25,21839
2025-02-13 10:20:00-05:00,6099.5,6102.5,6097.75,6100.5,29761
2025-02-13 10:25:00-05:00,6100.5,6102.0,6094.75,6099.0,21198
2025-02-13 10:30:00-05:00,6099.0,6103.75,6098.0,6102.0,18185
2025-02-13 10:35:00-05:00,6102.25,6109.5,6101.25,6107.75,23621
2025-02-13 10:40:00-05:00,6107.75,6113.75,6107.5,6111.25,25533
2025-02-13 10:45:00-05:00,6111.25,6111.75,6108.25,6109.25,19246
2025-02-13 10:50:00-05:00,6109.5,6110.5,6106.75,6108.0,14269
2025-02-13 10:55:00-05:00,6108.0,6109.75,6105.0,6109.25,11234
2025-02-13 11:00:00-05:00,6109.5,6110.25,6107.75,6109.25,11588
2025-02-13 11:05:00-05:00,6109.25,6113.25,6109.0,6110.75,10647
2025-02-13 11:10:00-05:00,6110.75,6113.5,6110.25,6112.25,10190
2025-02-13 11:15:00-05:00,6112.5,6112.5,6108.25,6112.0,10632
2025-02-13 11:20:00-05:00,6112.0,6112.0,6108.5,6111.5,7260
2025-02-13 11:25:00-05:00,6111.5,6111.5,6104.5,6105.5,12027
2025-02-13 11:30:00-05:00,6105.5,6106.75,6102.0,6106.5,17574
2025-02-13 11:35:00-05:00,6106.5,6108.25,6103.75,6104.5,11627
2025-02-13 11:40:00-05:00,6104.75,6106.25,6103.5,6105.25,6778
2025-02-13 11:45:00-05:00,6105.0,6106.0,6104.5,6105.75,5567
2025-02-13 11:50:00-05:00,6105.5,6107.25,6101.0,6102.0,9456
2025-02-13 11:55:00-05:00,6102.0,6102.0,6095.75,6099.25,19532
2025-02-13 12:00:00-05:00,6099.25,6103.25,6095.25,6102.75,13372
2025-02-13 12:05:00-05:00,6103.0,6105.5,6101.75,6103.25,7297
2025-02-13 12:10:00-05:00,6103.0,6104.0,6098.5,6101.0,9095
2025-02-13 12:15:00-05:00,6100.75,6102.5,6099.75,6099.75,6782
2025-02-13 12:20:00-05:00,6099.75,6104.0,6099.5,6103.5,6614
2025-02-13 12:25:00-05:00,6103.75,6104.75,6102.25,6103.5,5140
2025-02-13 12:30:00-05:00,6103.75,6104.25,6100.75,6104.0,5984
2025-02-13 12:35:00-05:00,6104.0,6104.75,6103.0,6103.25,4135
2025-02-13 12:40:00-05:00,6103.25,6104.25,6101.75,6103.25,4457
2025-02-13 12:45:00-05:00,6103.5,6108.25,6103.25,6107.25,9515
2025-02-13 12:50:00-05:00,6107.5,6107.5,6102.5,6104.0,7375
2025-02-13 12:55:00-05:00,6104.25,6104.5,6096.25,6100.0,14435
2025-02-13 13:00:00-05:00,6100.25,6100.75,6096.25,6098.75,9555
2025-02-13 13:05:00-05:00,6098.75,6099.5,6097.25,6098.5,5726
2025-02-13 13:10:00-05:00,6098.5,6102.0,6097.5,6100.5,7063
2025-02-13 13:15:00-05:00,6100.75,6101.0,6088.0,6091.75,20678
2025-02-13 13:20:00-05:00,6091.5,6099.75,6089.75,6098.5,17612
2025-02-13 13:25:00-05:00,6098.75,6102.75,6098.25,6100.25,9251
2025-02-13 13:30:00-05:00,6100.5,6103.25,6099.0,6101.0,7877
2025-02-13 13:35:00-05:00,6101.25,6106.0,6100.75,6105.75,9363
2025-02-13 13:40:00-05:00,6106.0,6107.25,6091.5,6101.5,46484
2025-02-13 13:45:00-05:00,6101.5,6106.0,6098.25,6104.5,15592
2025-02-13 13:50:00-05:00,6104.5,6106.75,6096.5,6104.25,24872
2025-02-13 13:55:00-05:00,6104.5,6111.25,6102.0,6110.5,14775
2025-02-13 14:00:00-05:00,6110.5,6116.0,6109.0,6115.5,17610
2025-02-13 14:05:00-05:00,6115.5,6120.5,6113.25,6118.75,17286
2025-02-13 14:10:00-05:00,6119.0,6119.75,6116.0,6118.5,11098
2025-02-13 14:15:00-05:00,6118.75,6122.5,6118.0,6120.75,13253
2025-02-13 14:20:00-05:00,6121.0,6122.5,6118.5,6120.0,10102
2025-02-13 14:25:00-05:00,6119.75,6121.75,6118.25,6121.25,8734
2025-02-13 14:30:00-05:00,6121.0,6125.5,6119.75,6124.0,12551
2025-02-13 14:35:00-05:00,6124.0,6127.75,6123.75,6126.0,11464
2025-02-13 14:40:00-05:00,6126.0,6126.0,6123.0,6124.0,9760
2025-02-13 14:45:00-05:00,6123.75,6126.0,6122.75,6125.75,6709
2025-02-13 14:50:00-05:00,6125.5,6131.5,6125.5,6130.0,16798
2025-02-13 14:55:00-05:00,6130.25,6130.5,6126.0,6127.5,10917
2025-02-13 15:00:00-05:00,6127.5,6130.5,6126.5,6129.5,9583
2025-02-13 15:05:00-05:00,6129.5,6132.25,6128.5,6131.0,8942
2025-02-13 15:10:00-05:00,6131.25,6132.25,6129.25,6131.25,7964
2025-02-13 15:15:00-05:00,6131.5,6135.5,6130.75,6135.0,12680
2025-02-13 15:20:00-05:00,6135.0,6135.25,6131.5,6132.0,9841
2025-02-13 15:25:00-05:00,6132.0,6134.25,6130.0,6134.25,11391
2025-02-13 15:30:00-05:00,6134.0,6134.0,6130.25,6131.0,11103
2025-02-13 15:35:00-05:00,6131.25,6133.5,6130.5,6133.25,9382
2025-02-13 15:40:00-05:00,6133.25,6133.5,6129.5,6129.75,10639
2025-02-13 15:45:00-05:00,6129.5,6133.0,6129.25,6132.25,13521
2025-02-13 15:50:00-05:00,6132.25,6133.75,6130.0,6132.5,24116
2025-02-13 15:55:00-05:00,6132.25,6138.0,6129.75,6135.25,87665
2025-02-13 16:00:00-05:00,6135.25,6136.25,6131.25,6131.5,28259
2025-02-13 16:05:00-05:00,6131.25,6136.0,6130.75,6134.75,12188
2025-02-13 16:10:00-05:00,6134.75,6135.0,6132.5,6132.75,3982
2025-02-13 16:15:00-05:00,6133.0,6134.0,6132.0,6132.0,2323
2025-02-13 16:20:00-05:00,6132.0,6132.75,6131.0,6132.5,2475
2025-02-13 16:25:00-05:00,6132.5,6133.25,6132.0,6132.5,1478
2025-02-13 16:30:00-05:00,6132.5,6133.25,6132.0,6133.0,1235
2025-02-13 16:35:00-05:00,6133.0,6133.75,6133.0,6133.75,914
2025-02-13 16:40:00-05:00,6133.75,6134.75,6133.25,6134.5,1250
2025-02-13 16:45:00-05:00,6134.25,6135.5,6134.0,6135.25,1773
2025-02-13 16:50:00-05:00,6135.0,6135.25,6133.5,6133.75,1811
2025-02-13 16:55:00-05:00,6133.75,6134.25,6132.0,6132.25,11018
2025-02-13 18:00:00-05:00,6131.75,6137.0,6131.25,6132.75,2129
2025-02-13 18:05:00-05:00,6132.75,6134.0,6132.25,6133.25,712
2025-02-13 18:10:00-05:00,6133.5,6135.5,6132.75,6135.0,1005
2025-02-13 18:15:00-05:00,6135.0,6135.25,6133.75,6134.5,769
2025-02-13 18:20:00-05:00,6134.5,6137.25,6134.0,6136.25,990
2025-02-13 18:25:00-05:00,6136.5,6137.0,6135.75,6136.0,503
2025-02-13 18:30:00-05:00,6136.0,6136.5,6132.5,6133.25,717
2025-02-13 18:35:00-05:00,6133.0,6134.0,6132.5,6133.5,421
2025-02-13 18:40:00-05:00,6133.25,6134.0,6133.0,6133.75,405
2025-02-13 18:45:00-05:00,6133.75,6135.0,6133.75,6134.25,415
2025-02-13 18:50:00-05:00,6134.0,6134.25,6133.5,6133.5,300
2025-02-13 18:55:00-05:00,6133.75,6134.25,6133.0,6133.75,300
2025-02-13 19:00:00-05:00,6134.0,6136.75,6134.0,6134.75,745
2025-02-13 19:05:00-05:00,6134.5,6134.5,6132.25,6132.5,595
2025-02-13 19:10:00-05:00,6132.5,6133.5,6131.75,6133.25,625
2025-02-13 19:15:00-05:00,6133.0,6135.75,6133.0,6135.75,583
2025-02-13 19:20:00-05:00,6135.5,6136.5,6135.0,6135.25,410
2025-02-13 19:25:00-05:00,6135.5,6137.0,6135.5,6136.25,419
2025-02-13 19:30:00-05:00,6136.0,6136.25,6135.0,6135.25,371
2025-02-13 19:35:00-05:00,6135.25,6135.75,6135.0,6135.25,200
2025-02-13 19:40:00-05:00,6135.25,6136.0,6135.0,6136.0,417
2025-02-13 19:45:00-05:00,6135.75,6136.0,6134.75,6135.25,424
2025-02-13 19:50:00-05:00,6135.0,6136.25,6134.5,6135.5,411
2025-02-13 19:55:00-05:00,6135.5,6135.5,6134.5,6135.0,258
2025-02-13 20:00:00-05:00,6135.0,6135.75,6134.5,6135.75,368
2025-02-13 20:05:00-05:00,6135.75,6138.25,6135.75,6137.0,724
2025-02-13 20:10:00-05:00,6137.25,6137.5,6136.75,6137.25,395
2025-02-13 20:15:00-05:00,6137.25,6137.5,6135.25,6136.75,685
2025-02-13 20:20:00-05:00,6136.75,6137.75,6136.75,6137.25,364
2025-02-13 20:25:00-05:00,6137.25,6138.75,6136.75,6138.5,390
2025-02-13 20:30:00-05:00,6138.5,6141.75,6137.75,6141.0,2029
2025-02-13 20:35:00-05:00,6141.0,6142.25,6139.5,6141.75,1210
2025-02-13 20:40:00-05:00,6141.75,6142.5,6141.0,6141.5,813
2025-02-13 20:45:00-05:00,6141.25,6142.25,6141.0,6141.0,394
2025-02-13 20:50:00-05:00,6141.0,6142.5,6140.75,6142.25,471
2025-02-13 20:55:00-05:00,6142.5,6143.5,6142.0,6143.25,724
2025-02-13 21:00:00-05:00,6143.25,6143.25,6142.5,6143.25,466
2025-02-13 21:05:00-05:00,6143.25,6144.5,6143.25,6144.0,532
2025-02-13 21:10:00-05:00,6144.0,6144.25,6143.0,6143.0,346
2025-02-13 21:15:00-05:00,6143.0,6143.75,6142.25,6143.25,307
2025-02-13 21:20:00-05:00,6143.5,6143.75,6143.0,6143.25,232
2025-02-13 21:25:00-05:00,6143.25,6143.5,6142.5,6143.0,357
2025-02-13 21:30:00-05:00,6143.0,6143.5,6142.25,6142.75,352
2025-02-13 21:35:00-05:00,6142.75,6144.25,6142.75,6144.0,360
2025-02-13 21:40:00-05:00,6144.25,6144.75,6142.75,6143.5,541
2025-02-13 21:45:00-05:00,6143.5,6144.0,6143.0,6143.0,294
2025-02-13 21:50:00-05:00,6143.25,6143.75,6143.0,6143.5,179
2025-02-13 21:55:00-05:00,6143.5,6143.5,6142.75,6143.25,183
2025-02-13 22:00:00-05:00,6143.5,6144.0,6142.25,6143.25,369
2025-02-13 22:05:00-05:00,6143.0,6143.25,6141.75,6141.75,685
2025-02-13 22:10:00-05:00,6141.75,6142.25,6141.25,6142.25,441
2025-02-13 22:15:00-05:00,6142.25,6142.25,6141.5,6141.75,174
2025-02-13 22:20:00-05:00,6141.75,6142.0,6141.25,6141.25,179
2025-02-13 22:25:00-05:00,6141.25,6142.25,6141.25,6142.0,276
2025-02-13 22:30:00-05:00,6141.75,6142.0,6141.25,6141.75,146
2025-02-13 22:35:00-05:00,6141.75,6142.25,6141.5,6142.25,143
2025-02-13 22:40:00-05:00,6142.25,6142.25,6141.75,6142.0,263
2025-02-13 22:45:00-05:00,6142.0,6143.25,6141.75,6143.0,391
2025-02-13 22:50:00-05:00,6143.0,6143.75,6142.75,6143.75,245
2025-02-13 22:55:00-05:00,6143.75,6144.25,6143.25,6143.25,298
2025-02-13 23:00:00-05:00,6143.25,6143.5,6142.75,6142.75,177
2025-02-13 23:05:00-05:00,6143.0,6143.5,6142.5,6142.75,267
2025-02-13 23:10:00-05:00,6142.75,6143.0,6142.5,6142.75,117
2025-02-13 23:15:00-05:00,6142.75,6143.0,6142.5,6142.75,54
2025-02-13 23:20:00-05:00,6142.75,6143.0,6142.5,6142.75,131
2025-02-13 23:25:00-05:00,6142.75,6143.5,6142.5,6142.5,257
2025-02-13 23:30:00-05:00,6142.75,6143.0,6142.5,6142.5,155
2025-02-13 23:35:00-05:00,6142.75,6143.25,6142.5,6143.0,117
2025-02-13 23:40:00-05:00,6143.0,6143.5,6143.0,6143.25,98
2025-02-13 23:45:00-05:00,6143.5,6143.5,6143.0,6143.5,121
2025-02-13 23:50:00-05:00,6143.5,6143.5,6142.75,6143.0,93
2025-02-13 23:55:00-05:00,6143.25,6143.5,6143.25,6143.25,121
2025-02-14 00:00:00-05:00,6143.25,6144.25,6143.25,6143.75,193
2025-02-14 00:05:00-05:00,6143.5,6143.75,6142.25,6142.5,228
2025-02-14 00:10:00-05:00,6142.5,6143.0,6142.25,6142.5,152
2025-02-14 00:15:00-05:00,6142.75,6143.25,6142.75,6143.0,138
2025-02-14 00:20:00-05:00,6143.0,6143.0,6142.5,6142.5,136
2025-02-14 00:25:00-05:00,6142.5,6142.5,6142.0,6142.0,146
2025-02-14 00:30:00-05:00,6142.0,6142.25,6140.75,6141.0,255
2025-02-14 00:35:00-05:00,6140.75,6141.75,6139.5,6139.75,589
2025-02-14 00:40:00-05:00,6139.75,6141.0,6139.0,6140.25,973
2025-02-14 00:45:00-05:00,6140.0,6140.25,6139.0,6139.0,327
2025-02-14 00:50:00-05:00,6139.0,6140.0,6139.0,6139.5,260
2025-02-14 00:55:00-05:00,6139.5,6140.0,6139.25,6139.5,214
2025-02-14 01:00:00-05:00,6139.5,6140.5,6139.25,6140.5,208
2025-02-14 01:05:00-05:00,6140.5,6140.75,6140.0,6140.25,160
2025-02-14 01:10:00-05:00,6140.25,6141.5,6140.0,6141.25,244
2025-02-14 01:15:00-05:00,6141.25,6141.5,6140.5,6141.0,347
2025-02-14 01:20:00-05:00,6141.0,6141.25,6140.0,6140.25,292
2025-02-14 01:25:00-05:00,6140.5,6141.0,6139.5,6139.75,178
2025-02-14 01:30:00-05:00,6139.75,6140.75,6139.0,6139.75,345
2025-02-14 01:35:00-05:00,6139.75,6140.75,6139.5,6139.75,170
2025-02-14 01:40:00-05:00,6140.25,6141.0,6139.75,6141.0,222
2025-02-14 01:45:00-05:00,6141.0,6141.25,6140.25,6140.75,149
2025-02-14 01:50:00-05:00,6140.5,6141.0,6140.0,6140.5,162
2025-02-14 01:55:00-05:00,6140.75,6141.25,6140.25,6141.0,144
2025-02-14 02:00:00-05:00,6141.0,6143.5,6140.75,6143.25,762
2025-02-14 02:05:00-05:00,6143.5,6146.25,6143.25,6145.5,1038
2025-02-14 02:10:00-05:00,6145.25,6146.5,6144.5,6146.25,584
2025-02-14 02:15:00-05:00,6146.0,6146.75,6145.0,6145.5,960
2025-02-14 02:20:00-05:00,6145.25,6146.25,6145.0,6145.0,549
2025-02-14 02:25:00-05:00,6145.0,6145.5,6144.5,6144.5,383
2025-02-14 02:30:00-05:00,6144.5,6145.25,6144.0,6144.5,472
2025-02-14 02:35:00-05:00,6144.25,6144.75,6142.75,6143.25,549
2025-02-14 02:40:00-05:00,6143.25,6144.0,6142.75,6143.75,405
2025-02-14 02:45:00-05:00,6144.0,6144.5,6143.0,6144.0,255
2025-02-14 02:50:00-05:00,6144.0,6144.0,6143.0,6143.25,361
2025-02-14 02:55:00-05:00,6143.5,6143.75,6142.5,6143.0,557
2025-02-14 03:00:00-05:00,6143.25,6143.25,6140.0,6141.75,1800
2025-02-14 03:05:00-05:00,6141.75,6142.0,6138.25,6138.75,1242
2025-02-14 03:10:00-05:00,6138.5,6139.25,6137.5,6138.5,1129
2025-02-14 03:15:00-05:00,6138.5,6139.5,6137.5,6138.0,962
2025-02-14 03:20:00-05:00,6138.0,6140.0,6137.75,6139.0,929
2025-02-14 03:25:00-05:00,6139.0,6139.25,6138.5,6138.5,423
2025-02-14 03:30:00-05:00,6138.5,6139.75,6137.5,6139.0,818
2025-02-14 03:35:00-05:00,6139.0,6139.0,6134.5,6134.75,1711
2025-02-14 03:40:00-05:00,6135.0,6136.0,6133.75,6134.25,1873
2025-02-14 03:45:00-05:00,6134.25,6135.75,6134.0,6134.0,933
2025-02-14 03:50:00-05:00,6134.0,6134.75,6132.25,6134.5,1917
2025-02-14 03:55:00-05:00,6134.5,6135.75,6134.25,6135.5,1310
2025-02-14 04:00:00-05:00,6135.5,6138.5,6133.75,6138.25,2012
2025-02-14 04:05:00-05:00,6138.5,6138.5,6136.5,6137.5,1335
2025-02-14 04:10:00-05:00,6137.5,6139.0,6137.0,6138.25,978
2025-02-14 04:15:00-05:00,6138.0,6138.25,6137.0,6137.75,812
2025-02-14 04:20:00-05:00,6137.5,6138.0,6136.5,6136.75,1144
2025-02-14 04:25:00-05:00,6137.0,6138.25,6136.75,6138.25,1142
2025-02-14 04:30:00-05:00,6138.0,6140.5,6137.75,6139.5,2742
2025-02-14 04:35:00-05:00,6139.5,6139.5,6136.75,6137.25,777
2025-02-14 04:40:00-05:00,6137.5,6138.25,6136.5,6137.75,650
2025-02-14 04:45:00-05:00,6137.5,6137.75,6136.0,6136.0,721
2025-02-14 04:50:00-05:00,6136.25,6136.25,6133.25,6135.0,2664
2025-02-14 04:55:00-05:00,6135.0,6135.5,6134.0,6134.75,835
2025-02-14 05:00:00-05:00,6134.5,6134.75,6133.0,6133.75,872
2025-02-14 05:05:00-05:00,6133.5,6133.75,6132.5,6132.75,720
2025-02-14 05:10:00-05:00,6133.0,6133.25,6130.75,6131.75,1006
2025-02-14 05:15:00-05:00,6131.75,6132.5,6131.25,6132.0,667
2025-02-14 05:20:00-05:00,6132.0,6132.25,6129.25,6130.0,1035
2025-02-14 05:25:00-05:00,6130.25,6132.25,6130.25,6132.0,1052
2025-02-14 05:30:00-05:00,6132.0,6133.0,6131.0,6131.0,688
2025-02-14 05:35:00-05:00,6131.0,6131.5,6128.25,6128.75,1416
2025-02-14 05:40:00-05:00,6128.75,6131.0,6128.5,6129.25,1729
2025-02-14 05:45:00-05:00,6129.25,6129.75,6129.0,6129.5,866
2025-02-14 05:50:00-05:00,6129.25,6129.5,6127.25,6129.0,1198
2025-02-14 05:55:00-05:00,6129.0,6130.0,6127.75,6129.0,1205
2025-02-14 06:00:00-05:00,6129.0,6129.0,6126.25,6127.0,1232
2025-02-14 06:05:00-05:00,6126.75,6127.25,6124.0,6124.5,1719
2025-02-14 06:10:00-05:00,6124.5,6126.0,6124.25,6124.75,1060
2025-02-14 06:15:00-05:00,6124.75,6126.0,6124.0,6125.25,879
2025-02-14 06:20:00-05:00,6125.0,6125.5,6124.0,6125.0,802
2025-02-14 06:25:00-05:00,6124.75,6125.0,6121.25,6121.75,1783
2025-02-14 06:30:00-05:00,6121.75,6123.75,6121.5,6123.5,1037
2025-02-14 06:35:00-05:00,6123.25,6125.0,6123.0,6124.75,1154
2025-02-14 06:40:00-05:00,6124.5,6125.0,6122.25,6123.25,1055
2025-02-14 06:45:00-05:00,6123.25,6123.5,6121.25,6122.0,1511
2025-02-14 06:50:00-05:00,6122.0,6123.0,6121.25,6122.25,1350
2025-02-14 06:55:00-05:00,6122.0,6125.5,6122.0,6124.75,1297
2025-02-14 07:00:00-05:00,6124.5,6127.25,6124.5,6125.5,2182
2025-02-14 07:05:00-05:00,6125.75,6125.75,6124.0,6125.25,1028
2025-02-14 07:10:00-05:00,6125.25,6127.0,6125.0,6126.75,1435
2025-02-14 07:15:00-05:00,6126.75,6128.0,6126.5,6127.0,1652
2025-02-14 07:20:00-05:00,6127.0,6127.0,6125.25,6126.5,1039
2025-02-14 07:25:00-05:00,6126.5,6127.25,6125.75,6126.0,903
2025-02-14 07:30:00-05:00,6126.0,6127.25,6125.75,6125.75,778
2025-02-14 07:35:00-05:00,6125.75,6127.0,6125.25,6125.75,982
2025-02-14 07:40:00-05:00,6126.25,6126.75,6125.0,6125.5,1318
2025-02-14 07:45:00-05:00,6125.5,6125.75,6124.5,6125.25,945
2025-02-14 07:50:00-05:00,6125.25,6126.0,6125.0,6125.5,1022
2025-02-14 07:55:00-05:00,6125.25,6128.5,6125.0,6128.25,1597
2025-02-14 08:00:00-05:00,6128.25,6128.5,6127.0,6128.25,944
2025-02-14 08:05:00-05:00,6128.0,6129.75,6128.0,6128.5,1419
2025-02-14 08:10:00-05:00,6128.5,6130.0,6128.5,6129.25,1040
2025-02-14 08:15:00-05:00,6129.25,6130.25,6128.5,6129.0,742
2025-02-14 08:20:00-05:00,6128.75,6129.5,6128.5,6129.0,723
2025-02-14 08:25:00-05:00,6128.75,6129.5,6127.0,6128.5,1296
2025-02-14 08:30:00-05:00,6128.5,6133.0,6125.0,6130.25,5580
2025-02-14 08:35:00-05:00,6130.25,6130.75,6126.5,6130.25,2909
2025-02-14 08:40:00-05:00,6130.5,6132.5,6129.75,6131.5,3221
2025-02-14 08:45:00-05:00,6131.5,6132.75,6130.5,6132.5,2002
2025-02-14 08:50:00-05:00,6132.5,6133.25,6132.25,6132.75,1840
2025-02-14 08:55:00-05:00,6133.0,6134.0,6131.5,6133.0,2711
2025-02-14 09:00:00-05:00,6133.0,6135.25,6132.25,6134.75,3320
2025-02-14 09:05:00-05:00,6134.75,6135.0,6132.75,6132.75,2283
2025-02-14 09:10:00-05:00,6132.5,6134.0,6131.25,6134.0,2518
2025-02-14 09:15:00-05:00,6133.75,6134.5,6133.25,6133.75,1764
2025-02-14 09:20:00-05:00,6133.5,6136.25,6133.5,6136.25,2537
2025-02-14 09:25:00-05:00,6136.0,6137.75,6133.75,6134.5,9160
2025-02-14 09:30:00-05:00,6134.5,6139.0,6133.5,6136.25,23417
2025-02-14 09:35:00-05:00,6136.25,6139.0,6132.5,6137.75,17842
2025-02-14 09:40:00-05:00,6138.0,6140.25,6137.75,6139.0,15198
2025-02-14 09:45:00-05:00,6139.0,6140.5,6138.25,6139.5,11620
2025-02-14 09:50:00-05:00,6139.25,6141.75,6138.25,6139.5,10654
2025-02-14 09:55:00-05:00,6139.25,6140.75,6138.25,6140.0,7378
2025-02-14 10:00:00-05:00,6140.0,6141.75,6135.5,6141.25,16547
2025-02-14 10:05:00-05:00,6141.25,6145.0,6140.5,6144.5,15245
2025-02-14 10:10:00-05:00,6144.5,6145.25,6140.75,6142.0,12846
2025-02-14 10:15:00-05:00,6142.0,6143.0,6137.0,6138.25,17007
2025-02-14 10:20:00-05:00,6138.25,6140.0,6136.5,6139.75,12285
2025-02-14 10:25:00-05:00,6139.5,6141.5,6137.0,6137.75,11037
2025-02-14 10:30:00-05:00,6137.5,6138.0,6135.75,6137.5,13994
2025-02-14 10:35:00-05:00,6137.25,6139.25,6134.5,6136.0,12639
2025-02-14 10:40:00-05:00,6136.0,6136.25,6132.25,6135.75,12589
2025-02-14 10:45:00-05:00,6135.75,6140.0,6135.75,6139.5,9839
2025-02-14 10:50:00-05:00,6139.5,6141.0,6137.75,6140.25,7847
2025-02-14 10:55:00-05:00,6140.25,6141.75,6139.5,6140.25,7868
2025-02-14 11:00:00-05:00,6140.5,6142.0,6137.75,6141.0,9314
2025-02-14 11:05:00-05:00,6141.25,6143.5,6140.0,6143.25,6713
2025-02-14 11:10:00-05:00,6143.25,6143.75,6138.75,6139.5,7631
2025-02-14 11:15:00-05:00,6139.75,6140.0,6133.75,6134.0,13187
2025-02-14 11:20:00-05:00,6134.0,6134.25,6129.0,6132.75,19857
2025-02-14 11:25:00-05:00,6132.5,6137.5,6131.5,6135.25,9800
2025-02-14 11:30:00-05:00,6135.0,6135.5,6131.5,6134.0,9720
2025-02-14 11:35:00-05:00,6134.0,6135.0,6131.25,6134.75,8481
2025-02-14 11:40:00-05:00,6135.0,6136.5,6134.75,6135.5,7308
2025-02-14 11:45:00-05:00,6135.75,6136.5,6131.25,6132.25,8707
2025-02-14 11:50:00-05:00,6132.25,6136.0,6130.25,6135.75,8506
2025-02-14 11:55:00-05:00,6135.75,6138.25,6134.0,6137.75,7502
2025-02-14 12:00:00-05:00,6137.5,6137.75,6135.25,6135.75,6474
2025-02-14 12:05:00-05:00,6136.0,6136.0,6131.0,6131.5,9937
2025-02-14 12:10:00-05:00,6131.5,6131.75,6128.25,6131.25,11173
2025-02-14 12:15:00-05:00,6131.25,6132.0,6129.5,6131.25,6659
2025-02-14 12:20:00-05:00,6131.25,6132.75,6129.25,6130.0,6853
2025-02-14 12:25:00-05:00,6130.25,6131.0,6127.75,6128.25,6688
2025-02-14 12:30:00-05:00,6128.5,6130.0,6126.5,6129.25,7871
2025-02-14 12:35:00-05:00,6129.25,6131.0,6128.25,6128.5,5747
2025-02-14 12:40:00-05:00,6128.25,6129.5,6125.75,6127.75,8094
2025-02-14 12:45:00-05:00,6127.5,6132.5,6127.0,6132.5,7487
2025-02-14 12:50:00-05:00,6132.25,6134.75,6132.0,6134.5,8715
2025-02-14 12:55:00-05:00,6134.5,6135.5,6132.75,6134.25,8698
2025-02-14 13:00:00-05:00,6134.25,6136.0,6132.75,6134.25,8270
2025-02-14 13:05:00-05:00,6134.5,6135.75,6133.5,6135.0,5011
2025-02-14 13:10:00-05:00,6135.0,6136.25,6133.5,6134.25,4280
2025-02-14 13:15:00-05:00,6134.5,6136.0,6133.0,6134.5,5087
2025-02-14 13:20:00-05:00,6134.5,6135.25,6133.75,6134.25,3462
2025-02-14 13:25:00-05:00,6134.25,6134.75,6132.0,6134.25,5247
2025-02-14 13:30:00-05:00,6134.5,6139.5,6134.0,6138.75,12744
2025-02-14 13:35:00-05:00,6139.0,6140.0,6137.5,6138.75,6138
2025-02-14 13:40:00-05:00,6139.0,6140.75,6138.75,6140.0,6118
2025-02-14 13:45:00-05:00,6140.0,6142.5,6139.75,6141.75,6395
2025-02-14 13:50:00-05:00,6142.0,6143.0,6140.75,6141.75,6098
2025-02-14 13:55:00-05:00,6141.75,6141.75,6140.0,6140.25,4836
2025-02-14 14:00:00-05:00,6140.25,6141.25,6139.0,6140.25,5989
2025-02-14 14:05:00-05:00,6140.0,6141.0,6139.75,6140.5,3032
2025-02-14 14:10:00-05:00,6140.75,6142.5,6140.5,6142.25,4073
2025-02-14 14:15:00-05:00,6142.5,6142.5,6139.0,6140.0,5460
2025-02-14 14:20:00-05:00,6139.75,6139.75,6138.25,6139.25,5985
2025-02-14 14:25:00-05:00,6139.25,6139.5,6135.75,6136.75,7947
2025-02-14 14:30:00-05:00,6136.75,6137.25,6134.25,6136.5,9583
2025-02-14 14:35:00-05:00,6136.25,6138.25,6135.0,6137.25,6471
2025-02-14 14:40:00-05:00,6137.0,6137.5,6136.0,6137.25,4944
2025-02-14 14:45:00-05:00,6137.25,6138.5,6134.75,6136.0,6396
2025-02-14 14:50:00-05:00,6135.75,6136.75,6133.5,6136.0,6499
2025-02-14 14:55:00-05:00,6135.75,6138.25,6134.0,6137.75,6462
2025-02-14 15:00:00-05:00,6137.75,6137.75,6133.75,6135.0,5016
2025-02-14 15:05:00-05:00,6134.75,6135.75,6134.0,6135.5,5101
2025-02-14 15:10:00-05:00,6135.25,6136.0,6133.25,6136.0,6770
2025-02-14 15:15:00-05:00,6136.25,6137.75,6135.25,6136.5,5528
2025-02-14 15:20:00-05:00,6136.75,6137.25,6133.25,6133.5,5733
2025-02-14 15:25:00-05:00,6133.5,6134.5,6130.75,6131.75,8918
2025-02-14 15:30:00-05:00,6131.75,6135.25,6130.75,6135.0,10068
2025-02-14 15:35:00-05:00,6135.25,6136.75,6134.0,6136.5,8018
2025-02-14 15:40:00-05:00,6136.75,6136.75,6131.0,6132.5,10652
2025-02-14 15:45:00-05:00,6132.75,6133.0,6130.75,6131.5,10070
2025-02-14 15:50:00-05:00,6131.5,6138.0,6131.0,6136.5,23014
2025-02-14 15:55:00-05:00,6136.25,6137.25,6130.0,6131.75,64192
2025-02-14 16:00:00-05:00,6132.0,6132.5,6128.75,6131.25,22921
2025-02-14 16:05:00-05:00,6131.25,6134.0,6130.75,6132.75,6166
2025-02-14 16:10:00-05:00,6133.0,6134.0,6131.5,6133.25,3803
2025-02-14 16:15:00-05:00,6133.5,6133.5,6131.75,6132.5,2060
2025-02-14 16:20:00-05:00,6132.25,6133.25,6131.75,6133.0,1145
2025-02-14 16:25:00-05:00,6132.75,6133.0,6132.0,6132.25,964
2025-02-14 16:30:00-05:00,6132.25,6132.5,6129.5,6130.75,2087
2025-02-14 16:35:00-05:00,6130.5,6131.25,6130.5,6130.75,441
2025-02-14 16:40:00-05:00,6130.75,6131.25,6130.25,6130.5,474
2025-02-14 16:45:00-05:00,6130.25,6131.25,6129.75,6131.25,1040
2025-02-14 16:50:00-05:00,6131.25,6132.75,6131.0,6132.75,1045
2025-02-14 16:55:00-05:00,6132.75,6134.25,6132.0,6134.0,1904
2025-02-16 18:00:00-05:00,6138.25,6139.5,6135.25,6135.75,1365
2025-02-16 18:05:00-05:00,6135.75,6136.5,6133.75,6134.25,1096
2025-02-16 18:10:00-05:00,6134.25,6136.0,6134.0,6135.75,765
2025-02-16 18:15:00-05:00,6136.0,6137.0,6134.75,6134.75,429
2025-02-16 18:20:00-05:00,6134.75,6135.0,6133.0,6133.5,428
2025-02-16 18:25:00-05:00,6133.25,6133.75,6131.0,6131.25,425
2025-02-16 18:30:00-05:00,6131.5,6133.5,6131.25,6133.25,410
2025-02-16 18:35:00-05:00,6133.25,6133.5,6132.0,6132.5,591
2025-02-16 18:40:00-05:00,6132.5,6135.0,6132.5,6134.5,509
2025-02-16 18:45:00-05:00,6134.5,6135.5,6134.25,6135.25,392
2025-02-16 18:50:00-05:00,6135.25,6135.75,6134.75,6135.25,263
2025-02-16 18:55:00-05:00,6135.5,6135.5,6134.0,6134.75,153
2025-02-16 19:00:00-05:00,6134.5,6135.25,6133.0,6134.75,414
2025-02-16 19:05:00-05:00,6134.75,6137.25,6134.75,6136.75,748
2025-02-16 19:10:00-05:00,6136.75,6137.0,6135.0,6135.0,263
2025-02-16 19:15:00-05:00,6135.25,6136.0,6134.75,6135.5,338
2025-02-16 19:20:00-05:00,6135.25,6135.5,6134.5,6135.25,180
2025-02-16 19:25:00-05:00,6135.0,6135.5,6134.25,6134.5,162
2025-02-16 19:30:00-05:00,6134.5,6135.25,6134.0,6135.0,499
2025-02-16 19:35:00-05:00,6134.75,6135.25,6133.0,6133.25,473
2025-02-16 19:40:00-05:00,6133.25,6135.0,6133.0,6134.75,612
2025-02-16 19:45:00-05:00,6135.0,6135.75,6134.25,6135.5,951
2025-02-16 19:50:00-05:00,6135.25,6136.0,6134.5,6136.0,760
2025-02-16 19:55:00-05:00,6135.75,6137.0,6135.75,6136.5,888
2025-02-16 20:00:00-05:00,6136.5,6136.75,6135.5,6136.25,1095
2025-02-16 20:05:00-05:00,6136.25,6137.25,6136.25,6136.75,1293
2025-02-16 20:10:00-05:00,6136.75,6137.5,6136.75,6137.5,483
2025-02-16 20:15:00-05:00,6137.25,6138.75,6137.25,6138.0,896
2025-02-16 20:20:00-05:00,6137.75,6139.0,6137.75,6138.75,368
2025-02-16 20:25:00-05:00,6138.5,6139.0,6138.0,6138.75,282
2025-02-16 20:30:00-05:00,6138.75,6140.25,6138.75,6140.0,724
2025-02-16 20:35:00-05:00,6140.0,6140.5,6139.5,6139.75,1077
2025-02-16 20:40:00-05:00,6139.75,6139.75,6139.0,6139.5,371
2025-02-16 20:45:00-05:00,6139.5,6139.5,6138.5,6139.25,325
2025-02-16 20:50:00-05:00,6139.25,6139.5,6138.75,6138.75,276
2025-02-16 20:55:00-05:00,6138.75,6139.25,6138.5,6138.75,251
2025-02-16 21:00:00-05:00,6139.0,6139.25,6138.25,6139.25,330
2025-02-16 21:05:00-05:00,6139.25,6139.25,6138.5,6139.25,237
2025-02-16 21:10:00-05:00,6139.0,6141.0,6138.75,6140.25,523
2025-02-16 21:15:00-05:00,6140.25,6140.75,6140.0,6140.0,278
2025-02-16 21:20:00-05:00,6140.0,6141.0,6140.0,6140.75,194
2025-02-16 21:25:00-05:00,6140.75,6141.75,6140.25,6141.25,1005
2025-02-16 21:30:00-05:00,6141.25,6141.75,6141.25,6141.25,137
2025-02-16 21:35:00-05:00,6141.5,6141.75,6141.0,6141.25,127
2025-02-16 21:40:00-05:00,6141.25,6141.5,6141.25,6141.25,78
2025-02-16 21:45:00-05:00,6141.25,6141.75,6141.0,6141.25,177
2025-02-16 21:50:00-05:00,6141.25,6141.75,6141.25,6141.5,93
2025-02-16 21:55:00-05:00,6141.75,6142.0,6141.5,6141.75,128
2025-02-16 22:00:00-05:00,6141.75,6142.25,6141.25,6141.75,274
2025-02-16 22:05:00-05:00,6141.75,6142.0,6141.5,6141.75,170
2025-02-16 22:10:00-05:00,6141.75,6142.25,6141.5,6142.0,150
2025-02-16 22:15:00-05:00,6142.0,6142.25,6141.75,6142.0,145
2025-02-16 22:20:00-05:00,6142.0,6142.25,6141.75,6142.0,190
2025-02-16 22:25:00-05:00,6142.0,6142.0,6141.5,6141.75,162
2025-02-16 22:30:00-05:00,6142.0,6142.0,6140.25,6140.5,341
2025-02-16 22:35:00-05:00,6140.25,6141.0,6140.25,6140.5,238
2025-02-16 22:40:00-05:00,6140.5,6141.0,6140.25,6140.75,103
2025-02-16 22:45:00-05:00,6141.0,6141.5,6140.75,6141.25,221
2025-02-16 22:50:00-05:00,6141.25,6141.75,6141.25,6141.75,79
2025-02-16 22:55:00-05:00,6141.75,6142.25,6141.75,6142.0,203
2025-02-16 23:00:00-05:00,6142.0,6142.25,6140.75,6141.0,230
2025-02-16 23:05:00-05:00,6141.25,6141.25,6140.25,6141.0,186
2025-02-16 23:10:00-05:00,6141.0,6141.0,6140.5,6141.0,148
2025-02-16 23:15:00-05:00,6141.0,6141.25,6140.75,6141.25,135
2025-02-16 23:20:00-05:00,6141.25,6141.5,6141.0,6141.25,57
2025-02-16 23:25:00-05:00,6141.0,6141.5,6140.75,6141.5,164
2025-02-16 23:30:00-05:00,6141.5,6143.5,6141.25,6143.5,454
2025-02-16 23:35:00-05:00,6143.5,6143.75,6143.25,6143.5,183
2025-02-16 23:40:00-05:00,6143.5,6143.75,6143.0,6143.5,204
2025-02-16 23:45:00-05:00,6143.5,6143.75,6143.25,6143.5,109
2025-02-16 23:50:00-05:00,6143.75,6144.75,6143.75,6144.75,449
2025-02-16 23:55:00-05:00,6144.75,6144.75,6144.25,6144.75,193
2025-02-17 00:00:00-05:00,6144.75,6145.0,6144.25,6145.0,439
2025-02-17 00:05:00-05:00,6144.75,6145.0,6144.0,6144.75,374
2025-02-17 00:10:00-05:00,6144.5,6145.5,6144.5,6145.5,287
2025-02-17 00:15:00-05:00,6145.5,6146.5,6145.25,6146.0,391
2025-02-17 00:20:00-05:00,6146.0,6146.25,6145.5,6146.0,263
2025-02-17 00:25:00-05:00,6146.0,6146.25,6145.5,6146.0,300
2025-02-17 00:30:00-05:00,6146.0,6146.0,6144.25,6144.5,289
2025-02-17 00:35:00-05:00,6144.5,6145.25,6144.25,6145.0,201
2025-02-17 00:40:00-05:00,6145.0,6145.5,6144.75,6145.0,201
2025-02-17 00:45:00-05:00,6145.25,6145.5,6144.75,6144.75,133
2025-02-17 00:50:00-05:00,6144.75,6145.25,6144.5,6145.0,131
2025-02-17 00:55:00-05:00,6145.0,6145.25,6144.75,6145.0,78
2025-02-17 01:00:00-05:00,6145.0,6145.5,6144.5,6145.25,173
2025-02-17 01:05:00-05:00,6145.0,6145.5,6144.25,6144.25,229
2025-02-17 01:10:00-05:00,6144.25,6144.5,6144.0,6144.25,114
2025-02-17 01:15:00-05:00,6144.5,6144.75,6144.25,6144.75,113
2025-02-17 01:20:00-05:00,6144.5,6144.75,6144.0,6144.5,159
2025-02-17 01:25:00-05:00,6144.5,6145.0,6144.25,6144.5,205
2025-02-17 01:30:00-05:00,6144.5,6145.0,6143.25,6143.25,449
2025-02-17 01:35:00-05:00,6143.5,6144.25,6143.5,6144.25,197
2025-02-17 01:40:00-05:00,6144.0,6144.25,6144.0,6144.0,89
2025-02-17 01:45:00-05:00,6144.25,6145.0,6144.0,6144.75,157
2025-02-17 01:50:00-05:00,6144.75,6145.25,6144.75,6145.0,77
2025-02-17 01:55:00-05:00,6145.0,6145.25,6144.75,6145.0,230
2025-02-17 02:00:00-05:00,6145.0,6145.25,6144.0,6144.0,329
2025-02-17 02:05:00-05:00,6144.0,6144.25,6143.75,6144.0,247
2025-02-17 02:10:00-05:00,6143.75,6144.0,6143.25,6143.5,225
2025-02-17 02:15:00-05:00,6143.25,6144.0,6142.75,6143.75,203
2025-02-17 02:20:00-05:00,6143.75,6143.75,6142.75,6143.5,208
2025-02-17 02:25:00-05:00,6143.5,6143.5,6142.75,6143.0,123
2025-02-17 02:30:00-05:00,6143.0,6143.25,6142.75,6143.25,146
2025-02-17 02:35:00-05:00,6143.0,6143.5,6142.5,6142.75,119
2025-02-17 02:40:00-05:00,6142.75,6143.0,6140.75,6141.0,520
2025-02-17 02:45:00-05:00,6141.0,6141.25,6139.5,6139.75,413
2025-02-17 02:50:00-05:00,6140.0,6140.25,6139.25,6139.75,434
2025-02-17 02:55:00-05:00,6139.75,6140.0,6139.0,6139.25,419
2025-02-17 03:00:00-05:00,6139.5,6140.5,6139.0,6140.25,971
2025-02-17 03:05:00-05:00,6140.25,6141.75,6140.25,6141.5,626
2025-02-17 03:10:00-05:00,6141.5,6142.25,6141.25,6142.25,288
2025-02-17 03:15:00-05:00,6142.0,6142.25,6140.75,6141.25,376
2025-02-17 03:20:00-05:00,6141.0,6142.25,6141.0,6141.5,490
2025-02-17 03:25:00-05:00,6141.25,6141.5,6138.75,6139.0,715
2025-02-17 03:30:00-05:00,6139.0,6139.75,6139.0,6139.25,349
2025-02-17 03:35:00-05:00,6139.25,6140.0,6139.0,6139.75,458
2025-02-17 03:40:00-05:00,6139.75,6140.25,6138.75,6138.75,343
2025-02-17 03:45:00-05:00,6139.0,6140.0,6138.75,6139.75,295
2025-02-17 03:50:00-05:00,6139.5,6140.0,6139.0,6139.25,198
2025-02-17 03:55:00-05:00,6139.25,6139.5,6138.25,6138.5,349
2025-02-17 04:00:00-05:00,6138.75,6139.75,6138.0,6138.25,290
2025-02-17 04:05:00-05:00,6138.25,6140.25,6138.25,6140.0,287
2025-02-17 04:10:00-05:00,6140.0,6141.5,6139.75,6141.25,332
2025-02-17 04:15:00-05:00,6141.25,6142.0,6141.25,6141.75,204
2025-02-17 04:20:00-05:00,6141.5,6141.75,6140.0,6140.5,341
2025-02-17 04:25:00-05:00,6140.5,6141.0,6140.25,6140.5,185
2025-02-17 04:30:00-05:00,6140.5,6140.5,6139.25,6139.25,240
2025-02-17 04:35:00-05:00,6139.5,6141.25,6139.25,6141.25,335
2025-02-17 04:40:00-05:00,6141.0,6142.0,6139.0,6140.75,575
2025-02-17 04:45:00-05:00,6140.75,6141.25,6140.0,6141.25,210
2025-02-17 04:50:00-05:00,6141.0,6142.5,6140.75,6142.5,365
2025-02-17 04:55:00-05:00,6142.5,6143.5,6142.25,6143.5,343
2025-02-17 05:00:00-05:00,6143.25,6144.0,6143.0,6143.25,294
2025-02-17 05:05:00-05:00,6143.25,6143.75,6142.75,6143.5,207
2025-02-17 05:10:00-05:00,6143.5,6143.5,6143.0,6143.25,134
2025-02-17 05:15:00-05:00,6143.25,6143.25,6142.75,6143.0,215
2025-02-17 05:20:00-05:00,6143.0,6143.25,6142.0,6142.5,355
2025-02-17 05:25:00-05:00,6142.5,6143.25,6142.25,6142.75,977
2025-02-17 05:30:00-05:00,6142.75,6142.75,6142.5,6142.75,129
2025-02-17 05:35:00-05:00,6143.0,6143.5,6142.5,6143.5,179
2025-02-17 05:40:00-05:00,6143.25,6143.75,6143.25,6143.25,105
2025-02-17 05:45:00-05:00,6143.25,6143.75,6143.25,6143.5,127
2025-02-17 05:50:00-05:00,6143.75,6143.75,6143.0,6143.75,182
2025-02-17 05:55:00-05:00,6143.5,6144.25,6143.25,6144.25,452
2025-02-17 06:00:00-05:00,6144.25,6145.0,6144.25,6144.75,362
2025-02-17 06:05:00-05:00,6144.75,6145.5,6144.5,6145.25,218
2025-02-17 06:10:00-05:00,6145.25,6145.25,6144.75,6145.0,138
2025-02-17 06:15:00-05:00,6145.25,6145.75,6145.25,6145.25,166
2025-02-17 06:20:00-05:00,6145.5,6145.75,6143.75,6143.75,370
2025-02-17 06:25:00-05:00,6143.75,6143.75,6142.0,6142.25,496
2025-02-17 06:30:00-05:00,6142.25,6142.75,6142.0,6142.25,171
2025-02-17 06:35:00-05:00,6142.25,6142.5,6141.5,6141.5,154
2025-02-17 06:40:00-05:00,6141.75,6142.75,6141.75,6142.0,261
2025-02-17 06:45:00-05:00,6142.25,6142.25,6141.25,6141.25,170
2025-02-17 06:50:00-05:00,6141.5,6142.0,6141.25,6141.5,151
2025-02-17 06:55:00-05:00,6141.5,6142.25,6141.25,6142.25,146
2025-02-17 07:00:00-05:00,6142.5,6143.0,6141.75,6141.75,256
2025-02-17 07:05:00-05:00,6141.75,6144.25,6141.75,6143.75,384
2025-02-17 07:10:00-05:00,6143.75,6144.5,6143.25,6144.5,250
2025-02-17 07:15:00-05:00,6144.5,6144.75,6144.25,6144.5,209
2025-02-17 07:20:00-05:00,6144.5,6145.25,6144.5,6144.75,233
2025-02-17 07:25:00-05:00,6144.75,6145.25,6144.75,6145.0,127
2025-02-17 07:30:00-05:00,6145.0,6145.0,6143.75,6144.0,220
2025-02-17 07:35:00-05:00,6144.25,6145.25,6144.25,6144.75,312
2025-02-17 07:40:00-05:00,6144.75,6144.75,6144.25,6144.5,130
2025-02-17 07:45:00-05:00,6144.0,6145.5,6143.75,6145.0,376
2025-02-17 07:50:00-05:00,6144.75,6145.0,6143.75,6143.75,207
2025-02-17 07:55:00-05:00,6143.75,6144.5,6143.5,6144.25,299
2025-02-17 08:00:00-05:00,6144.25,6144.5,6143.75,6144.0,245
2025-02-17 08:05:00-05:00,6144.25,6145.25,6144.0,6145.0,158
2025-02-17 08:10:00-05:00,6145.0,6145.5,6144.75,6145.25,179
2025-02-17 08:15:00-05:00,6145.25,6145.25,6144.75,6145.25,224
2025-02-17 08:20:00-05:00,6145.25,6145.75,6145.0,6145.25,234
2025-02-17 08:25:00-05:00,6145.25,6146.0,6145.0,6145.25,392
2025-02-17 08:30:00-05:00,6145.5,6145.5,6144.25,6144.75,563
2025-02-17 08:35:00-05:00,6144.75,6145.0,6144.25,6144.75,233
2025-02-17 08:40:00-05:00,6144.75,6145.75,6144.25,6145.5,282
2025-02-17 08:45:00-05:00,6145.25,6145.75,6144.75,6145.75,152
2025-02-17 08:50:00-05:00,6145.5,6146.0,6145.5,6145.75,181
2025-02-17 08:55:00-05:00,6145.75,6146.0,6145.5,6146.0,202
2025-02-17 09:00:00-05:00,6145.75,6147.0,6145.5,6146.75,702
2025-02-17 09:05:00-05:00,6146.5,6147.25,6146.25,6147.0,520
2025-02-17 09:10:00-05:00,6147.0,6147.25,6145.75,6146.0,621
2025-02-17 09:15:00-05:00,6145.75,6146.5,6145.0,6145.75,796
2025-02-17 09:20:00-05:00,6145.5,6145.75,6144.0,6144.0,739
2025-02-17 09:25:00-05:00,6144.0,6144.5,6143.0,6143.75,1038
2025-02-17 09:30:00-05:00,6143.75,6144.0,6139.75,6140.0,2921
2025-02-17 09:35:00-05:00,6140.0,6140.25,6136.25,6137.25,3317
2025-02-17 09:40:00-05:00,6137.5,6138.5,6136.25,6137.75,1805
2025-02-17 09:45:00-05:00,6137.5,6139.25,6137.0,6138.0,1668
2025-02-17 09:50:00-05:00,6137.75,6138.75,6137.5,6138.25,759
2025-02-17 09:55:00-05:00,6138.0,6139.25,6138.0,6138.5,797
2025-02-17 10:00:00-05:00,6138.5,6139.0,6137.0,6138.75,1134
2025-02-17 10:05:00-05:00,6138.75,6139.5,6138.25,6139.0,605
2025-02-17 10:10:00-05:00,6139.0,6139.5,6137.75,6138.75,664
2025-02-17 10:15:00-05:00,6138.75,6140.25,6138.5,6139.75,842
2025-02-17 10:20:00-05:00,6140.0,6140.5,6139.5,6139.75,548
2025-02-17 10:25:00-05:00,6139.75,6140.5,6139.25,6140.25,548
2025-02-17 10:30:00-05:00,6140.5,6141.0,6140.0,6140.75,477
2025-02-17 10:35:00-05:00,6141.0,6141.75,6140.5,6141.25,599
2025-02-17 10:40:00-05:00,6141.25,6141.5,6140.5,6141.25,379
2025-02-17 10:45:00-05:00,6141.0,6141.5,6140.25,6140.75,360
2025-02-17 10:50:00-05:00,6140.75,6141.0,6140.0,6140.5,485
2025-02-17 10:55:00-05:00,6140.25,6141.5,6139.5,6141.25,719
2025-02-17 11:00:00-05:00,6141.5,6143.5,6140.5,6143.0,2006
2025-02-17 11:05:00-05:00,6142.75,6144.0,6142.75,6143.75,799
2025-02-17 11:10:00-05:00,6143.75,6144.0,6143.0,6143.75,460
2025-02-17 11:15:00-05:00,6143.75,6145.5,6143.75,6145.25,1004
2025-02-17 11:20:00-05:00,6145.25,6146.0,6145.0,6145.5,755
2025-02-17 11:25:00-05:00,6145.5,6146.5,6145.25,6146.25,1060
2025-02-17 11:30:00-05:00,6146.25,6147.0,6144.5,6144.75,1418
2025-02-17 11:35:00-05:00,6145.0,6146.0,6144.75,6146.0,1057
2025-02-17 11:40:00-05:00,6145.75,6146.75,6145.75,6146.5,717
2025-02-17 11:45:00-05:00,6146.75,6147.0,6145.75,6146.0,390
2025-02-17 11:50:00-05:00,6146.0,6146.5,6145.75,6146.25,560
2025-02-17 11:55:00-05:00,6146.0,6146.0,6144.75,6144.75,932
2025-02-17 12:00:00-05:00,6145.0,6145.0,6144.0,6144.25,977
2025-02-17 12:05:00-05:00,6144.25,6144.5,6143.5,6144.0,464
2025-02-17 12:10:00-05:00,6144.0,6144.25,6143.0,6143.75,524
2025-02-17 12:15:00-05:00,6144.0,6144.25,6143.5,6143.75,207
2025-02-17 12:20:00-05:00,6143.75,6145.0,6143.75,6144.5,386
2025-02-17 12:25:00-05:00,6144.5,6145.0,6144.25,6144.75,206
2025-02-17 12:30:00-05:00,6144.75,6146.0,6144.75,6145.75,222
2025-02-17 12:35:00-05:00,6145.5,6146.25,6145.5,6146.0,168
2025-02-17 12:40:00-05:00,6146.0,6146.5,6145.75,6146.25,405
2025-02-17 12:45:00-05:00,6146.25,6146.25,6144.0,6146.0,571
2025-02-17 12:50:00-05:00,6146.0,6146.75,6145.75,6146.0,475
2025-02-17 12:55:00-05:00,6146.0,6146.0,6145.0,6146.0,674
2025-02-17 18:00:00-05:00,6145.25,6146.0,6141.75,6142.75,1862
2025-02-17 18:05:00-05:00,6142.75,6143.0,6141.0,6141.0,485
2025-02-17 18:10:00-05:00,6141.25,6142.5,6141.0,6141.0,238
2025-02-17 18:15:00-05:00,6140.75,6141.25,6140.5,6141.0,204
2025-02-17 18:20:00-05:00,6140.75,6140.75,6139.0,6139.75,461
2025-02-17 18:25:00-05:00,6139.75,6140.25,6139.25,6139.5,218
2025-02-17 18:30:00-05:00,6139.75,6139.75,6138.25,6139.25,351
2025-02-17 18:35:00-05:00,6139.25,6139.25,6137.0,6137.75,588
2025-02-17 18:40:00-05:00,6137.75,6138.75,6137.25,6138.5,420
2025-02-17 18:45:00-05:00,6138.75,6140.75,6138.25,6140.75,824
2025-02-17 18:50:00-05:00,6140.5,6141.5,6140.5,6141.0,396
2025-02-17 18:55:00-05:00,6141.0,6141.5,6141.0,6141.5,182
2025-02-17 19:00:00-05:00,6141.25,6141.5,6139.5,6141.25,556
2025-02-17 19:05:00-05:00,6141.0,6142.0,6140.5,6141.0,340
2025-02-17 19:10:00-05:00,6141.0,6142.0,6140.75,6141.5,270
2025-02-17 19:15:00-05:00,6141.5,6142.5,6141.5,6141.75,271
2025-02-17 19:20:00-05:00,6141.75,6142.25,6139.0,6139.5,465
2025-02-17 19:25:00-05:00,6139.5,6140.5,6139.5,6140.0,193
2025-02-17 19:30:00-05:00,6140.0,6141.5,6139.5,6141.5,210
2025-02-17 19:35:00-05:00,6141.25,6142.25,6141.0,6141.25,258
2025-02-17 19:40:00-05:00,6141.5,6141.75,6140.75,6140.75,182
2025-02-17 19:45:00-05:00,6141.0,6141.5,6140.75,6141.0,147
2025-02-17 19:50:00-05:00,6141.25,6141.25,6139.5,6140.0,1185
2025-02-17 19:55:00-05:00,6140.25,6142.25,6139.5,6142.25,619
2025-02-17 20:00:00-05:00,6142.25,6142.75,6141.75,6142.0,727
2025-02-17 20:05:00-05:00,6142.25,6143.5,6142.0,6143.25,714
2025-02-17 20:10:00-05:00,6143.25,6144.0,6142.5,6142.75,716
2025-02-17 20:15:00-05:00,6142.5,6143.0,6142.25,6142.5,380
2025-02-17 20:20:00-05:00,6142.5,6143.5,6142.5,6143.0,204
2025-02-17 20:25:00-05:00,6142.75,6143.0,6141.75,6142.0,263
2025-02-17 20:30:00-05:00,6142.0,6143.75,6142.0,6142.75,622
2025-02-17 20:35:00-05:00,6143.0,6143.75,6142.75,6143.5,294
2025-02-17 20:40:00-05:00,6143.25,6143.5,6142.75,6143.0,166
2025-02-17 20:45:00-05:00,6143.0,6143.5,6142.75,6143.25,231
2025-02-17 20:50:00-05:00,6143.25,6143.5,6142.75,6143.25,195
2025-02-17 20:55:00-05:00,6143.25,6143.75,6143.0,6143.5,193
2025-02-17 21:00:00-05:00,6143.25,6143.5,6142.75,6142.75,297
2025-02-17 21:05:00-05:00,6143.0,6143.0,6142.0,6142.25,234
2025-02-17 21:10:00-05:00,6142.25,6142.25,6141.5,6142.0,269
2025-02-17 21:15:00-05:00,6142.0,6143.75,6141.75,6143.75,327
2025-02-17 21:20:00-05:00,6143.5,6144.0,6143.0,6143.5,251
2025-02-17 21:25:00-05:00,6143.5,6143.75,6142.75,6143.0,222
2025-02-17 21:30:00-05:00,6143.0,6143.75,6142.5,6143.25,324
2025-02-17 21:35:00-05:00,6143.5,6145.0,6142.75,6144.75,779
2025-02-17 21:40:00-05:00,6144.5,6144.75,6144.0,6144.25,202
2025-02-17 21:45:00-05:00,6144.25,6144.75,6144.0,6144.5,241
2025-02-17 21:50:00-05:00,6144.25,6145.0,6144.0,6144.5,406
2025-02-17 21:55:00-05:00,6144.75,6145.0,6144.5,6145.0,214
2025-02-17 22:00:00-05:00,6144.75,6145.25,6144.75,6145.0,260
2025-02-17 22:05:00-05:00,6144.75,6144.75,6144.25,6144.5,212
2025-02-17 22:10:00-05:00,6144.5,6144.75,6144.25,6144.5,167
2025-02-17 22:15:00-05:00,6144.5,6144.75,6144.25,6144.75,210
2025-02-17 22:20:00-05:00,6144.5,6145.25,6144.5,6145.0,181
2025-02-17 22:25:00-05:00,6145.25,6145.5,6144.75,6144.75,173
2025-02-17 22:30:00-05:00,6144.75,6145.75,6144.5,6145.5,415
2025-02-17 22:35:00-05:00,6145.25,6145.75,6145.25,6145.25,172
2025-02-17 22:40:00-05:00,6145.0,6145.25,6144.5,6145.0,187
2025-02-17 22:45:00-05:00,6145.0,6145.5,6144.75,6145.25,147
2025-02-17 22:50:00-05:00,6145.25,6146.0,6145.25,6145.75,149
2025-02-17 22:55:00-05:00,6145.5,6145.75,6145.25,6145.75,98
2025-02-17 23:00:00-05:00,6145.75,6146.0,6145.25,6145.5,190
2025-02-17 23:05:00-05:00,6145.75,6145.75,6145.0,6145.5,141
2025-02-17 23:10:00-05:00,6145.5,6145.5,6145.0,6145.0,129
2025-02-17 23:15:00-05:00,6145.25,6145.5,6145.0,6145.25,131
2025-02-17 23:20:00-05:00,6145.0,6145.0,6144.25,6144.5,171
2025-02-17 23:25:00-05:00,6144.5,6144.75,6144.25,6144.5,156
2025-02-17 23:30:00-05:00,6144.75,6145.0,6144.5,6145.0,161
2025-02-17 23:35:00-05:00,6145.0,6145.25,6144.5,6144.75,162
2025-02-17 23:40:00-05:00,6144.75,6145.75,6144.75,6145.75,240
2025-02-17 23:45:00-05:00,6145.5,6145.5,6145.0,6145.25,101
2025-02-17 23:50:00-05:00,6145.25,6145.75,6145.0,6145.5,196
2025-02-17 23:55:00-05:00,6145.5,6145.75,6145.25,6145.5,93
2025-02-18 00:00:00-05:00,6145.5,6145.75,6145.25,6145.25,165
2025-02-18 00:05:00-05:00,6145.25,6145.5,6144.25,6144.25,333
2025-02-18 00:10:00-05:00,6144.5,6144.75,6143.75,6144.0,212
2025-02-18 00:15:00-05:00,6144.25,6144.5,6144.0,6144.5,82
2025-02-18 00:20:00-05:00,6144.25,6144.5,6144.0,6144.25,133
2025-02-18 00:25:00-05:00,6144.5,6144.5,6144.0,6144.0,126
2025-02-18 00:30:00-05:00,6144.0,6144.75,6144.0,6144.0,226
2025-02-18 00:35:00-05:00,6144.25,6144.5,6143.75,6144.0,126
2025-02-18 00:40:00-05:00,6144.25,6144.25,6143.75,6143.75,247
2025-02-18 00:45:00-05:00,6143.75,6144.0,6143.25,6143.5,304
2025-02-18 00:50:00-05:00,6143.5,6143.75,6143.25,6143.5,179
2025-02-18 00:55:00-05:00,6143.25,6144.0,6143.0,6144.0,419
2025-02-18 01:00:00-05:00,6144.0,6144.0,6143.25,6143.5,226
2025-02-18 01:05:00-05:00,6143.75,6144.0,6143.5,6143.5,336
2025-02-18 01:10:00-05:00,6143.75,6144.5,6143.25,6144.5,220
2025-02-18 01:15:00-05:00,6144.5,6145.25,6144.5,6145.0,164
2025-02-18 01:20:00-05:00,6144.75,6146.0,6144.75,6145.75,277
2025-02-18 01:25:00-05:00,6145.5,6147.25,6145.5,6147.25,811
2025-02-18 01:30:00-05:00,6147.25,6147.5,6146.75,6147.0,459
2025-02-18 01:35:00-05:00,6147.0,6151.5,6147.0,6151.25,1601
2025-02-18 01:40:00-05:00,6151.25,6154.0,6151.0,6153.0,1644
2025-02-18 01:45:00-05:00,6153.0,6153.75,6152.0,6153.25,638
2025-02-18 01:50:00-05:00,6153.0,6153.5,6152.75,6153.25,578
2025-02-18 01:55:00-05:00,6153.5,6154.5,6153.0,6154.0,517
2025-02-18 02:00:00-05:00,6154.0,6155.75,6153.75,6155.25,1037
2025-02-18 02:05:00-05:00,6155.5,6157.0,6155.0,6156.0,880
2025-02-18 02:10:00-05:00,6156.0,6156.75,6155.25,6156.0,536
2025-02-18 02:15:00-05:00,6156.0,6156.25,6155.0,6155.5,331
2025-02-18 02:20:00-05:00,6155.75,6156.5,6155.25,6155.25,411
2025-02-18 02:25:00-05:00,6155.0,6155.25,6154.5,6154.5,375
2025-02-18 02:30:00-05:00,6154.75,6155.75,6154.25,6155.5,623
2025-02-18 02:35:00-05:00,6155.25,6155.5,6155.0,6155.0,304
2025-02-18 02:40:00-05:00,6155.25,6156.25,6155.0,6156.25,297
2025-02-18 02:45:00-05:00,6156.25,6156.5,6155.5,6155.75,407
2025-02-18 02:50:00-05:00,6155.75,6156.0,6153.75,6155.75,816
2025-02-18 02:55:00-05:00,6155.75,6156.75,6155.25,6156.25,603
2025-02-18 03:00:00-05:00,6156.5,6156.5,6152.25,6152.5,1525
2025-02-18 03:05:00-05:00,6152.5,6153.25,6149.25,6149.75,1361
2025-02-18 03:10:00-05:00,6149.75,6150.0,6147.75,6149.5,1303
2025-02-18 03:15:00-05:00,6149.5,6150.25,6149.25,6149.75,747
2025-02-18 03:20:00-05:00,6150.0,6152.5,6149.25,6151.5,832
2025-02-18 03:25:00-05:00,6151.75,6152.0,6150.75,6150.75,797
2025-02-18 03:30:00-05:00,6151.0,6151.75,6149.0,6149.0,874
2025-02-18 03:35:00-05:00,6149.25,6149.75,6147.25,6149.75,1075
2025-02-18 03:40:00-05:00,6149.5,6151.0,6149.0,6150.25,1922
2025-02-18 03:45:00-05:00,6150.0,6151.5,6149.0,6150.0,868
2025-02-18 03:50:00-05:00,6150.0,6151.5,6149.75,6150.5,868
2025-02-18 03:55:00-05:00,6150.25,6152.0,6150.25,6151.75,1363
2025-02-18 04:00:00-05:00,6151.75,6153.75,6149.75,6151.75,2019
2025-02-18 04:05:00-05:00,6152.0,6152.25,6151.0,6151.5,1007
2025-02-18 04:10:00-05:00,6151.75,6153.0,6150.75,6152.75,1172
2025-02-18 04:15:00-05:00,6152.5,6153.25,6151.5,6153.0,817
2025-02-18 04:20:00-05:00,6153.0,6153.5,6152.25,6152.75,440
2025-02-18 04:25:00-05:00,6152.5,6152.75,6149.25,6149.75,743
2025-02-18 04:30:00-05:00,6149.75,6150.75,6149.5,6149.75,402
2025-02-18 04:35:00-05:00,6149.5,6150.0,6148.0,6148.5,698
2025-02-18 04:40:00-05:00,6148.75,6149.0,6147.5,6147.75,354
2025-02-18 04:45:00-05:00,6147.5,6148.25,6147.25,6147.5,486
2025-02-18 04:50:00-05:00,6147.5,6148.75,6147.0,6148.0,558
2025-02-18 04:55:00-05:00,6148.0,6148.0,6146.5,6147.5,532
2025-02-18 05:00:00-05:00,6147.5,6147.5,6144.75,6145.5,1067
2025-02-18 05:05:00-05:00,6145.75,6148.75,6145.75,6148.0,580
2025-02-18 05:10:00-05:00,6148.25,6148.5,6146.25,6146.75,843
2025-02-18 05:15:00-05:00,6146.75,6147.75,6146.5,6147.25,662
2025-02-18 05:20:00-05:00,6147.25,6148.5,6146.25,6148.5,372
2025-02-18 05:25:00-05:00,6148.25,6149.5,6148.0,6149.25,567
2025-02-18 05:30:00-05:00,6149.5,6150.5,6148.75,6149.75,787
2025-02-18 05:35:00-05:00,6149.75,6151.25,6149.25,6150.75,905
2025-02-18 05:40:00-05:00,6150.75,6151.75,6150.5,6151.5,664
2025-02-18 05:45:00-05:00,6151.5,6151.75,6150.75,6151.25,552
2025-02-18 05:50:00-05:00,6151.5,6152.0,6151.0,6151.5,398
2025-02-18 05:55:00-05:00,6151.5,6152.5,6151.25,6152.0,606
2025-02-18 06:00:00-05:00,6152.25,6153.0,6151.5,6152.5,688
2025-02-18 06:05:00-05:00,6152.75,6153.25,6152.25,6152.5,541
2025-02-18 06:10:00-05:00,6152.5,6152.5,6151.0,6152.0,589
2025-02-18 06:15:00-05:00,6152.0,6153.5,6151.75,6153.25,433
2025-02-18 06:20:00-05:00,6153.0,6153.75,6153.0,6153.25,320
2025-02-18 06:25:00-05:00,6153.25,6153.5,6152.75,6153.25,277
2025-02-18 06:30:00-05:00,6153.25,6153.5,6152.75,6152.75,229
2025-02-18 06:35:00-05:00,6152.75,6152.75,6152.0,6152.0,223
2025-02-18 06:40:00-05:00,6152.0,6152.25,6151.0,6151.25,478
2025-02-18 06:45:00-05:00,6151.0,6151.75,6150.5,6151.5,304
2025-02-18 06:50:00-05:00,6151.5,6152.25,6151.25,6151.75,218
2025-02-18 06:55:00-05:00,6151.75,6152.25,6150.75,6152.25,321
2025-02-18 07:00:00-05:00,6152.0,6152.5,6151.0,6151.5,760
2025-02-18 07:05:00-05:00,6151.5,6154.0,6151.0,6153.5,707
2025-02-18 07:10:00-05:00,6153.5,6154.25,6152.75,6152.75,793
2025-02-18 07:15:00-05:00,6153.0,6153.0,6151.25,6152.0,785
2025-02-18 07:20:00-05:00,6152.25,6154.0,6151.75,6153.75,560
2025-02-18 07:25:00-05:00,6153.75,6155.0,6153.5,6153.75,660
2025-02-18 07:30:00-05:00,6153.75,6156.0,6153.25,6156.0,916
2025-02-18 07:35:00-05:00,6156.0,6156.25,6155.25,6156.0,1026
2025-02-18 07:40:00-05:00,6156.0,6156.25,6154.5,6155.0,718
2025-02-18 07:45:00-05:00,6155.0,6155.75,6154.25,6154.5,695
2025-02-18 07:50:00-05:00,6154.5,6155.0,6154.25,6154.75,468
2025-02-18 07:55:00-05:00,6154.75,6154.75,6154.0,6154.5,565
2025-02-18 08:00:00-05:00,6154.25,6154.5,6152.75,6152.75,1106
2025-02-18 08:05:00-05:00,6152.75,6153.0,6151.25,6151.25,1330
2025-02-18 08:10:00-05:00,6151.25,6152.5,6150.75,6152.0,1663
2025-02-18 08:15:00-05:00,6152.0,6155.25,6151.25,6155.0,1545
2025-02-18 08:20:00-05:00,6155.25,6157.75,6155.25,6157.25,2048
2025-02-18 08:25:00-05:00,6157.25,6157.5,6155.25,6155.5,1833
2025-02-18 08:30:00-05:00,6155.5,6156.75,6154.5,6155.0,1494
2025-02-18 08:35:00-05:00,6155.5,6156.5,6155.0,6155.75,915
2025-02-18 08:40:00-05:00,6155.75,6157.0,6155.5,6157.0,1141
2025-02-18 08:45:00-05:00,6157.0,6157.25,6155.5,6157.0,1352
2025-02-18 08:50:00-05:00,6157.0,6157.25,6155.5,6156.25,1265
2025-02-18 08:55:00-05:00,6156.25,6157.25,6155.25,6156.5,1116
2025-02-18 09:00:00-05:00,6156.75,6157.25,6155.5,6156.5,1387
2025-02-18 09:05:00-05:00,6156.5,6156.75,6155.25,6156.5,1932
2025-02-18 09:10:00-05:00,6156.75,6157.0,6155.75,6156.0,1631
2025-02-18 09:15:00-05:00,6155.75,6156.25,6154.0,6154.0,2138
2025-02-18 09:20:00-05:00,6154.0,6154.25,6152.0,6152.75,2649
2025-02-18 09:25:00-05:00,6152.5,6152.5,6142.5,6143.25,13695
2025-02-18 09:30:00-05:00,6143.25,6144.5,6138.25,6141.0,38264
2025-02-18 09:35:00-05:00,6141.0,6143.0,6137.25,6142.0,18949
2025-02-18 09:40:00-05:00,6142.0,6142.5,6135.5,6136.25,17325
2025-02-18 09:45:00-05:00,6136.5,6139.0,6133.75,6137.0,24137
2025-02-18 09:50:00-05:00,6137.0,6140.5,6133.75,6138.5,19837
2025-02-18 09:55:00-05:00,6138.5,6140.75,6135.0,6135.75,13446
2025-02-18 10:00:00-05:00,6135.75,6136.25,6127.5,6132.5,30676
2025-02-18 10:05:00-05:00,6132.75,6134.75,6130.5,6133.5,13441
2025-02-18 10:10:00-05:00,6133.5,6137.5,6130.75,6135.75,14438
2025-02-18 10:15:00-05:00,6135.75,6136.5,6128.75,6129.75,15547
2025-02-18 10:20:00-05:00,6129.75,6134.5,6129.0,6132.75,11899
2025-02-18 10:25:00-05:00,6132.5,6134.0,6128.5,6130.75,13410
2025-02-18 10:30:00-05:00,6130.75,6133.25,6128.0,6131.0,14728
2025-02-18 10:35:00-05:00,6130.75,6136.25,6130.75,6134.75,13132
2025-02-18 10:40:00-05:00,6134.5,6136.75,6133.5,6136.0,10674
2025-02-18 10:45:00-05:00,6136.0,6136.25,6131.0,6133.75,13152
2025-02-18 10:50:00-05:00,6133.75,6139.5,6132.5,6139.5,11910
2025-02-18 10:55:00-05:00,6139.5,6140.5,6137.5,6140.0,10726
2025-02-18 11:00:00-05:00,6140.0,6140.5,6139.0,6139.25,9018
2025-02-18 11:05:00-05:00,6139.25,6140.25,6137.5,6140.0,8458
2025-02-18 11:10:00-05:00,6139.75,6141.75,6138.0,6138.25,8437
2025-02-18 11:15:00-05:00,6138.25,6139.5,6137.75,6137.75,6332
2025-02-18 11:20:00-05:00,6138.0,6138.25,6131.75,6134.0,13695
2025-02-18 11:25:00-05:00,6134.25,6139.25,6133.5,6138.5,9634
2025-02-18 11:30:00-05:00,6138.5,6138.5,6134.75,6136.25,7714
2025-02-18 11:35:00-05:00,6136.5,6138.75,6135.25,6138.25,6523
2025-02-18 11:40:00-05:00,6138.5,6138.5,6135.75,6136.75,5943
2025-02-18 11:45:00-05:00,6137.0,6141.75,6136.75,6141.5,8168
2025-02-18 11:50:00-05:00,6141.5,6143.5,6141.0,6141.75,8926
2025-02-18 11:55:00-05:00,6141.75,6142.25,6136.25,6137.0,9310
2025-02-18 12:00:00-05:00,6137.25,6137.25,6134.75,6136.75,7081
2025-02-18 12:05:00-05:00,6137.0,6137.75,6133.0,6134.5,8652
2025-02-18 12:10:00-05:00,6134.5,6137.25,6132.25,6136.5,7703
2025-02-18 12:15:00-05:00,6136.25,6136.5,6132.5,6134.0,5734
2025-02-18 12:20:00-05:00,6134.0,6134.5,6132.25,6133.75,4272
2025-02-18 12:25:00-05:00,6133.5,6135.25,6133.25,6134.5,5368
2025-02-18 12:30:00-05:00,6134.75,6137.5,6134.75,6135.0,5863
2025-02-18 12:35:00-05:00,6135.0,6137.5,6135.0,6136.75,4002
2025-02-18 12:40:00-05:00,6136.75,6138.5,6135.75,6136.5,4000
2025-02-18 12:45:00-05:00,6136.5,6137.75,6135.5,6136.75,3467
2025-02-18 12:50:00-05:00,6136.75,6140.0,6136.5,6139.25,5711
2025-02-18 12:55:00-05:00,6139.25,6139.5,6137.25,6138.0,4036
2025-02-18 13:00:00-05:00,6138.0,6141.25,6137.75,6140.5,5407
2025-02-18 13:05:00-05:00,6140.75,6141.25,6136.25,6136.75,6383
2025-02-18 13:10:00-05:00,6137.0,6137.5,6134.25,6136.0,7004
2025-02-18 13:15:00-05:00,6136.0,6136.5,6133.25,6133.25,5963
2025-02-18 13:20:00-05:00,6133.25,6134.25,6129.75,6133.5,11847
2025-02-18 13:25:00-05:00,6133.25,6135.25,6132.75,6133.25,5538
2025-02-18 13:30:00-05:00,6133.5,6133.5,6130.25,6131.75,8714
2025-02-18 13:35:00-05:00,6131.75,6132.5,6129.5,6130.75,6035
2025-02-18 13:40:00-05:00,6130.75,6130.75,6129.0,6130.0,6742
2025-02-18 13:45:00-05:00,6129.75,6132.75,6129.25,6132.5,8357
2025-02-18 13:50:00-05:00,6132.25,6134.0,6131.25,6132.75,6075
2025-02-18 13:55:00-05:00,6132.75,6133.75,6130.75,6131.0,4427
2025-02-18 14:00:00-05:00,6131.25,6133.0,6131.0,6131.25,4864
2025-02-18 14:05:00-05:00,6131.25,6132.25,6118.25,6122.0,29506
2025-02-18 14:10:00-05:00,6122.0,6125.5,6121.0,6122.75,13168
2025-02-18 14:15:00-05:00,6122.75,6123.75,6119.75,6120.25,9747
2025-02-18 14:20:00-05:00,6120.5,6130.5,6118.25,6128.75,21461
2025-02-18 14:25:00-05:00,6129.0,6129.75,6126.0,6126.5,9523
2025-02-18 14:30:00-05:00,6126.5,6129.75,6125.5,6129.5,7055
2025-02-18 14:35:00-05:00,6129.5,6130.5,6125.75,6125.75,5780
2025-02-18 14:40:00-05:00,6125.75,6129.25,6125.75,6128.25,6133
2025-02-18 14:45:00-05:00,6128.25,6132.5,6128.0,6132.0,7920
2025-02-18 14:50:00-05:00,6132.0,6135.0,6130.75,6133.5,11860
2025-02-18 14:55:00-05:00,6133.5,6135.0,6132.75,6133.25,6442
2025-02-18 15:00:00-05:00,6133.25,6134.0,6132.0,6133.0,6000
2025-02-18 15:05:00-05:00,6133.0,6133.5,6131.5,6132.25,6122
2025-02-18 15:10:00-05:00,6132.5,6134.0,6131.25,6133.5,5267
2025-02-18 15:15:00-05:00,6133.5,6134.0,6131.0,6132.0,6287
2025-02-18 15:20:00-05:00,6132.25,6133.75,6131.0,6133.5,5059
2025-02-18 15:25:00-05:00,6133.75,6134.5,6132.0,6132.75,4952
2025-02-18 15:30:00-05:00,6132.75,6135.75,6132.5,6133.5,7861
2025-02-18 15:35:00-05:00,6133.75,6134.25,6131.75,6132.75,6216
2025-02-18 15:40:00-05:00,6132.75,6134.75,6131.0,6132.25,9014
2025-02-18 15:45:00-05:00,6132.25,6134.0,6131.0,6132.25,11013
2025-02-18 15:50:00-05:00,6132.0,6137.0,6131.75,6136.0,25741
2025-02-18 15:55:00-05:00,6136.0,6148.5,6135.5,6148.0,80640
2025-02-18 16:00:00-05:00,6148.25,6149.5,6146.5,6147.25,35117
2025-02-18 16:05:00-05:00,6147.0,6149.0,6146.5,6148.25,7478
2025-02-18 16:10:00-05:00,6148.25,6149.0,6147.0,6147.25,4283
2025-02-18 16:15:00-05:00,6147.25,6147.5,6145.25,6147.0,3141
2025-02-18 16:20:00-05:00,6147.25,6148.0,6146.5,6147.75,1313
2025-02-18 16:25:00-05:00,6147.75,6147.75,6146.0,6147.0,999
2025-02-18 16:30:00-05:00,6147.0,6147.0,6145.0,6145.5,1210
2025-02-18 16:35:00-05:00,6145.75,6145.75,6144.0,6145.0,1487
2025-02-18 16:40:00-05:00,6144.75,6145.0,6144.25,6144.5,977
2025-02-18 16:45:00-05:00,6144.25,6145.0,6143.75,6143.75,1212
2025-02-18 16:50:00-05:00,6144.0,6144.5,6143.5,6144.0,1030
2025-02-18 16:55:00-05:00,6144.25,6144.75,6143.75,6144.75,1771
2025-02-18 18:00:00-05:00,6143.75,6152.75,6143.75,6148.75,2677
2025-02-18 18:05:00-05:00,6148.75,6149.0,6147.25,6147.75,548
2025-02-18 18:10:00-05:00,6147.75,6149.0,6147.75,6148.5,304
2025-02-18 18:15:00-05:00,6148.5,6149.0,6147.5,6149.0,370
2025-02-18 18:20:00-05:00,6149.0,6149.5,6148.25,6148.75,266
2025-02-18 18:25:00-05:00,6148.75,6149.0,6146.0,6147.25,422
2025-02-18 18:30:00-05:00,6147.0,6147.75,6146.5,6147.0,388
2025-02-18 18:35:00-05:00,6147.25,6149.25,6147.25,6148.75,388
2025-02-18 18:40:00-05:00,6148.75,6149.0,6147.75,6148.75,183
2025-02-18 18:45:00-05:00,6148.75,6148.75,6147.25,6148.25,264
2025-02-18 18:50:00-05:00,6148.5,6150.25,6148.25,6149.5,245
2025-02-18 18:55:00-05:00,6149.5,6149.75,6149.0,6149.5,150
2025-02-18 19:00:00-05:00,6149.5,6149.5,6148.5,6148.75,301
2025-02-18 19:05:00-05:00,6149.0,6150.5,6149.0,6149.75,322
2025-02-18 19:10:00-05:00,6149.75,6151.0,6149.25,6150.0,459
2025-02-18 19:15:00-05:00,6150.0,6151.75,6149.5,6151.75,506
2025-02-18 19:20:00-05:00,6151.75,6151.75,6151.25,6151.5,255
2025-02-18 19:25:00-05:00,6151.25,6151.5,6151.0,6151.25,425
2025-02-18 19:30:00-05:00,6151.0,6151.5,6150.75,6151.5,306
2025-02-18 19:35:00-05:00,6151.5,6153.25,6151.5,6152.25,652
2025-02-18 19:40:00-05:00,6152.25,6152.25,6150.5,6152.0,441
2025-02-18 19:45:00-05:00,6151.75,6153.5,6151.75,6153.25,665
2025-02-18 19:50:00-05:00,6153.25,6154.0,6152.75,6153.0,834
2025-02-18 19:55:00-05:00,6153.0,6154.0,6153.0,6153.75,620
2025-02-18 20:00:00-05:00,6153.75,6155.0,6153.75,6154.5,1189
2025-02-18 20:05:00-05:00,6154.5,6155.0,6154.0,6154.75,821
2025-02-18 20:10:00-05:00,6154.75,6155.0,6154.0,6154.25,594
2025-02-18 20:15:00-05:00,6154.25,6155.75,6154.25,6155.0,657
2025-02-18 20:20:00-05:00,6154.75,6155.5,6154.0,6154.5,382
2025-02-18 20:25:00-05:00,6154.5,6156.0,6154.5,6155.5,501
2025-02-18 20:30:00-05:00,6155.75,6155.75,6154.0,6154.25,538
2025-02-18 20:35:00-05:00,6154.25,6156.0,6154.0,6154.75,781
2025-02-18 20:40:00-05:00,6154.5,6155.25,6154.0,6155.25,401
2025-02-18 20:45:00-05:00,6155.0,6155.25,6154.5,6154.5,331
2025-02-18 20:50:00-05:00,6154.75,6155.25,6154.5,6154.75,269
2025-02-18 20:55:00-05:00,6154.5,6155.0,6154.5,6155.0,191
2025-02-18 21:00:00-05:00,6154.75,6155.0,6153.5,6154.0,386
2025-02-18 21:05:00-05:00,6153.75,6153.75,6153.0,6153.5,291
2025-02-18 21:10:00-05:00,6153.5,6153.75,6152.5,6153.25,488
2025-02-18 21:15:00-05:00,6153.5,6154.5,6153.5,6154.0,355
2025-02-18 21:20:00-05:00,6154.0,6154.75,6153.75,6154.5,243
2025-02-18 21:25:00-05:00,6154.25,6154.5,6154.0,6154.5,149
2025-02-18 21:30:00-05:00,6154.5,6156.0,6154.0,6155.75,441
2025-02-18 21:35:00-05:00,6155.75,6156.5,6155.5,6156.25,256
2025-02-18 21:40:00-05:00,6156.0,6156.25,6155.5,6155.75,185
2025-02-18 21:45:00-05:00,6155.75,6156.75,6155.5,6156.5,481
2025-02-18 21:50:00-05:00,6156.5,6156.75,6155.75,6156.25,477
2025-02-18 21:55:00-05:00,6156.25,6156.5,6156.0,6156.0,163
2025-02-18 22:00:00-05:00,6156.0,6156.5,6155.75,6156.0,166
2025-02-18 22:05:00-05:00,6155.75,6156.25,6155.5,6156.25,271
2025-02-18 22:10:00-05:00,6156.0,6156.0,6155.5,6155.75,85
2025-02-18 22:15:00-05:00,6155.75,6156.25,6155.5,6156.0,126
2025-02-18 22:20:00-05:00,6156.0,6156.75,6155.75,6156.25,248
2025-02-18 22:25:00-05:00,6156.25,6156.5,6155.75,6156.0,106
2025-02-18 22:30:00-05:00,6156.0,6156.25,6155.5,6155.5,189
2025-02-18 22:35:00-05:00,6155.75,6156.25,6155.5,6156.25,158
2025-02-18 22:40:00-05:00,6156.0,6157.0,6156.0,6156.5,344
2025-02-18 22:45:00-05:00,6156.75,6156.75,6156.0,6156.25,241
2025-02-18 22:50:00-05:00,6156.5,6157.0,6156.25,6156.75,320
2025-02-18 22:55:00-05:00,6156.75,6156.75,6156.0,6156.25,177
2025-02-18 23:00:00-05:00,6156.0,6156.25,6154.75,6155.0,355
2025-02-18 23:05:00-05:00,6155.0,6155.25,6154.25,6154.75,358
2025-02-18 23:10:00-05:00,6154.75,6154.75,6154.25,6154.75,168
2025-02-18 23:15:00-05:00,6154.75,6154.75,6154.0,6154.25,273
2025-02-18 23:20:00-05:00,6154.25,6154.5,6154.0,6154.0,202
2025-02-18 23:25:00-05:00,6154.25,6154.25,6153.5,6153.75,145
2025-02-18 23:30:00-05:00,6154.0,6154.0,6153.5,6153.5,486
2025-02-18 23:35:00-05:00,6153.5,6154.0,6152.5,6152.75,333
2025-02-18 23:40:00-05:00,6152.75,6153.25,6152.5,6152.75,348
2025-02-18 23:45:00-05:00,6152.5,6153.0,6152.0,6152.5,354
2025-02-18 23:50:00-05:00,6152.5,6153.0,6152.0,6152.5,415
2025-02-18 23:55:00-05:00,6152.75,6153.0,6152.5,6153.0,207
2025-02-19 00:00:00-05:00,6153.25,6153.25,6152.5,6152.75,449
2025-02-19 00:05:00-05:00,6153.0,6153.0,6152.0,6152.5,344
2025-02-19 00:10:00-05:00,6152.75,6152.75,6152.0,6152.25,243
2025-02-19 00:15:00-05:00,6152.25,6152.75,6152.25,6152.5,302
2025-02-19 00:20:00-05:00,6152.75,6152.75,6152.0,6152.25,368
2025-02-19 00:25:00-05:00,6152.25,6153.0,6152.25,6152.5,371
2025-02-19 00:30:00-05:00,6152.5,6153.25,6152.5,6153.0,550
2025-02-19 00:35:00-05:00,6153.25,6153.5,6152.25,6152.5,468
2025-02-19 00:40:00-05:00,6152.5,6152.5,6151.25,6152.25,581
2025-02-19 00:45:00-05:00,6152.0,6152.75,6152.0,6152.5,358
2025-02-19 00:50:00-05:00,6152.25,6153.0,6152.0,6152.75,226
2025-02-19 00:55:00-05:00,6152.75,6153.0,6152.5,6153.0,160
2025-02-19 01:00:00-05:00,6152.75,6153.0,6152.5,6153.0,244
2025-02-19 01:05:00-05:00,6153.0,6153.5,6152.5,6153.0,321
2025-02-19 01:10:00-05:00,6153.25,6153.25,6152.75,6153.25,103
2025-02-19 01:15:00-05:00,6153.25,6153.5,6152.75,6153.0,236
2025-02-19 01:20:00-05:00,6153.25,6153.25,6152.75,6153.0,195
2025-02-19 01:25:00-05:00,6153.25,6154.5,6153.0,6154.25,667
2025-02-19 01:30:00-05:00,6154.5,6154.5,6153.75,6154.5,541
2025-02-19 01:35:00-05:00,6154.5,6154.75,6154.0,6154.5,249
2025-02-19 01:40:00-05:00,6154.5,6154.5,6153.5,6153.75,177
2025-02-19 01:45:00-05:00,6153.75,6153.75,6153.25,6153.25,96
2025-02-19 01:50:00-05:00,6153.25,6153.75,6153.25,6153.25,167
2025-02-19 01:55:00-05:00,6153.0,6153.5,6151.75,6151.75,316
2025-02-19 02:00:00-05:00,6151.75,6152.0,6150.25,6152.0,649
2025-02-19 02:05:00-05:00,6152.25,6153.0,6151.5,6152.5,364
2025-02-19 02:10:00-05:00,6152.75,6152.75,6150.75,6151.5,355
2025-02-19 02:15:00-05:00,6151.5,6152.5,6151.5,6152.0,300
2025-02-19 02:20:00-05:00,6152.0,6152.5,6151.25,6151.75,222
2025-02-19 02:25:00-05:00,6151.5,6152.5,6151.25,6152.5,220
2025-02-19 02:30:00-05:00,6152.5,6153.0,6152.0,6153.0,181
2025-02-19 02:35:00-05:00,6153.0,6153.0,6151.5,6152.0,247
2025-02-19 02:40:00-05:00,6151.75,6152.25,6151.0,6151.75,454
2025-02-19 02:45:00-05:00,6152.0,6152.75,6151.75,6152.5,336
2025-02-19 02:50:00-05:00,6152.5,6153.0,6150.75,6151.25,385
2025-02-19 02:55:00-05:00,6151.25,6151.25,6150.0,6150.25,437
2025-02-19 03:00:00-05:00,6150.25,6152.5,6150.25,6151.75,974
2025-02-19 03:05:00-05:00,6151.75,6152.0,6150.5,6150.5,768
2025-02-19 03:10:00-05:00,6150.5,6151.75,6150.25,6151.25,583
2025-02-19 03:15:00-05:00,6151.5,6152.5,6151.5,6151.5,538
2025-02-19 03:20:00-05:00,6151.75,6152.25,6150.75,6151.0,355
2025-02-19 03:25:00-05:00,6151.0,6151.0,6149.5,6150.0,635
2025-02-19 03:30:00-05:00,6150.25,6152.75,6150.0,6151.75,2332
2025-02-19 03:35:00-05:00,6151.75,6153.25,6151.5,6153.25,704
2025-02-19 03:40:00-05:00,6153.25,6154.25,6153.0,6153.75,1434
2025-02-19 03:45:00-05:00,6153.75,6153.75,6152.0,6152.25,484
2025-02-19 03:50:00-05:00,6152.25,6152.5,6150.75,6151.0,1080
2025-02-19 03:55:00-05:00,6151.0,6152.5,6151.0,6151.75,609
2025-02-19 04:00:00-05:00,6152.0,6153.5,6151.5,6151.75,900
2025-02-19 04:05:00-05:00,6151.75,6152.25,6151.25,6151.75,498
2025-02-19 04:10:00-05:00,6151.75,6152.0,6149.5,6151.0,1047
2025-02-19 04:15:00-05:00,6151.25,6152.75,6151.0,6152.25,1477
2025-02-19 04:20:00-05:00,6152.25,6152.5,6151.25,6152.25,489
2025-02-19 04:25:00-05:00,6152.5,6153.75,6152.5,6153.0,447
2025-02-19 04:30:00-05:00,6153.0,6153.25,6151.5,6151.75,696
2025-02-19 04:35:00-05:00,6152.0,6152.0,6151.25,6151.75,582
2025-02-19 04:40:00-05:00,6151.5,6152.25,6151.25,6151.5,504
2025-02-19 04:45:00-05:00,6151.5,6151.5,6150.25,6151.0,355
2025-02-19 04:50:00-05:00,6150.75,6150.75,6148.75,6149.25,670
2025-02-19 04:55:00-05:00,6149.0,6149.75,6148.5,6149.25,846
2025-02-19 05:00:00-05:00,6149.5,6150.0,6148.75,6150.0,511
2025-02-19 05:05:00-05:00,6150.0,6150.0,6148.0,6148.25,568
2025-02-19 05:10:00-05:00,6148.25,6148.5,6147.25,6148.25,602
2025-02-19 05:15:00-05:00,6148.5,6148.5,6147.25,6147.75,471
2025-02-19 05:20:00-05:00,6147.75,6147.75,6145.25,6145.5,1069
2025-02-19 05:25:00-05:00,6145.75,6146.5,6142.25,6142.5,1472
2025-02-19 05:30:00-05:00,6142.5,6143.25,6140.5,6141.0,1699
2025-02-19 05:35:00-05:00,6141.0,6141.25,6140.0,6140.25,1034
2025-02-19 05:40:00-05:00,6140.25,6141.0,6139.5,6139.5,959
2025-02-19 05:45:00-05:00,6139.75,6141.5,6139.0,6140.5,841
2025-02-19 05:50:00-05:00,6140.5,6141.5,6140.0,6141.0,1250
2025-02-19 05:55:00-05:00,6141.0,6142.0,6140.75,6141.25,878
2025-02-19 06:00:00-05:00,6141.5,6141.75,6139.0,6140.5,1394
2025-02-19 06:05:00-05:00,6140.5,6141.75,6140.0,6141.0,637
2025-02-19 06:10:00-05:00,6141.0,6141.5,6140.0,6140.5,705
2025-02-19 06:15:00-05:00,6140.5,6141.75,6140.5,6141.5,607
2025-02-19 06:20:00-05:00,6141.25,6141.25,6139.75,6140.0,733
2025-02-19 06:25:00-05:00,6140.0,6140.0,6137.5,6138.5,1771
2025-02-19 06:30:00-05:00,6138.75,6139.5,6137.5,6138.0,901
2025-02-19 06:35:00-05:00,6138.0,6139.75,6137.25,6138.0,716
2025-02-19 06:40:00-05:00,6137.75,6138.75,6136.5,6136.5,1339
2025-02-19 06:45:00-05:00,6136.75,6136.75,6135.0,6135.75,1263
2025-02-19 06:50:00-05:00,6136.0,6137.5,6136.0,6137.0,927
2025-02-19 06:55:00-05:00,6137.0,6139.25,6136.75,6139.0,1150
2025-02-19 07:00:00-05:00,6139.0,6145.0,6138.5,6143.5,5076
2025-02-19 07:05:00-05:00,6143.5,6144.25,6141.25,6144.25,1956
2025-02-19 07:10:00-05:00,6144.25,6145.25,6143.25,6143.5,1395
2025-02-19 07:15:00-05:00,6143.75,6144.0,6142.25,6143.25,738
2025-02-19 07:20:00-05:00,6143.0,6143.5,6142.5,6143.5,524
2025-02-19 07:25:00-05:00,6143.75,6144.0,6143.0,6143.75,576
2025-02-19 07:30:00-05:00,6143.75,6144.0,6141.5,6142.5,1000
2025-02-19 07:35:00-05:00,6142.75,6143.25,6141.5,6142.25,700
2025-02-19 07:40:00-05:00,6142.25,6143.5,6142.25,6143.0,609
2025-02-19 07:45:00-05:00,6143.25,6146.0,6143.0,6145.25,1357
2025-02-19 07:50:00-05:00,6145.25,6145.75,6144.25,6145.25,900
2025-02-19 07:55:00-05:00,6145.25,6145.25,6140.25,6140.75,2402
2025-02-19 08:00:00-05:00,6140.75,6143.25,6139.0,6143.25,2867
2025-02-19 08:05:00-05:00,6143.0,6143.5,6142.25,6143.25,764
2025-02-19 08:10:00-05:00,6143.25,6144.0,6140.75,6141.0,1266
2025-02-19 08:15:00-05:00,6140.75,6141.0,6137.75,6138.25,1905
2025-02-19 08:20:00-05:00,6138.25,6138.75,6135.75,6136.5,2264
2025-02-19 08:25:00-05:00,6136.25,6138.25,6132.25,6136.0,4159
2025-02-19 08:30:00-05:00,6136.0,6136.25,6133.75,6134.25,2854
2025-02-19 08:35:00-05:00,6134.25,6135.5,6131.75,6132.25,2618
2025-02-19 08:40:00-05:00,6132.25,6134.25,6132.0,6134.0,1911
2025-02-19 08:45:00-05:00,6134.0,6136.25,6133.75,6136.0,1941
2025-02-19 08:50:00-05:00,6136.25,6136.25,6134.25,6135.75,1300
2025-02-19 08:55:00-05:00,6135.75,6136.25,6134.5,6135.0,1035
2025-02-19 09:00:00-05:00,6135.25,6136.25,6132.75,6136.25,2493
2025-02-19 09:05:00-05:00,6136.25,6138.5,6135.75,6137.5,2733
2025-02-19 09:10:00-05:00,6137.5,6138.75,6135.0,6135.25,2452
2025-02-19 09:15:00-05:00,6135.5,6135.5,6132.0,6133.0,3652
2025-02-19 09:20:00-05:00,6133.0,6133.75,6130.5,6131.5,2408
2025-02-19 09:25:00-05:00,6131.25,6135.0,6130.25,6134.25,7039
2025-02-19 09:30:00-05:00,6134.25,6136.0,6131.25,6135.25,25930
2025-02-19 09:35:00-05:00,6135.25,6136.5,6133.25,6133.5,14611
2025-02-19 09:40:00-05:00,6133.5,6136.5,6132.75,6134.25,12206
2025-02-19 09:45:00-05:00,6134.0,6136.25,6130.5,6131.75,12102
2025-02-19 09:50:00-05:00,6132.0,6135.5,6131.0,6134.75,12459
2025-02-19 09:55:00-05:00,6134.75,6135.5,6132.25,6132.75,9102
2025-02-19 10:00:00-05:00,6133.0,6136.25,6129.25,6130.75,16374
2025-02-19 10:05:00-05:00,6130.75,6133.75,6129.25,6131.0,15808
2025-02-19 10:10:00-05:00,6130.75,6132.25,6129.5,6130.5,10084
2025-02-19 10:15:00-05:00,6130.75,6135.25,6129.75,6133.0,12227
2025-02-19 10:20:00-05:00,6133.0,6134.5,6130.75,6133.25,10050
2025-02-19 10:25:00-05:00,6133.5,6135.5,6132.5,6134.0,9374
2025-02-19 10:30:00-05:00,6134.25,6142.5,6133.75,6138.5,34339
2025-02-19 10:35:00-05:00,6138.5,6139.75,6136.25,6137.5,11998
2025-02-19 10:40:00-05:00,6137.75,6139.25,6137.0,6139.0,7439
2025-02-19 10:45:00-05:00,6139.25,6140.25,6137.5,6138.75,7723
2025-02-19 10:50:00-05:00,6138.75,6139.0,6136.75,6137.75,6139
2025-02-19 10:55:00-05:00,6137.75,6137.75,6131.5,6135.0,14472
2025-02-19 11:00:00-05:00,6135.0,6141.0,6134.75,6139.5,13577
2025-02-19 11:05:00-05:00,6139.75,6141.75,6139.25,6141.5,8043
2025-02-19 11:10:00-05:00,6141.5,6146.75,6140.5,6146.25,16245
2025-02-19 11:15:00-05:00,6146.25,6146.75,6143.75,6145.5,10005
2025-02-19 11:20:00-05:00,6145.25,6145.75,6143.25,6145.0,6199
2025-02-19 11:25:00-05:00,6145.0,6146.5,6144.5,6145.5,6862
2025-02-19 11:30:00-05:00,6145.5,6146.75,6143.75,6146.0,7416
2025-02-19 11:35:00-05:00,6146.25,6146.75,6144.5,6145.5,7316
2025-02-19 11:40:00-05:00,6145.5,6150.75,6145.25,6150.75,10283
2025-02-19 11:45:00-05:00,6150.75,6151.5,6148.25,6148.5,9459
2025-02-19 11:50:00-05:00,6148.75,6151.25,6148.25,6150.75,5673
2025-02-19 11:55:00-05:00,6150.75,6151.75,6150.0,6151.0,5869
2025-02-19 12:00:00-05:00,6150.75,6153.75,6150.0,6152.25,7789
2025-02-19 12:05:00-05:00,6152.5,6152.5,6151.5,6152.5,5308
2025-02-19 12:10:00-05:00,6152.5,6152.5,6148.5,6150.0,7632
2025-02-19 12:15:00-05:00,6150.0,6150.25,6147.75,6148.5,5924
2025-02-19 12:20:00-05:00,6148.25,6149.0,6145.0,6145.25,8616
2025-02-19 12:25:00-05:00,6145.0,6146.5,6144.0,6144.5,10280
2025-02-19 12:30:00-05:00,6144.5,6145.25,6142.25,6143.25,9811
2025-02-19 12:35:00-05:00,6143.0,6145.75,6142.75,6145.25,7178
2025-02-19 12:40:00-05:00,6145.25,6147.25,6144.25,6146.75,5322
2025-02-19 12:45:00-05:00,6146.75,6148.0,6145.5,6148.0,4086
2025-02-19 12:50:00-05:00,6147.75,6152.0,6147.75,6151.0,7701
2025-02-19 12:55:00-05:00,6150.75,6152.25,6149.25,6149.5,8577
2025-02-19 13:00:00-05:00,6149.75,6150.0,6147.75,6148.0,5398
2025-02-19 13:05:00-05:00,6148.25,6148.5,6144.25,6144.75,6643
2025-02-19 13:10:00-05:00,6145.0,6145.0,6140.25,6143.25,13583
2025-02-19 13:15:00-05:00,6143.25,6149.5,6143.0,6149.0,8320
2025-02-19 13:20:00-05:00,6149.0,6150.25,6148.25,6148.75,6576
2025-02-19 13:25:00-05:00,6149.0,6151.0,6148.5,6150.5,5699
2025-02-19 13:30:00-05:00,6150.75,6153.5,6150.75,6152.25,9519
2025-02-19 13:35:00-05:00,6152.5,6153.5,6152.25,6152.75,5895
2025-02-19 13:40:00-05:00,6152.75,6154.25,6151.5,6152.25,7134
2025-02-19 13:45:00-05:00,6152.25,6153.0,6150.5,6151.0,6004
2025-02-19 13:50:00-05:00,6151.25,6151.25,6149.0,6149.75,5409
2025-02-19 13:55:00-05:00,6150.0,6150.75,6148.5,6149.0,3717
2025-02-19 14:00:00-05:00,6149.25,6153.0,6147.75,6149.5,7834
2025-02-19 14:05:00-05:00,6149.5,6152.0,6149.25,6151.0,4975
2025-02-19 14:10:00-05:00,6151.25,6160.0,6151.0,6159.75,13724
2025-02-19 14:15:00-05:00,6159.75,6163.0,6159.5,6161.5,20398
2025-02-19 14:20:00-05:00,6161.75,6165.0,6161.5,6163.5,20110
2025-02-19 14:25:00-05:00,6163.5,6163.75,6159.75,6162.5,10161
2025-02-19 14:30:00-05:00,6162.25,6163.0,6160.5,6162.75,7003
2025-02-19 14:35:00-05:00,6162.75,6164.0,6162.25,6162.75,5878
2025-02-19 14:40:00-05:00,6163.0,6164.25,6161.0,6162.75,7893
2025-02-19 14:45:00-05:00,6162.75,6162.75,6160.75,6162.75,5169
2025-02-19 14:50:00-05:00,6162.75,6166.5,6162.5,6165.75,11570
2025-02-19 14:55:00-05:00,6165.75,6166.0,6163.5,6165.25,6806
2025-02-19 15:00:00-05:00,6165.25,6165.25,6162.5,6162.5,8315
2025-02-19 15:05:00-05:00,6162.75,6163.5,6158.5,6159.0,9881
2025-02-19 15:10:00-05:00,6159.0,6161.0,6158.5,6160.5,8071
2025-02-19 15:15:00-05:00,6160.75,6164.0,6160.25,6161.0,9035
2025-02-19 15:20:00-05:00,6161.0,6162.0,6159.75,6161.5,7981
2025-02-19 15:25:00-05:00,6161.5,6161.5,6152.0,6155.25,22718
2025-02-19 15:30:00-05:00,6155.25,6162.0,6154.75,6159.75,17128
2025-02-19 15:35:00-05:00,6159.5,6161.0,6156.25,6158.5,13184
2025-02-19 15:40:00-05:00,6158.25,6160.5,6156.5,6157.25,13653
2025-02-19 15:45:00-05:00,6157.0,6159.0,6155.5,6157.5,12163
2025-02-19 15:50:00-05:00,6157.75,6161.75,6157.25,6159.25,21653
2025-02-19 15:55:00-05:00,6159.0,6164.5,6158.5,6163.0,53546
2025-02-19 16:00:00-05:00,6163.0,6163.25,6155.5,6155.5,22623
2025-02-19 16:05:00-05:00,6155.75,6157.25,6154.75,6154.75,4997
2025-02-19 16:10:00-05:00,6154.75,6155.0,6152.5,6154.0,3746
2025-02-19 16:15:00-05:00,6154.0,6154.75,6153.75,6154.25,1317
2025-02-19 16:20:00-05:00,6154.25,6155.5,6153.75,6155.0,1391
2025-02-19 16:25:00-05:00,6155.0,6155.0,6154.0,6154.5,822
2025-02-19 16:30:00-05:00,6154.5,6154.75,6154.0,6154.0,766
2025-02-19 16:35:00-05:00,6154.0,6155.0,6153.75,6154.5,796
2025-02-19 16:40:00-05:00,6154.5,6155.25,6154.25,6154.75,553
2025-02-19 16:45:00-05:00,6154.5,6154.75,6154.25,6154.75,645
2025-02-19 16:50:00-05:00,6154.75,6155.25,6153.75,6154.5,861
2025-02-19 16:55:00-05:00,6154.5,6155.75,6154.25,6155.0,1099
2025-02-19 18:00:00-05:00,6153.75,6159.5,6153.25,6156.75,1821
2025-02-19 18:05:00-05:00,6157.0,6157.25,6155.75,6156.25,473
2025-02-19 18:10:00-05:00,6156.25,6157.25,6155.75,6157.0,342
2025-02-19 18:15:00-05:00,6156.75,6157.25,6156.75,6157.0,423
2025-02-19 18:20:00-05:00,6157.0,6157.25,6155.5,6155.75,273
2025-02-19 18:25:00-05:00,6155.5,6155.75,6154.25,6154.75,816
2025-02-19 18:30:00-05:00,6155.0,6155.75,6154.75,6155.25,289
2025-02-19 18:35:00-05:00,6155.25,6156.5,6154.25,6155.0,497
2025-02-19 18:40:00-05:00,6154.75,6155.25,6154.25,6154.5,296
2025-02-19 18:45:00-05:00,6154.5,6154.5,6152.25,6153.75,840
2025-02-19 18:50:00-05:00,6153.75,6154.5,6153.25,6154.0,445
2025-02-19 18:55:00-05:00,6154.0,6155.5,6153.75,6155.25,456
2025-02-19 19:00:00-05:00,6155.0,6155.25,6152.5,6155.25,855
2025-02-19 19:05:00-05:00,6155.0,6155.5,6154.75,6155.0,374
2025-02-19 19:10:00-05:00,6155.0,6155.25,6154.0,6154.5,230
2025-02-19 19:15:00-05:00,6154.75,6154.75,6153.25,6153.25,299
2025-02-19 19:20:00-05:00,6153.25,6153.75,6153.0,6153.25,259
2025-02-19 19:25:00-05:00,6153.25,6153.25,6151.5,6152.75,534
2025-02-19 19:30:00-05:00,6153.0,6153.25,6151.5,6152.0,448
2025-02-19 19:35:00-05:00,6152.25,6154.75,6152.0,6154.25,702
2025-02-19 19:40:00-05:00,6154.25,6154.5,6153.25,6154.0,237
2025-02-19 19:45:00-05:00,6154.0,6155.0,6153.75,6154.25,370
2025-02-19 19:50:00-05:00,6154.5,6155.25,6154.25,6155.25,193
2025-02-19 19:55:00-05:00,6155.0,6157.5,6155.0,6157.5,728
2025-02-19 20:00:00-05:00,6157.25,6157.25,6155.75,6156.0,762
2025-02-19 20:05:00-05:00,6156.0,6156.0,6155.0,6155.25,523
2025-02-19 20:10:00-05:00,6155.0,6155.0,6153.5,6153.75,506
2025-02-19 20:15:00-05:00,6153.75,6154.5,6153.25,6154.0,489
2025-02-19 20:20:00-05:00,6154.0,6154.25,6149.75,6149.75,1389
2025-02-19 20:25:00-05:00,6149.75,6152.0,6149.25,6151.75,1102
2025-02-19 20:30:00-05:00,6151.75,6151.75,6150.0,6150.5,637
2025-02-19 20:35:00-05:00,6150.75,6151.0,6149.5,6150.5,684
2025-02-19 20:40:00-05:00,6150.75,6150.75,6147.75,6149.25,1070
2025-02-19 20:45:00-05:00,6149.0,6149.0,6147.75,6148.5,523
2025-02-19 20:50:00-05:00,6148.75,6149.25,6146.25,6148.0,1008
2025-02-19 20:55:00-05:00,6148.0,6148.0,6147.0,6147.5,566
2025-02-19 21:00:00-05:00,6147.25,6147.75,6145.25,6147.5,1013
2025-02-19 21:05:00-05:00,6147.5,6148.0,6146.75,6147.75,665
2025-02-19 21:10:00-05:00,6148.0,6149.5,6147.75,6149.25,895
2025-02-19 21:15:00-05:00,6149.0,6149.25,6148.0,6148.75,477
2025-02-19 21:20:00-05:00,6149.0,6149.0,6148.25,6148.25,342
2025-02-19 21:25:00-05:00,6148.5,6148.5,6147.25,6147.5,490
2025-02-19 21:30:00-05:00,6147.75,6148.25,6147.25,6147.25,388
2025-02-19 21:35:00-05:00,6147.25,6149.75,6146.0,6149.75,1264
2025-02-19 21:40:00-05:00,6149.5,6149.75,6148.75,6148.75,695
2025-02-19 21:45:00-05:00,6148.75,6149.0,6147.75,6148.75,391
2025-02-19 21:50:00-05:00,6148.5,6149.25,6148.0,6149.25,323
2025-02-19 21:55:00-05:00,6149.25,6149.5,6148.75,6149.5,263
2025-02-19 22:00:00-05:00,6149.5,6149.5,6148.25,6148.5,305
2025-02-19 22:05:00-05:00,6148.75,6149.5,6148.5,6149.25,193
2025-02-19 22:10:00-05:00,6149.0,6149.5,6148.25,6148.5,390
2025-02-19 22:15:00-05:00,6148.5,6148.75,6147.75,6148.25,272
2025-02-19 22:20:00-05:00,6148.25,6148.75,6147.75,6148.75,351
2025-02-19 22:25:00-05:00,6148.75,6149.0,6148.0,6149.0,235
2025-02-19 22:30:00-05:00,6149.0,6150.0,6148.75,6149.25,376
2025-02-19 22:35:00-05:00,6149.5,6149.5,6149.0,6149.25,243
2025-02-19 22:40:00-05:00,6149.25,6149.75,6149.0,6149.25,278
2025-02-19 22:45:00-05:00,6149.25,6149.25,6148.25,6148.5,246
2025-02-19 22:50:00-05:00,6148.25,6148.75,6147.75,6148.0,209
2025-02-19 22:55:00-05:00,6148.0,6148.5,6147.0,6147.0,318
2025-02-19 23:00:00-05:00,6147.0,6147.25,6143.75,6144.25,1029
2025-02-19 23:05:00-05:00,6144.0,6145.0,6143.75,6144.75,387
2025-02-19 23:10:00-05:00,6144.75,6145.0,6144.25,6144.5,329
2025-02-19 23:15:00-05:00,6144.5,6145.75,6144.5,6145.5,410
2025-02-19 23:20:00-05:00,6145.75,6146.5,6145.75,6146.25,338
2025-02-19 23:25:00-05:00,6146.5,6146.75,6146.25,6146.5,238
2025-02-19 23:30:00-05:00,6146.75,6146.75,6145.5,6145.5,391
2025-02-19 23:35:00-05:00,6145.75,6145.75,6145.25,6145.25,247
2025-02-19 23:40:00-05:00,6145.5,6145.75,6145.0,6145.5,246
2025-02-19 23:45:00-05:00,6145.5,6145.5,6144.5,6145.25,260
2025-02-19 23:50:00-05:00,6145.25,6145.25,6144.25,6144.75,169
2025-02-19 23:55:00-05:00,6144.75,6145.25,6144.75,6145.0,188
2025-02-20 00:00:00-05:00,6145.25,6145.5,6143.75,6144.25,401
2025-02-20 00:05:00-05:00,6144.25,6145.75,6144.25,6145.0,526
2025-02-20 00:10:00-05:00,6145.0,6145.25,6144.75,6145.25,145
2025-02-20 00:15:00-05:00,6145.25,6146.25,6145.0,6146.25,412
2025-02-20 00:20:00-05:00,6146.25,6146.25,6145.5,6145.5,409
2025-02-20 00:25:00-05:00,6145.5,6146.0,6145.25,6145.25,179
2025-02-20 00:30:00-05:00,6145.5,6146.0,6144.75,6144.75,406
2025-02-20 00:35:00-05:00,6145.0,6145.0,6144.0,6144.5,312
2025-02-20 00:40:00-05:00,6144.75,6144.75,6144.25,6144.5,185
2025-02-20 00:45:00-05:00,6144.5,6145.0,6144.25,6144.5,212
2025-02-20 00:50:00-05:00,6144.5,6144.75,6144.25,6144.75,134
2025-02-20 00:55:00-05:00,6144.75,6144.75,6144.0,6144.25,223
2025-02-20 01:00:00-05:00,6144.0,6144.25,6143.25,6143.75,472
2025-02-20 01:05:00-05:00,6144.0,6144.0,6142.75,6143.25,266
2025-02-20 01:10:00-05:00,6143.25,6144.75,6143.0,6144.5,308
2025-02-20 01:15:00-05:00,6144.25,6144.25,6142.0,6142.0,933
2025-02-20 01:20:00-05:00,6142.0,6143.25,6142.0,6143.0,324
2025-02-20 01:25:00-05:00,6142.75,6143.0,6141.75,6142.75,467
2025-02-20 01:30:00-05:00,6143.0,6144.5,6142.75,6144.25,349
2025-02-20 01:35:00-05:00,6144.0,6144.25,6143.0,6143.5,266
2025-02-20 01:40:00-05:00,6143.25,6144.0,6143.25,6143.25,224
2025-02-20 01:45:00-05:00,6143.5,6143.75,6143.0,6143.5,309
2025-02-20 01:50:00-05:00,6143.25,6144.5,6143.25,6144.5,227
2025-02-20 01:55:00-05:00,6144.5,6145.25,6144.25,6144.25,259
2025-02-20 02:00:00-05:00,6144.25,6144.75,6142.75,6143.0,596
2025-02-20 02:05:00-05:00,6143.0,6143.5,6142.0,6143.0,797
2025-02-20 02:10:00-05:00,6143.25,6144.25,6142.5,6144.0,332
2025-02-20 02:15:00-05:00,6144.0,6145.75,6143.75,6144.25,759
2025-02-20 02:20:00-05:00,6144.5,6145.5,6144.0,6145.25,493
2025-02-20 02:25:00-05:00,6145.5,6146.0,6145.25,6145.5,465
2025-02-20 02:30:00-05:00,6145.75,6146.5,6144.75,6145.25,602
2025-02-20 02:35:00-05:00,6145.0,6146.0,6145.0,6145.75,359
2025-02-20 02:40:00-05:00,6146.0,6146.0,6144.5,6145.0,434
2025-02-20 02:45:00-05:00,6145.0,6145.0,6142.75,6143.0,678
2025-02-20 02:50:00-05:00,6143.0,6143.25,6142.5,6142.75,716
2025-02-20 02:55:00-05:00,6142.75,6143.0,6142.25,6142.5,562
2025-02-20 03:00:00-05:00,6142.75,6145.0,6142.5,6143.75,1960
2025-02-20 03:05:00-05:00,6143.75,6145.5,6143.5,6144.75,915
2025-02-20 03:10:00-05:00,6144.5,6146.5,6144.0,6145.75,919
2025-02-20 03:15:00-05:00,6145.75,6146.0,6144.0,6144.5,1109
2025-02-20 03:20:00-05:00,6144.75,6145.25,6144.0,6145.0,1047
2025-02-20 03:25:00-05:00,6145.25,6148.25,6144.5,6147.75,1224
2025-02-20 03:30:00-05:00,6147.75,6149.0,6146.75,6147.75,796
2025-02-20 03:35:00-05:00,6147.75,6147.75,6146.75,6147.5,532
2025-02-20 03:40:00-05:00,6147.5,6147.75,6146.5,6147.5,349
2025-02-20 03:45:00-05:00,6147.5,6148.5,6147.0,6147.25,380
2025-02-20 03:50:00-05:00,6147.25,6148.0,6147.0,6148.0,232
2025-02-20 03:55:00-05:00,6148.0,6149.25,6148.0,6148.0,373
2025-02-20 04:00:00-05:00,6148.0,6149.25,6147.5,6148.25,1024
2025-02-20 04:05:00-05:00,6148.5,6149.75,6148.0,6149.5,588
2025-02-20 04:10:00-05:00,6149.25,6150.25,6148.75,6149.25,531
2025-02-20 04:15:00-05:00,6149.5,6150.25,6149.25,6150.0,431
2025-02-20 04:20:00-05:00,6149.75,6150.75,6148.75,6149.0,604
2025-02-20 04:25:00-05:00,6149.0,6150.5,6149.0,6150.5,472
2025-02-20 04:30:00-05:00,6150.5,6150.75,6148.75,6149.0,644
2025-02-20 04:35:00-05:00,6149.0,6149.75,6148.75,6149.25,288
2025-02-20 04:40:00-05:00,6149.25,6150.25,6148.75,6149.5,573
2025-02-20 04:45:00-05:00,6149.25,6150.25,6149.25,6149.25,413
2025-02-20 04:50:00-05:00,6149.25,6150.75,6149.25,6150.5,550
2025-02-20 04:55:00-05:00,6150.75,6153.0,6150.25,6152.25,1325
2025-02-20 05:00:00-05:00,6152.25,6154.25,6152.0,6153.75,1085
2025-02-20 05:05:00-05:00,6153.75,6155.0,6153.25,6154.0,879
2025-02-20 05:10:00-05:00,6154.0,6154.25,6152.5,6152.75,519
2025-02-20 05:15:00-05:00,6153.0,6153.75,6152.5,6153.25,625
2025-02-20 05:20:00-05:00,6153.5,6154.0,6153.25,6154.0,244
2025-02-20 05:25:00-05:00,6153.75,6154.0,6153.25,6153.5,217
2025-02-20 05:30:00-05:00,6153.75,6153.75,6153.25,6153.5,212
2025-02-20 05:35:00-05:00,6153.25,6153.75,6153.0,6153.75,422
2025-02-20 05:40:00-05:00,6153.5,6153.75,6153.0,6153.75,314
2025-02-20 05:45:00-05:00,6153.75,6154.25,6153.75,6154.0,173
2025-02-20 05:50:00-05:00,6154.0,6154.0,6152.5,6152.5,347
2025-02-20 05:55:00-05:00,6152.5,6152.75,6151.75,6151.75,626
2025-02-20 06:00:00-05:00,6151.75,6152.25,6150.5,6151.75,643
2025-02-20 06:05:00-05:00,6151.75,6152.75,6150.25,6151.0,719
2025-02-20 06:10:00-05:00,6150.75,6151.0,6150.25,6150.75,370
2025-02-20 06:15:00-05:00,6150.75,6151.0,6149.75,6150.5,441
2025-02-20 06:20:00-05:00,6150.25,6150.25,6149.25,6149.75,444
2025-02-20 06:25:00-05:00,6149.75,6150.25,6148.0,6148.5,763
2025-02-20 06:30:00-05:00,6148.25,6149.0,6146.25,6146.25,768
2025-02-20 06:35:00-05:00,6146.5,6146.5,6144.5,6145.25,1318
2025-02-20 06:40:00-05:00,6145.0,6147.25,6144.75,6147.0,1178
2025-02-20 06:45:00-05:00,6146.75,6147.75,6146.25,6147.0,548
2025-02-20 06:50:00-05:00,6147.25,6149.25,6147.25,6149.25,610
2025-02-20 06:55:00-05:00,6149.25,6150.75,6143.25,6144.25,4788
2025-02-20 07:00:00-05:00,6144.0,6148.25,6144.0,6146.0,2492
2025-02-20 07:05:00-05:00,6146.0,6146.5,6144.25,6144.75,950
2025-02-20 07:10:00-05:00,6144.5,6144.5,6141.0,6144.0,2145
2025-02-20 07:15:00-05:00,6143.75,6144.75,6143.0,6144.0,1002
2025-02-20 07:20:00-05:00,6144.0,6145.0,6143.75,6144.0,612
2025-02-20 07:25:00-05:00,6144.0,6144.5,6143.25,6143.75,649
2025-02-20 07:30:00-05:00,6143.75,6147.25,6143.5,6146.5,1169
2025-02-20 07:35:00-05:00,6146.5,6147.75,6145.0,6147.5,1563
2025-02-20 07:40:00-05:00,6147.25,6148.75,6147.25,6147.75,940
2025-02-20 07:45:00-05:00,6147.75,6148.0,6146.75,6147.0,662
2025-02-20 07:50:00-05:00,6147.0,6147.5,6145.5,6146.25,723
2025-02-20 07:55:00-05:00,6146.5,6148.5,6146.0,6147.75,783
2025-02-20 08:00:00-05:00,6148.0,6148.75,6145.25,6145.75,1141
2025-02-20 08:05:00-05:00,6145.5,6146.5,6144.25,6144.5,924
2025-02-20 08:10:00-05:00,6144.75,6145.75,6144.0,6145.25,1418
2025-02-20 08:15:00-05:00,6145.25,6145.75,6144.75,6145.0,765
2025-02-20 08:20:00-05:00,6145.0,6146.0,6144.25,6145.25,1030
2025-02-20 08:25:00-05:00,6145.0,6145.5,6144.0,6144.75,1127
2025-02-20 08:30:00-05:00,6144.5,6145.75,6143.75,6144.5,1590
2025-02-20 08:35:00-05:00,6144.5,6145.25,6143.5,6144.75,1187
2025-02-20 08:40:00-05:00,6144.75,6147.5,6144.75,6147.25,1912
2025-02-20 08:45:00-05:00,6147.25,6148.0,6145.0,6145.25,2067
2025-02-20 08:50:00-05:00,6145.25,6145.25,6143.5,6145.0,1045
2025-02-20 08:55:00-05:00,6145.0,6146.5,6144.0,6146.5,1003
2025-02-20 09:00:00-05:00,6146.25,6149.25,6146.25,6148.75,2066
2025-02-20 09:05:00-05:00,6148.75,6150.0,6147.75,6149.25,2095
2025-02-20 09:10:00-05:00,6149.5,6150.5,6148.75,6149.25,1614
2025-02-20 09:15:00-05:00,6149.0,6150.5,6148.5,6149.0,1475
2025-02-20 09:20:00-05:00,6149.25,6149.75,6147.5,6148.0,1986
2025-02-20 09:25:00-05:00,6147.75,6150.5,6146.25,6148.5,7497
2025-02-20 09:30:00-05:00,6148.5,6150.0,6144.5,6145.75,25583
2025-02-20 09:35:00-05:00,6145.75,6147.5,6144.5,6147.0,15278
2025-02-20 09:40:00-05:00,6147.0,6147.25,6138.25,6138.25,18827
2025-02-20 09:45:00-05:00,6138.25,6139.5,6134.25,6136.75,32762
2025-02-20 09:50:00-05:00,6136.75,6137.25,6123.0,6127.25,37554
2025-02-20 09:55:00-05:00,6127.25,6128.5,6116.0,6116.75,37298
2025-02-20 10:00:00-05:00,6116.75,6117.5,6102.75,6115.75,62127
2025-02-20 10:05:00-05:00,6115.75,6119.75,6109.0,6111.0,36939
2025-02-20 10:10:00-05:00,6111.0,6121.0,6108.75,6117.0,29546
2025-02-20 10:15:00-05:00,6116.75,6125.0,6116.75,6122.25,24312
2025-02-20 10:20:00-05:00,6122.5,6126.5,6119.25,6122.25,23435
2025-02-20 10:25:00-05:00,6122.25,6124.5,6120.5,6124.0,16934
2025-02-20 10:30:00-05:00,6123.75,6128.0,6122.75,6124.25,19398
2025-02-20 10:35:00-05:00,6124.25,6125.0,6117.0,6119.75,23682
2025-02-20 10:40:00-05:00,6119.75,6120.75,6116.0,6117.75,15452
2025-02-20 10:45:00-05:00,6117.75,6119.0,6110.5,6111.25,21267
2025-02-20 10:50:00-05:00,6111.25,6111.75,6107.0,6107.75,20913
2025-02-20 10:55:00-05:00,6107.75,6111.0,6103.5,6106.0,19163
2025-02-20 11:00:00-05:00,6106.25,6111.5,6105.0,6106.75,22352
2025-02-20 11:05:00-05:00,6106.75,6115.0,6106.5,6114.0,17686
2025-02-20 11:10:00-05:00,6114.0,6117.5,6113.75,6114.25,14112
2025-02-20 11:15:00-05:00,6114.5,6114.75,6107.75,6108.75,13496
2025-02-20 11:20:00-05:00,6109.0,6113.75,6108.5,6112.5,11750
2025-02-20 11:25:00-05:00,6112.5,6116.0,6111.25,6115.25,13986
2025-02-20 11:30:00-05:00,6115.25,6117.0,6110.0,6111.0,13495
2025-02-20 11:35:00-05:00,6111.25,6111.25,6103.5,6108.5,17140
2025-02-20 11:40:00-05:00,6108.5,6112.75,6107.5,6112.5,10904
2025-02-20 11:45:00-05:00,6112.5,6113.0,6107.25,6108.25,10409
2025-02-20 11:50:00-05:00,6108.25,6112.25,6106.75,6109.0,8804
2025-02-20 11:55:00-05:00,6109.25,6109.25,6106.75,6107.0,6582
2025-02-20 12:00:00-05:00,6107.0,6113.75,6105.25,6113.0,11207
2025-02-20 12:05:00-05:00,6112.75,6117.0,6112.75,6116.25,11230
2025-02-20 12:10:00-05:00,6116.25,6119.25,6115.5,6118.5,11359
2025-02-20 12:15:00-05:00,6118.5,6121.5,6117.5,6120.0,9514
2025-02-20 12:20:00-05:00,6120.0,6121.5,6119.0,6120.75,8286
2025-02-20 12:25:00-05:00,6120.75,6122.25,6119.75,6120.5,7303
2025-02-20 12:30:00-05:00,6120.75,6122.5,6119.75,6121.25,6579
2025-02-20 12:35:00-05:00,6121.25,6123.5,6118.75,6119.5,8996
2025-02-20 12:40:00-05:00,6119.5,6123.75,6118.75,6122.75,8090
2025-02-20 12:45:00-05:00,6122.75,6123.0,6117.75,6118.0,8232
2025-02-20 12:50:00-05:00,6118.0,6119.5,6116.25,6117.75,8582
2025-02-20 12:55:00-05:00,6117.75,6117.75,6112.75,6113.0,10822
2025-02-20 13:00:00-05:00,6112.75,6114.25,6110.25,6112.5,10156
2025-02-20 13:05:00-05:00,6112.25,6115.25,6111.5,6114.5,9837
2025-02-20 13:10:00-05:00,6114.25,6117.5,6113.0,6117.25,7979
2025-02-20 13:15:00-05:00,6117.25,6117.75,6111.75,6112.75,7874
2025-02-20 13:20:00-05:00,6112.75,6113.25,6109.25,6110.75,7313
2025-02-20 13:25:00-05:00,6111.0,6113.5,6109.0,6112.25,8386
2025-02-20 13:30:00-05:00,6112.0,6116.75,6110.5,6115.75,7786
2025-02-20 13:35:00-05:00,6115.5,6117.25,6114.0,6116.5,5824
2025-02-20 13:40:00-05:00,6116.25,6118.75,6114.25,6118.75,6687
2025-02-20 13:45:00-05:00,6118.75,6119.5,6116.0,6117.0,5797
2025-02-20 13:50:00-05:00,6117.0,6117.25,6114.25,6115.5,7291
2025-02-20 13:55:00-05:00,6115.25,6120.25,6114.75,6118.75,8064
2025-02-20 14:00:00-05:00,6118.75,6121.0,6117.75,6119.75,7772
2025-02-20 14:05:00-05:00,6120.0,6122.0,6119.5,6121.0,6714
2025-02-20 14:10:00-05:00,6121.25,6127.0,6121.0,6125.25,14492
2025-02-20 14:15:00-05:00,6125.5,6126.75,6124.0,6126.5,8380
2025-02-20 14:20:00-05:00,6126.5,6127.5,6126.25,6126.5,7462
2025-02-20 14:25:00-05:00,6126.5,6126.5,6123.25,6124.75,8995
2025-02-20 14:30:00-05:00,6124.5,6125.25,6120.75,6121.5,9259
2025-02-20 14:35:00-05:00,6121.5,6122.5,6119.75,6120.25,8449
2025-02-20 14:40:00-05:00,6120.25,6124.5,6119.75,6124.25,7976
2025-02-20 14:45:00-05:00,6124.25,6131.25,6123.5,6130.75,14158
2025-02-20 14:50:00-05:00,6130.75,6133.75,6129.0,6131.5,16253
2025-02-20 14:55:00-05:00,6131.5,6134.0,6130.5,6131.5,9197
2025-02-20 15:00:00-05:00,6131.5,6132.5,6129.25,6131.25,8216
2025-02-20 15:05:00-05:00,6131.5,6132.5,6128.75,6130.0,8438
2025-02-20 15:10:00-05:00,6130.0,6131.0,6127.25,6129.0,8901
2025-02-20 15:15:00-05:00,6129.25,6131.5,6125.5,6130.75,10912
2025-02-20 15:20:00-05:00,6130.75,6134.0,6130.75,6131.25,9308
2025-02-20 15:25:00-05:00,6131.5,6132.25,6129.25,6131.5,8401
2025-02-20 15:30:00-05:00,6131.25,6132.75,6130.75,6132.5,7919
2025-02-20 15:35:00-05:00,6132.5,6132.5,6127.5,6129.25,9813
2025-02-20 15:40:00-05:00,6129.0,6132.75,6128.75,6132.25,9038
2025-02-20 15:45:00-05:00,6132.0,6136.75,6130.25,6136.0,13843
2025-02-20 15:50:00-05:00,6136.25,6139.75,6133.0,6135.5,33603
2025-02-20 15:55:00-05:00,6135.75,6138.75,6133.5,6137.25,72683
2025-02-20 16:00:00-05:00,6137.0,6137.75,6133.5,6134.0,22391
2025-02-20 16:05:00-05:00,6134.25,6136.25,6134.0,6134.75,4362
2025-02-20 16:10:00-05:00,6134.5,6135.0,6130.75,6131.0,4725
2025-02-20 16:15:00-05:00,6130.75,6133.0,6130.0,6132.5,2238
2025-02-20 16:20:00-05:00,6132.25,6133.5,6132.0,6133.25,1009
2025-02-20 16:25:00-05:00,6133.5,6133.5,6132.5,6133.25,900
2025-02-20 16:30:00-05:00,6133.25,6134.25,6133.0,6133.5,915
2025-02-20 16:35:00-05:00,6133.75,6134.0,6132.75,6133.0,592
2025-02-20 16:40:00-05:00,6133.0,6133.5,6132.25,6133.0,1042
2025-02-20 16:45:00-05:00,6133.0,6133.5,6132.5,6133.25,773
2025-02-20 16:50:00-05:00,6133.25,6133.5,6131.5,6132.0,1302
2025-02-20 16:55:00-05:00,6132.25,6133.75,6132.0,6133.0,782
2025-02-20 18:00:00-05:00,6132.5,6136.75,6131.25,6136.25,1953
2025-02-20 18:05:00-05:00,6136.5,6136.5,6134.5,6135.5,413
2025-02-20 18:10:00-05:00,6135.5,6137.5,6135.5,6136.75,490
2025-02-20 18:15:00-05:00,6136.75,6137.25,6136.25,6136.75,225
2025-02-20 18:20:00-05:00,6136.5,6136.5,6134.75,6135.5,386
2025-02-20 18:25:00-05:00,6135.5,6136.0,6134.75,6135.75,244
2025-02-20 18:30:00-05:00,6135.75,6138.5,6135.75,6138.5,906
2025-02-20 18:35:00-05:00,6138.5,6139.0,6138.0,6138.25,389
2025-02-20 18:40:00-05:00,6138.25,6139.75,6138.25,6139.0,742
2025-02-20 18:45:00-05:00,6139.0,6139.25,6138.5,6139.0,337
2025-02-20 18:50:00-05:00,6139.0,6139.0,6138.25,6138.5,243
2025-02-20 18:55:00-05:00,6138.25,6138.5,6137.25,6137.5,356
2025-02-20 19:00:00-05:00,6137.25,6138.5,6135.75,6138.0,1059
2025-02-20 19:05:00-05:00,6138.0,6139.25,6137.75,6138.25,413
2025-02-20 19:10:00-05:00,6138.5,6139.0,6137.5,6138.75,223
2025-02-20 19:15:00-05:00,6138.75,6139.25,6137.75,6138.25,283
2025-02-20 19:20:00-05:00,6138.0,6138.5,6136.0,6137.0,567
2025-02-20 19:25:00-05:00,6137.0,6137.25,6136.25,6136.75,269
2025-02-20 19:30:00-05:00,6136.75,6137.5,6136.25,6136.5,181
2025-02-20 19:35:00-05:00,6136.5,6137.0,6135.25,6136.0,345
2025-02-20 19:40:00-05:00,6136.0,6136.25,6135.25,6135.5,224
2025-02-20 19:45:00-05:00,6135.75,6136.5,6135.5,6136.25,258
2025-02-20 19:50:00-05:00,6136.5,6137.25,6136.5,6137.0,207
2025-02-20 19:55:00-05:00,6136.75,6137.25,6136.25,6137.25,175
2025-02-20 20:00:00-05:00,6137.0,6137.75,6136.25,6136.25,445
2025-02-20 20:05:00-05:00,6136.25,6137.0,6134.25,6135.25,699
2025-02-20 20:10:00-05:00,6135.25,6135.75,6134.75,6135.0,351
2025-02-20 20:15:00-05:00,6135.25,6135.75,6133.75,6135.5,607
2025-02-20 20:20:00-05:00,6135.75,6135.75,6134.25,6134.5,295
2025-02-20 20:25:00-05:00,6134.25,6134.5,6133.25,6133.75,477
2025-02-20 20:30:00-05:00,6133.75,6133.75,6132.25,6132.75,632
2025-02-20 20:35:00-05:00,6132.75,6136.5,6132.5,6136.0,1004
2025-02-20 20:40:00-05:00,6136.0,6136.5,6133.75,6135.0,593
2025-02-20 20:45:00-05:00,6135.0,6135.25,6133.75,6135.25,366
2025-02-20 20:50:00-05:00,6135.25,6135.75,6134.75,6135.0,320
2025-02-20 20:55:00-05:00,6135.0,6135.25,6133.5,6133.5,262
2025-02-20 21:00:00-05:00,6133.5,6134.25,6133.5,6133.75,274
2025-02-20 21:05:00-05:00,6134.0,6134.75,6133.75,6134.5,275
2025-02-20 21:10:00-05:00,6134.5,6135.25,6134.25,6135.25,375
2025-02-20 21:15:00-05:00,6135.5,6135.75,6134.25,6135.5,324
2025-02-20 21:20:00-05:00,6135.5,6136.0,6134.75,6135.5,299
2025-02-20 21:25:00-05:00,6135.25,6135.5,6134.0,6134.25,247
2025-02-20 21:30:00-05:00,6134.25,6134.5,6133.75,6134.25,213
2025-02-20 21:35:00-05:00,6134.5,6135.0,6134.0,6134.25,264
2025-02-20 21:40:00-05:00,6134.25,6134.25,6133.75,6133.75,166
2025-02-20 21:45:00-05:00,6134.0,6136.25,6133.75,6136.0,548
2025-02-20 21:50:00-05:00,6135.75,6135.75,6135.0,6135.25,233
2025-02-20 21:55:00-05:00,6135.5,6135.75,6134.75,6135.0,203
2025-02-20 22:00:00-05:00,6135.25,6135.25,6134.75,6134.75,207
2025-02-20 22:05:00-05:00,6134.75,6135.0,6134.5,6134.75,180
2025-02-20 22:10:00-05:00,6134.75,6135.25,6134.0,6134.75,336
2025-02-20 22:15:00-05:00,6135.0,6135.25,6134.5,6134.75,148
2025-02-20 22:20:00-05:00,6134.5,6135.5,6134.25,6135.25,303
2025-02-20 22:25:00-05:00,6135.25,6135.5,6134.25,6135.25,281
2025-02-20 22:30:00-05:00,6135.0,6135.0,6134.0,6134.25,180
2025-02-20 22:35:00-05:00,6134.25,6134.25,6133.75,6133.75,190
2025-02-20 22:40:00-05:00,6133.75,6134.0,6133.25,6133.75,157
2025-02-20 22:45:00-05:00,6133.5,6134.25,6133.25,6133.5,240
2025-02-20 22:50:00-05:00,6133.25,6133.5,6132.75,6133.25,239
2025-02-20 22:55:00-05:00,6133.25,6134.0,6133.0,6133.25,158
2025-02-20 23:00:00-05:00,6133.25,6133.75,6133.25,6133.5,202
2025-02-20 23:05:00-05:00,6133.5,6133.75,6133.0,6133.25,184
2025-02-20 23:10:00-05:00,6133.5,6134.5,6133.25,6134.0,185
2025-02-20 23:15:00-05:00,6134.0,6134.0,6133.0,6133.25,314
2025-02-20 23:20:00-05:00,6133.0,6133.25,6132.25,6132.75,294
2025-02-20 23:25:00-05:00,6132.75,6133.0,6132.25,6132.5,128
2025-02-20 23:30:00-05:00,6132.75,6132.75,6132.25,6132.5,119
2025-02-20 23:35:00-05:00,6132.75,6133.0,6132.25,6132.5,136
2025-02-20 23:40:00-05:00,6132.75,6132.75,6132.5,6132.75,138
2025-02-20 23:45:00-05:00,6132.5,6132.5,6130.75,6131.0,330
2025-02-20 23:50:00-05:00,6131.25,6132.0,6131.25,6131.5,132
2025-02-20 23:55:00-05:00,6131.5,6131.75,6131.0,6131.25,197
2025-02-21 00:00:00-05:00,6131.5,6131.75,6130.25,6130.5,424
2025-02-21 00:05:00-05:00,6130.5,6131.0,6128.25,6129.75,978
2025-02-21 00:10:00-05:00,6129.75,6129.75,6129.25,6129.5,385
2025-02-21 00:15:00-05:00,6129.75,6131.25,6129.75,6130.75,639
2025-02-21 00:20:00-05:00,6130.75,6131.25,6130.25,6130.25,303
2025-02-21 00:25:00-05:00,6130.25,6131.0,6130.25,6130.75,171
2025-02-21 00:30:00-05:00,6131.0,6131.25,6130.75,6130.75,161
2025-02-21 00:35:00-05:00,6130.75,6131.75,6130.5,6131.75,217
2025-02-21 00:40:00-05:00,6131.5,6132.25,6131.0,6131.5,382
2025-02-21 00:45:00-05:00,6131.25,6131.5,6130.5,6130.5,191
2025-02-21 00:50:00-05:00,6130.25,6131.25,6130.0,6130.25,347
2025-02-21 00:55:00-05:00,6130.5,6130.75,6130.0,6130.5,275
2025-02-21 01:00:00-05:00,6130.25,6131.0,6130.0,6131.0,177
2025-02-21 01:05:00-05:00,6131.0,6132.75,6131.0,6132.75,260
2025-02-21 01:10:00-05:00,6132.5,6133.5,6132.5,6132.75,396
2025-02-21 01:15:00-05:00,6132.75,6133.5,6132.75,6133.25,143
2025-02-21 01:20:00-05:00,6133.25,6133.5,6132.5,6133.0,228
2025-02-21 01:25:00-05:00,6133.0,6133.5,6132.5,6132.75,221
2025-02-21 01:30:00-05:00,6133.0,6133.0,6132.5,6132.75,230
2025-02-21 01:35:00-05:00,6133.0,6133.75,6132.5,6133.5,210
2025-02-21 01:40:00-05:00,6133.75,6134.75,6133.5,6134.75,186
2025-02-21 01:45:00-05:00,6134.5,6135.25,6134.0,6134.75,326
2025-02-21 01:50:00-05:00,6135.0,6135.75,6134.75,6135.25,213
2025-02-21 01:55:00-05:00,6135.0,6135.25,6134.75,6135.25,172
2025-02-21 02:00:00-05:00,6135.25,6136.25,6135.25,6136.0,536
2025-02-21 02:05:00-05:00,6136.25,6136.5,6135.75,6136.5,211
2025-02-21 02:10:00-05:00,6136.25,6136.5,6135.5,6136.0,145
2025-02-21 02:15:00-05:00,6135.75,6136.25,6135.25,6135.75,327
2025-02-21 02:20:00-05:00,6136.0,6136.5,6135.0,6136.25,2092
2025-02-21 02:25:00-05:00,6136.25,6137.25,6136.25,6137.25,531
2025-02-21 02:30:00-05:00,6137.0,6137.25,6135.5,6136.25,765
2025-02-21 02:35:00-05:00,6136.0,6136.0,6135.0,6135.0,404
2025-02-21 02:40:00-05:00,6135.0,6135.75,6135.0,6135.5,389
2025-02-21 02:45:00-05:00,6135.5,6135.75,6135.0,6135.0,391
2025-02-21 02:50:00-05:00,6134.75,6135.0,6133.75,6134.25,428
2025-02-21 02:55:00-05:00,6134.25,6134.5,6132.0,6132.0,761
2025-02-21 03:00:00-05:00,6132.25,6134.0,6129.75,6130.75,1543
2025-02-21 03:05:00-05:00,6130.75,6135.0,6130.75,6134.0,1151
2025-02-21 03:10:00-05:00,6133.75,6134.5,6133.5,6133.5,779
2025-02-21 03:15:00-05:00,6133.5,6133.5,6127.25,6132.5,3415
2025-02-21 03:20:00-05:00,6132.25,6132.25,6128.25,6130.5,1586
2025-02-21 03:25:00-05:00,6130.75,6133.5,6130.25,6132.5,1454
2025-02-21 03:30:00-05:00,6132.5,6135.5,6132.5,6133.75,1711
2025-02-21 03:35:00-05:00,6133.75,6134.5,6133.25,6134.0,482
2025-02-21 03:40:00-05:00,6134.0,6135.0,6133.25,6134.5,699
2025-02-21 03:45:00-05:00,6134.5,6135.5,6133.5,6135.25,568
2025-02-21 03:50:00-05:00,6135.25,6135.5,6134.25,6135.25,502
2025-02-21 03:55:00-05:00,6135.25,6135.5,6134.25,6134.75,440
2025-02-21 04:00:00-05:00,6134.75,6136.75,6134.25,6135.25,1183
2025-02-21 04:05:00-05:00,6135.25,6135.25,6133.25,6134.0,764
2025-02-21 04:10:00-05:00,6134.0,6135.5,6134.0,6135.25,632
2025-02-21 04:15:00-05:00,6135.5,6136.75,6134.5,6136.25,515
2025-02-21 04:20:00-05:00,6136.25,6137.0,6135.75,6136.0,509
2025-02-21 04:25:00-05:00,6136.0,6136.5,6135.25,6135.5,341
2025-02-21 04:30:00-05:00,6135.5,6137.5,6135.0,6136.5,486
2025-02-21 04:35:00-05:00,6136.25,6137.5,6136.0,6137.0,460
2025-02-21 04:40:00-05:00,6137.25,6137.75,6136.75,6137.5,562
2025-02-21 04:45:00-05:00,6137.25,6137.5,6136.75,6137.25,433
2025-02-21 04:50:00-05:00,6137.25,6137.75,6137.0,6137.75,337
2025-02-21 04:55:00-05:00,6137.5,6137.75,6136.75,6137.75,590
2025-02-21 05:00:00-05:00,6137.75,6138.0,6135.75,6136.25,696
2025-02-21 05:05:00-05:00,6136.5,6137.0,6136.0,6136.5,473
2025-02-21 05:10:00-05:00,6136.5,6137.5,6136.5,6137.5,219
2025-02-21 05:15:00-05:00,6137.5,6138.75,6137.25,6138.25,831
2025-02-21 05:20:00-05:00,6138.5,6138.75,6138.0,6138.25,526
2025-02-21 05:25:00-05:00,6138.25,6138.75,6137.75,6138.0,372
2025-02-21 05:30:00-05:00,6138.25,6138.25,6137.0,6137.5,448
2025-02-21 05:35:00-05:00,6137.5,6137.75,6136.25,6136.75,652
2025-02-21 05:40:00-05:00,6136.75,6137.0,6136.25,6136.75,453
2025-02-21 05:45:00-05:00,6136.5,6136.75,6135.25,6135.75,687
2025-02-21 05:50:00-05:00,6136.0,6138.0,6136.0,6137.5,760
2025-02-21 05:55:00-05:00,6137.5,6138.25,6136.5,6138.0,661
2025-02-21 06:00:00-05:00,6138.25,6138.75,6137.0,6137.25,726
2025-02-21 06:05:00-05:00,6137.5,6138.75,6137.25,6138.5,555
2025-02-21 06:10:00-05:00,6138.5,6139.0,6138.0,6138.25,614
2025-02-21 06:15:00-05:00,6138.25,6138.25,6137.75,6138.0,279
2025-02-21 06:20:00-05:00,6138.0,6138.5,6137.5,6137.5,379
2025-02-21 06:25:00-05:00,6137.75,6138.25,6137.25,6137.75,420
2025-02-21 06:30:00-05:00,6137.5,6138.25,6137.5,6138.0,214
2025-02-21 06:35:00-05:00,6138.25,6138.25,6137.25,6137.75,238
2025-02-21 06:40:00-05:00,6137.75,6137.75,6135.0,6135.75,962
2025-02-21 06:45:00-05:00,6135.75,6137.0,6135.0,6137.0,883
2025-02-21 06:50:00-05:00,6137.0,6137.75,6136.5,6137.0,437
2025-02-21 06:55:00-05:00,6137.25,6137.5,6136.0,6136.5,475
2025-02-21 07:00:00-05:00,6136.5,6137.0,6132.25,6135.0,3227
2025-02-21 07:05:00-05:00,6135.0,6136.5,6134.5,6135.0,1427
2025-02-21 07:10:00-05:00,6135.0,6137.0,6135.0,6135.75,1053
2025-02-21 07:15:00-05:00,6135.75,6138.25,6135.75,6138.0,962
2025-02-21 07:20:00-05:00,6138.0,6141.5,6138.0,6140.5,3253
2025-02-21 07:25:00-05:00,6140.25,6141.0,6139.75,6140.25,1464
2025-02-21 07:30:00-05:00,6140.25,6140.25,6139.25,6139.75,923
2025-02-21 07:35:00-05:00,6140.0,6140.25,6138.75,6140.0,849
2025-02-21 07:40:00-05:00,6140.0,6140.75,6139.5,6140.75,834
2025-02-21 07:45:00-05:00,6140.75,6141.25,6139.5,6140.5,1211
2025-02-21 07:50:00-05:00,6140.5,6141.25,6140.0,6140.5,876
2025-02-21 07:55:00-05:00,6140.5,6140.75,6139.75,6140.25,635
2025-02-21 08:00:00-05:00,6140.25,6141.25,6139.0,6139.5,1378
2025-02-21 08:05:00-05:00,6139.25,6139.25,6137.5,6139.25,1677
2025-02-21 08:10:00-05:00,6139.0,6140.0,6138.75,6139.75,842
2025-02-21 08:15:00-05:00,6139.5,6140.75,6139.5,6139.5,1259
2025-02-21 08:20:00-05:00,6139.5,6140.0,6138.75,6139.25,947
2025-02-21 08:25:00-05:00,6139.25,6140.0,6138.5,6139.25,1267
2025-02-21 08:30:00-05:00,6139.5,6140.5,6138.25,6139.25,1377
2025-02-21 08:35:00-05:00,6139.25,6139.25,6137.75,6138.25,1482
2025-02-21 08:40:00-05:00,6138.5,6141.25,6138.0,6141.0,2516
2025-02-21 08:45:00-05:00,6141.25,6141.75,6140.5,6141.0,1751
2025-02-21 08:50:00-05:00,6141.25,6141.25,6139.25,6140.25,1987
2025-02-21 08:55:00-05:00,6140.25,6140.25,6139.5,6139.75,1553
2025-02-21 09:00:00-05:00,6139.5,6142.5,6138.25,6140.25,6227
2025-02-21 09:05:00-05:00,6140.25,6141.0,6139.0,6140.75,2271
2025-02-21 09:10:00-05:00,6141.0,6141.5,6140.25,6141.0,2041
2025-02-21 09:15:00-05:00,6140.75,6142.25,6140.25,6141.0,1946
2025-02-21 09:20:00-05:00,6141.0,6141.75,6137.25,6137.25,2638
2025-02-21 09:25:00-05:00,6137.5,6139.25,6131.75,6132.25,13597
2025-02-21 09:30:00-05:00,6132.5,6133.0,6126.0,6127.0,36993
2025-02-21 09:35:00-05:00,6127.25,6129.75,6119.25,6122.0,31127
2025-02-21 09:40:00-05:00,6121.75,6124.5,6120.0,6122.25,16832
2025-02-21 09:45:00-05:00,6122.25,6126.5,6117.25,6118.0,26978
2025-02-21 09:50:00-05:00,6118.0,6119.25,6113.0,6116.25,27822
2025-02-21 09:55:00-05:00,6116.25,6117.5,6113.25,6115.0,14999
2025-02-21 10:00:00-05:00,6115.25,6116.75,6104.75,6111.75,37118
2025-02-21 10:05:00-05:00,6111.75,6114.75,6105.5,6114.25,24559
2025-02-21 10:10:00-05:00,6114.0,6116.75,6108.5,6109.75,24938
2025-02-21 10:15:00-05:00,6110.0,6113.25,6107.5,6109.25,17856
2025-02-21 10:20:00-05:00,6109.25,6109.75,6101.0,6103.0,25266
2025-02-21 10:25:00-05:00,6103.0,6105.5,6095.25,6097.75,29081
2025-02-21 10:30:00-05:00,6097.5,6101.0,6093.0,6094.75,26370
2025-02-21 10:35:00-05:00,6095.0,6100.25,6094.75,6098.25,19723
2025-02-21 10:40:00-05:00,6098.5,6098.75,6087.5,6088.0,22447
2025-02-21 10:45:00-05:00,6088.0,6098.25,6087.75,6094.0,26694
2025-02-21 10:50:00-05:00,6094.0,6096.0,6091.75,6091.75,14387
2025-02-21 10:55:00-05:00,6091.75,6098.25,6091.25,6098.25,14635
2025-02-21 11:00:00-05:00,6098.25,6102.25,6093.5,6095.5,19943
2025-02-21 11:05:00-05:00,6095.5,6099.0,6094.0,6095.75,12922
2025-02-21 11:10:00-05:00,6095.75,6101.75,6091.75,6101.75,16799
2025-02-21 11:15:00-05:00,6101.75,6104.0,6097.25,6102.25,16609
2025-02-21 11:20:00-05:00,6102.25,6105.0,6102.0,6103.25,9803
2025-02-21 11:25:00-05:00,6103.5,6103.75,6097.25,6099.5,13326
2025-02-21 11:30:00-05:00,6099.5,6103.75,6097.0,6102.0,11939
2025-02-21 11:35:00-05:00,6102.0,6105.25,6100.25,6104.0,9988
2025-02-21 11:40:00-05:00,6104.0,6105.0,6098.5,6099.0,10032
2025-02-21 11:45:00-05:00,6099.25,6100.0,6095.5,6098.0,11620
2025-02-21 11:50:00-05:00,6098.0,6098.0,6093.25,6094.75,10754
2025-02-21 11:55:00-05:00,6094.75,6101.25,6094.25,6098.25,10769
2025-02-21 12:00:00-05:00,6098.5,6101.75,6097.5,6100.25,8947
2025-02-21 12:05:00-05:00,6100.25,6101.25,6095.75,6096.25,7729
2025-02-21 12:10:00-05:00,6096.25,6096.75,6092.5,6094.25,12040
2025-02-21 12:15:00-05:00,6094.25,6094.5,6086.0,6087.5,17974
2025-02-21 12:20:00-05:00,6087.25,6088.25,6081.75,6086.25,22835
2025-02-21 12:25:00-05:00,6086.25,6089.25,6085.75,6087.5,11058
2025-02-21 12:30:00-05:00,6087.5,6088.25,6082.75,6083.0,10021
2025-02-21 12:35:00-05:00,6082.75,6085.5,6075.25,6077.75,27067
2025-02-21 12:40:00-05:00,6077.5,6081.75,6076.0,6080.75,16794
2025-02-21 12:45:00-05:00,6080.75,6080.75,6075.5,6076.25,13146
2025-02-21 12:50:00-05:00,6076.0,6077.5,6072.75,6072.75,17107
2025-02-21 12:55:00-05:00,6072.75,6074.75,6066.25,6068.25,23849
2025-02-21 13:00:00-05:00,6068.25,6068.75,6061.0,6062.25,32797
2025-02-21 13:05:00-05:00,6062.25,6064.25,6057.25,6058.0,25466
2025-02-21 13:10:00-05:00,6058.25,6059.75,6052.25,6059.5,33116
2025-02-21 13:15:00-05:00,6059.25,6065.5,6057.5,6058.25,31854
2025-02-21 13:20:00-05:00,6058.25,6060.5,6055.25,6056.75,18371
2025-02-21 13:25:00-05:00,6056.75,6060.5,6051.0,6051.5,18730
2025-02-21 13:30:00-05:00,6051.5,6052.0,6045.5,6050.5,31915
2025-02-21 13:35:00-05:00,6050.25,6062.25,6049.75,6054.25,26133
2025-02-21 13:40:00-05:00,6054.0,6057.0,6047.75,6048.0,15568
2025-02-21 13:45:00-05:00,6048.0,6050.5,6047.25,6049.0,14398
2025-02-21 13:50:00-05:00,6048.75,6052.0,6047.75,6052.0,14443
2025-02-21 13:55:00-05:00,6051.75,6052.0,6045.75,6047.5,16621
2025-02-21 14:00:00-05:00,6047.5,6049.0,6042.25,6043.25,21430
2025-02-21 14:05:00-05:00,6043.5,6047.5,6042.5,6047.5,18395
2025-02-21 14:10:00-05:00,6047.75,6053.5,6044.0,6051.25,18513
2025-02-21 14:15:00-05:00,6051.25,6051.5,6043.5,6043.5,15360
2025-02-21 14:20:00-05:00,6043.25,6043.75,6034.25,6036.75,25155
2025-02-21 14:25:00-05:00,6036.5,6037.25,6026.25,6029.0,33588
2025-02-21 14:30:00-05:00,6029.0,6036.5,6028.0,6031.25,25647
2025-02-21 14:35:00-05:00,6031.25,6032.75,6026.0,6027.75,22388
2025-02-21 14:40:00-05:00,6027.75,6031.5,6024.5,6030.75,24381
2025-02-21 14:45:00-05:00,6030.75,6032.25,6027.0,6029.5,17874
2025-02-21 14:50:00-05:00,6029.25,6036.5,6029.0,6030.75,21782
2025-02-21 14:55:00-05:00,6030.5,6036.25,6029.75,6030.25,16690
2025-02-21 15:00:00-05:00,6030.0,6034.0,6027.0,6030.0,20170
2025-02-21 15:05:00-05:00,6030.0,6032.5,6028.5,6029.5,12420
2025-02-21 15:10:00-05:00,6029.5,6034.5,6026.5,6031.25,17927
2025-02-21 15:15:00-05:00,6031.0,6033.25,6028.5,6032.5,14356
2025-02-21 15:20:00-05:00,6032.5,6036.25,6030.75,6035.75,13275
2025-02-21 15:25:00-05:00,6036.0,6036.5,6032.75,6035.5,13900
2025-02-21 15:30:00-05:00,6035.75,6039.25,6033.75,6036.5,19319
2025-02-21 15:35:00-05:00,6036.75,6037.5,6032.25,6036.0,13010
2025-02-21 15:40:00-05:00,6036.0,6037.0,6030.25,6030.5,19068
2025-02-21 15:45:00-05:00,6030.75,6033.5,6027.25,6031.75,20352
2025-02-21 15:50:00-05:00,6032.0,6035.5,6029.5,6034.0,33610
2025-02-21 15:55:00-05:00,6034.0,6035.25,6025.0,6030.25,107928
2025-02-21 16:00:00-05:00,6030.5,6034.75,6027.5,6032.5,35117
2025-02-21 16:05:00-05:00,6032.5,6033.75,6030.5,6033.0,8140
2025-02-21 16:10:00-05:00,6032.75,6033.5,6031.25,6033.0,4669
2025-02-21 16:15:00-05:00,6033.0,6033.5,6032.0,6032.75,2289
2025-02-21 16:20:00-05:00,6032.75,6033.75,6032.75,6033.25,1632
2025-02-21 16:25:00-05:00,6033.25,6034.5,6032.0,6032.0,2574
2025-02-21 16:30:00-05:00,6032.25,6033.25,6031.25,6031.5,1822
2025-02-21 16:35:00-05:00,6031.5,6032.5,6031.5,6032.25,1146
2025-02-21 16:40:00-05:00,6032.0,6032.25,6030.5,6031.0,1821
2025-02-21 16:45:00-05:00,6031.0,6032.0,6030.0,6030.75,1939
2025-02-21 16:50:00-05:00,6030.75,6032.0,6028.25,6029.25,1578
2025-02-21 16:55:00-05:00,6029.25,6030.0,6029.0,6029.75,1709
2025-02-23 18:00:00-05:00,6040.75,6043.0,6034.0,6039.75,6505
2025-02-23 18:05:00-05:00,6039.5,6047.5,6038.5,6046.5,5455
2025-02-23 18:10:00-05:00,6046.5,6047.0,6044.75,6047.0,1935
2025-02-23 18:15:00-05:00,6047.0,6048.0,6046.0,6047.5,1421
2025-02-23 18:20:00-05:00,6047.25,6048.75,6046.0,6048.5,1364
2025-02-23 18:25:00-05:00,6048.5,6049.5,6047.75,6048.5,1362
2025-02-23 18:30:00-05:00,6048.5,6052.25,6048.25,6051.0,1755
2025-02-23 18:35:00-05:00,6051.25,6052.0,6051.0,6052.0,700
2025-02-23 18:40:00-05:00,6052.0,6052.5,6050.75,6052.25,1234
2025-02-23 18:45:00-05:00,6052.25,6052.25,6050.25,6050.25,680
2025-02-23 18:50:00-05:00,6050.0,6051.75,6049.75,6050.0,1068
2025-02-23 18:55:00-05:00,6050.25,6050.5,6048.5,6050.25,757
2025-02-23 19:00:00-05:00,6050.5,6051.5,6049.5,6051.5,853
2025-02-23 19:05:00-05:00,6051.25,6052.75,6050.75,6051.5,778
2025-02-23 19:10:00-05:00,6051.75,6052.0,6050.75,6051.5,472
2025-02-23 19:15:00-05:00,6051.5,6052.75,6051.0,6052.5,905
2025-02-23 19:20:00-05:00,6052.5,6059.25,6052.5,6058.75,3393
2025-02-23 19:25:00-05:00,6058.75,6058.75,6056.25,6056.5,1272
2025-02-23 19:30:00-05:00,6056.5,6056.75,6053.5,6055.0,1205
2025-02-23 19:35:00-05:00,6055.25,6055.5,6053.0,6053.25,533
2025-02-23 19:40:00-05:00,6053.0,6054.5,6050.5,6054.25,1153
2025-02-23 19:45:00-05:00,6054.5,6055.25,6053.25,6053.75,663
2025-02-23 19:50:00-05:00,6053.5,6054.0,6050.5,6051.0,1284
2025-02-23 19:55:00-05:00,6051.0,6052.0,6049.25,6051.75,1394
2025-02-23 20:00:00-05:00,6051.5,6053.5,6050.25,6052.75,1109
2025-02-23 20:05:00-05:00,6052.75,6054.0,6052.5,6053.75,773
2025-02-23 20:10:00-05:00,6053.5,6054.0,6052.75,6053.0,910
2025-02-23 20:15:00-05:00,6053.25,6053.75,6052.25,6053.0,847
2025-02-23 20:20:00-05:00,6053.0,6053.75,6049.75,6050.25,1205
2025-02-23 20:25:00-05:00,6050.5,6051.25,6049.75,6049.75,895
2025-02-23 20:30:00-05:00,6050.0,6050.75,6047.25,6050.0,2271
2025-02-23 20:35:00-05:00,6050.25,6050.75,6048.5,6050.0,847
2025-02-23 20:40:00-05:00,6050.25,6052.0,6050.25,6051.5,536
2025-02-23 20:45:00-05:00,6051.5,6053.5,6051.5,6052.5,605
2025-02-23 20:50:00-05:00,6052.5,6052.75,6050.25,6050.25,579
2025-02-23 20:55:00-05:00,6050.25,6051.0,6048.5,6050.5,677
2025-02-23 21:00:00-05:00,6050.5,6051.75,6049.75,6051.75,542
2025-02-23 21:05:00-05:00,6051.75,6053.0,6051.5,6052.25,711
2025-02-23 21:10:00-05:00,6052.25,6055.0,6052.25,6054.75,963
2025-02-23 21:15:00-05:00,6055.0,6055.5,6054.25,6055.25,814
2025-02-23 21:20:00-05:00,6055.25,6055.5,6054.75,6055.5,480
2025-02-23 21:25:00-05:00,6055.5,6055.75,6055.0,6055.75,441
2025-02-23 21:30:00-05:00,6055.75,6056.75,6055.75,6055.75,678
2025-02-23 21:35:00-05:00,6055.5,6056.5,6055.25,6056.0,408
2025-02-23 21:40:00-05:00,6056.0,6056.25,6055.5,6056.0,311
2025-02-23 21:45:00-05:00,6056.0,6058.5,6055.75,6057.25,1163
2025-02-23 21:50:00-05:00,6057.0,6058.0,6057.0,6057.5,300
2025-02-23 21:55:00-05:00,6057.75,6058.5,6056.75,6056.75,474
2025-02-23 22:00:00-05:00,6057.0,6058.25,6056.5,6057.75,630
2025-02-23 22:05:00-05:00,6057.75,6058.25,6057.5,6057.75,362
2025-02-23 22:10:00-05:00,6057.75,6058.25,6056.5,6057.0,335
2025-02-23 22:15:00-05:00,6057.0,6057.5,6055.75,6056.75,615
2025-02-23 22:20:00-05:00,6056.75,6057.0,6056.0,6057.0,360
2025-02-23 22:25:00-05:00,6057.0,6057.25,6056.75,6057.25,182
2025-02-23 22:30:00-05:00,6057.0,6057.0,6056.0,6056.25,276
2025-02-23 22:35:00-05:00,6056.25,6057.25,6055.75,6056.75,421
2025-02-23 22:40:00-05:00,6056.75,6058.0,6056.5,6058.0,400
2025-02-23 22:45:00-05:00,6058.25,6058.5,6057.5,6058.25,297
2025-02-23 22:50:00-05:00,6058.0,6058.25,6057.0,6057.5,290
2025-02-23 22:55:00-05:00,6057.5,6059.0,6057.5,6058.75,306
2025-02-23 23:00:00-05:00,6058.75,6060.0,6058.5,6059.0,800
2025-02-23 23:05:00-05:00,6059.0,6059.75,6058.75,6059.25,294
2025-02-23 23:10:00-05:00,6059.25,6059.75,6058.0,6058.5,392
2025-02-23 23:15:00-05:00,6058.5,6059.0,6058.25,6059.0,240
2025-02-23 23:20:00-05:00,6059.0,6059.5,6058.75,6059.25,300
2025-02-23 23:25:00-05:00,6059.25,6060.25,6059.25,6060.0,351
2025-02-23 23:30:00-05:00,6060.0,6060.0,6059.0,6059.25,183
2025-02-23 23:35:00-05:00,6059.25,6059.25,6057.75,6058.75,596
2025-02-23 23:40:00-05:00,6058.75,6059.25,6058.25,6059.0,512
2025-02-23 23:45:00-05:00,6059.0,6059.5,6058.25,6059.0,229
2025-02-23 23:50:00-05:00,6059.0,6059.75,6059.0,6059.25,438
2025-02-23 23:55:00-05:00,6059.25,6059.25,6057.5,6058.0,394
2025-02-24 00:00:00-05:00,6058.25,6059.5,6058.0,6058.25,279
2025-02-24 00:05:00-05:00,6058.0,6058.75,6057.75,6058.5,388
2025-02-24 00:10:00-05:00,6058.5,6058.5,6057.75,6058.5,235
2025-02-24 00:15:00-05:00,6058.5,6058.75,6058.25,6058.5,316
2025-02-24 00:20:00-05:00,6058.75,6060.25,6058.75,6060.0,406
2025-02-24 00:25:00-05:00,6060.0,6060.5,6059.0,6059.25,580
2025-02-24 00:30:00-05:00,6059.5,6060.75,6059.5,6060.75,319
2025-02-24 00:35:00-05:00,6060.75,6062.0,6060.25,6061.5,648
2025-02-24 00:40:00-05:00,6061.25,6062.5,6061.0,6062.5,502
2025-02-24 00:45:00-05:00,6062.5,6062.5,6060.25,6060.5,427
2025-02-24 00:50:00-05:00,6060.75,6061.25,6060.25,6060.75,375
2025-02-24 00:55:00-05:00,6060.75,6061.75,6060.25,6061.5,466
2025-02-24 01:00:00-05:00,6061.25,6062.0,6061.25,6061.25,490
2025-02-24 01:05:00-05:00,6061.5,6062.0,6061.25,6061.75,270
2025-02-24 01:10:00-05:00,6061.75,6062.0,6061.25,6062.0,314
2025-02-24 01:15:00-05:00,6062.25,6062.75,6061.75,6062.5,241
2025-02-24 01:20:00-05:00,6062.5,6063.25,6062.25,6062.75,399
2025-02-24 01:25:00-05:00,6063.0,6063.5,6062.75,6062.75,180
2025-02-24 01:30:00-05:00,6062.75,6062.75,6061.0,6061.25,387
2025-02-24 01:35:00-05:00,6061.5,6061.75,6059.25,6059.75,429
2025-02-24 01:40:00-05:00,6060.0,6060.25,6058.75,6059.25,487
2025-02-24 01:45:00-05:00,6059.25,6059.75,6058.5,6059.75,603
2025-02-24 01:50:00-05:00,6059.5,6059.75,6058.5,6059.5,503
2025-02-24 01:55:00-05:00,6059.75,6060.5,6058.75,6060.0,521
2025-02-24 02:00:00-05:00,6060.0,6061.25,6056.5,6057.75,1537
2025-02-24 02:05:00-05:00,6057.5,6058.5,6056.75,6058.5,796
2025-02-24 02:10:00-05:00,6058.75,6059.0,6057.25,6057.25,598
2025-02-24 02:15:00-05:00,6057.0,6057.0,6054.75,6054.75,1123
2025-02-24 02:20:00-05:00,6055.0,6055.5,6052.75,6053.25,1226
2025-02-24 02:25:00-05:00,6053.25,6055.5,6052.75,6053.25,1048
2025-02-24 02:30:00-05:00,6053.25,6055.25,6053.25,6054.75,858
2025-02-24 02:35:00-05:00,6054.75,6054.75,6052.75,6053.75,820
2025-02-24 02:40:00-05:00,6053.75,6055.5,6052.5,6052.5,894
2025-02-24 02:45:00-05:00,6052.5,6054.25,6050.75,6053.75,971
2025-02-24 02:50:00-05:00,6054.0,6055.5,6053.5,6054.5,964
2025-02-24 02:55:00-05:00,6054.5,6056.0,6054.5,6055.0,745
2025-02-24 03:00:00-05:00,6055.0,6056.75,6052.25,6054.25,2693
2025-02-24 03:05:00-05:00,6054.0,6054.25,6045.5,6045.75,3604
2025-02-24 03:10:00-05:00,6046.0,6047.25,6043.5,6046.5,2966
2025-02-24 03:15:00-05:00,6046.25,6047.0,6041.5,6042.5,2760
2025-02-24 03:20:00-05:00,6042.75,6047.0,6042.5,6044.75,1925
2025-02-24 03:25:00-05:00,6044.75,6050.5,6044.75,6048.75,2505
2025-02-24 03:30:00-05:00,6049.0,6050.25,6046.75,6049.25,1784
2025-02-24 03:35:00-05:00,6049.0,6049.25,6043.5,6046.0,2452
2025-02-24 03:40:00-05:00,6046.0,6052.0,6045.75,6051.25,2131
2025-02-24 03:45:00-05:00,6051.25,6055.5,6051.0,6054.75,2209
2025-02-24 03:50:00-05:00,6054.75,6057.0,6054.5,6056.75,1432
2025-02-24 03:55:00-05:00,6056.75,6058.25,6055.5,6057.25,1513
2025-02-24 04:00:00-05:00,6057.0,6065.0,6056.0,6064.5,4531
2025-02-24 04:05:00-05:00,6064.25,6066.75,6062.25,6065.0,3542
2025-02-24 04:10:00-05:00,6065.0,6065.5,6063.25,6064.5,1438
2025-02-24 04:15:00-05:00,6064.25,6067.0,6063.0,6065.25,2373
2025-02-24 04:20:00-05:00,6065.0,6067.5,6065.0,6067.0,1944
2025-02-24 04:25:00-05:00,6067.0,6067.25,6065.5,6066.0,1232
2025-02-24 04:30:00-05:00,6066.25,6067.5,6064.0,6064.5,1631
2025-02-24 04:35:00-05:00,6064.5,6065.0,6063.5,6063.75,1273
2025-02-24 04:40:00-05:00,6063.75,6064.0,6061.5,6063.0,1477
2025-02-24 04:45:00-05:00,6063.0,6064.25,6061.75,6062.0,1382
2025-02-24 04:50:00-05:00,6062.25,6063.25,6061.25,6061.75,912
2025-02-24 04:55:00-05:00,6061.75,6062.5,6060.75,6061.75,934
2025-02-24 05:00:00-05:00,6062.0,6062.75,6061.25,6062.25,1041
2025-02-24 05:05:00-05:00,6062.25,6062.5,6060.25,6060.25,978
2025-02-24 05:10:00-05:00,6060.0,6062.75,6059.0,6062.5,1166
2025-02-24 05:15:00-05:00,6062.5,6062.5,6059.5,6061.0,1078
2025-02-24 05:20:00-05:00,6060.75,6061.0,6059.5,6060.25,384
2025-02-24 05:25:00-05:00,6060.25,6060.5,6059.25,6060.0,563
2025-02-24 05:30:00-05:00,6060.25,6061.25,6059.5,6061.25,703
2025-02-24 05:35:00-05:00,6061.0,6061.0,6059.0,6060.0,1039
2025-02-24 05:40:00-05:00,6060.0,6060.25,6058.25,6059.25,836
2025-02-24 05:45:00-05:00,6059.5,6060.25,6059.0,6059.75,460
2025-02-24 05:50:00-05:00,6059.75,6060.5,6058.25,6060.0,780
2025-02-24 05:55:00-05:00,6060.25,6060.5,6058.5,6059.0,881
2025-02-24 06:00:00-05:00,6059.0,6061.5,6055.5,6058.5,4497
2025-02-24 06:05:00-05:00,6058.5,6061.5,6058.5,6061.25,798
2025-02-24 06:10:00-05:00,6061.25,6061.25,6058.5,6059.5,992
2025-02-24 06:15:00-05:00,6059.75,6060.75,6059.5,6060.75,467
2025-02-24 06:20:00-05:00,6060.5,6061.75,6060.5,6061.5,640
2025-02-24 06:25:00-05:00,6061.75,6062.25,6061.25,6061.75,852
2025-02-24 06:30:00-05:00,6062.0,6062.75,6061.0,6062.25,572
2025-02-24 06:35:00-05:00,6062.5,6063.0,6062.0,6062.75,1007
2025-02-24 06:40:00-05:00,6062.5,6062.75,6061.5,6061.75,854
2025-02-24 06:45:00-05:00,6061.75,6061.75,6060.0,6060.5,1038
2025-02-24 06:50:00-05:00,6060.5,6060.75,6059.25,6060.25,1101
2025-02-24 06:55:00-05:00,6060.0,6061.75,6058.75,6061.5,1545
2025-02-24 07:00:00-05:00,6061.5,6061.75,6056.75,6057.25,3635
2025-02-24 07:05:00-05:00,6057.0,6058.25,6055.5,6057.75,2103
2025-02-24 07:10:00-05:00,6057.75,6058.0,6054.0,6054.25,1767
2025-02-24 07:15:00-05:00,6054.25,6058.75,6054.25,6057.75,1273
2025-02-24 07:20:00-05:00,6058.0,6058.0,6056.25,6056.25,874
2025-02-24 07:25:00-05:00,6056.25,6056.75,6054.75,6056.5,988
2025-02-24 07:30:00-05:00,6056.5,6060.5,6056.5,6059.75,1227
2025-02-24 07:35:00-05:00,6059.75,6060.5,6058.75,6060.0,690
2025-02-24 07:40:00-05:00,6060.0,6060.75,6056.25,6056.75,1116
2025-02-24 07:45:00-05:00,6056.5,6058.0,6053.5,6055.5,2457
2025-02-24 07:50:00-05:00,6055.75,6058.25,6055.25,6056.0,1284
2025-02-24 07:55:00-05:00,6056.25,6059.0,6055.75,6059.0,2403
2025-02-24 08:00:00-05:00,6059.0,6060.25,6058.0,6060.0,2132
2025-02-24 08:05:00-05:00,6060.0,6061.5,6059.75,6060.5,1519
2025-02-24 08:10:00-05:00,6060.75,6061.75,6060.0,6060.0,840
2025-02-24 08:15:00-05:00,6060.25,6061.5,6059.75,6060.5,1175
2025-02-24 08:20:00-05:00,6060.5,6061.75,6059.5,6061.75,1074
2025-02-24 08:25:00-05:00,6061.75,6061.75,6060.25,6060.5,1274
2025-02-24 08:30:00-05:00,6060.5,6060.5,6058.0,6058.5,2384
2025-02-24 08:35:00-05:00,6058.5,6060.5,6058.0,6060.25,3262
2025-02-24 08:40:00-05:00,6060.5,6061.5,6060.0,6061.25,2086
2025-02-24 08:45:00-05:00,6061.5,6062.0,6060.0,6060.25,2061
2025-02-24 08:50:00-05:00,6060.0,6060.75,6059.75,6060.75,1448
2025-02-24 08:55:00-05:00,6060.75,6062.25,6060.25,6061.75,1805
2025-02-24 09:00:00-05:00,6061.5,6062.5,6058.25,6058.25,2835
2025-02-24 09:05:00-05:00,6058.25,6058.25,6054.5,6055.25,4369
2025-02-24 09:10:00-05:00,6055.25,6058.75,6054.75,6056.5,3362
2025-02-24 09:15:00-05:00,6056.5,6057.75,6054.5,6054.75,2125
2025-02-24 09:20:00-05:00,6054.75,6054.75,6052.0,6053.0,4353
2025-02-24 09:25:00-05:00,6052.75,6054.75,6048.5,6050.0,11249
2025-02-24 09:30:00-05:00,6050.0,6060.0,6047.25,6051.0,39442
2025-02-24 09:35:00-05:00,6051.0,6051.75,6040.25,6042.25,33301
2025-02-24 09:40:00-05:00,6042.5,6045.5,6036.0,6040.25,31044
2025-02-24 09:45:00-05:00,6040.0,6043.0,6033.25,6035.75,26482
2025-02-24 09:50:00-05:00,6035.75,6036.0,6023.0,6025.75,34914
2025-02-24 09:55:00-05:00,6025.5,6025.5,6016.0,6017.25,31377
2025-02-24 10:00:00-05:00,6017.25,6021.25,6000.5,6003.25,44852
2025-02-24 10:05:00-05:00,6003.25,6012.25,5994.5,6008.75,50744
2025-02-24 10:10:00-05:00,6008.75,6021.0,6008.0,6019.25,39297
2025-02-24 10:15:00-05:00,6019.25,6024.0,6010.75,6013.0,31031
2025-02-24 10:20:00-05:00,6012.75,6021.75,6012.5,6020.75,28185
2025-02-24 10:25:00-05:00,6020.75,6021.0,6007.75,6009.25,26324
2025-02-24 10:30:00-05:00,6009.0,6014.25,6006.25,6008.25,28631
2025-02-24 10:35:00-05:00,6008.0,6012.0,6004.0,6009.25,24195
2025-02-24 10:40:00-05:00,6009.0,6012.75,6004.75,6005.75,20352
2025-02-24 10:45:00-05:00,6006.0,6010.0,6002.25,6009.5,21955
2025-02-24 10:50:00-05:00,6009.5,6012.25,6000.75,6002.25,26278
2025-02-24 10:55:00-05:00,6002.25,6008.5,5997.0,6006.75,23415
2025-02-24 11:00:00-05:00,6006.75,6011.0,6004.25,6009.75,24019
2025-02-24 11:05:00-05:00,6009.75,6016.0,6009.25,6010.5,23992
2025-02-24 11:10:00-05:00,6010.75,6014.75,6009.25,6014.25,17802
2025-02-24 11:15:00-05:00,6014.0,6019.25,6013.25,6018.75,15880
2025-02-24 11:20:00-05:00,6019.0,6022.5,6017.75,6021.75,16274
2025-02-24 11:25:00-05:00,6022.0,6033.75,6021.0,6030.5,30088
2025-02-24 11:30:00-05:00,6030.5,6035.5,6030.25,6031.75,19713
2025-02-24 11:35:00-05:00,6032.0,6034.75,6023.5,6024.0,20544
2025-02-24 11:40:00-05:00,6024.25,6037.75,6024.0,6032.75,20633
2025-02-24 11:45:00-05:00,6033.0,6037.5,6032.25,6034.25,16028
2025-02-24 11:50:00-05:00,6034.5,6036.25,6030.75,6034.0,13764
2025-02-24 11:55:00-05:00,6034.0,6034.25,6027.75,6029.25,14237
2025-02-24 12:00:00-05:00,6029.25,6036.75,6027.75,6036.25,16965
2025-02-24 12:05:00-05:00,6036.5,6038.25,6029.75,6034.0,13852
2025-02-24 12:10:00-05:00,6033.75,6038.0,6031.75,6034.0,13972
2025-02-24 12:15:00-05:00,6033.75,6044.25,6033.5,6042.75,15552
2025-02-24 12:20:00-05:00,6043.0,6045.75,6041.5,6042.75,16791
2025-02-24 12:25:00-05:00,6042.5,6045.0,6039.25,6040.25,12926
2025-02-24 12:30:00-05:00,6040.25,6040.5,6036.0,6038.25,11310
2025-02-24 12:35:00-05:00,6038.25,6043.5,6036.75,6043.0,8804
2025-02-24 12:40:00-05:00,6043.0,6045.75,6042.0,6045.0,9264
2025-02-24 12:45:00-05:00,6045.0,6048.5,6042.0,6044.25,12055
2025-02-24 12:50:00-05:00,6044.25,6044.5,6037.75,6039.25,9016
2025-02-24 12:55:00-05:00,6039.0,6043.5,6035.25,6036.0,11966
2025-02-24 13:00:00-05:00,6036.25,6038.0,6035.0,6037.25,9569
2025-02-24 13:05:00-05:00,6037.25,6040.75,6035.75,6040.5,11999
2025-02-24 13:10:00-05:00,6040.5,6041.75,6036.5,6039.25,7972
2025-02-24 13:15:00-05:00,6039.25,6047.0,6039.0,6045.0,15227
2025-02-24 13:20:00-05:00,6044.75,6045.25,6040.5,6043.25,8708
2025-02-24 13:25:00-05:00,6043.25,6046.75,6043.25,6043.75,7398
2025-02-24 13:30:00-05:00,6043.75,6044.75,6040.5,6043.25,8456
2025-02-24 13:35:00-05:00,6043.25,6045.0,6040.5,6043.25,5927
2025-02-24 13:40:00-05:00,6043.25,6046.0,6042.0,6044.25,6211
2025-02-24 13:45:00-05:00,6044.25,6045.75,6038.25,6039.75,8651
2025-02-24 13:50:00-05:00,6039.75,6041.25,6036.5,6040.5,9121
2025-02-24 13:55:00-05:00,6040.5,6041.0,6033.25,6036.25,11275
2025-02-24 14:00:00-05:00,6036.25,6043.5,6035.5,6043.0,10948
2025-02-24 14:05:00-05:00,6043.0,6044.25,6036.25,6038.5,9211
2025-02-24 14:10:00-05:00,6038.25,6038.5,6033.5,6036.25,8449
2025-02-24 14:15:00-05:00,6036.25,6037.5,6030.0,6031.25,11089
2025-02-24 14:20:00-05:00,6031.25,6033.5,6028.0,6032.0,13904
2025-02-24 14:25:00-05:00,6031.75,6034.0,6029.25,6030.5,8993
2025-02-24 14:30:00-05:00,6030.25,6036.5,6029.5,6035.5,11271
2025-02-24 14:35:00-05:00,6035.25,6035.5,6031.5,6032.75,7463
2025-02-24 14:40:00-05:00,6032.5,6033.75,6027.75,6029.5,11177
2025-02-24 14:45:00-05:00,6029.75,6030.25,6026.75,6029.25,8743
2025-02-24 14:50:00-05:00,6029.0,6031.75,6027.0,6027.75,9328
2025-02-24 14:55:00-05:00,6027.5,6027.75,6023.5,6027.5,12611
2025-02-24 15:00:00-05:00,6027.5,6028.75,6020.0,6024.0,18363
2025-02-24 15:05:00-05:00,6024.0,6028.5,6022.75,6026.5,10270
2025-02-24 15:10:00-05:00,6026.5,6027.0,6024.25,6026.25,7622
2025-02-24 15:15:00-05:00,6026.5,6030.25,6023.0,6026.5,16664
2025-02-24 15:20:00-05:00,6026.5,6029.75,6022.0,6022.25,20174
2025-02-24 15:25:00-05:00,6022.25,6024.5,6020.0,6020.75,11767
2025-02-24 15:30:00-05:00,6020.75,6027.0,6020.5,6024.75,12469
2025-02-24 15:35:00-05:00,6025.0,6027.0,6021.25,6021.5,11264
2025-02-24 15:40:00-05:00,6021.5,6021.75,6015.75,6017.75,18203
2025-02-24 15:45:00-05:00,6017.75,6023.0,6016.0,6021.5,16567
2025-02-24 15:50:00-05:00,6021.5,6022.75,6002.5,6004.25,33081
2025-02-24 15:55:00-05:00,6004.25,6006.5,5996.0,6002.25,87974
2025-02-24 16:00:00-05:00,6002.5,6003.5,5999.25,6001.25,30000
2025-02-24 16:05:00-05:00,6001.25,6004.75,6000.75,6004.5,8817
2025-02-24 16:10:00-05:00,6004.75,6009.5,6004.5,6007.5,6949
2025-02-24 16:15:00-05:00,6007.75,6008.0,6004.5,6005.75,3276
2025-02-24 16:20:00-05:00,6005.75,6007.0,6005.0,6005.25,1272
2025-02-24 16:25:00-05:00,6005.5,6006.5,6005.25,6005.75,1046
2025-02-24 16:30:00-05:00,6006.0,6007.0,6005.5,6005.5,1297
2025-02-24 16:35:00-05:00,6005.75,6006.0,6004.0,6004.25,1505
2025-02-24 16:40:00-05:00,6004.5,6004.75,6002.5,6004.0,1308
2025-02-24 16:45:00-05:00,6003.75,6005.0,6003.5,6004.75,1019
2025-02-24 16:50:00-05:00,6004.75,6005.75,6004.0,6004.75,997
2025-02-24 16:55:00-05:00,6004.75,6006.25,6004.5,6005.5,1682
2025-02-24 18:00:00-05:00,6006.5,6009.0,6004.25,6005.75,2259
2025-02-24 18:05:00-05:00,6005.5,6007.0,6004.0,6005.75,1631
2025-02-24 18:10:00-05:00,6005.75,6007.25,6005.0,6005.5,727
2025-02-24 18:15:00-05:00,6005.5,6006.5,6004.5,6005.75,651
2025-02-24 18:20:00-05:00,6005.75,6007.0,6005.25,6006.75,447
2025-02-24 18:25:00-05:00,6006.75,6008.25,6006.0,6007.75,628
2025-02-24 18:30:00-05:00,6007.75,6008.25,6001.25,6002.5,1788
2025-02-24 18:35:00-05:00,6002.5,6004.5,6002.0,6002.5,784
2025-02-24 18:40:00-05:00,6002.75,6003.75,6002.0,6002.75,720
2025-02-24 18:45:00-05:00,6002.75,6004.0,5999.5,5999.75,1292
2025-02-24 18:50:00-05:00,6000.0,6000.25,5995.25,5995.5,1479
2025-02-24 18:55:00-05:00,5995.5,6000.25,5995.25,5999.0,1245
2025-02-24 19:00:00-05:00,5999.25,6004.25,5999.25,6003.75,1427
2025-02-24 19:05:00-05:00,6003.5,6005.75,6003.0,6004.75,1351
2025-02-24 19:10:00-05:00,6004.5,6006.75,6004.0,6005.25,755
2025-02-24 19:15:00-05:00,6005.25,6006.5,6004.5,6004.75,743
2025-02-24 19:20:00-05:00,6004.75,6006.5,6004.75,6006.0,393
2025-02-24 19:25:00-05:00,6006.0,6011.25,6005.75,6009.0,1555
2025-02-24 19:30:00-05:00,6008.75,6009.5,6007.5,6008.25,697
2025-02-24 19:35:00-05:00,6008.0,6010.25,6007.75,6010.0,525
2025-02-24 19:40:00-05:00,6010.0,6011.5,6009.75,6010.0,865
2025-02-24 19:45:00-05:00,6010.0,6010.5,6009.0,6010.0,626
2025-02-24 19:50:00-05:00,6010.0,6011.5,6009.75,6010.25,1982
2025-02-24 19:55:00-05:00,6010.0,6010.5,6008.5,6009.75,2150
2025-02-24 20:00:00-05:00,6009.5,6011.75,6007.25,6011.5,2090
2025-02-24 20:05:00-05:00,6011.25,6012.25,6009.75,6010.5,2558
2025-02-24 20:10:00-05:00,6010.5,6011.0,6008.25,6008.5,1997
2025-02-24 20:15:00-05:00,6008.5,6010.25,6008.25,6008.5,1517
2025-02-24 20:20:00-05:00,6008.5,6009.25,6007.75,6008.5,1098
2025-02-24 20:25:00-05:00,6008.5,6008.5,6004.75,6008.25,2073
2025-02-24 20:30:00-05:00,6008.25,6012.0,6008.25,6011.25,4365
2025-02-24 20:35:00-05:00,6011.25,6012.0,6010.0,6011.0,1496
2025-02-24 20:40:00-05:00,6011.0,6012.5,6010.75,6011.75,443
2025-02-24 20:45:00-05:00,6011.75,6011.75,6009.5,6010.75,581
2025-02-24 20:50:00-05:00,6010.5,6013.5,6010.5,6012.75,989
2025-02-24 20:55:00-05:00,6012.75,6014.0,6012.5,6013.75,564
2025-02-24 21:00:00-05:00,6013.75,6015.5,6013.25,6014.25,1038
2025-02-24 21:05:00-05:00,6014.25,6014.5,6012.75,6013.0,717
2025-02-24 21:10:00-05:00,6013.0,6015.0,6013.0,6014.25,656
2025-02-24 21:15:00-05:00,6014.25,6014.75,6013.75,6014.0,367
2025-02-24 21:20:00-05:00,6014.0,6014.25,6005.0,6010.75,3202
2025-02-24 21:25:00-05:00,6010.75,6012.5,6010.25,6010.75,656
2025-02-24 21:30:00-05:00,6010.5,6011.75,6009.5,6010.75,706
2025-02-24 21:35:00-05:00,6010.5,6012.25,6010.5,6011.75,344
2025-02-24 21:40:00-05:00,6012.0,6013.25,6012.0,6012.75,310
2025-02-24 21:45:00-05:00,6012.75,6012.75,6011.75,6012.25,314
2025-02-24 21:50:00-05:00,6012.25,6013.0,6011.75,6012.75,170
2025-02-24 21:55:00-05:00,6012.75,6014.25,6012.25,6014.0,530
2025-02-24 22:00:00-05:00,6014.25,6016.0,6013.5,6015.5,732
2025-02-24 22:05:00-05:00,6015.5,6015.5,6014.25,6014.25,549
2025-02-24 22:10:00-05:00,6014.25,6015.0,6013.5,6015.0,335
2025-02-24 22:15:00-05:00,6015.0,6015.0,6013.5,6013.75,175
2025-02-24 22:20:00-05:00,6013.75,6014.0,6012.75,6013.5,298
2025-02-24 22:25:00-05:00,6013.0,6014.0,6012.75,6012.75,193
2025-02-24 22:30:00-05:00,6012.75,6013.25,6012.25,6012.5,290
2025-02-24 22:35:00-05:00,6012.5,6012.5,6011.0,6011.75,388
2025-02-24 22:40:00-05:00,6011.75,6012.25,6011.25,6012.25,319
2025-02-24 22:45:00-05:00,6012.0,6013.75,6012.0,6013.25,340
2025-02-24 22:50:00-05:00,6013.25,6013.5,6011.0,6011.5,384
2025-02-24 22:55:00-05:00,6011.25,6012.25,6010.75,6011.0,431
2025-02-24 23:00:00-05:00,6011.25,6011.75,6008.5,6009.5,819
2025-02-24 23:05:00-05:00,6009.5,6011.0,6009.5,6010.75,249
2025-02-24 23:10:00-05:00,6010.75,6011.25,6009.75,6010.25,392
2025-02-24 23:15:00-05:00,6010.5,6012.5,6010.25,6012.25,447
2025-02-24 23:20:00-05:00,6012.5,6013.75,6012.0,6013.25,246
2025-02-24 23:25:00-05:00,6013.5,6013.75,6013.0,6013.5,158
2025-02-24 23:30:00-05:00,6013.5,6013.5,6012.5,6012.5,183
2025-02-24 23:35:00-05:00,6012.5,6013.5,6011.25,6011.75,347
2025-02-24 23:40:00-05:00,6011.75,6012.0,6010.75,6010.75,422
2025-02-24 23:45:00-05:00,6010.75,6011.0,6010.0,6010.0,517
2025-02-24 23:50:00-05:00,6009.75,6010.5,6008.75,6010.0,698
2025-02-24 23:55:00-05:00,6009.5,6009.75,6008.75,6009.0,265
2025-02-25 00:00:00-05:00,6009.0,6010.5,6009.0,6010.0,442
2025-02-25 00:05:00-05:00,6009.75,6010.25,6009.5,6010.25,454
2025-02-25 00:10:00-05:00,6010.25,6010.5,6009.25,6009.75,410
2025-02-25 00:15:00-05:00,6010.0,6010.75,6009.75,6010.25,206
2025-02-25 00:20:00-05:00,6010.5,6011.0,6009.75,6010.75,246
2025-02-25 00:25:00-05:00,6010.5,6011.5,6010.0,6010.25,507
2025-02-25 00:30:00-05:00,6010.5,6010.5,6009.5,6010.5,295
2025-02-25 00:35:00-05:00,6010.25,6010.5,6009.75,6010.5,145
2025-02-25 00:40:00-05:00,6010.75,6010.75,6009.5,6010.0,185
2025-02-25 00:45:00-05:00,6010.0,6011.25,6009.75,6011.0,202
2025-02-25 00:50:00-05:00,6011.0,6011.5,6010.5,6011.25,229
2025-02-25 00:55:00-05:00,6011.5,6011.5,6010.5,6010.5,278
2025-02-25 01:00:00-05:00,6010.5,6010.75,6009.0,6009.75,449
2025-02-25 01:05:00-05:00,6009.5,6011.75,6009.5,6011.5,200
2025-02-25 01:10:00-05:00,6011.75,6012.25,6011.25,6011.75,223
2025-02-25 01:15:00-05:00,6011.5,6012.25,6011.0,6011.0,168
2025-02-25 01:20:00-05:00,6011.0,6011.0,6009.25,6009.25,605
2025-02-25 01:25:00-05:00,6009.25,6009.75,6007.5,6008.25,841
2025-02-25 01:30:00-05:00,6008.5,6009.25,6006.0,6006.25,558
2025-02-25 01:35:00-05:00,6006.0,6006.25,6005.25,6005.75,416
2025-02-25 01:40:00-05:00,6006.0,6007.5,6005.5,6006.25,501
2025-02-25 01:45:00-05:00,6006.5,6007.25,6006.0,6006.0,309
2025-02-25 01:50:00-05:00,6006.0,6006.25,6003.25,6005.25,1163
2025-02-25 01:55:00-05:00,6005.25,6007.0,6004.25,6005.5,1079
2025-02-25 02:00:00-05:00,6005.5,6006.25,6001.0,6001.25,1736
2025-02-25 02:05:00-05:00,6001.0,6002.0,5998.25,6000.75,2025
2025-02-25 02:10:00-05:00,6000.75,6001.5,5999.75,6001.0,1066
2025-02-25 02:15:00-05:00,6001.25,6004.25,6001.25,6001.75,851
2025-02-25 02:20:00-05:00,6001.75,6002.0,5999.25,6000.75,594
2025-02-25 02:25:00-05:00,6000.75,6001.0,5991.0,5991.25,3280
2025-02-25 02:30:00-05:00,5991.5,5994.5,5990.0,5991.25,1957
2025-02-25 02:35:00-05:00,5991.25,5993.5,5990.0,5992.25,1901
2025-02-25 02:40:00-05:00,5992.25,5997.25,5992.25,5994.75,1276
2025-02-25 02:45:00-05:00,5994.75,5995.25,5988.25,5988.75,1762
2025-02-25 02:50:00-05:00,5988.75,5989.5,5982.25,5984.25,4308
2025-02-25 02:55:00-05:00,5984.25,5985.0,5982.25,5982.75,2824
2025-02-25 03:00:00-05:00,5982.5,5993.0,5982.25,5992.75,4908
2025-02-25 03:05:00-05:00,5992.75,5999.5,5992.25,5999.0,4374
2025-02-25 03:10:00-05:00,5999.0,6004.75,5998.25,6004.5,2927
2025-02-25 03:15:00-05:00,6004.25,6004.5,6000.5,6002.25,2482
2025-02-25 03:20:00-05:00,6002.0,6002.75,5997.0,5998.0,2115
2025-02-25 03:25:00-05:00,5998.0,5999.5,5996.25,5998.0,1860
2025-02-25 03:30:00-05:00,5998.0,5999.75,5995.5,5996.0,1399
2025-02-25 03:35:00-05:00,5996.0,6002.75,5995.75,6000.25,1778
2025-02-25 03:40:00-05:00,6000.5,6000.75,5996.5,5997.5,1273
2025-02-25 03:45:00-05:00,5997.75,6001.25,5996.5,5997.25,1203
2025-02-25 03:50:00-05:00,5997.5,5998.25,5992.75,5994.0,1881
2025-02-25 03:55:00-05:00,5993.75,5994.0,5987.25,5987.25,2621
2025-02-25 04:00:00-05:00,5987.5,5994.75,5984.0,5993.5,3896
2025-02-25 04:05:00-05:00,5993.5,5997.5,5991.75,5996.75,1927
2025-02-25 04:10:00-05:00,5996.75,5999.5,5995.25,5998.25,1753
2025-02-25 04:15:00-05:00,5998.75,5999.0,5996.75,5997.75,2612
2025-02-25 04:20:00-05:00,5998.0,5998.5,5995.5,5996.25,1203
2025-02-25 04:25:00-05:00,5996.25,5996.75,5994.0,5994.75,1575
2025-02-25 04:30:00-05:00,5994.75,5996.5,5992.0,5996.5,1377
2025-02-25 04:35:00-05:00,5996.25,5996.75,5992.5,5993.5,1462
2025-02-25 04:40:00-05:00,5993.5,5993.5,5987.5,5987.5,2000
2025-02-25 04:45:00-05:00,5987.75,5989.0,5985.25,5985.5,2175
2025-02-25 04:50:00-05:00,5985.75,5986.0,5983.0,5983.25,2676
2025-02-25 04:55:00-05:00,5983.0,5983.5,5979.5,5980.0,3138
2025-02-25 05:00:00-05:00,5980.0,5986.5,5979.75,5986.0,2639
2025-02-25 05:05:00-05:00,5986.0,5987.25,5985.0,5986.5,1421
2025-02-25 05:10:00-05:00,5986.25,5988.25,5984.75,5986.0,1449
2025-02-25 05:15:00-05:00,5986.25,5989.5,5986.25,5989.5,1247
2025-02-25 05:20:00-05:00,5989.25,5989.5,5987.75,5988.5,1731
2025-02-25 05:25:00-05:00,5988.25,5988.75,5987.5,5988.25,1155
2025-02-25 05:30:00-05:00,5988.25,5989.5,5986.5,5987.5,1580
2025-02-25 05:35:00-05:00,5987.5,5988.5,5986.5,5986.75,833
2025-02-25 05:40:00-05:00,5987.0,5988.25,5985.75,5987.25,878
2025-02-25 05:45:00-05:00,5987.0,5988.25,5985.0,5985.25,827
2025-02-25 05:50:00-05:00,5985.5,5985.75,5980.75,5982.75,2276
2025-02-25 05:55:00-05:00,5982.25,5983.25,5978.5,5980.5,2033
2025-02-25 06:00:00-05:00,5980.5,5984.5,5977.75,5984.25,4456
2025-02-25 06:05:00-05:00,5984.0,5984.0,5981.0,5983.25,1570
2025-02-25 06:10:00-05:00,5983.25,5984.75,5982.0,5984.5,1487
2025-02-25 06:15:00-05:00,5984.5,5987.0,5984.0,5985.0,1490
2025-02-25 06:20:00-05:00,5985.0,5985.0,5982.0,5983.75,952
2025-02-25 06:25:00-05:00,5984.0,5985.5,5983.0,5985.0,1091
2025-02-25 06:30:00-05:00,5985.0,5988.0,5984.75,5987.25,1076
2025-02-25 06:35:00-05:00,5987.25,5990.0,5987.25,5988.5,1430
2025-02-25 06:40:00-05:00,5988.5,5999.75,5988.25,5998.25,4660
2025-02-25 06:45:00-05:00,5998.0,5998.0,5994.25,5994.5,2253
2025-02-25 06:50:00-05:00,5994.25,5995.5,5993.75,5995.5,1377
2025-02-25 06:55:00-05:00,5995.25,5997.25,5994.25,5996.75,1701
2025-02-25 07:00:00-05:00,5996.75,5998.0,5994.75,5998.0,1579
2025-02-25 07:05:00-05:00,5997.75,6001.25,5997.25,5998.25,2603
2025-02-25 07:10:00-05:00,5998.25,5998.75,5995.75,5998.25,996
2025-02-25 07:15:00-05:00,5998.0,6000.25,5996.25,5999.5,1300
2025-02-25 07:20:00-05:00,5999.25,5999.5,5996.5,5999.25,1074
2025-02-25 07:25:00-05:00,5999.25,6004.0,5999.25,6001.75,2679
2025-02-25 07:30:00-05:00,6001.75,6001.75,5996.75,5999.0,1216
2025-02-25 07:35:00-05:00,5998.75,6000.75,5997.5,5998.75,1128
2025-02-25 07:40:00-05:00,5998.75,5999.75,5997.0,5997.25,2007
2025-02-25 07:45:00-05:00,5997.5,5998.0,5994.0,5997.5,2662
2025-02-25 07:50:00-05:00,5997.25,6001.75,5997.0,6001.5,1471
2025-02-25 07:55:00-05:00,6001.5,6008.0,6001.25,6007.25,3610
2025-02-25 08:00:00-05:00,6007.25,6007.75,6004.75,6006.5,2838
2025-02-25 08:05:00-05:00,6006.25,6006.75,6005.0,6006.5,1812
2025-02-25 08:10:00-05:00,6006.5,6006.75,6004.25,6005.5,2023
2025-02-25 08:15:00-05:00,6005.25,6005.5,6002.5,6005.5,1976
2025-02-25 08:20:00-05:00,6005.25,6008.75,6004.25,6005.5,3571
2025-02-25 08:25:00-05:00,6005.5,6010.0,6003.75,6010.0,3228
2025-02-25 08:30:00-05:00,6009.75,6010.75,6007.75,6008.75,3089
2025-02-25 08:35:00-05:00,6008.5,6008.75,6004.0,6005.75,4252
2025-02-25 08:40:00-05:00,6005.5,6007.0,6003.25,6003.5,3778
2025-02-25 08:45:00-05:00,6003.5,6004.75,6001.75,6002.75,2995
2025-02-25 08:50:00-05:00,6002.75,6004.75,6000.5,6004.25,2927
2025-02-25 08:55:00-05:00,6004.25,6006.0,6001.5,6002.75,2989
2025-02-25 09:00:00-05:00,6002.75,6004.0,6000.0,6001.5,3121
2025-02-25 09:05:00-05:00,6001.25,6002.5,5999.5,6000.25,2914
2025-02-25 09:10:00-05:00,6000.0,6003.25,5999.5,6001.75,2565
2025-02-25 09:15:00-05:00,6002.0,6002.75,5999.5,5999.75,2756
2025-02-25 09:20:00-05:00,5999.75,6001.0,5997.25,5997.25,3592
2025-02-25 09:25:00-05:00,5997.25,6002.25,5991.5,6000.5,16722
2025-02-25 09:30:00-05:00,6000.5,6007.5,5993.25,6003.75,40742
2025-02-25 09:35:00-05:00,6003.5,6007.75,5996.75,6005.75,31053
2025-02-25 09:40:00-05:00,6006.0,6006.25,5992.25,5992.75,29129
2025-02-25 09:45:00-05:00,5993.0,5997.75,5986.0,5988.5,33480
2025-02-25 09:50:00-05:00,5988.5,5990.0,5971.0,5973.5,42356
2025-02-25 09:55:00-05:00,5973.75,5987.5,5973.5,5981.25,33044
2025-02-25 10:00:00-05:00,5981.0,5981.75,5963.25,5965.0,43939
2025-02-25 10:05:00-05:00,5965.0,5970.0,5960.25,5966.5,36559
2025-02-25 10:10:00-05:00,5966.25,5970.5,5953.25,5954.5,34436
2025-02-25 10:15:00-05:00,5954.5,5960.5,5944.25,5944.5,37604
2025-02-25 10:20:00-05:00,5944.75,5950.75,5938.5,5940.75,46863
2025-02-25 10:25:00-05:00,5940.75,5946.75,5934.75,5936.75,39776
2025-02-25 10:30:00-05:00,5937.0,5941.25,5933.5,5940.25,37718
2025-02-25 10:35:00-05:00,5940.5,5952.5,5939.5,5951.25,40383
2025-02-25 10:40:00-05:00,5951.25,5956.5,5943.5,5951.0,37301
2025-02-25 10:45:00-05:00,5950.75,5954.0,5943.5,5952.25,33308
2025-02-25 10:50:00-05:00,5952.25,5962.0,5950.0,5960.0,31759
2025-02-25 10:55:00-05:00,5960.0,5963.0,5950.5,5951.75,24678
2025-02-25 11:00:00-05:00,5952.0,5952.5,5938.25,5943.0,31849
2025-02-25 11:05:00-05:00,5943.0,5950.0,5939.5,5945.75,26188
2025-02-25 11:10:00-05:00,5945.75,5952.0,5944.75,5948.0,20659
2025-02-25 11:15:00-05:00,5948.0,5950.75,5943.25,5945.5,20121
2025-02-25 11:20:00-05:00,5945.75,5948.5,5941.0,5945.75,19038
2025-02-25 11:25:00-05:00,5945.75,5948.0,5935.75,5937.0,21361
2025-02-25 11:30:00-05:00,5937.0,5940.75,5924.0,5934.5,39367
2025-02-25 11:35:00-05:00,5934.25,5942.0,5930.0,5940.25,24670
2025-02-25 11:40:00-05:00,5940.0,5941.0,5934.75,5939.25,17238
2025-02-25 11:45:00-05:00,5939.0,5950.75,5937.5,5950.5,20533
2025-02-25 11:50:00-05:00,5950.5,5954.75,5949.5,5953.25,20540
2025-02-25 11:55:00-05:00,5953.0,5967.5,5950.0,5960.25,31370
2025-02-25 12:00:00-05:00,5960.25,5962.25,5955.5,5956.25,16948
2025-02-25 12:05:00-05:00,5956.25,5958.0,5954.0,5955.5,13350
2025-02-25 12:10:00-05:00,5955.25,5960.75,5955.0,5955.75,12952
2025-02-25 12:15:00-05:00,5956.0,5959.0,5954.25,5955.75,11258
2025-02-25 12:20:00-05:00,5955.75,5958.25,5949.5,5957.0,13952
2025-02-25 12:25:00-05:00,5957.25,5965.5,5955.5,5965.25,13981
2025-02-25 12:30:00-05:00,5965.25,5968.5,5963.0,5966.25,15341
2025-02-25 12:35:00-05:00,5966.25,5971.75,5964.75,5969.25,12587
2025-02-25 12:40:00-05:00,5969.5,5973.75,5969.0,5969.75,13080
2025-02-25 12:45:00-05:00,5970.0,5971.5,5967.0,5969.5,10827
2025-02-25 12:50:00-05:00,5969.75,5974.25,5969.25,5972.5,11377
2025-02-25 12:55:00-05:00,5972.5,5976.75,5971.75,5976.75,10330
2025-02-25 13:00:00-05:00,5976.5,5984.5,5976.25,5983.75,18373
2025-02-25 13:05:00-05:00,5983.5,5990.5,5982.5,5986.0,18917
2025-02-25 13:10:00-05:00,5986.0,5987.5,5977.5,5978.25,17266
2025-02-25 13:15:00-05:00,5978.0,5981.0,5974.25,5974.75,16177
2025-02-25 13:20:00-05:00,5974.5,5980.5,5973.75,5978.75,12263
2025-02-25 13:25:00-05:00,5978.5,5978.75,5965.0,5965.5,17157
2025-02-25 13:30:00-05:00,5965.5,5971.5,5964.25,5969.75,18394
2025-02-25 13:35:00-05:00,5969.75,5985.5,5968.75,5984.75,18470
2025-02-25 13:40:00-05:00,5984.5,5987.75,5982.25,5985.0,17726
2025-02-25 13:45:00-05:00,5985.0,5987.25,5983.0,5984.75,11571
2025-02-25 13:50:00-05:00,5984.75,5985.5,5976.5,5979.5,14443
2025-02-25 13:55:00-05:00,5979.25,5980.75,5974.75,5976.0,10160
2025-02-25 14:00:00-05:00,5976.0,5977.5,5972.5,5974.5,14663
2025-02-25 14:05:00-05:00,5974.5,5975.25,5972.0,5974.5,12142
2025-02-25 14:10:00-05:00,5974.5,5974.5,5964.0,5964.25,15552
2025-02-25 14:15:00-05:00,5964.25,5967.5,5958.5,5966.5,22112
2025-02-25 14:20:00-05:00,5966.25,5966.25,5959.75,5961.5,14955
2025-02-25 14:25:00-05:00,5961.25,5963.25,5958.75,5959.5,14293
2025-02-25 14:30:00-05:00,5959.25,5968.75,5958.75,5968.25,19025
2025-02-25 14:35:00-05:00,5968.0,5980.25,5962.25,5979.75,22244
2025-02-25 14:40:00-05:00,5979.75,5984.75,5978.25,5982.25,20573
2025-02-25 14:45:00-05:00,5982.25,5983.0,5972.25,5981.0,21156
2025-02-25 14:50:00-05:00,5981.25,5983.75,5979.25,5981.0,11824
2025-02-25 14:55:00-05:00,5981.0,5983.75,5979.75,5981.25,11168
2025-02-25 15:00:00-05:00,5981.25,5986.25,5977.25,5982.75,16155
2025-02-25 15:05:00-05:00,5983.0,5987.75,5980.75,5981.25,15250
2025-02-25 15:10:00-05:00,5981.0,5982.25,5976.0,5980.5,15108
2025-02-25 15:15:00-05:00,5980.75,5986.5,5978.0,5985.25,15523
2025-02-25 15:20:00-05:00,5985.25,5995.5,5984.0,5994.5,24166
2025-02-25 15:25:00-05:00,5994.5,5995.0,5985.0,5987.75,19035
2025-02-25 15:30:00-05:00,5987.75,5988.75,5980.25,5984.0,20989
2025-02-25 15:35:00-05:00,5984.25,5986.25,5970.5,5971.5,24766
2025-02-25 15:40:00-05:00,5971.75,5974.5,5967.25,5970.0,24406
2025-02-25 15:45:00-05:00,5970.0,5976.25,5968.25,5974.75,18382
2025-02-25 15:50:00-05:00,5975.0,5977.5,5964.25,5966.0,29515
2025-02-25 15:55:00-05:00,5966.0,5977.5,5965.25,5970.5,93223
2025-02-25 16:00:00-05:00,5970.5,5978.25,5969.5,5978.25,27888
2025-02-25 16:05:00-05:00,5978.0,5981.75,5978.0,5981.5,7672
2025-02-25 16:10:00-05:00,5981.25,5981.5,5977.25,5977.5,5287
2025-02-25 16:15:00-05:00,5977.5,5980.25,5977.0,5980.0,2268
2025-02-25 16:20:00-05:00,5980.0,5981.0,5978.5,5981.0,1511
2025-02-25 16:25:00-05:00,5981.0,5983.0,5980.25,5981.0,1790
2025-02-25 16:30:00-05:00,5981.0,5981.0,5979.25,5979.75,1046
2025-02-25 16:35:00-05:00,5979.75,5980.5,5978.25,5978.75,1141
2025-02-25 16:40:00-05:00,5979.0,5980.25,5977.5,5980.0,1125
2025-02-25 16:45:00-05:00,5979.75,5982.0,5978.75,5978.75,1331
2025-02-25 16:50:00-05:00,5978.75,5980.5,5978.25,5979.25,1034
2025-02-25 16:55:00-05:00,5979.0,5980.0,5976.0,5979.75,1741
2025-02-25 18:00:00-05:00,5982.0,5990.25,5981.5,5986.25,1955
2025-02-25 18:05:00-05:00,5986.5,5986.5,5984.0,5985.0,447
2025-02-25 18:10:00-05:00,5985.0,5985.75,5983.5,5984.25,556
2025-02-25 18:15:00-05:00,5984.25,5985.5,5984.0,5985.0,319
2025-02-25 18:20:00-05:00,5985.0,5985.75,5983.5,5985.0,826
2025-02-25 18:25:00-05:00,5984.75,5985.0,5983.5,5983.75,370
2025-02-25 18:30:00-05:00,5983.75,5986.0,5983.0,5985.75,440
2025-02-25 18:35:00-05:00,5985.5,5986.5,5983.5,5984.0,410
2025-02-25 18:40:00-05:00,5984.0,5985.5,5983.75,5984.25,305
2025-02-25 18:45:00-05:00,5984.25,5984.5,5981.75,5983.25,558
2025-02-25 18:50:00-05:00,5983.25,5984.5,5983.25,5983.5,233
2025-02-25 18:55:00-05:00,5983.75,5986.0,5983.5,5985.5,596
2025-02-25 19:00:00-05:00,5985.5,5987.75,5984.75,5987.0,925
2025-02-25 19:05:00-05:00,5987.0,5987.25,5983.5,5983.75,709
2025-02-25 19:10:00-05:00,5983.75,5984.25,5982.75,5983.5,626
2025-02-25 19:15:00-05:00,5983.5,5985.5,5983.0,5984.75,657
2025-02-25 19:20:00-05:00,5984.75,5987.25,5984.75,5986.75,473
2025-02-25 19:25:00-05:00,5986.5,5987.0,5984.75,5986.75,578
2025-02-25 19:30:00-05:00,5986.5,5988.5,5986.25,5986.5,754
2025-02-25 19:35:00-05:00,5986.5,5987.0,5984.5,5984.75,385
2025-02-25 19:40:00-05:00,5984.75,5986.0,5984.75,5985.0,265
2025-02-25 19:45:00-05:00,5985.0,5987.75,5984.5,5987.75,519
2025-02-25 19:50:00-05:00,5987.75,5988.0,5986.75,5987.25,415
2025-02-25 19:55:00-05:00,5987.25,5988.75,5986.25,5988.5,594
2025-02-25 20:00:00-05:00,5988.75,5989.0,5986.5,5987.75,710
2025-02-25 20:05:00-05:00,5987.5,5987.5,5985.5,5986.25,491
2025-02-25 20:10:00-05:00,5986.25,5986.75,5985.5,5985.75,320
2025-02-25 20:15:00-05:00,5985.5,5986.0,5984.5,5984.75,845
2025-02-25 20:20:00-05:00,5984.75,5985.0,5983.5,5984.75,491
2025-02-25 20:25:00-05:00,5984.75,5986.0,5983.75,5984.0,506
2025-02-25 20:30:00-05:00,5983.75,5984.0,5980.75,5981.5,1040
2025-02-25 20:35:00-05:00,5981.75,5982.25,5979.75,5981.0,680
2025-02-25 20:40:00-05:00,5980.75,5981.75,5980.5,5981.25,510
2025-02-25 20:45:00-05:00,5981.0,5981.75,5980.0,5981.25,547
2025-02-25 20:50:00-05:00,5981.25,5982.75,5980.25,5981.75,381
2025-02-25 20:55:00-05:00,5981.75,5982.25,5980.75,5981.5,485
2025-02-25 21:00:00-05:00,5981.5,5982.25,5980.25,5981.0,540
2025-02-25 21:05:00-05:00,5981.0,5981.25,5977.5,5978.25,910
2025-02-25 21:10:00-05:00,5978.5,5981.25,5978.5,5980.0,562
2025-02-25 21:15:00-05:00,5980.0,5985.0,5979.75,5984.75,997
2025-02-25 21:20:00-05:00,5984.75,5985.75,5983.5,5983.75,1021
2025-02-25 21:25:00-05:00,5984.0,5984.75,5983.5,5984.0,432
2025-02-25 21:30:00-05:00,5984.0,5984.75,5983.5,5984.75,331
2025-02-25 21:35:00-05:00,5984.5,5985.5,5983.25,5985.5,443
2025-02-25 21:40:00-05:00,5985.25,5985.75,5984.25,5984.75,355
2025-02-25 21:45:00-05:00,5984.75,5987.0,5984.75,5987.0,756
2025-02-25 21:50:00-05:00,5986.75,5987.25,5985.5,5986.25,597
2025-02-25 21:55:00-05:00,5986.25,5987.25,5986.0,5986.75,571
2025-02-25 22:00:00-05:00,5986.5,5987.0,5986.0,5986.5,573
2025-02-25 22:05:00-05:00,5986.75,5987.75,5986.25,5987.0,522
2025-02-25 22:10:00-05:00,5987.25,5993.0,5987.25,5991.75,2296
2025-02-25 22:15:00-05:00,5991.75,5992.0,5990.0,5990.75,861
2025-02-25 22:20:00-05:00,5990.75,5990.75,5989.5,5990.0,899
2025-02-25 22:25:00-05:00,5990.25,5991.0,5989.0,5991.0,494
2025-02-25 22:30:00-05:00,5991.0,5991.75,5989.75,5990.25,473
2025-02-25 22:35:00-05:00,5990.25,5990.25,5989.0,5989.25,335
2025-02-25 22:40:00-05:00,5989.25,5990.25,5988.75,5989.75,498
2025-02-25 22:45:00-05:00,5989.5,5990.0,5988.75,5989.5,357
2025-02-25 22:50:00-05:00,5989.25,5989.75,5988.0,5988.5,1009
2025-02-25 22:55:00-05:00,5988.5,5988.75,5987.75,5988.5,229
2025-02-25 23:00:00-05:00,5988.25,5989.0,5987.25,5987.5,420
2025-02-25 23:05:00-05:00,5987.25,5988.0,5987.25,5987.75,185
2025-02-25 23:10:00-05:00,5987.75,5989.0,5987.5,5988.25,228
2025-02-25 23:15:00-05:00,5988.25,5989.0,5987.75,5989.0,267
2025-02-25 23:20:00-05:00,5988.75,5989.5,5988.5,5989.0,545
2025-02-25 23:25:00-05:00,5989.0,5989.0,5988.25,5988.25,66
2025-02-25 23:30:00-05:00,5988.5,5989.75,5988.25,5988.75,419
2025-02-25 23:35:00-05:00,5988.75,5989.0,5987.75,5988.5,265
2025-02-25 23:40:00-05:00,5988.5,5989.0,5988.25,5988.75,215
2025-02-25 23:45:00-05:00,5988.75,5989.75,5988.75,5989.5,218
2025-02-25 23:50:00-05:00,5989.5,5989.75,5989.0,5989.5,177
2025-02-25 23:55:00-05:00,5989.5,5991.0,5989.5,5990.5,786
2025-02-26 00:00:00-05:00,5990.75,5991.5,5990.5,5991.25,558
2025-02-26 00:05:00-05:00,5991.0,5991.75,5991.0,5991.5,341
2025-02-26 00:10:00-05:00,5991.75,5991.75,5991.0,5991.5,267
2025-02-26 00:15:00-05:00,5991.25,5991.5,5991.0,5991.25,250
2025-02-26 00:20:00-05:00,5991.0,5993.75,5991.0,5993.0,815
2025-02-26 00:25:00-05:00,5992.75,5993.25,5992.25,5992.5,270
2025-02-26 00:30:00-05:00,5992.5,5993.0,5991.75,5992.75,297
2025-02-26 00:35:00-05:00,5992.75,5993.5,5992.5,5993.5,176
2025-02-26 00:40:00-05:00,5993.25,5994.5,5993.0,5994.25,895
2025-02-26 00:45:00-05:00,5994.25,5994.5,5993.5,5994.0,280
2025-02-26 00:50:00-05:00,5994.0,5994.5,5993.75,5994.0,272
2025-02-26 00:55:00-05:00,5994.25,5994.75,5994.0,5994.25,399
2025-02-26 01:00:00-05:00,5994.25,5995.0,5994.0,5994.5,471
2025-02-26 01:05:00-05:00,5994.5,5995.0,5994.25,5994.5,323
2025-02-26 01:10:00-05:00,5994.5,5994.5,5993.25,5993.5,425
2025-02-26 01:15:00-05:00,5993.5,5994.25,5992.25,5992.75,509
2025-02-26 01:20:00-05:00,5992.75,5993.25,5991.75,5992.25,592
2025-02-26 01:25:00-05:00,5992.25,5993.0,5992.0,5992.5,273
2025-02-26 01:30:00-05:00,5992.25,5992.5,5991.75,5992.0,209
2025-02-26 01:35:00-05:00,5992.25,5992.75,5991.25,5991.75,485
2025-02-26 01:40:00-05:00,5991.75,5992.0,5991.25,5992.0,409
2025-02-26 01:45:00-05:00,5992.25,5993.75,5992.25,5993.25,498
2025-02-26 01:50:00-05:00,5993.25,5993.75,5992.5,5993.25,286
2025-02-26 01:55:00-05:00,5993.25,5993.75,5992.75,5993.25,363
2025-02-26 02:00:00-05:00,5993.25,5993.25,5990.5,5991.5,1017
2025-02-26 02:05:00-05:00,5991.5,5993.5,5991.25,5993.5,497
2025-02-26 02:10:00-05:00,5993.75,5994.0,5993.0,5993.25,695
2025-02-26 02:15:00-05:00,5993.25,5994.25,5992.25,5994.0,637
2025-02-26 02:20:00-05:00,5993.75,5995.0,5993.5,5994.5,950
2025-02-26 02:25:00-05:00,5994.25,5995.75,5993.25,5995.25,1674
2025-02-26 02:30:00-05:00,5995.0,5995.5,5992.75,5993.0,900
2025-02-26 02:35:00-05:00,5993.0,5993.5,5991.5,5991.75,816
2025-02-26 02:40:00-05:00,5992.0,5994.5,5991.5,5994.0,856
2025-02-26 02:45:00-05:00,5994.0,5995.0,5992.75,5993.0,1183
2025-02-26 02:50:00-05:00,5992.75,5993.5,5992.0,5993.25,597
2025-02-26 02:55:00-05:00,5992.75,5993.5,5992.5,5993.25,591
2025-02-26 03:00:00-05:00,5993.25,5994.75,5992.0,5993.75,2682
2025-02-26 03:05:00-05:00,5993.75,5994.5,5992.25,5994.0,1548
2025-02-26 03:10:00-05:00,5994.25,5995.25,5992.25,5992.5,1324
2025-02-26 03:15:00-05:00,5992.75,5993.0,5991.25,5991.5,1628
2025-02-26 03:20:00-05:00,5991.75,5993.75,5990.75,5993.5,1487
2025-02-26 03:25:00-05:00,5993.25,5993.75,5990.0,5991.75,1272
2025-02-26 03:30:00-05:00,5992.0,5995.0,5991.5,5993.0,1272
2025-02-26 03:35:00-05:00,5993.0,5994.5,5992.5,5993.5,909
2025-02-26 03:40:00-05:00,5993.5,5993.5,5991.75,5991.75,844
2025-02-26 03:45:00-05:00,5991.75,5992.25,5991.0,5992.0,703
2025-02-26 03:50:00-05:00,5992.0,5995.0,5992.0,5994.75,519
2025-02-26 03:55:00-05:00,5995.0,5996.25,5994.5,5996.0,1627
2025-02-26 04:00:00-05:00,5996.0,5997.25,5994.75,5997.0,2088
2025-02-26 04:05:00-05:00,5997.0,5997.25,5995.75,5996.0,1253
2025-02-26 04:10:00-05:00,5996.0,5998.0,5995.0,5997.75,2078
2025-02-26 04:15:00-05:00,5998.0,6002.0,5997.75,6001.75,4535
2025-02-26 04:20:00-05:00,6001.75,6002.5,5999.75,6001.5,2647
2025-02-26 04:25:00-05:00,6001.5,6001.5,5999.75,6000.0,895
2025-02-26 04:30:00-05:00,6000.25,6000.25,5998.25,5999.25,575
2025-02-26 04:35:00-05:00,5999.25,5999.75,5997.75,5999.0,709
2025-02-26 04:40:00-05:00,5998.75,5999.0,5996.5,5998.25,763
2025-02-26 04:45:00-05:00,5998.25,5998.75,5997.5,5998.5,393
2025-02-26 04:50:00-05:00,5998.5,5999.5,5998.0,5998.25,644
2025-02-26 04:55:00-05:00,5998.25,5999.0,5997.0,5997.75,953
2025-02-26 05:00:00-05:00,5998.0,6000.0,5997.5,5999.75,653
2025-02-26 05:05:00-05:00,5999.75,6001.75,5999.75,6000.0,1151
2025-02-26 05:10:00-05:00,6000.25,6000.5,5997.5,5997.5,784
2025-02-26 05:15:00-05:00,5997.5,5999.0,5996.25,5998.0,657
2025-02-26 05:20:00-05:00,5998.0,5998.75,5997.0,5998.75,423
2025-02-26 05:25:00-05:00,5998.75,5998.75,5997.75,5998.5,382
2025-02-26 05:30:00-05:00,5998.5,5999.0,5996.75,5998.0,522
2025-02-26 05:35:00-05:00,5997.75,5999.25,5997.25,5998.75,736
2025-02-26 05:40:00-05:00,5998.5,6000.25,5998.0,6000.25,781
2025-02-26 05:45:00-05:00,6000.25,6001.25,5999.5,6000.75,1119
2025-02-26 05:50:00-05:00,6000.5,6001.75,6000.0,6001.0,636
2025-02-26 05:55:00-05:00,6000.5,6000.75,5999.5,6000.25,448
2025-02-26 06:00:00-05:00,6000.5,6001.5,5998.25,6001.0,1091
2025-02-26 06:05:00-05:00,6001.25,6001.75,6000.75,6001.5,527
2025-02-26 06:10:00-05:00,6001.5,6002.5,6000.5,6001.5,782
2025-02-26 06:15:00-05:00,6001.75,6003.25,6001.5,6002.25,836
2025-02-26 06:20:00-05:00,6002.0,6002.0,6000.0,6000.75,765
2025-02-26 06:25:00-05:00,6001.0,6001.25,5999.0,5999.5,571
2025-02-26 06:30:00-05:00,5999.75,6001.75,5999.75,6001.25,611
2025-02-26 06:35:00-05:00,6001.0,6002.75,6000.75,6002.75,826
2025-02-26 06:40:00-05:00,6002.75,6003.25,6001.75,6003.0,943
2025-02-26 06:45:00-05:00,6002.75,6002.75,6001.5,6001.75,506
2025-02-26 06:50:00-05:00,6001.5,6001.5,5996.25,5996.5,1940
2025-02-26 06:55:00-05:00,5996.25,5997.0,5992.75,5996.0,2993
2025-02-26 07:00:00-05:00,5995.75,5996.75,5994.5,5995.5,1917
2025-02-26 07:05:00-05:00,5995.5,5999.25,5995.25,5998.25,1539
2025-02-26 07:10:00-05:00,5998.25,5999.0,5995.75,5999.0,1101
2025-02-26 07:15:00-05:00,5998.75,5999.5,5997.25,5997.75,1233
2025-02-26 07:20:00-05:00,5997.75,5999.5,5997.25,5999.25,759
2025-02-26 07:25:00-05:00,5999.25,5999.75,5996.75,5997.25,1775
2025-02-26 07:30:00-05:00,5997.0,5999.75,5997.0,5998.75,1270
2025-02-26 07:35:00-05:00,5999.0,5999.75,5998.25,5999.25,745
2025-02-26 07:40:00-05:00,5999.25,5999.75,5997.5,5998.75,1943
2025-02-26 07:45:00-05:00,5998.75,5998.75,5993.5,5994.25,2149
2025-02-26 07:50:00-05:00,5994.5,5995.5,5990.25,5993.5,3529
2025-02-26 07:55:00-05:00,5993.5,5997.25,5993.0,5996.25,2294
2025-02-26 08:00:00-05:00,5996.0,5998.0,5993.0,5994.5,2579
2025-02-26 08:05:00-05:00,5994.25,5996.0,5993.5,5994.0,2089
2025-02-26 08:10:00-05:00,5994.0,5998.75,5994.0,5998.5,1699
2025-02-26 08:15:00-05:00,5998.75,5999.0,5997.25,5998.25,1247
2025-02-26 08:20:00-05:00,5998.5,6002.0,5997.75,6001.25,3308
2025-02-26 08:25:00-05:00,6001.25,6003.0,5999.75,6002.75,2497
2025-02-26 08:30:00-05:00,6002.75,6004.0,6001.25,6003.0,2792
2025-02-26 08:35:00-05:00,6003.0,6003.0,6000.25,6001.75,2788
2025-02-26 08:40:00-05:00,6001.75,6002.5,5997.5,5998.25,3702
2025-02-26 08:45:00-05:00,5998.25,5999.0,5993.5,5994.75,3692
2025-02-26 08:50:00-05:00,5994.5,5994.75,5990.75,5993.0,4403
2025-02-26 08:55:00-05:00,5993.0,5993.25,5989.0,5993.0,4445
2025-02-26 09:00:00-05:00,5992.75,5996.25,5991.0,5994.5,4483
2025-02-26 09:05:00-05:00,5994.75,5997.0,5993.5,5995.75,3899
2025-02-26 09:10:00-05:00,5995.75,5995.75,5990.25,5991.0,3743
2025-02-26 09:15:00-05:00,5991.0,5992.75,5986.0,5991.25,6430
2025-02-26 09:20:00-05:00,5991.5,5993.5,5986.75,5987.5,4983
2025-02-26 09:25:00-05:00,5987.75,5990.25,5984.75,5987.0,11167
2025-02-26 09:30:00-05:00,5987.25,5988.25,5978.25,5980.0,44403
2025-02-26 09:35:00-05:00,5980.0,5992.75,5978.5,5991.75,29645
2025-02-26 09:40:00-05:00,5991.75,5992.25,5980.0,5986.5,29354
2025-02-26 09:45:00-05:00,5986.5,5999.75,5984.0,5999.5,28874
2025-02-26 09:50:00-05:00,5999.5,6005.75,5998.0,6005.25,28384
2025-02-26 09:55:00-05:00,6005.0,6005.25,5996.75,6004.5,20148
2025-02-26 10:00:00-05:00,6004.75,6008.0,6000.75,6005.75,27252
2025-02-26 10:05:00-05:00,6005.5,6008.75,6000.0,6008.0,23796
2025-02-26 10:10:00-05:00,6008.25,6015.0,6006.0,6014.0,22898
2025-02-26 10:15:00-05:00,6014.0,6020.0,6010.25,6019.25,22476
2025-02-26 10:20:00-05:00,6019.25,6020.5,6011.75,6014.25,25737
2025-02-26 10:25:00-05:00,6014.25,6016.25,6004.25,6007.25,26283
2025-02-26 10:30:00-05:00,6007.25,6015.25,6007.0,6011.0,23145
2025-02-26 10:35:00-05:00,6011.0,6017.25,6007.75,6010.5,19230
2025-02-26 10:40:00-05:00,6010.5,6018.5,6009.5,6015.5,15933
2025-02-26 10:45:00-05:00,6015.25,6017.25,6012.75,6015.75,13045
2025-02-26 10:50:00-05:00,6015.5,6020.0,6010.75,6016.0,18051
2025-02-26 10:55:00-05:00,6016.0,6017.75,6013.0,6016.5,11350
2025-02-26 11:00:00-05:00,6016.5,6022.5,6016.5,6017.75,17554
2025-02-26 11:05:00-05:00,6018.0,6023.0,6017.25,6021.75,17965
2025-02-26 11:10:00-05:00,6021.75,6023.75,6020.0,6022.25,12717
2025-02-26 11:15:00-05:00,6022.5,6023.0,6019.5,6021.75,13930
2025-02-26 11:20:00-05:00,6022.0,6022.75,6015.75,6019.5,16686
2025-02-26 11:25:00-05:00,6019.25,6020.0,6014.5,6014.75,14209
2025-02-26 11:30:00-05:00,6014.75,6015.25,6008.5,6013.5,20547
2025-02-26 11:35:00-05:00,6013.75,6022.0,6013.75,6020.75,15104
2025-02-26 11:40:00-05:00,6020.75,6022.5,6010.25,6016.75,15752
2025-02-26 11:45:00-05:00,6016.75,6018.0,6014.25,6016.25,9561
2025-02-26 11:50:00-05:00,6016.5,6021.0,6015.25,6019.25,9814
2025-02-26 11:55:00-05:00,6019.0,6019.25,6006.0,6008.0,18818
2025-02-26 12:00:00-05:00,6008.0,6013.75,6004.25,6012.5,19247
2025-02-26 12:05:00-05:00,6012.75,6018.0,6011.75,6012.5,11183
2025-02-26 12:10:00-05:00,6012.75,6019.0,6012.25,6018.25,8782
2025-02-26 12:15:00-05:00,6018.25,6021.75,6008.75,6014.0,22326
2025-02-26 12:20:00-05:00,6014.25,6015.5,6007.75,6012.0,16012
2025-02-26 12:25:00-05:00,6012.0,6015.75,6008.0,6013.5,17748
2025-02-26 12:30:00-05:00,6013.75,6018.0,6005.5,6006.5,29867
2025-02-26 12:35:00-05:00,6006.75,6007.25,5999.0,6000.25,23232
2025-02-26 12:40:00-05:00,6000.25,6002.75,5995.25,6000.75,21310
2025-02-26 12:45:00-05:00,6001.0,6003.0,5995.25,5997.0,14339
2025-02-26 12:50:00-05:00,5997.0,5997.5,5985.5,5990.5,26775
2025-02-26 12:55:00-05:00,5990.75,5991.5,5978.5,5983.75,25259
2025-02-26 13:00:00-05:00,5983.75,5986.25,5975.0,5981.25,26209
2025-02-26 13:05:00-05:00,5981.25,5983.0,5976.0,5982.25,19455
2025-02-26 13:10:00-05:00,5982.0,5985.5,5976.75,5981.75,19120
2025-02-26 13:15:00-05:00,5981.5,5981.75,5972.5,5978.0,19597
2025-02-26 13:20:00-05:00,5978.25,5984.0,5976.5,5980.25,14189
2025-02-26 13:25:00-05:00,5980.25,5980.5,5965.5,5966.5,21125
2025-02-26 13:30:00-05:00,5966.25,5973.25,5965.0,5970.75,20320
2025-02-26 13:35:00-05:00,5970.75,5971.5,5964.25,5965.25,14613
2025-02-26 13:40:00-05:00,5965.0,5967.5,5959.0,5963.5,24306
2025-02-26 13:45:00-05:00,5963.5,5966.5,5957.75,5959.25,18644
2025-02-26 13:50:00-05:00,5959.0,5961.5,5954.5,5958.0,15820
2025-02-26 13:55:00-05:00,5958.0,5959.5,5948.5,5953.0,25737
2025-02-26 14:00:00-05:00,5952.75,5960.25,5949.0,5952.5,25276
2025-02-26 14:05:00-05:00,5952.25,5953.5,5945.5,5948.75,22876
2025-02-26 14:10:00-05:00,5948.75,5954.25,5948.0,5952.0,18033
2025-02-26 14:15:00-05:00,5952.0,5958.25,5946.75,5957.5,19874
2025-02-26 14:20:00-05:00,5957.5,5966.25,5956.0,5961.25,22369
2025-02-26 14:25:00-05:00,5961.25,5966.25,5959.75,5960.75,14605
2025-02-26 14:30:00-05:00,5960.75,5966.75,5959.25,5966.0,14184
2025-02-26 14:35:00-05:00,5966.0,5969.25,5963.75,5968.0,13459
2025-02-26 14:40:00-05:00,5967.75,5973.75,5966.5,5968.75,13150
2025-02-26 14:45:00-05:00,5969.0,5972.25,5967.0,5967.25,11166
2025-02-26 14:50:00-05:00,5967.0,5968.5,5964.0,5967.0,16099
2025-02-26 14:55:00-05:00,5967.0,5967.0,5953.25,5954.75,18735
2025-02-26 15:00:00-05:00,5955.0,5959.75,5951.5,5954.25,18505
2025-02-26 15:05:00-05:00,5954.25,5962.0,5954.0,5961.5,13575
2025-02-26 15:10:00-05:00,5961.25,5964.5,5958.75,5959.5,15107
2025-02-26 15:15:00-05:00,5959.5,5962.0,5956.25,5961.25,15278
2025-02-26 15:20:00-05:00,5961.5,5966.0,5956.75,5963.5,12941
2025-02-26 15:25:00-05:00,5963.75,5967.0,5962.75,5963.0,11432
2025-02-26 15:30:00-05:00,5962.75,5966.0,5958.25,5964.75,15730
2025-02-26 15:35:00-05:00,5965.0,5968.0,5961.5,5967.0,14357
2025-02-26 15:40:00-05:00,5967.25,5977.25,5964.75,5975.25,18320
2025-02-26 15:45:00-05:00,5975.25,5980.25,5972.5,5976.5,24419
2025-02-26 15:50:00-05:00,5976.75,5977.5,5970.0,5974.75,25427
2025-02-26 15:55:00-05:00,5974.5,5977.25,5964.5,5972.0,59289
2025-02-26 16:00:00-05:00,5972.25,5979.75,5967.75,5974.25,27478
2025-02-26 16:05:00-05:00,5974.5,5978.25,5973.25,5978.0,4895
2025-02-26 16:10:00-05:00,5978.0,5981.0,5975.0,5975.5,5921
2025-02-26 16:15:00-05:00,5975.75,5979.5,5974.75,5976.5,2421
2025-02-26 16:20:00-05:00,5976.5,5996.25,5950.5,5981.0,27027
2025-02-26 16:25:00-05:00,5980.75,5983.0,5969.5,5973.25,10419
2025-02-26 16:30:00-05:00,5973.25,5976.0,5965.0,5966.75,6333
2025-02-26 16:35:00-05:00,5966.75,5980.0,5965.75,5979.25,5328
2025-02-26 16:40:00-05:00,5979.25,5980.75,5976.25,5978.25,2102
2025-02-26 16:45:00-05:00,5978.25,5980.75,5977.5,5980.0,3062
2025-02-26 16:50:00-05:00,5980.25,5991.0,5979.5,5988.75,3705
2025-02-26 16:55:00-05:00,5988.75,5991.75,5987.5,5990.25,3341
2025-02-26 18:00:00-05:00,5980.0,5983.75,5974.5,5979.5,3701
2025-02-26 18:05:00-05:00,5979.5,5982.5,5978.25,5980.5,1062
2025-02-26 18:10:00-05:00,5980.5,5981.25,5975.75,5976.0,1517
2025-02-26 18:15:00-05:00,5976.25,5980.75,5975.25,5979.5,1336
2025-02-26 18:20:00-05:00,5979.5,5979.5,5965.75,5971.0,4693
2025-02-26 18:25:00-05:00,5971.0,5974.25,5970.0,5973.25,1541
2025-02-26 18:30:00-05:00,5973.25,5976.75,5973.0,5975.75,1139
2025-02-26 18:35:00-05:00,5976.0,5976.25,5972.5,5975.75,1019
2025-02-26 18:40:00-05:00,5975.5,5976.0,5972.25,5972.5,1271
2025-02-26 18:45:00-05:00,5972.5,5977.5,5972.25,5977.0,983
2025-02-26 18:50:00-05:00,5977.25,5979.25,5976.0,5979.0,1130
2025-02-26 18:55:00-05:00,5979.0,5979.25,5976.75,5978.5,741
2025-02-26 19:00:00-05:00,5978.25,5979.25,5977.25,5977.5,1218
2025-02-26 19:05:00-05:00,5977.75,5982.25,5974.75,5976.0,2149
2025-02-26 19:10:00-05:00,5976.25,5977.5,5975.0,5975.5,697
2025-02-26 19:15:00-05:00,5975.5,5976.5,5971.75,5972.25,1608
2025-02-26 19:20:00-05:00,5972.5,5973.0,5966.25,5969.25,3783
2025-02-26 19:25:00-05:00,5969.25,5969.75,5965.75,5969.5,1269
2025-02-26 19:30:00-05:00,5969.75,5970.5,5967.5,5968.75,1018
2025-02-26 19:35:00-05:00,5968.5,5970.5,5966.75,5969.25,1352
2025-02-26 19:40:00-05:00,5969.25,5970.25,5968.5,5970.0,621
2025-02-26 19:45:00-05:00,5970.0,5971.25,5968.5,5969.0,837
2025-02-26 19:50:00-05:00,5969.25,5970.75,5967.0,5968.25,761
2025-02-26 19:55:00-05:00,5968.25,5968.5,5963.25,5964.5,1614
2025-02-26 20:00:00-05:00,5964.75,5966.25,5962.5,5964.5,1732
2025-02-26 20:05:00-05:00,5964.5,5964.5,5960.75,5962.5,1599
2025-02-26 20:10:00-05:00,5962.5,5967.5,5961.75,5967.25,1432
2025-02-26 20:15:00-05:00,5967.25,5969.75,5966.75,5969.5,989
2025-02-26 20:20:00-05:00,5969.75,5969.75,5968.75,5969.25,532
2025-02-26 20:25:00-05:00,5969.25,5972.5,5969.25,5970.25,1210
2025-02-26 20:30:00-05:00,5970.25,5974.0,5970.0,5972.5,1058
2025-02-26 20:35:00-05:00,5972.5,5974.0,5970.25,5972.5,670
2025-02-26 20:40:00-05:00,5972.5,5973.75,5971.0,5971.75,495
2025-02-26 20:45:00-05:00,5971.5,5972.5,5970.75,5971.5,511
2025-02-26 20:50:00-05:00,5971.75,5973.0,5971.5,5972.25,646
2025-02-26 20:55:00-05:00,5972.0,5972.75,5970.25,5970.25,615
2025-02-26 21:00:00-05:00,5970.5,5973.0,5970.0,5971.25,814
2025-02-26 21:05:00-05:00,5971.5,5971.75,5968.5,5971.25,1231
2025-02-26 21:10:00-05:00,5971.25,5973.25,5971.0,5972.75,607
2025-02-26 21:15:00-05:00,5972.5,5975.5,5971.25,5975.0,911
2025-02-26 21:20:00-05:00,5975.0,5978.5,5975.0,5978.5,1043
2025-02-26 21:25:00-05:00,5978.5,5981.25,5978.25,5979.25,985
2025-02-26 21:30:00-05:00,5979.5,5981.0,5979.5,5980.5,522
2025-02-26 21:35:00-05:00,5980.25,5981.75,5979.75,5980.75,472
2025-02-26 21:40:00-05:00,5980.5,5981.75,5980.0,5980.25,453
2025-02-26 21:45:00-05:00,5980.25,5980.25,5977.25,5978.5,1243
2025-02-26 21:50:00-05:00,5978.25,5978.5,5975.5,5975.5,579
2025-02-26 21:55:00-05:00,5975.25,5976.0,5974.0,5975.5,505
2025-02-26 22:00:00-05:00,5975.5,5976.75,5974.5,5975.0,387
2025-02-26 22:05:00-05:00,5975.25,5976.25,5975.0,5975.75,409
2025-02-26 22:10:00-05:00,5976.0,5977.0,5975.0,5975.75,282
2025-02-26 22:15:00-05:00,5975.75,5976.25,5974.5,5975.25,305
2025-02-26 22:20:00-05:00,5975.5,5975.75,5974.5,5975.5,134
2025-02-26 22:25:00-05:00,5975.5,5977.0,5975.5,5976.25,218
2025-02-26 22:30:00-05:00,5976.25,5978.5,5975.0,5978.0,578
2025-02-26 22:35:00-05:00,5978.0,5980.0,5977.75,5977.75,443
2025-02-26 22:40:00-05:00,5977.75,5979.75,5977.5,5979.25,446
2025-02-26 22:45:00-05:00,5979.0,5979.25,5977.5,5978.0,316
2025-02-26 22:50:00-05:00,5978.0,5978.0,5976.25,5977.75,315
2025-02-26 22:55:00-05:00,5977.75,5978.0,5973.0,5973.0,704
2025-02-26 23:00:00-05:00,5973.25,5974.0,5971.5,5973.0,951
2025-02-26 23:05:00-05:00,5973.0,5973.75,5971.75,5972.25,396
2025-02-26 23:10:00-05:00,5972.0,5973.0,5971.5,5972.5,412
2025-02-26 23:15:00-05:00,5972.5,5973.25,5971.75,5972.0,355
2025-02-26 23:20:00-05:00,5971.75,5972.5,5970.5,5971.0,634
2025-02-26 23:25:00-05:00,5971.0,5972.25,5970.75,5971.75,346
2025-02-26 23:30:00-05:00,5971.75,5972.5,5970.75,5971.5,354
2025-02-26 23:35:00-05:00,5971.25,5973.25,5971.25,5973.0,224
2025-02-26 23:40:00-05:00,5972.75,5973.5,5972.25,5972.5,363
2025-02-26 23:45:00-05:00,5972.5,5973.75,5972.5,5973.75,145
2025-02-26 23:50:00-05:00,5973.5,5973.5,5972.25,5972.5,293
2025-02-26 23:55:00-05:00,5972.5,5974.75,5972.5,5974.75,317
2025-02-27 00:00:00-05:00,5974.5,5975.5,5973.0,5975.0,493
2025-02-27 00:05:00-05:00,5975.0,5978.5,5975.0,5978.0,515
2025-02-27 00:10:00-05:00,5978.25,5979.0,5977.25,5979.0,348
2025-02-27 00:15:00-05:00,5979.25,5982.5,5979.0,5982.25,708
2025-02-27 00:20:00-05:00,5982.0,5985.0,5981.25,5983.25,1196
2025-02-27 00:25:00-05:00,5983.5,5985.0,5983.5,5984.5,527
2025-02-27 00:30:00-05:00,5984.5,5985.0,5983.5,5983.75,674
2025-02-27 00:35:00-05:00,5983.5,5984.5,5983.25,5984.0,301
2025-02-27 00:40:00-05:00,5984.0,5989.25,5984.0,5989.25,1277
2025-02-27 00:45:00-05:00,5989.25,5990.5,5988.75,5989.75,771
2025-02-27 00:50:00-05:00,5990.0,5995.0,5989.75,5990.75,1663
2025-02-27 00:55:00-05:00,5990.75,5991.0,5989.0,5990.0,680
2025-02-27 01:00:00-05:00,5990.25,5992.75,5989.5,5992.5,931
2025-02-27 01:05:00-05:00,5992.5,5993.0,5991.25,5991.75,478
2025-02-27 01:10:00-05:00,5991.5,5992.25,5991.0,5991.25,456
2025-02-27 01:15:00-05:00,5991.25,5994.5,5991.0,5993.25,685
2025-02-27 01:20:00-05:00,5993.5,5996.25,5992.5,5995.0,941
2025-02-27 01:25:00-05:00,5995.0,5996.0,5994.75,5995.0,519
2025-02-27 01:30:00-05:00,5994.75,5995.25,5993.0,5993.25,892
2025-02-27 01:35:00-05:00,5993.25,5994.0,5991.75,5992.75,531
2025-02-27 01:40:00-05:00,5992.75,5994.5,5992.5,5994.25,526
2025-02-27 01:45:00-05:00,5994.25,5995.75,5993.5,5994.25,506
2025-02-27 01:50:00-05:00,5994.25,5994.25,5991.25,5991.75,557
2025-02-27 01:55:00-05:00,5991.75,5994.75,5991.25,5993.75,1399
2025-02-27 02:00:00-05:00,5993.75,5995.5,5992.75,5993.5,651
2025-02-27 02:05:00-05:00,5993.25,5995.25,5993.25,5993.5,521
2025-02-27 02:10:00-05:00,5993.5,5996.25,5993.25,5995.75,1443
2025-02-27 02:15:00-05:00,5996.0,6001.5,5996.0,5999.25,2004
2025-02-27 02:20:00-05:00,5999.25,6001.75,5998.75,6001.0,913
2025-02-27 02:25:00-05:00,6001.0,6002.5,5998.5,5999.25,1106
2025-02-27 02:30:00-05:00,5999.25,6001.75,5999.25,6000.75,578
2025-02-27 02:35:00-05:00,6000.75,6002.75,6000.75,6001.5,984
2025-02-27 02:40:00-05:00,6001.75,6002.25,6000.25,6000.25,777
2025-02-27 02:45:00-05:00,6000.5,6001.75,5997.5,5997.5,760
2025-02-27 02:50:00-05:00,5997.75,5999.75,5997.25,5997.5,554
2025-02-27 02:55:00-05:00,5997.5,5998.25,5993.5,5994.25,940
2025-02-27 03:00:00-05:00,5994.25,5994.75,5990.0,5992.75,3317
2025-02-27 03:05:00-05:00,5992.75,5995.25,5991.25,5993.5,1712
2025-02-27 03:10:00-05:00,5993.75,5995.0,5990.75,5992.25,1371
2025-02-27 03:15:00-05:00,5992.0,5993.75,5991.5,5992.0,1068
2025-02-27 03:20:00-05:00,5991.75,5998.5,5991.75,5998.0,1234
2025-02-27 03:25:00-05:00,5998.0,5998.25,5995.0,5995.75,1089
2025-02-27 03:30:00-05:00,5995.75,6000.25,5995.5,5998.0,1722
2025-02-27 03:35:00-05:00,5998.0,6001.5,5997.75,6000.0,1520
2025-02-27 03:40:00-05:00,6000.0,6001.25,5999.75,6000.0,1069
2025-02-27 03:45:00-05:00,6000.0,6001.25,5999.75,6000.5,1067
2025-02-27 03:50:00-05:00,6000.75,6001.75,6000.0,6001.0,746
2025-02-27 03:55:00-05:00,6000.75,6005.0,6000.5,6004.0,1517
2025-02-27 04:00:00-05:00,6004.0,6004.5,6000.75,6001.25,2126
2025-02-27 04:05:00-05:00,6001.75,6004.0,5999.75,6000.0,1319
2025-02-27 04:10:00-05:00,6000.0,6002.25,5998.75,5998.75,867
2025-02-27 04:15:00-05:00,5998.75,6001.25,5997.25,6001.25,931
2025-02-27 04:20:00-05:00,6001.0,6002.0,5999.25,6002.0,610
2025-02-27 04:25:00-05:00,6002.0,6005.0,6002.0,6004.75,1058
2025-02-27 04:30:00-05:00,6004.75,6005.25,6003.0,6003.5,1150
2025-02-27 04:35:00-05:00,6003.5,6005.0,6002.75,6005.0,719
2025-02-27 04:40:00-05:00,6005.25,6006.5,6003.5,6004.5,938
2025-02-27 04:45:00-05:00,6004.75,6005.25,6003.5,6005.0,676
2025-02-27 04:50:00-05:00,6005.0,6007.0,6004.0,6006.0,885
2025-02-27 04:55:00-05:00,6006.0,6006.0,6004.0,6005.25,544
2025-02-27 05:00:00-05:00,6005.25,6006.25,6002.75,6003.75,1033
2025-02-27 05:05:00-05:00,6003.75,6004.75,6002.0,6004.25,717
2025-02-27 05:10:00-05:00,6004.5,6005.75,6003.75,6004.25,449
2025-02-27 05:15:00-05:00,6004.25,6005.75,6004.0,6005.75,353
2025-02-27 05:20:00-05:00,6005.5,6008.25,6003.5,6007.5,1212
2025-02-27 05:25:00-05:00,6007.25,6007.5,6004.5,6005.0,700
2025-02-27 05:30:00-05:00,6005.25,6005.5,6001.25,6003.75,695
2025-02-27 05:35:00-05:00,6003.75,6004.75,6003.0,6004.0,543
2025-02-27 05:40:00-05:00,6004.0,6005.5,6003.5,6003.5,746
2025-02-27 05:45:00-05:00,6003.75,6004.25,6002.0,6002.5,585
2025-02-27 05:50:00-05:00,6002.25,6005.25,6002.0,6005.0,491
2025-02-27 05:55:00-05:00,6005.0,6005.5,6004.75,6004.75,443
2025-02-27 06:00:00-05:00,6005.0,6008.5,6004.5,6007.0,2768
2025-02-27 06:05:00-05:00,6007.25,6009.5,6007.0,6008.75,1330
2025-02-27 06:10:00-05:00,6008.5,6009.0,6007.5,6007.5,500
2025-02-27 06:15:00-05:00,6007.5,6007.75,6005.75,6007.0,943
2025-02-27 06:20:00-05:00,6006.75,6008.75,6006.75,6007.75,759
2025-02-27 06:25:00-05:00,6007.75,6008.75,6006.5,6007.25,589
2025-02-27 06:30:00-05:00,6007.0,6008.0,6004.75,6005.25,862
2025-02-27 06:35:00-05:00,6005.25,6006.75,6004.25,6006.5,873
2025-02-27 06:40:00-05:00,6006.5,6007.0,6005.75,6006.5,445
2025-02-27 06:45:00-05:00,6006.5,6009.5,6006.5,6009.0,1273
2025-02-27 06:50:00-05:00,6009.0,6009.0,6006.25,6006.5,915
2025-02-27 06:55:00-05:00,6006.5,6011.0,6006.5,6010.75,1208
2025-02-27 07:00:00-05:00,6010.5,6012.25,6009.25,6010.0,1802
2025-02-27 07:05:00-05:00,6010.25,6011.75,6010.25,6011.0,2047
2025-02-27 07:10:00-05:00,6011.0,6011.25,6008.75,6008.75,1239
2025-02-27 07:15:00-05:00,6009.0,6011.0,6007.75,6010.75,822
2025-02-27 07:20:00-05:00,6010.75,6012.0,6010.25,6011.75,1121
2025-02-27 07:25:00-05:00,6011.5,6011.5,6010.0,6010.75,832
2025-02-27 07:30:00-05:00,6010.75,6012.0,6010.0,6010.25,904
2025-02-27 07:35:00-05:00,6010.5,6014.25,6009.25,6013.0,2176
2025-02-27 07:40:00-05:00,6013.0,6014.5,6009.5,6012.0,2973
2025-02-27 07:45:00-05:00,6012.25,6013.0,6009.5,6011.0,1505
2025-02-27 07:50:00-05:00,6011.25,6011.25,6006.25,6007.0,2058
2025-02-27 07:55:00-05:00,6006.75,6008.5,6005.75,6006.75,1781
2025-02-27 08:00:00-05:00,6006.5,6008.75,6005.75,6006.0,2720
2025-02-27 08:05:00-05:00,6006.0,6008.25,6005.0,6007.75,1595
2025-02-27 08:10:00-05:00,6007.75,6008.75,6006.25,6007.25,1350
2025-02-27 08:15:00-05:00,6007.25,6009.75,6007.0,6009.0,1258
2025-02-27 08:20:00-05:00,6009.0,6009.5,6004.25,6006.0,1567
2025-02-27 08:25:00-05:00,6006.0,6006.0,6003.0,6005.5,2674
2025-02-27 08:30:00-05:00,6005.0,6007.0,5997.0,5999.25,9880
2025-02-27 08:35:00-05:00,5999.25,6005.25,5996.25,6004.25,6739
2025-02-27 08:40:00-05:00,6004.25,6008.0,6004.25,6007.25,5267
2025-02-27 08:45:00-05:00,6007.25,6009.5,5985.0,5988.0,33086
2025-02-27 08:50:00-05:00,5987.75,5991.25,5977.5,5979.5,17343
2025-02-27 08:55:00-05:00,5979.25,5989.25,5978.75,5986.0,10834
2025-02-27 09:00:00-05:00,5986.0,5996.0,5983.0,5992.25,11273
2025-02-27 09:05:00-05:00,5992.25,6001.0,5990.0,5995.75,10797
2025-02-27 09:10:00-05:00,5995.75,5998.5,5994.25,5998.5,4426
2025-02-27 09:15:00-05:00,5998.5,5999.75,5994.25,5994.75,5165
2025-02-27 09:20:00-05:00,5995.0,5998.5,5994.25,5996.5,3806
2025-02-27 09:25:00-05:00,5996.5,5997.75,5992.5,5995.5,7498
2025-02-27 09:30:00-05:00,5995.5,6000.0,5992.75,5998.0,31005
2025-02-27 09:35:00-05:00,5998.0,6007.25,5997.25,5999.0,33768
2025-02-27 09:40:00-05:00,5999.0,5999.0,5977.25,5981.5,45607
2025-02-27 09:45:00-05:00,5981.5,5991.0,5979.0,5982.25,35893
2025-02-27 09:50:00-05:00,5982.0,5984.25,5963.5,5964.5,42042
2025-02-27 09:55:00-05:00,5964.25,5965.25,5947.75,5951.0,51557
2025-02-27 10:00:00-05:00,5951.0,5951.0,5931.5,5945.25,76629
2025-02-27 10:05:00-05:00,5945.25,5951.75,5942.25,5947.5,47158
2025-02-27 10:10:00-05:00,5947.5,5970.25,5946.5,5967.0,50678
2025-02-27 10:15:00-05:00,5966.75,5974.25,5965.25,5972.5,40403
2025-02-27 10:20:00-05:00,5972.25,5991.75,5967.75,5983.5,48321
2025-02-27 10:25:00-05:00,5983.5,5985.25,5977.5,5981.25,35274
2025-02-27 10:30:00-05:00,5981.25,5983.25,5964.0,5970.0,42586
2025-02-27 10:35:00-05:00,5970.0,5984.25,5962.5,5978.5,39331
2025-02-27 10:40:00-05:00,5978.75,5980.5,5971.75,5977.25,28547
2025-02-27 10:45:00-05:00,5977.0,5983.25,5972.25,5979.0,23068
2025-02-27 10:50:00-05:00,5978.75,5979.5,5965.5,5966.75,27236
2025-02-27 10:55:00-05:00,5966.5,5969.25,5959.5,5961.0,24756
2025-02-27 11:00:00-05:00,5961.25,5972.5,5959.25,5963.0,29007
2025-02-27 11:05:00-05:00,5963.25,5969.25,5963.25,5965.75,22428
2025-02-27 11:10:00-05:00,5965.75,5980.25,5965.75,5979.5,24069
2025-02-27 11:15:00-05:00,5979.75,5988.0,5978.25,5985.5,22669
2025-02-27 11:20:00-05:00,5985.75,5989.0,5979.75,5981.25,17920
2025-02-27 11:25:00-05:00,5981.25,5982.75,5964.75,5968.0,25223
2025-02-27 11:30:00-05:00,5967.75,5975.0,5965.75,5972.75,20673
2025-02-27 11:35:00-05:00,5972.75,5976.25,5967.0,5969.5,17123
2025-02-27 11:40:00-05:00,5969.75,5971.75,5962.5,5965.5,17257
2025-02-27 11:45:00-05:00,5965.25,5968.0,5962.5,5964.75,13002
2025-02-27 11:50:00-05:00,5964.75,5965.0,5952.25,5954.75,21873
2025-02-27 11:55:00-05:00,5954.75,5957.5,5949.0,5950.75,16253
2025-02-27 12:00:00-05:00,5951.0,5956.75,5948.0,5955.75,20705
2025-02-27 12:05:00-05:00,5955.75,5956.5,5949.5,5950.25,12259
2025-02-27 12:10:00-05:00,5950.25,5953.75,5947.5,5950.0,14927
2025-02-27 12:15:00-05:00,5950.0,5951.75,5942.75,5943.25,16719
2025-02-27 12:20:00-05:00,5943.0,5953.0,5940.0,5952.5,18129
2025-02-27 12:25:00-05:00,5952.25,5966.5,5951.5,5965.75,20610
2025-02-27 12:30:00-05:00,5966.0,5971.25,5962.5,5966.25,18430
2025-02-27 12:35:00-05:00,5966.5,5970.0,5965.0,5965.25,12131
2025-02-27 12:40:00-05:00,5965.25,5965.75,5950.25,5954.5,22300
2025-02-27 12:45:00-05:00,5954.75,5961.0,5953.25,5954.5,11982
2025-02-27 12:50:00-05:00,5954.25,5962.0,5950.25,5958.75,16953
2025-02-27 12:55:00-05:00,5958.75,5961.0,5957.0,5960.75,12159
2025-02-27 13:00:00-05:00,5960.5,5970.0,5960.25,5964.25,24482
2025-02-27 13:05:00-05:00,5964.25,5966.0,5959.5,5963.75,18673
2025-02-27 13:10:00-05:00,5963.75,5975.5,5962.0,5972.75,18407
2025-02-27 13:15:00-05:00,5972.75,5975.25,5968.5,5972.5,13674
2025-02-27 13:20:00-05:00,5972.75,5977.75,5968.75,5976.75,14045
2025-02-27 13:25:00-05:00,5977.0,5978.25,5971.0,5972.5,12407
2025-02-27 13:30:00-05:00,5972.75,5976.0,5970.0,5975.0,8878
2025-02-27 13:35:00-05:00,5975.25,5976.0,5971.0,5975.0,8328
2025-02-27 13:40:00-05:00,5975.25,5976.0,5967.75,5970.0,11689
2025-02-27 13:45:00-05:00,5970.25,5971.75,5965.75,5970.75,11190
2025-02-27 13:50:00-05:00,5971.0,5972.5,5964.5,5972.5,12546
2025-02-27 13:55:00-05:00,5972.5,5973.5,5962.5,5963.5,12378
2025-02-27 14:00:00-05:00,5963.5,5965.0,5958.75,5962.25,16767
2025-02-27 14:05:00-05:00,5962.0,5962.5,5957.0,5959.0,12205
2025-02-27 14:10:00-05:00,5958.75,5960.75,5950.5,5951.5,13192
2025-02-27 14:15:00-05:00,5951.75,5952.25,5945.0,5951.5,18065
2025-02-27 14:20:00-05:00,5951.5,5954.0,5941.5,5943.5,17667
2025-02-27 14:25:00-05:00,5943.25,5944.25,5933.0,5934.0,22238
2025-02-27 14:30:00-05:00,5934.0,5934.5,5914.0,5919.5,44053
2025-02-27 14:35:00-05:00,5919.75,5926.0,5919.0,5921.0,37951
2025-02-27 14:40:00-05:00,5920.75,5921.25,5909.25,5917.5,37344
2025-02-27 14:45:00-05:00,5917.5,5923.5,5913.5,5917.25,30844
2025-02-27 14:50:00-05:00,5917.0,5925.5,5913.75,5921.0,27108
2025-02-27 14:55:00-05:00,5920.75,5925.0,5917.5,5918.75,22774
2025-02-27 15:00:00-05:00,5919.0,5919.75,5898.25,5903.75,42515
2025-02-27 15:05:00-05:00,5903.75,5908.0,5900.5,5902.25,32292
2025-02-27 15:10:00-05:00,5902.0,5904.75,5893.5,5899.25,28985
2025-02-27 15:15:00-05:00,5899.25,5902.25,5892.75,5894.25,32262
2025-02-27 15:20:00-05:00,5894.25,5906.5,5891.5,5900.25,30392
2025-02-27 15:25:00-05:00,5900.25,5904.25,5888.5,5889.25,23918
2025-02-27 15:30:00-05:00,5889.5,5901.5,5889.5,5896.5,32656
2025-02-27 15:35:00-05:00,5896.25,5902.25,5891.0,5891.0,23863
2025-02-27 15:40:00-05:00,5891.0,5893.0,5886.0,5889.0,31789
2025-02-27 15:45:00-05:00,5889.0,5894.5,5885.0,5892.25,31314
2025-02-27 15:50:00-05:00,5892.0,5896.25,5883.0,5883.5,44658
2025-02-27 15:55:00-05:00,5883.25,5884.0,5873.0,5877.5,121206
2025-02-27 16:00:00-05:00,5877.75,5880.0,5873.5,5878.75,39363
2025-02-27 16:05:00-05:00,5878.75,5878.75,5875.25,5877.75,11199
2025-02-27 16:10:00-05:00,5877.75,5879.5,5875.25,5879.25,8524
2025-02-27 16:15:00-05:00,5879.25,5884.75,5877.25,5884.25,5186
2025-02-27 16:20:00-05:00,5884.25,5885.0,5881.5,5884.75,3393
2025-02-27 16:25:00-05:00,5884.5,5885.0,5883.25,5883.25,2500
2025-02-27 16:30:00-05:00,5883.25,5887.0,5883.0,5886.25,2948
2025-02-27 16:35:00-05:00,5886.25,5887.25,5883.75,5883.75,2366
2025-02-27 16:40:00-05:00,5884.0,5886.25,5883.75,5884.75,1970
2025-02-27 16:45:00-05:00,5885.0,5887.0,5884.75,5884.75,1601
2025-02-27 16:50:00-05:00,5884.75,5885.75,5880.5,5880.75,2357
2025-02-27 16:55:00-05:00,5880.75,5883.0,5880.0,5881.0,5217
2025-02-27 18:00:00-05:00,5883.0,5890.0,5881.75,5888.0,3086
2025-02-27 18:05:00-05:00,5887.75,5888.75,5886.5,5888.0,868
2025-02-27 18:10:00-05:00,5887.75,5889.0,5883.75,5884.5,1011
2025-02-27 18:15:00-05:00,5884.5,5886.5,5883.0,5885.5,965
2025-02-27 18:20:00-05:00,5885.5,5886.5,5884.5,5884.75,600
2025-02-27 18:25:00-05:00,5884.75,5886.0,5883.25,5885.25,789
2025-02-27 18:30:00-05:00,5885.25,5888.0,5884.5,5885.0,905
2025-02-27 18:35:00-05:00,5884.75,5889.0,5884.75,5888.5,1315
2025-02-27 18:40:00-05:00,5888.75,5889.25,5884.75,5885.0,1393
2025-02-27 18:45:00-05:00,5884.75,5887.0,5883.0,5885.75,3991
2025-02-27 18:50:00-05:00,5885.75,5886.75,5885.0,5886.25,1384
2025-02-27 18:55:00-05:00,5886.25,5888.0,5886.0,5887.5,941
2025-02-27 19:00:00-05:00,5887.5,5889.75,5887.25,5887.5,1531
2025-02-27 19:05:00-05:00,5887.5,5889.25,5887.0,5888.25,695
2025-02-27 19:10:00-05:00,5888.0,5889.5,5886.25,5886.25,629
2025-02-27 19:15:00-05:00,5886.5,5887.0,5885.25,5886.25,819
2025-02-27 19:20:00-05:00,5886.0,5887.0,5883.25,5883.5,779
2025-02-27 19:25:00-05:00,5883.25,5883.5,5880.5,5881.75,1131
2025-02-27 19:30:00-05:00,5881.75,5882.75,5880.25,5881.0,918
2025-02-27 19:35:00-05:00,5881.0,5884.0,5880.25,5883.5,978
2025-02-27 19:40:00-05:00,5883.75,5883.75,5877.5,5878.5,1789
2025-02-27 19:45:00-05:00,5878.5,5879.25,5876.75,5878.75,1042
2025-02-27 19:50:00-05:00,5878.75,5879.5,5876.25,5878.0,1039
2025-02-27 19:55:00-05:00,5877.75,5878.0,5874.75,5875.0,1296
2025-02-27 20:00:00-05:00,5875.25,5880.0,5874.25,5879.75,1640
2025-02-27 20:05:00-05:00,5879.5,5881.25,5877.75,5881.25,1095
2025-02-27 20:10:00-05:00,5881.25,5883.5,5879.25,5882.75,1334
2025-02-27 20:15:00-05:00,5882.75,5884.75,5882.5,5883.0,850
2025-02-27 20:20:00-05:00,5883.0,5886.25,5882.5,5884.25,871
2025-02-27 20:25:00-05:00,5884.5,5884.5,5878.75,5878.75,1091
2025-02-27 20:30:00-05:00,5878.5,5878.5,5859.75,5871.75,7277
2025-02-27 20:35:00-05:00,5871.5,5879.25,5871.25,5878.25,2155
2025-02-27 20:40:00-05:00,5878.25,5882.25,5877.0,5881.75,1560
2025-02-27 20:45:00-05:00,5881.5,5882.25,5878.5,5879.75,1384
2025-02-27 20:50:00-05:00,5879.5,5882.25,5878.75,5880.0,1194
2025-02-27 20:55:00-05:00,5880.25,5882.5,5876.75,5877.5,1653
2025-02-27 21:00:00-05:00,5877.5,5881.75,5874.75,5878.75,1939
2025-02-27 21:05:00-05:00,5879.0,5882.25,5877.25,5879.25,1000
2025-02-27 21:10:00-05:00,5879.25,5879.75,5877.5,5879.0,629
2025-02-27 21:15:00-05:00,5878.75,5878.75,5875.75,5877.25,795
2025-02-27 21:20:00-05:00,5877.5,5878.25,5874.0,5876.5,1071
2025-02-27 21:25:00-05:00,5876.75,5880.5,5876.0,5880.25,910
2025-02-27 21:30:00-05:00,5880.25,5882.0,5879.0,5880.0,962
2025-02-27 21:35:00-05:00,5879.75,5880.75,5872.25,5873.5,2154
2025-02-27 21:40:00-05:00,5873.75,5874.25,5868.0,5869.75,1713
2025-02-27 21:45:00-05:00,5869.5,5873.5,5866.75,5867.75,2475
2025-02-27 21:50:00-05:00,5867.75,5871.25,5867.75,5870.0,1230
2025-02-27 21:55:00-05:00,5869.75,5872.25,5869.5,5870.25,819
2025-02-27 22:00:00-05:00,5870.25,5872.0,5868.5,5869.25,884
2025-02-27 22:05:00-05:00,5869.25,5873.0,5869.0,5870.5,940
2025-02-27 22:10:00-05:00,5870.5,5871.25,5865.5,5868.25,1610
2025-02-27 22:15:00-05:00,5868.25,5869.0,5862.5,5864.75,2073
2025-02-27 22:20:00-05:00,5865.0,5866.5,5861.5,5864.5,1948
2025-02-27 22:25:00-05:00,5864.75,5869.0,5864.5,5867.25,1185
2025-02-27 22:30:00-05:00,5867.25,5869.0,5862.5,5862.5,2448
2025-02-27 22:35:00-05:00,5862.75,5864.0,5860.0,5863.0,1884
2025-02-27 22:40:00-05:00,5863.0,5865.75,5862.5,5865.5,1519
2025-02-27 22:45:00-05:00,5865.25,5867.0,5858.5,5859.25,1717
2025-02-27 22:50:00-05:00,5859.0,5868.75,5858.75,5866.25,1684
2025-02-27 22:55:00-05:00,5866.25,5867.0,5864.0,5866.5,1009
2025-02-27 23:00:00-05:00,5866.5,5867.75,5864.5,5865.75,704
2025-02-27 23:05:00-05:00,5865.75,5869.75,5863.25,5866.75,1483
2025-02-27 23:10:00-05:00,5866.5,5868.0,5865.0,5867.5,737
2025-02-27 23:15:00-05:00,5867.25,5870.75,5867.25,5870.0,973
2025-02-27 23:20:00-05:00,5870.25,5875.75,5869.75,5875.75,1345
2025-02-27 23:25:00-05:00,5875.5,5877.5,5874.5,5877.25,777
2025-02-27 23:30:00-05:00,5877.5,5879.25,5875.75,5876.5,1120
2025-02-27 23:35:00-05:00,5876.5,5878.75,5876.0,5877.0,654
2025-02-27 23:40:00-05:00,5877.0,5879.75,5876.25,5879.25,878
2025-02-27 23:45:00-05:00,5879.25,5883.0,5879.25,5879.75,2050
2025-02-27 23:50:00-05:00,5879.75,5881.75,5877.25,5881.25,1346
2025-02-27 23:55:00-05:00,5881.25,5881.75,5877.5,5879.25,927
2025-02-28 00:00:00-05:00,5879.0,5882.5,5878.25,5880.75,1494
2025-02-28 00:05:00-05:00,5881.0,5884.0,5881.0,5882.75,1004
2025-02-28 00:10:00-05:00,5882.75,5883.0,5881.25,5881.25,736
2025-02-28 00:15:00-05:00,5881.5,5881.75,5880.0,5880.5,652
2025-02-28 00:20:00-05:00,5880.75,5881.5,5879.5,5880.25,598
2025-02-28 00:25:00-05:00,5880.25,5880.25,5878.0,5879.0,584
2025-02-28 00:30:00-05:00,5879.0,5879.0,5876.5,5878.25,769
2025-02-28 00:35:00-05:00,5878.25,5880.25,5877.75,5879.75,553
2025-02-28 00:40:00-05:00,5880.0,5882.75,5879.25,5882.25,475
2025-02-28 00:45:00-05:00,5882.25,5882.5,5880.75,5881.75,366
2025-02-28 00:50:00-05:00,5882.0,5883.0,5880.25,5880.75,557
2025-02-28 00:55:00-05:00,5881.0,5881.25,5879.5,5880.0,462
2025-02-28 01:00:00-05:00,5879.75,5880.5,5877.75,5880.5,798
2025-02-28 01:05:00-05:00,5880.5,5881.5,5879.5,5880.75,407
2025-02-28 01:10:00-05:00,5880.5,5881.25,5878.75,5881.25,504
2025-02-28 01:15:00-05:00,5881.0,5885.0,5881.0,5884.5,948
2025-02-28 01:20:00-05:00,5884.25,5885.5,5883.25,5883.75,703
2025-02-28 01:25:00-05:00,5883.5,5884.75,5882.75,5883.25,813
2025-02-28 01:30:00-05:00,5883.5,5885.0,5880.0,5881.0,1450
2025-02-28 01:35:00-05:00,5880.75,5881.5,5878.0,5881.0,1111
2025-02-28 01:40:00-05:00,5880.75,5881.75,5879.25,5879.75,741
2025-02-28 01:45:00-05:00,5879.75,5882.0,5878.0,5882.0,742
2025-02-28 01:50:00-05:00,5882.0,5882.0,5876.75,5876.75,908
2025-02-28 01:55:00-05:00,5877.0,5877.25,5874.5,5875.5,1529
2025-02-28 02:00:00-05:00,5875.5,5881.0,5872.75,5878.5,1929
2025-02-28 02:05:00-05:00,5878.5,5879.25,5874.5,5876.25,1079
2025-02-28 02:10:00-05:00,5876.5,5878.5,5873.25,5874.25,958
2025-02-28 02:15:00-05:00,5874.5,5876.75,5872.25,5875.5,1365
2025-02-28 02:20:00-05:00,5875.75,5879.0,5874.0,5876.25,1468
2025-02-28 02:25:00-05:00,5876.25,5878.25,5874.0,5874.25,983
2025-02-28 02:30:00-05:00,5874.25,5875.0,5869.5,5871.75,1991
2025-02-28 02:35:00-05:00,5871.5,5877.0,5871.25,5876.75,1175
2025-02-28 02:40:00-05:00,5876.5,5882.0,5876.5,5881.0,1547
2025-02-28 02:45:00-05:00,5881.0,5883.25,5880.75,5881.75,1570
2025-02-28 02:50:00-05:00,5881.75,5885.0,5881.25,5884.25,1360
2025-02-28 02:55:00-05:00,5884.5,5886.25,5883.25,5884.25,1257
2025-02-28 03:00:00-05:00,5884.25,5887.75,5882.5,5886.75,3626
2025-02-28 03:05:00-05:00,5887.0,5888.5,5884.5,5888.25,1562
2025-02-28 03:10:00-05:00,5888.25,5888.5,5881.75,5882.5,2529
2025-02-28 03:15:00-05:00,5882.75,5887.0,5882.75,5886.25,1704
2025-02-28 03:20:00-05:00,5886.25,5892.25,5885.75,5890.75,3746
2025-02-28 03:25:00-05:00,5890.75,5892.75,5889.75,5890.75,2207
2025-02-28 03:30:00-05:00,5890.75,5893.5,5889.0,5893.0,2467
2025-02-28 03:35:00-05:00,5893.0,5894.25,5891.0,5893.0,2371
2025-02-28 03:40:00-05:00,5893.0,5893.25,5889.5,5890.75,2236
2025-02-28 03:45:00-05:00,5890.75,5891.25,5888.75,5889.5,1187
2025-02-28 03:50:00-05:00,5889.5,5893.25,5889.0,5892.0,1620
2025-02-28 03:55:00-05:00,5891.75,5893.5,5891.0,5892.25,1148
2025-02-28 04:00:00-05:00,5892.5,5893.25,5888.25,5890.0,2376
2025-02-28 04:05:00-05:00,5889.75,5893.75,5889.75,5892.25,1604
2025-02-28 04:10:00-05:00,5891.75,5894.25,5890.75,5894.0,1462
2025-02-28 04:15:00-05:00,5893.75,5897.0,5892.75,5893.75,2184
2025-02-28 04:20:00-05:00,5894.0,5896.25,5893.5,5895.75,975
2025-02-28 04:25:00-05:00,5895.5,5896.0,5894.0,5896.0,1032
2025-02-28 04:30:00-05:00,5896.0,5896.25,5892.75,5894.25,1230
2025-02-28 04:35:00-05:00,5894.0,5895.25,5892.25,5894.25,1475
2025-02-28 04:40:00-05:00,5894.25,5894.25,5891.25,5893.5,957
2025-02-28 04:45:00-05:00,5893.5,5894.5,5892.0,5893.75,793
2025-02-28 04:50:00-05:00,5893.75,5895.0,5892.25,5892.5,747
2025-02-28 04:55:00-05:00,5892.75,5893.0,5890.5,5892.75,799
2025-02-28 05:00:00-05:00,5892.75,5895.25,5891.75,5893.5,884
2025-02-28 05:05:00-05:00,5893.75,5895.0,5892.25,5893.0,1029
2025-02-28 05:10:00-05:00,5893.0,5894.25,5891.25,5892.25,1649
2025-02-28 05:15:00-05:00,5892.25,5895.0,5891.0,5894.25,887
2025-02-28 05:20:00-05:00,5894.5,5896.25,5893.5,5895.25,830
2025-02-28 05:25:00-05:00,5895.25,5895.25,5891.75,5893.0,1068
2025-02-28 05:30:00-05:00,5892.75,5895.5,5892.75,5894.75,869
2025-02-28 05:35:00-05:00,5894.75,5896.75,5894.0,5896.25,1165
2025-02-28 05:40:00-05:00,5896.25,5897.75,5896.0,5897.75,896
2025-02-28 05:45:00-05:00,5897.5,5899.0,5896.5,5898.25,1161
2025-02-28 05:50:00-05:00,5898.5,5898.75,5896.75,5897.0,1358
2025-02-28 05:55:00-05:00,5897.0,5897.0,5894.75,5895.0,1316
2025-02-28 06:00:00-05:00,5895.0,5897.0,5895.0,5896.75,759
2025-02-28 06:05:00-05:00,5896.75,5897.75,5895.5,5897.5,682
2025-02-28 06:10:00-05:00,5897.25,5898.0,5895.75,5896.0,909
2025-02-28 06:15:00-05:00,5895.75,5897.0,5895.5,5896.75,599
2025-02-28 06:20:00-05:00,5896.75,5897.75,5896.0,5897.75,732
2025-02-28 06:25:00-05:00,5897.75,5899.0,5897.5,5898.25,706
2025-02-28 06:30:00-05:00,5898.5,5898.75,5894.0,5896.25,1378
2025-02-28 06:35:00-05:00,5896.0,5897.0,5895.25,5897.0,732
2025-02-28 06:40:00-05:00,5897.0,5900.5,5896.75,5898.5,1566
2025-02-28 06:45:00-05:00,5898.5,5898.75,5896.5,5896.75,961
2025-02-28 06:50:00-05:00,5896.75,5897.0,5895.25,5895.25,788
2025-02-28 06:55:00-05:00,5895.5,5897.25,5895.25,5896.75,795
2025-02-28 07:00:00-05:00,5896.75,5897.0,5888.25,5889.75,4256
2025-02-28 07:05:00-05:00,5889.75,5890.5,5885.25,5890.25,4897
2025-02-28 07:10:00-05:00,5890.0,5891.75,5887.0,5888.0,2562
2025-02-28 07:15:00-05:00,5888.0,5894.25,5887.5,5892.0,2358
2025-02-28 07:20:00-05:00,5891.75,5894.0,5890.0,5893.75,1749
2025-02-28 07:25:00-05:00,5893.75,5894.0,5890.5,5891.25,1931
2025-02-28 07:30:00-05:00,5891.25,5891.25,5886.25,5888.0,2667
2025-02-28 07:35:00-05:00,5888.0,5889.25,5883.75,5886.0,3844
2025-02-28 07:40:00-05:00,5886.25,5889.75,5884.75,5887.0,4022
2025-02-28 07:45:00-05:00,5887.0,5890.5,5886.75,5889.75,2958
2025-02-28 07:50:00-05:00,5889.75,5891.25,5886.5,5890.0,2538
2025-02-28 07:55:00-05:00,5890.0,5892.0,5888.25,5890.75,1899
2025-02-28 08:00:00-05:00,5890.5,5893.0,5889.25,5892.5,1961
2025-02-28 08:05:00-05:00,5892.5,5892.75,5888.5,5890.5,2593
2025-02-28 08:10:00-05:00,5890.25,5893.0,5887.5,5888.0,3159
2025-02-28 08:15:00-05:00,5888.0,5889.0,5885.0,5886.0,3071
2025-02-28 08:20:00-05:00,5886.0,5888.25,5884.75,5885.0,3256
2025-02-28 08:25:00-05:00,5885.0,5886.0,5881.25,5885.25,4799
2025-02-28 08:30:00-05:00,5884.75,5899.5,5884.5,5891.75,13859
2025-02-28 08:35:00-05:00,5891.75,5898.25,5890.25,5893.5,6743
2025-02-28 08:40:00-05:00,5893.25,5897.75,5891.0,5893.25,5180
2025-02-28 08:45:00-05:00,5893.5,5894.5,5890.0,5891.75,5080
2025-02-28 08:50:00-05:00,5891.75,5892.25,5887.75,5888.5,5405
2025-02-28 08:55:00-05:00,5888.5,5890.0,5886.25,5886.75,4073
2025-02-28 09:00:00-05:00,5887.0,5890.5,5883.25,5888.0,6320
2025-02-28 09:05:00-05:00,5887.75,5889.75,5886.5,5888.75,3239
2025-02-28 09:10:00-05:00,5888.75,5889.0,5885.0,5888.75,3400
2025-02-28 09:15:00-05:00,5889.0,5891.75,5887.0,5888.75,3765
2025-02-28 09:20:00-05:00,5888.75,5889.0,5884.5,5884.5,4661
2025-02-28 09:25:00-05:00,5884.25,5886.25,5878.0,5880.0,11817
2025-02-28 09:30:00-05:00,5879.75,5880.25,5857.0,5858.25,67328
2025-02-28 09:35:00-05:00,5858.5,5883.25,5858.25,5878.25,58604
2025-02-28 09:40:00-05:00,5878.25,5887.25,5868.0,5883.25,45202
2025-02-28 09:45:00-05:00,5883.25,5885.0,5872.5,5876.5,42986
2025-02-28 09:50:00-05:00,5876.5,5885.5,5874.5,5880.5,38079
2025-02-28 09:55:00-05:00,5880.5,5885.25,5871.25,5884.0,36345
2025-02-28 10:00:00-05:00,5884.0,5894.5,5876.0,5885.75,46984
2025-02-28 10:05:00-05:00,5885.75,5892.0,5877.75,5891.0,31961
2025-02-28 10:10:00-05:00,5890.75,5899.0,5886.5,5898.75,36051
2025-02-28 10:15:00-05:00,5898.75,5899.75,5884.25,5884.75,32947
2025-02-28 10:20:00-05:00,5885.0,5903.75,5881.75,5901.0,31639
2025-02-28 10:25:00-05:00,5901.0,5907.5,5900.0,5907.25,26066
2025-02-28 10:30:00-05:00,5907.25,5910.75,5903.25,5907.5,26634
2025-02-28 10:35:00-05:00,5907.75,5908.5,5896.25,5900.75,26323
2025-02-28 10:40:00-05:00,5901.0,5904.0,5894.5,5898.25,21804
2025-02-28 10:45:00-05:00,5898.5,5906.5,5896.25,5899.75,21821
2025-02-28 10:50:00-05:00,5899.5,5910.5,5899.0,5906.25,19833
2025-02-28 10:55:00-05:00,5906.25,5913.0,5904.5,5912.5,15763
2025-02-28 11:00:00-05:00,5912.5,5914.25,5907.25,5909.75,20765
2025-02-28 11:05:00-05:00,5909.75,5913.75,5905.0,5908.5,18098
2025-02-28 11:10:00-05:00,5908.75,5910.0,5897.5,5899.75,20922
2025-02-28 11:15:00-05:00,5900.0,5900.5,5887.0,5895.75,29134
2025-02-28 11:20:00-05:00,5895.75,5902.0,5892.25,5893.75,21215
2025-02-28 11:25:00-05:00,5893.5,5895.25,5883.5,5884.25,21794
2025-02-28 11:30:00-05:00,5884.5,5897.25,5881.75,5896.75,24990
2025-02-28 11:35:00-05:00,5897.0,5902.75,5894.0,5899.25,17400
2025-02-28 11:40:00-05:00,5899.0,5906.0,5898.25,5902.5,16553
2025-02-28 11:45:00-05:00,5902.75,5907.5,5898.75,5905.25,14088
2025-02-28 11:50:00-05:00,5905.0,5906.75,5898.25,5904.0,12724
2025-02-28 11:55:00-05:00,5904.0,5904.5,5894.75,5897.25,15252
2025-02-28 12:00:00-05:00,5897.25,5899.5,5890.25,5890.5,18312
2025-02-28 12:05:00-05:00,5890.5,5895.75,5888.75,5892.25,18198
2025-02-28 12:10:00-05:00,5892.0,5901.25,5891.5,5899.5,13484
2025-02-28 12:15:00-05:00,5899.5,5906.25,5896.5,5904.75,12740
2025-02-28 12:20:00-05:00,5904.75,5907.0,5888.5,5892.75,22929
2025-02-28 12:25:00-05:00,5893.0,5898.5,5892.0,5894.25,13783
2025-02-28 12:30:00-05:00,5894.0,5895.5,5887.75,5890.5,15137
2025-02-28 12:35:00-05:00,5890.5,5892.75,5886.0,5890.25,11399
2025-02-28 12:40:00-05:00,5890.25,5891.0,5872.75,5876.75,25725
2025-02-28 12:45:00-05:00,5876.75,5880.0,5865.75,5866.25,31515
2025-02-28 12:50:00-05:00,5866.25,5878.5,5863.0,5874.0,29143
2025-02-28 12:55:00-05:00,5873.75,5874.25,5859.5,5860.25,25550
2025-02-28 13:00:00-05:00,5860.25,5871.5,5858.0,5864.75,26384
2025-02-28 13:05:00-05:00,5864.5,5867.0,5861.0,5863.0,18902
2025-02-28 13:10:00-05:00,5862.75,5865.0,5859.5,5864.75,16284
2025-02-28 13:15:00-05:00,5864.75,5869.5,5848.5,5850.25,55644
2025-02-28 13:20:00-05:00,5850.25,5856.75,5848.0,5849.75,32049
2025-02-28 13:25:00-05:00,5849.75,5871.5,5849.75,5870.75,32366
2025-02-28 13:30:00-05:00,5870.75,5877.75,5866.5,5877.0,34424
2025-02-28 13:35:00-05:00,5877.0,5883.5,5876.0,5882.0,25677
2025-02-28 13:40:00-05:00,5882.0,5889.0,5875.0,5883.0,31419
2025-02-28 13:45:00-05:00,5882.75,5885.0,5877.5,5881.0,18080
2025-02-28 13:50:00-05:00,5880.75,5887.0,5878.5,5880.75,15952
2025-02-28 13:55:00-05:00,5880.5,5881.25,5859.25,5859.5,25095
2025-02-28 14:00:00-05:00,5859.5,5872.75,5859.0,5867.25,24876
2025-02-28 14:05:00-05:00,5867.0,5874.75,5866.25,5870.0,20968
2025-02-28 14:10:00-05:00,5870.0,5871.5,5865.5,5868.25,16003
2025-02-28 14:15:00-05:00,5868.25,5881.75,5868.0,5881.25,18027
2025-02-28 14:20:00-05:00,5881.5,5882.0,5869.0,5875.75,18244
2025-02-28 14:25:00-05:00,5876.0,5882.0,5876.0,5880.25,12921
2025-02-28 14:30:00-05:00,5880.25,5890.5,5876.0,5885.75,22863
2025-02-28 14:35:00-05:00,5885.75,5898.0,5883.25,5893.75,19314
2025-02-28 14:40:00-05:00,5894.0,5900.5,5891.5,5897.5,20589
2025-02-28 14:45:00-05:00,5897.75,5903.5,5895.5,5901.25,19222
2025-02-28 14:50:00-05:00,5901.5,5906.0,5896.25,5900.5,23527
2025-02-28 14:55:00-05:00,5900.75,5906.25,5898.5,5904.5,19438
2025-02-28 15:00:00-05:00,5904.5,5912.75,5901.75,5912.0,26270
2025-02-28 15:05:00-05:00,5912.0,5916.75,5909.0,5914.25,23496
2025-02-28 15:10:00-05:00,5914.25,5915.5,5907.0,5910.75,20778
2025-02-28 15:15:00-05:00,5910.5,5913.75,5906.75,5907.5,16706
2025-02-28 15:20:00-05:00,5907.75,5909.5,5900.25,5907.0,25456
2025-02-28 15:25:00-05:00,5906.75,5920.5,5906.25,5920.0,25780
2025-02-28 15:30:00-05:00,5919.75,5920.25,5906.25,5907.25,27677
2025-02-28 15:35:00-05:00,5907.25,5916.5,5902.5,5914.0,27016
2025-02-28 15:40:00-05:00,5914.25,5925.25,5913.5,5922.0,33212
2025-02-28 15:45:00-05:00,5922.0,5930.5,5919.25,5930.25,33023
2025-02-28 15:50:00-05:00,5930.0,5949.5,5929.0,5949.0,68349
2025-02-28 15:55:00-05:00,5949.25,5971.0,5949.25,5964.0,208063
2025-02-28 16:00:00-05:00,5964.25,5965.75,5957.5,5957.5,78570
2025-02-28 16:05:00-05:00,5957.75,5962.75,5953.75,5960.5,21429
2025-02-28 16:10:00-05:00,5960.5,5961.0,5955.75,5957.25,11077
2025-02-28 16:15:00-05:00,5957.5,5959.25,5955.25,5959.0,4837
2025-02-28 16:20:00-05:00,5959.25,5962.5,5959.0,5960.5,5987
2025-02-28 16:25:00-05:00,5960.5,5961.0,5957.75,5958.0,3577
2025-02-28 16:30:00-05:00,5957.75,5959.5,5957.25,5958.0,2221
2025-02-28 16:35:00-05:00,5957.75,5958.75,5956.75,5957.0,2107
2025-02-28 16:40:00-05:00,5957.0,5958.5,5957.0,5958.0,1542
2025-02-28 16:45:00-05:00,5957.75,5959.5,5957.25,5957.75,2640
2025-02-28 16:50:00-05:00,5957.75,5960.5,5957.5,5959.25,1996
2025-02-28 16:55:00-05:00,5959.5,5960.0,5957.5,5958.0,2534
2025-03-02 18:00:00-05:00,5967.5,5976.75,5964.25,5975.5,6689
2025-03-02 18:05:00-05:00,5975.75,5983.25,5974.5,5983.0,2622
2025-03-02 18:10:00-05:00,5983.0,5984.5,5980.25,5983.5,1732
2025-03-02 18:15:00-05:00,5983.5,5984.0,5980.75,5981.25,1438
2025-03-02 18:20:00-05:00,5981.25,5981.75,5977.5,5979.5,2135
2025-03-02 18:25:00-05:00,5979.75,5981.75,5976.5,5978.25,1595
2025-03-02 18:30:00-05:00,5978.25,5980.0,5976.0,5977.75,1328
2025-03-02 18:35:00-05:00,5978.0,5980.25,5976.0,5977.25,1172
2025-03-02 18:40:00-05:00,5977.25,5978.25,5974.25,5975.5,1032
2025-03-02 18:45:00-05:00,5975.75,5978.25,5971.75,5973.25,1390
2025-03-02 18:50:00-05:00,5973.25,5974.5,5970.5,5971.5,1887
2025-03-02 18:55:00-05:00,5971.5,5974.75,5970.5,5974.25,1076
2025-03-02 19:00:00-05:00,5974.5,5975.75,5965.5,5967.75,2738
2025-03-02 19:05:00-05:00,5967.75,5969.0,5964.25,5968.25,1373
2025-03-02 19:10:00-05:00,5968.25,5968.5,5960.25,5960.25,2155
2025-03-02 19:15:00-05:00,5960.25,5962.25,5953.5,5957.25,4678
2025-03-02 19:20:00-05:00,5957.25,5961.0,5955.0,5956.5,2145
2025-03-02 19:25:00-05:00,5956.75,5958.5,5954.75,5956.0,1187
2025-03-02 19:30:00-05:00,5956.25,5957.5,5952.25,5955.5,1672
2025-03-02 19:35:00-05:00,5955.0,5955.0,5947.0,5953.75,2766
2025-03-02 19:40:00-05:00,5953.75,5957.75,5953.0,5957.0,1379
2025-03-02 19:45:00-05:00,5957.0,5960.0,5956.75,5959.25,1294
2025-03-02 19:50:00-05:00,5959.5,5960.25,5957.0,5957.5,1119
2025-03-02 19:55:00-05:00,5957.5,5958.25,5952.75,5955.25,1413
2025-03-02 20:00:00-05:00,5955.25,5960.25,5951.5,5957.5,3010
2025-03-02 20:05:00-05:00,5957.5,5962.75,5957.25,5960.0,1448
2025-03-02 20:10:00-05:00,5959.75,5960.5,5956.5,5958.0,1117
2025-03-02 20:15:00-05:00,5958.25,5958.25,5954.25,5956.5,1049
2025-03-02 20:20:00-05:00,5956.75,5959.0,5955.5,5958.75,839
2025-03-02 20:25:00-05:00,5958.75,5961.25,5957.5,5960.25,785
2025-03-02 20:30:00-05:00,5960.0,5960.5,5956.75,5959.25,1045
2025-03-02 20:35:00-05:00,5959.0,5959.75,5954.5,5957.25,867
2025-03-02 20:40:00-05:00,5957.0,5957.5,5954.5,5957.5,672
2025-03-02 20:45:00-05:00,5957.5,5962.25,5956.0,5961.25,1411
2025-03-02 20:50:00-05:00,5961.25,5964.25,5961.0,5964.0,1008
2025-03-02 20:55:00-05:00,5963.75,5966.75,5963.75,5965.25,1142
2025-03-02 21:00:00-05:00,5965.25,5967.25,5964.5,5966.25,984
2025-03-02 21:05:00-05:00,5966.0,5969.0,5965.0,5967.0,1128
2025-03-02 21:10:00-05:00,5967.0,5968.0,5965.5,5966.75,665
2025-03-02 21:15:00-05:00,5967.0,5967.25,5964.5,5965.75,595
2025-03-02 21:20:00-05:00,5965.75,5966.25,5962.5,5964.0,648
2025-03-02 21:25:00-05:00,5964.0,5965.5,5961.75,5962.75,642
2025-03-02 21:30:00-05:00,5962.5,5963.75,5959.75,5962.75,1038
2025-03-02 21:35:00-05:00,5963.0,5965.75,5963.0,5964.5,792
2025-03-02 21:40:00-05:00,5964.5,5965.25,5963.75,5964.5,357
2025-03-02 21:45:00-05:00,5964.5,5966.0,5963.25,5964.5,511
2025-03-02 21:50:00-05:00,5964.75,5968.25,5964.75,5967.25,715
2025-03-02 21:55:00-05:00,5967.25,5967.5,5963.25,5964.25,675
2025-03-02 22:00:00-05:00,5964.25,5965.0,5960.75,5962.5,894
2025-03-02 22:05:00-05:00,5962.75,5962.75,5959.75,5960.75,813
2025-03-02 22:10:00-05:00,5960.5,5961.25,5959.75,5960.5,767
2025-03-02 22:15:00-05:00,5960.75,5961.75,5959.25,5960.0,447
2025-03-02 22:20:00-05:00,5960.0,5962.0,5957.5,5958.0,1062
2025-03-02 22:25:00-05:00,5958.25,5961.0,5957.5,5960.25,535
2025-03-02 22:30:00-05:00,5960.25,5961.5,5958.5,5961.0,1432
2025-03-02 22:35:00-05:00,5961.0,5963.0,5960.75,5962.75,426
2025-03-02 22:40:00-05:00,5962.5,5963.0,5961.5,5962.0,359
2025-03-02 22:45:00-05:00,5962.0,5963.75,5962.0,5963.25,354
2025-03-02 22:50:00-05:00,5963.0,5964.75,5963.0,5964.0,375
2025-03-02 22:55:00-05:00,5964.0,5965.5,5963.75,5965.0,273
2025-03-02 23:00:00-05:00,5964.75,5967.0,5964.5,5965.75,389
2025-03-02 23:05:00-05:00,5965.5,5967.25,5964.25,5967.25,506
2025-03-02 23:10:00-05:00,5967.0,5969.5,5966.75,5969.0,668
2025-03-02 23:15:00-05:00,5969.0,5969.75,5968.5,5969.0,336
2025-03-02 23:20:00-05:00,5969.0,5970.75,5968.25,5970.25,441
2025-03-02 23:25:00-05:00,5970.25,5971.0,5969.25,5970.25,333
2025-03-02 23:30:00-05:00,5970.25,5970.25,5968.75,5970.0,255
2025-03-02 23:35:00-05:00,5969.75,5971.0,5969.0,5969.25,501
2025-03-02 23:40:00-05:00,5969.0,5971.25,5969.0,5970.5,374
2025-03-02 23:45:00-05:00,5970.25,5970.75,5969.5,5970.75,246
2025-03-02 23:50:00-05:00,5971.0,5971.5,5970.0,5970.5,253
2025-03-02 23:55:00-05:00,5970.5,5972.5,5970.25,5972.0,352
2025-03-03 00:00:00-05:00,5972.0,5973.75,5970.75,5972.75,942
2025-03-03 00:05:00-05:00,5973.0,5973.25,5970.75,5971.25,389
2025-03-03 00:10:00-05:00,5971.5,5973.25,5971.5,5973.0,337
2025-03-03 00:15:00-05:00,5973.25,5974.5,5972.5,5974.25,484
2025-03-03 00:20:00-05:00,5974.0,5974.5,5972.25,5974.25,493
2025-03-03 00:25:00-05:00,5974.25,5976.25,5974.25,5975.25,622
2025-03-03 00:30:00-05:00,5975.0,5976.0,5972.75,5975.75,563
2025-03-03 00:35:00-05:00,5975.75,5977.75,5975.75,5977.25,635
2025-03-03 00:40:00-05:00,5977.25,5979.25,5977.25,5977.75,753
2025-03-03 00:45:00-05:00,5977.75,5977.75,5976.0,5976.0,395
2025-03-03 00:50:00-05:00,5976.0,5977.0,5976.0,5976.5,318
2025-03-03 00:55:00-05:00,5976.5,5977.5,5976.25,5977.25,288
2025-03-03 01:00:00-05:00,5977.25,5977.75,5974.75,5976.5,1381
2025-03-03 01:05:00-05:00,5976.75,5976.75,5973.5,5974.0,593
2025-03-03 01:10:00-05:00,5973.75,5974.5,5972.5,5973.25,439
2025-03-03 01:15:00-05:00,5973.25,5973.75,5972.5,5972.75,329
2025-03-03 01:20:00-05:00,5973.0,5973.75,5971.75,5972.75,505
2025-03-03 01:25:00-05:00,5973.0,5974.75,5973.0,5974.0,490
2025-03-03 01:30:00-05:00,5974.0,5975.25,5972.25,5972.75,798
2025-03-03 01:35:00-05:00,5973.0,5975.75,5972.75,5975.25,596
2025-03-03 01:40:00-05:00,5975.25,5977.0,5974.0,5976.75,845
2025-03-03 01:45:00-05:00,5976.75,5979.5,5975.5,5978.5,1031
2025-03-03 01:50:00-05:00,5978.75,5982.25,5977.5,5980.5,1366
2025-03-03 01:55:00-05:00,5980.5,5980.75,5978.25,5979.5,614
2025-03-03 02:00:00-05:00,5979.5,5980.75,5975.25,5976.0,1329
2025-03-03 02:05:00-05:00,5975.75,5976.5,5973.0,5974.25,704
2025-03-03 02:10:00-05:00,5974.25,5975.0,5972.5,5972.75,608
2025-03-03 02:15:00-05:00,5973.0,5974.5,5972.5,5973.75,861
2025-03-03 02:20:00-05:00,5973.75,5974.25,5969.75,5970.25,1327
2025-03-03 02:25:00-05:00,5970.5,5971.0,5964.75,5966.0,1903
2025-03-03 02:30:00-05:00,5966.25,5971.25,5965.75,5971.25,1832
2025-03-03 02:35:00-05:00,5971.0,5974.0,5970.25,5973.75,796
2025-03-03 02:40:00-05:00,5974.0,5975.5,5973.0,5975.0,1007
2025-03-03 02:45:00-05:00,5974.75,5975.5,5972.75,5974.0,1095
2025-03-03 02:50:00-05:00,5973.5,5975.75,5972.5,5972.75,912
2025-03-03 02:55:00-05:00,5972.75,5972.75,5969.5,5971.25,1760
2025-03-03 03:00:00-05:00,5971.0,5976.75,5969.25,5976.5,3411
2025-03-03 03:05:00-05:00,5976.5,5978.5,5974.0,5976.75,1997
2025-03-03 03:10:00-05:00,5976.75,5977.75,5973.5,5974.25,1461
2025-03-03 03:15:00-05:00,5974.25,5975.0,5967.0,5967.75,2904
2025-03-03 03:20:00-05:00,5967.75,5969.0,5963.5,5963.75,2870
2025-03-03 03:25:00-05:00,5963.75,5964.25,5955.75,5960.25,4816
2025-03-03 03:30:00-05:00,5960.25,5963.0,5957.5,5961.5,2646
2025-03-03 03:35:00-05:00,5961.0,5965.5,5960.0,5965.0,2549
2025-03-03 03:40:00-05:00,5964.75,5971.25,5964.75,5969.5,2697
2025-03-03 03:45:00-05:00,5969.75,5971.25,5964.5,5966.25,1722
2025-03-03 03:50:00-05:00,5966.25,5967.5,5963.5,5963.75,1830
2025-03-03 03:55:00-05:00,5964.25,5967.0,5964.0,5966.75,1712
2025-03-03 04:00:00-05:00,5967.0,5967.25,5963.0,5965.0,2952
2025-03-03 04:05:00-05:00,5965.0,5966.5,5962.25,5963.0,1889
2025-03-03 04:10:00-05:00,5963.25,5966.75,5963.0,5966.0,1748
2025-03-03 04:15:00-05:00,5966.0,5971.5,5965.5,5971.0,1984
2025-03-03 04:20:00-05:00,5971.0,5972.0,5969.25,5971.25,1285
2025-03-03 04:25:00-05:00,5971.25,5972.75,5970.0,5971.5,1345
2025-03-03 04:30:00-05:00,5971.5,5974.5,5971.5,5974.25,1124
2025-03-03 04:35:00-05:00,5974.25,5976.0,5972.75,5974.75,1393
2025-03-03 04:40:00-05:00,5974.75,5976.25,5974.0,5975.75,1070
2025-03-03 04:45:00-05:00,5975.75,5979.0,5975.0,5977.75,1495
2025-03-03 04:50:00-05:00,5978.0,5982.0,5977.5,5981.5,2085
2025-03-03 04:55:00-05:00,5981.5,5982.5,5980.5,5982.0,1240
2025-03-03 05:00:00-05:00,5982.0,5983.5,5979.5,5980.25,1615
2025-03-03 05:05:00-05:00,5980.75,5981.0,5978.0,5978.0,1100
2025-03-03 05:10:00-05:00,5978.25,5979.0,5976.25,5976.5,1290
2025-03-03 05:15:00-05:00,5976.5,5978.25,5975.25,5975.25,1025
2025-03-03 05:20:00-05:00,5975.5,5978.0,5975.0,5975.75,1093
2025-03-03 05:25:00-05:00,5975.5,5977.0,5974.75,5976.75,801
2025-03-03 05:30:00-05:00,5977.0,5978.75,5976.25,5978.5,961
2025-03-03 05:35:00-05:00,5978.5,5981.75,5978.0,5981.5,1194
2025-03-03 05:40:00-05:00,5981.75,5982.0,5980.5,5980.75,1177
2025-03-03 05:45:00-05:00,5980.5,5981.75,5980.25,5981.5,925
2025-03-03 05:50:00-05:00,5981.75,5982.75,5980.5,5981.5,1772
2025-03-03 05:55:00-05:00,5981.5,5982.75,5980.5,5982.0,1071
2025-03-03 06:00:00-05:00,5982.0,5983.0,5980.75,5982.75,1149
2025-03-03 06:05:00-05:00,5982.5,5986.0,5982.25,5985.5,1663
2025-03-03 06:10:00-05:00,5985.25,5985.5,5982.25,5985.25,911
2025-03-03 06:15:00-05:00,5985.25,5985.25,5983.25,5984.0,1157
2025-03-03 06:20:00-05:00,5984.0,5985.75,5983.0,5985.5,1051
2025-03-03 06:25:00-05:00,5985.5,5986.5,5984.5,5986.25,786
2025-03-03 06:30:00-05:00,5986.5,5986.75,5985.0,5985.75,711
2025-03-03 06:35:00-05:00,5985.5,5985.5,5982.5,5983.0,1090
2025-03-03 06:40:00-05:00,5983.0,5986.25,5983.0,5985.75,694
2025-03-03 06:45:00-05:00,5985.75,5986.0,5984.25,5985.75,796
2025-03-03 06:50:00-05:00,5985.75,5987.25,5985.25,5987.25,668
2025-03-03 06:55:00-05:00,5987.25,5989.25,5985.5,5988.5,1488
2025-03-03 07:00:00-05:00,5988.25,5995.0,5986.25,5995.0,3644
2025-03-03 07:05:00-05:00,5995.0,5997.75,5993.75,5994.75,3892
2025-03-03 07:10:00-05:00,5994.5,5999.75,5992.75,5999.0,3549
2025-03-03 07:15:00-05:00,5999.0,6000.5,5994.75,5995.25,3267
2025-03-03 07:20:00-05:00,5995.5,5999.75,5995.25,5998.75,3333
2025-03-03 07:25:00-05:00,5999.0,5999.0,5993.25,5994.5,2402
2025-03-03 07:30:00-05:00,5994.5,5995.75,5991.25,5992.5,2899
2025-03-03 07:35:00-05:00,5992.5,5993.5,5991.25,5992.75,1611
2025-03-03 07:40:00-05:00,5992.5,5993.0,5990.75,5992.75,2159
2025-03-03 07:45:00-05:00,5993.0,5993.75,5991.75,5992.75,1299
2025-03-03 07:50:00-05:00,5993.0,5994.5,5991.25,5991.5,1953
2025-03-03 07:55:00-05:00,5991.75,5993.5,5989.75,5992.0,2764
2025-03-03 08:00:00-05:00,5991.75,5993.25,5989.25,5989.75,1947
2025-03-03 08:05:00-05:00,5989.75,5990.75,5988.5,5988.75,2487
2025-03-03 08:10:00-05:00,5988.5,5988.5,5985.5,5986.0,2444
2025-03-03 08:15:00-05:00,5986.25,5987.25,5985.0,5986.5,2159
2025-03-03 08:20:00-05:00,5986.5,5989.5,5984.5,5989.25,3024
2025-03-03 08:25:00-05:00,5989.5,5990.5,5988.5,5989.5,2174
2025-03-03 08:30:00-05:00,5989.5,5989.5,5983.0,5986.25,4108
2025-03-03 08:35:00-05:00,5986.0,5986.25,5982.25,5983.0,3353
2025-03-03 08:40:00-05:00,5983.0,5984.25,5980.75,5983.75,3194
2025-03-03 08:45:00-05:00,5983.5,5985.5,5982.75,5985.0,2208
2025-03-03 08:50:00-05:00,5985.25,5986.5,5980.25,5985.25,5184
2025-03-03 08:55:00-05:00,5985.25,5987.5,5983.25,5985.25,4330
2025-03-03 09:00:00-05:00,5985.25,5990.5,5983.75,5990.25,4612
2025-03-03 09:05:00-05:00,5990.25,5992.75,5989.75,5990.5,4547
2025-03-03 09:10:00-05:00,5990.75,5991.0,5986.5,5988.5,4336
2025-03-03 09:15:00-05:00,5988.5,5992.5,5988.5,5991.0,4373
2025-03-03 09:20:00-05:00,5991.25,5991.75,5988.0,5988.5,3437
2025-03-03 09:25:00-05:00,5988.5,5988.5,5982.75,5984.75,8484
2025-03-03 09:30:00-05:00,5984.75,5997.0,5980.5,5992.5,44008
2025-03-03 09:35:00-05:00,5992.5,5994.0,5974.25,5976.25,37557
2025-03-03 09:40:00-05:00,5976.5,5981.0,5969.75,5972.25,30876
2025-03-03 09:45:00-05:00,5972.0,5980.5,5964.0,5966.25,42103
2025-03-03 09:50:00-05:00,5966.25,5969.75,5960.5,5963.0,36766
2025-03-03 09:55:00-05:00,5963.0,5964.75,5947.75,5951.5,31815
2025-03-03 10:00:00-05:00,5951.5,5952.75,5930.5,5951.25,55533
2025-03-03 10:05:00-05:00,5951.5,5957.75,5940.75,5942.25,44348
2025-03-03 10:10:00-05:00,5942.25,5955.0,5939.5,5942.25,35117
2025-03-03 10:15:00-05:00,5942.0,5947.5,5937.5,5944.5,32648
2025-03-03 10:20:00-05:00,5944.5,5961.75,5943.25,5955.0,33960
2025-03-03 10:25:00-05:00,5954.75,5964.75,5953.5,5964.0,28264
2025-03-03 10:30:00-05:00,5964.25,5969.5,5957.75,5963.5,39003
2025-03-03 10:35:00-05:00,5963.25,5964.0,5949.75,5960.25,28008
2025-03-03 10:40:00-05:00,5960.0,5974.75,5955.0,5974.25,26470
2025-03-03 10:45:00-05:00,5974.0,5974.0,5953.25,5956.75,28473
2025-03-03 10:50:00-05:00,5956.5,5964.75,5954.25,5961.75,16709
2025-03-03 10:55:00-05:00,5961.75,5963.5,5945.0,5947.25,23644
2025-03-03 11:00:00-05:00,5947.25,5957.0,5947.25,5954.5,21291
2025-03-03 11:05:00-05:00,5954.5,5958.75,5949.5,5952.5,20491
2025-03-03 11:10:00-05:00,5952.75,5958.75,5945.75,5955.5,24024
2025-03-03 11:15:00-05:00,5955.75,5960.5,5951.5,5959.25,18468
2025-03-03 11:20:00-05:00,5959.25,5968.75,5957.5,5967.25,18335
2025-03-03 11:25:00-05:00,5967.5,5967.5,5946.75,5947.25,25672
2025-03-03 11:30:00-05:00,5947.0,5951.5,5945.0,5946.0,23249
2025-03-03 11:35:00-05:00,5945.75,5950.25,5937.5,5939.75,22818
2025-03-03 11:40:00-05:00,5939.75,5941.75,5934.5,5936.25,17909
2025-03-03 11:45:00-05:00,5936.0,5950.0,5935.5,5949.25,19615
2025-03-03 11:50:00-05:00,5949.25,5956.25,5947.75,5953.0,16574
2025-03-03 11:55:00-05:00,5953.0,5957.5,5951.75,5953.5,14089
2025-03-03 12:00:00-05:00,5953.5,5955.5,5950.0,5953.75,12628
2025-03-03 12:05:00-05:00,5953.75,5960.5,5952.75,5955.0,12956
2025-03-03 12:10:00-05:00,5955.25,5961.5,5955.0,5959.75,9911
2025-03-03 12:15:00-05:00,5959.75,5964.5,5955.5,5963.5,11838
2025-03-03 12:20:00-05:00,5963.5,5964.75,5960.25,5962.0,8870
2025-03-03 12:25:00-05:00,5962.0,5964.25,5957.5,5960.75,9137
2025-03-03 12:30:00-05:00,5961.0,5963.0,5956.75,5958.0,8783
2025-03-03 12:35:00-05:00,5958.0,5961.5,5954.5,5960.5,11122
2025-03-03 12:40:00-05:00,5960.5,5965.5,5958.75,5959.75,9971
2025-03-03 12:45:00-05:00,5959.75,5960.0,5950.25,5955.75,12394
2025-03-03 12:50:00-05:00,5955.5,5956.75,5945.5,5946.0,12517
2025-03-03 12:55:00-05:00,5946.0,5947.25,5937.25,5943.25,23591
2025-03-03 13:00:00-05:00,5943.25,5944.75,5936.25,5937.25,27067
2025-03-03 13:05:00-05:00,5937.25,5937.25,5921.25,5923.0,28934
2025-03-03 13:10:00-05:00,5922.75,5924.0,5914.25,5916.25,31452
2025-03-03 13:15:00-05:00,5916.5,5923.5,5915.25,5920.25,24548
2025-03-03 13:20:00-05:00,5920.25,5925.75,5915.25,5922.75,17608
2025-03-03 13:25:00-05:00,5922.75,5923.0,5901.5,5904.25,27177
2025-03-03 13:30:00-05:00,5904.25,5910.5,5898.5,5900.25,29638
2025-03-03 13:35:00-05:00,5900.25,5906.0,5897.75,5899.75,21210
2025-03-03 13:40:00-05:00,5899.5,5910.75,5898.75,5907.5,21495
2025-03-03 13:45:00-05:00,5907.25,5924.25,5901.25,5910.25,52239
2025-03-03 13:50:00-05:00,5910.0,5917.5,5906.75,5910.75,26853
2025-03-03 13:55:00-05:00,5910.75,5917.0,5905.25,5914.75,19431
2025-03-03 14:00:00-05:00,5914.5,5925.5,5912.5,5919.75,22811
2025-03-03 14:05:00-05:00,5919.75,5923.5,5916.25,5920.5,13653
2025-03-03 14:10:00-05:00,5920.25,5923.0,5915.0,5916.25,14522
2025-03-03 14:15:00-05:00,5916.25,5918.5,5906.0,5907.5,20445
2025-03-03 14:20:00-05:00,5907.5,5915.75,5907.0,5911.75,15223
2025-03-03 14:25:00-05:00,5911.5,5911.75,5905.25,5908.25,9998
2025-03-03 14:30:00-05:00,5908.0,5921.25,5907.0,5917.5,16348
2025-03-03 14:35:00-05:00,5917.75,5920.0,5910.25,5920.0,12852
2025-03-03 14:40:00-05:00,5920.0,5929.5,5920.0,5925.5,22016
2025-03-03 14:45:00-05:00,5925.5,5925.5,5908.0,5909.0,16559
2025-03-03 14:50:00-05:00,5909.0,5913.0,5883.25,5891.25,57572
2025-03-03 14:55:00-05:00,5891.25,5900.0,5882.5,5883.5,41024
2025-03-03 15:00:00-05:00,5883.75,5884.25,5859.0,5866.75,56119
2025-03-03 15:05:00-05:00,5866.5,5870.25,5857.25,5859.25,35417
2025-03-03 15:10:00-05:00,5859.5,5862.0,5843.75,5851.75,48135
2025-03-03 15:15:00-05:00,5851.5,5861.25,5848.75,5849.5,40996
2025-03-03 15:20:00-05:00,5849.5,5853.75,5841.25,5842.25,34753
2025-03-03 15:25:00-05:00,5842.25,5845.5,5831.0,5834.75,37030
2025-03-03 15:30:00-05:00,5834.5,5848.0,5834.5,5836.75,38007
2025-03-03 15:35:00-05:00,5836.5,5839.25,5826.75,5828.25,35072
2025-03-03 15:40:00-05:00,5828.0,5831.5,5821.75,5828.5,34154
2025-03-03 15:45:00-05:00,5828.5,5845.75,5827.0,5841.25,45072
2025-03-03 15:50:00-05:00,5841.0,5847.5,5836.25,5847.0,43127
2025-03-03 15:55:00-05:00,5847.0,5864.25,5843.75,5862.75,113242
2025-03-03 16:00:00-05:00,5863.0,5871.25,5861.0,5870.75,39533
2025-03-03 16:05:00-05:00,5870.75,5870.75,5867.25,5868.5,8192
2025-03-03 16:10:00-05:00,5868.25,5872.0,5867.25,5870.0,7241
2025-03-03 16:15:00-05:00,5870.0,5876.25,5869.75,5873.75,5704
2025-03-03 16:20:00-05:00,5873.5,5874.0,5871.5,5873.75,2884
2025-03-03 16:25:00-05:00,5873.75,5875.25,5873.25,5874.75,1894
2025-03-03 16:30:00-05:00,5874.5,5876.25,5872.75,5873.5,1783
2025-03-03 16:35:00-05:00,5873.75,5876.25,5873.25,5874.5,2324
2025-03-03 16:40:00-05:00,5874.75,5875.5,5874.0,5875.0,1646
2025-03-03 16:45:00-05:00,5875.0,5875.5,5873.5,5874.75,1765
2025-03-03 16:50:00-05:00,5874.75,5875.0,5874.0,5874.25,1181
2025-03-03 16:55:00-05:00,5874.25,5875.5,5873.75,5875.0,2403
2025-03-03 18:00:00-05:00,5874.0,5874.25,5867.5,5870.75,2310
2025-03-03 18:05:00-05:00,5870.5,5874.0,5870.0,5871.0,1270
2025-03-03 18:10:00-05:00,5871.0,5872.75,5869.25,5871.5,1300
2025-03-03 18:15:00-05:00,5871.25,5875.75,5871.25,5874.0,1179
2025-03-03 18:20:00-05:00,5874.25,5877.25,5871.75,5876.75,1588
2025-03-03 18:25:00-05:00,5877.0,5880.75,5876.0,5878.25,1559
2025-03-03 18:30:00-05:00,5878.5,5881.0,5876.25,5877.5,3358
2025-03-03 18:35:00-05:00,5877.75,5877.75,5875.25,5876.0,2920
2025-03-03 18:40:00-05:00,5876.0,5876.5,5871.0,5872.5,2000
2025-03-03 18:45:00-05:00,5872.25,5873.0,5868.0,5868.0,2026
2025-03-03 18:50:00-05:00,5868.0,5871.25,5868.0,5870.75,1724
2025-03-03 18:55:00-05:00,5870.75,5873.0,5868.25,5870.25,1162
2025-03-03 19:00:00-05:00,5870.25,5871.75,5868.0,5869.5,1209
2025-03-03 19:05:00-05:00,5869.75,5874.25,5866.75,5867.75,1277
2025-03-03 19:10:00-05:00,5867.75,5869.0,5866.0,5869.0,986
2025-03-03 19:15:00-05:00,5868.75,5874.0,5866.5,5873.5,1486
2025-03-03 19:20:00-05:00,5873.25,5877.0,5873.0,5875.0,1549
2025-03-03 19:25:00-05:00,5875.0,5875.5,5872.5,5873.75,783
2025-03-03 19:30:00-05:00,5873.75,5874.25,5870.5,5871.25,598
2025-03-03 19:35:00-05:00,5871.25,5875.25,5870.5,5874.25,731
2025-03-03 19:40:00-05:00,5874.25,5874.75,5869.25,5869.5,710
2025-03-03 19:45:00-05:00,5869.75,5871.5,5861.5,5870.5,3507
2025-03-03 19:50:00-05:00,5871.0,5876.5,5868.75,5875.5,2168
2025-03-03 19:55:00-05:00,5875.5,5879.5,5874.5,5877.0,1745
2025-03-03 20:00:00-05:00,5877.25,5881.5,5874.0,5875.25,2385
2025-03-03 20:05:00-05:00,5875.5,5876.5,5873.5,5874.5,627
2025-03-03 20:10:00-05:00,5874.75,5877.0,5869.0,5870.25,1414
2025-03-03 20:15:00-05:00,5870.5,5874.25,5868.5,5869.25,1520
2025-03-03 20:20:00-05:00,5869.25,5871.75,5866.0,5868.5,1667
2025-03-03 20:25:00-05:00,5868.5,5869.5,5866.0,5867.5,1366
2025-03-03 20:30:00-05:00,5867.75,5868.75,5860.25,5863.75,3022
2025-03-03 20:35:00-05:00,5863.75,5866.0,5861.25,5863.0,1837
2025-03-03 20:40:00-05:00,5863.0,5868.25,5862.75,5867.0,1602
2025-03-03 20:45:00-05:00,5866.75,5870.0,5866.0,5868.5,948
2025-03-03 20:50:00-05:00,5868.25,5869.0,5865.75,5867.0,743
2025-03-03 20:55:00-05:00,5867.0,5868.75,5859.5,5861.25,2308
2025-03-03 21:00:00-05:00,5861.75,5868.5,5859.75,5862.75,2551
2025-03-03 21:05:00-05:00,5862.75,5863.5,5860.0,5863.5,1180
2025-03-03 21:10:00-05:00,5863.5,5867.5,5863.0,5866.75,888
2025-03-03 21:15:00-05:00,5866.75,5868.5,5866.25,5867.25,492
2025-03-03 21:20:00-05:00,5867.25,5869.5,5866.0,5868.0,784
2025-03-03 21:25:00-05:00,5868.0,5869.75,5867.0,5869.0,607
2025-03-03 21:30:00-05:00,5868.75,5872.25,5867.75,5871.0,874
2025-03-03 21:35:00-05:00,5871.0,5872.75,5870.5,5871.25,854
2025-03-03 21:40:00-05:00,5871.0,5873.75,5871.0,5871.25,589
2025-03-03 21:45:00-05:00,5871.0,5873.0,5871.0,5871.5,389
2025-03-03 21:50:00-05:00,5871.75,5872.75,5869.5,5871.25,1018
2025-03-03 21:55:00-05:00,5871.0,5873.25,5870.75,5871.0,388
2025-03-03 22:00:00-05:00,5871.0,5872.5,5868.25,5870.0,544
2025-03-03 22:05:00-05:00,5870.0,5873.0,5869.0,5869.5,651
2025-03-03 22:10:00-05:00,5869.25,5871.25,5867.0,5867.75,848
2025-03-03 22:15:00-05:00,5868.0,5877.75,5867.25,5877.0,1694
2025-03-03 22:20:00-05:00,5876.75,5877.25,5874.0,5876.0,1296
2025-03-03 22:25:00-05:00,5876.0,5877.5,5872.25,5875.25,1243
2025-03-03 22:30:00-05:00,5875.0,5875.75,5872.75,5873.5,505
2025-03-03 22:35:00-05:00,5873.25,5874.0,5872.25,5872.5,366
2025-03-03 22:40:00-05:00,5872.25,5873.0,5869.75,5872.25,867
2025-03-03 22:45:00-05:00,5872.25,5873.75,5870.5,5872.75,663
2025-03-03 22:50:00-05:00,5872.75,5873.75,5871.75,5873.25,301
2025-03-03 22:55:00-05:00,5873.25,5874.75,5872.0,5874.0,489
2025-03-03 23:00:00-05:00,5873.75,5876.0,5870.25,5872.25,1094
2025-03-03 23:05:00-05:00,5872.25,5873.25,5871.25,5872.5,474
2025-03-03 23:10:00-05:00,5872.5,5874.5,5872.25,5873.5,353
2025-03-03 23:15:00-05:00,5873.75,5874.5,5871.75,5873.5,632
2025-03-03 23:20:00-05:00,5873.5,5877.5,5873.5,5876.5,735
2025-03-03 23:25:00-05:00,5876.75,5878.0,5876.0,5876.75,797
2025-03-03 23:30:00-05:00,5877.0,5877.75,5876.75,5877.0,314
2025-03-03 23:35:00-05:00,5877.0,5877.0,5870.25,5870.5,1114
2025-03-03 23:40:00-05:00,5870.25,5871.75,5868.75,5870.5,1094
2025-03-03 23:45:00-05:00,5870.5,5871.0,5869.0,5870.0,630
2025-03-03 23:50:00-05:00,5869.75,5870.5,5868.5,5869.25,567
2025-03-03 23:55:00-05:00,5869.25,5872.25,5868.5,5870.0,997
2025-03-04 00:00:00-05:00,5870.25,5881.5,5859.25,5877.25,7985
2025-03-04 00:05:00-05:00,5877.5,5884.0,5875.5,5877.25,3382
2025-03-04 00:10:00-05:00,5877.25,5877.5,5870.25,5871.5,1925
2025-03-04 00:15:00-05:00,5871.5,5875.5,5870.75,5874.0,901
2025-03-04 00:20:00-05:00,5873.5,5879.5,5873.25,5878.25,1076
2025-03-04 00:25:00-05:00,5878.0,5880.5,5877.75,5879.5,901
2025-03-04 00:30:00-05:00,5879.75,5880.25,5878.0,5879.75,726
2025-03-04 00:35:00-05:00,5879.75,5880.25,5877.5,5878.25,460
2025-03-04 00:40:00-05:00,5877.75,5879.75,5876.5,5877.0,507
2025-03-04 00:45:00-05:00,5877.0,5878.75,5875.75,5876.5,774
2025-03-04 00:50:00-05:00,5876.25,5879.25,5876.25,5877.5,661
2025-03-04 00:55:00-05:00,5877.25,5879.0,5876.25,5877.75,579
2025-03-04 01:00:00-05:00,5877.75,5879.0,5875.25,5876.25,1026
2025-03-04 01:05:00-05:00,5876.5,5876.75,5871.25,5871.25,916
2025-03-04 01:10:00-05:00,5871.0,5872.5,5869.0,5870.0,1018
2025-03-04 01:15:00-05:00,5870.0,5876.0,5870.0,5875.75,725
2025-03-04 01:20:00-05:00,5875.75,5880.25,5875.75,5880.25,1322
2025-03-04 01:25:00-05:00,5880.25,5881.5,5878.25,5879.0,1065
2025-03-04 01:30:00-05:00,5879.0,5881.5,5873.75,5874.0,1119
2025-03-04 01:35:00-05:00,5874.0,5874.25,5870.75,5873.25,1178
2025-03-04 01:40:00-05:00,5873.5,5876.0,5872.5,5874.75,611
2025-03-04 01:45:00-05:00,5874.75,5878.5,5874.0,5878.5,605
2025-03-04 01:50:00-05:00,5878.5,5881.0,5877.25,5878.0,764
2025-03-04 01:55:00-05:00,5877.75,5879.75,5877.25,5878.25,744
2025-03-04 02:00:00-05:00,5878.25,5879.25,5874.25,5876.5,1059
2025-03-04 02:05:00-05:00,5876.5,5877.0,5865.75,5866.0,1231
2025-03-04 02:10:00-05:00,5866.0,5868.0,5861.75,5864.75,2548
2025-03-04 02:15:00-05:00,5864.75,5868.5,5863.0,5868.5,1842
2025-03-04 02:20:00-05:00,5868.5,5868.75,5864.5,5866.5,813
2025-03-04 02:25:00-05:00,5866.25,5867.0,5864.25,5865.75,963
2025-03-04 02:30:00-05:00,5865.75,5868.25,5863.25,5866.25,1096
2025-03-04 02:35:00-05:00,5866.25,5868.0,5862.75,5864.0,1346
2025-03-04 02:40:00-05:00,5864.25,5867.5,5860.25,5866.75,1141
2025-03-04 02:45:00-05:00,5867.0,5867.75,5864.25,5866.0,1383
2025-03-04 02:50:00-05:00,5865.75,5868.5,5864.5,5864.5,1387
2025-03-04 02:55:00-05:00,5864.75,5865.75,5860.0,5863.25,1628
2025-03-04 03:00:00-05:00,5863.0,5866.75,5859.25,5862.75,4413
2025-03-04 03:05:00-05:00,5862.25,5865.5,5856.5,5860.25,3587
2025-03-04 03:10:00-05:00,5860.25,5869.25,5859.25,5868.5,2629
2025-03-04 03:15:00-05:00,5868.75,5870.0,5862.75,5866.5,1989
2025-03-04 03:20:00-05:00,5866.5,5870.5,5865.0,5868.75,1819
2025-03-04 03:25:00-05:00,5868.75,5871.0,5865.75,5869.5,1984
2025-03-04 03:30:00-05:00,5869.5,5878.25,5868.0,5874.5,2723
2025-03-04 03:35:00-05:00,5874.5,5877.75,5873.5,5877.25,2322
2025-03-04 03:40:00-05:00,5877.25,5878.5,5874.75,5877.75,1977
2025-03-04 03:45:00-05:00,5878.0,5878.0,5866.0,5866.0,2272
2025-03-04 03:50:00-05:00,5866.0,5866.5,5862.25,5865.5,2040
2025-03-04 03:55:00-05:00,5865.25,5870.0,5865.25,5867.75,1256
2025-03-04 04:00:00-05:00,5867.75,5876.5,5866.25,5873.5,3274
2025-03-04 04:05:00-05:00,5873.75,5874.25,5871.0,5873.75,1775
2025-03-04 04:10:00-05:00,5873.75,5877.0,5868.25,5869.75,2559
2025-03-04 04:15:00-05:00,5869.75,5870.25,5864.75,5867.25,1781
2025-03-04 04:20:00-05:00,5867.5,5870.0,5866.0,5868.25,1796
2025-03-04 04:25:00-05:00,5868.25,5870.75,5865.75,5869.5,1415
2025-03-04 04:30:00-05:00,5869.25,5869.75,5865.75,5866.25,1674
2025-03-04 04:35:00-05:00,5866.0,5866.75,5862.75,5865.0,1931
2025-03-04 04:40:00-05:00,5865.25,5869.0,5859.5,5868.5,2468
2025-03-04 04:45:00-05:00,5868.5,5871.5,5867.5,5868.75,1394
2025-03-04 04:50:00-05:00,5868.5,5868.5,5861.0,5864.25,1246
2025-03-04 04:55:00-05:00,5864.5,5866.25,5862.5,5863.25,1276
2025-03-04 05:00:00-05:00,5863.0,5863.5,5850.25,5857.25,4575
2025-03-04 05:05:00-05:00,5857.25,5863.75,5856.25,5861.25,2464
2025-03-04 05:10:00-05:00,5861.25,5864.5,5860.75,5863.75,1636
2025-03-04 05:15:00-05:00,5863.75,5866.0,5861.5,5863.0,1252
2025-03-04 05:20:00-05:00,5862.75,5863.25,5857.5,5858.0,1619
2025-03-04 05:25:00-05:00,5857.75,5859.5,5852.25,5852.75,1945
2025-03-04 05:30:00-05:00,5852.5,5857.5,5850.25,5853.0,2626
2025-03-04 05:35:00-05:00,5853.0,5853.5,5848.75,5852.0,3008
2025-03-04 05:40:00-05:00,5852.0,5856.0,5851.0,5852.0,1981
2025-03-04 05:45:00-05:00,5852.25,5855.25,5850.0,5853.75,1667
2025-03-04 05:50:00-05:00,5853.75,5858.0,5853.0,5857.5,1768
2025-03-04 05:55:00-05:00,5857.25,5857.75,5854.25,5855.75,1345
2025-03-04 06:00:00-05:00,5855.75,5858.0,5852.5,5852.75,1388
2025-03-04 06:05:00-05:00,5853.0,5860.0,5853.0,5857.0,1242
2025-03-04 06:10:00-05:00,5857.0,5860.75,5855.5,5856.0,2439
2025-03-04 06:15:00-05:00,5856.0,5856.0,5852.0,5854.0,1377
2025-03-04 06:20:00-05:00,5854.0,5856.0,5853.0,5855.5,775
2025-03-04 06:25:00-05:00,5855.5,5859.0,5855.0,5858.75,945
2025-03-04 06:30:00-05:00,5858.75,5861.0,5854.5,5855.5,2362
2025-03-04 06:35:00-05:00,5855.5,5855.75,5849.0,5852.25,2076
2025-03-04 06:40:00-05:00,5852.5,5857.75,5852.5,5857.0,1397
2025-03-04 06:45:00-05:00,5857.0,5860.0,5856.5,5856.75,1184
2025-03-04 06:50:00-05:00,5857.25,5860.5,5855.0,5856.75,1963
2025-03-04 06:55:00-05:00,5856.5,5857.0,5854.5,5856.0,900
2025-03-04 07:00:00-05:00,5855.75,5855.75,5846.25,5846.75,4291
2025-03-04 07:05:00-05:00,5847.0,5850.5,5843.75,5848.0,3393
2025-03-04 07:10:00-05:00,5847.75,5851.5,5844.25,5844.75,2289
2025-03-04 07:15:00-05:00,5844.75,5847.0,5838.25,5838.75,6193
2025-03-04 07:20:00-05:00,5838.75,5840.5,5830.75,5833.0,8768
2025-03-04 07:25:00-05:00,5833.0,5834.5,5821.0,5822.0,10071
2025-03-04 07:30:00-05:00,5822.0,5832.25,5822.0,5830.0,5429
2025-03-04 07:35:00-05:00,5829.75,5834.25,5827.25,5829.5,4041
2025-03-04 07:40:00-05:00,5829.5,5834.0,5827.5,5830.75,4118
2025-03-04 07:45:00-05:00,5830.75,5835.75,5827.5,5831.25,4391
2025-03-04 07:50:00-05:00,5831.25,5834.0,5825.5,5826.75,4349
2025-03-04 07:55:00-05:00,5826.5,5828.0,5822.75,5823.75,4282
2025-03-04 08:00:00-05:00,5824.0,5826.5,5816.5,5818.0,7393
2025-03-04 08:05:00-05:00,5817.75,5826.0,5817.0,5820.5,7633
2025-03-04 08:10:00-05:00,5820.25,5822.0,5817.25,5818.0,5309
2025-03-04 08:15:00-05:00,5817.75,5824.0,5815.5,5817.0,6965
2025-03-04 08:20:00-05:00,5816.75,5820.25,5815.5,5818.25,6477
2025-03-04 08:25:00-05:00,5818.0,5819.25,5812.0,5814.25,7671
2025-03-04 08:30:00-05:00,5814.25,5823.75,5813.5,5821.5,9034
2025-03-04 08:35:00-05:00,5821.25,5826.0,5819.75,5823.5,7983
2025-03-04 08:40:00-05:00,5823.5,5827.75,5821.75,5825.5,7691
2025-03-04 08:45:00-05:00,5825.5,5827.5,5821.5,5826.25,7140
2025-03-04 08:50:00-05:00,5826.0,5828.5,5821.5,5826.75,8174
2025-03-04 08:55:00-05:00,5826.5,5827.0,5818.75,5820.75,7334
2025-03-04 09:00:00-05:00,5820.5,5833.25,5819.5,5830.5,13000
2025-03-04 09:05:00-05:00,5830.25,5834.75,5829.0,5834.5,8574
2025-03-04 09:10:00-05:00,5834.5,5835.75,5831.5,5832.0,6373
2025-03-04 09:15:00-05:00,5832.25,5832.5,5823.75,5824.75,8384
2025-03-04 09:20:00-05:00,5824.75,5825.75,5820.0,5824.25,7215
2025-03-04 09:25:00-05:00,5824.25,5833.25,5817.75,5819.0,29902
2025-03-04 09:30:00-05:00,5819.0,5820.75,5802.25,5807.5,77445
2025-03-04 09:35:00-05:00,5807.75,5824.25,5806.25,5813.5,65618
2025-03-04 09:40:00-05:00,5813.5,5821.5,5798.0,5806.5,76016
2025-03-04 09:45:00-05:00,5806.75,5818.5,5801.25,5802.25,59642
2025-03-04 09:50:00-05:00,5802.25,5804.25,5787.0,5792.75,58850
2025-03-04 09:55:00-05:00,5792.75,5799.5,5778.0,5779.0,51874
2025-03-04 10:00:00-05:00,5779.0,5783.75,5768.5,5776.75,70933
2025-03-04 10:05:00-05:00,5776.75,5782.5,5766.0,5767.5,48549
2025-03-04 10:10:00-05:00,5767.5,5775.75,5761.5,5768.75,49215
2025-03-04 10:15:00-05:00,5768.75,5769.0,5745.75,5749.0,47392
2025-03-04 10:20:00-05:00,5749.0,5758.0,5744.0,5755.5,55870
2025-03-04 10:25:00-05:00,5755.25,5772.0,5750.5,5767.0,55257
2025-03-04 10:30:00-05:00,5766.75,5782.75,5763.75,5776.0,51488
2025-03-04 10:35:00-05:00,5776.0,5781.0,5766.75,5769.75,37965
2025-03-04 10:40:00-05:00,5769.75,5776.75,5762.0,5775.25,38594
2025-03-04 10:45:00-05:00,5775.0,5779.5,5759.0,5771.0,45353
2025-03-04 10:50:00-05:00,5770.75,5773.25,5756.5,5759.25,36646
2025-03-04 10:55:00-05:00,5759.5,5764.5,5755.5,5762.5,32477
2025-03-04 11:00:00-05:00,5762.75,5768.75,5754.75,5760.5,35616
2025-03-04 11:05:00-05:00,5760.5,5761.0,5746.75,5748.5,29227
2025-03-04 11:10:00-05:00,5748.5,5769.5,5746.5,5768.0,35778
2025-03-04 11:15:00-05:00,5768.0,5773.0,5756.25,5757.25,27555
2025-03-04 11:20:00-05:00,5757.25,5765.75,5752.25,5754.25,26820
2025-03-04 11:25:00-05:00,5754.25,5755.75,5744.75,5751.5,30282
2025-03-04 11:30:00-05:00,5751.5,5764.25,5751.0,5757.75,33310
2025-03-04 11:35:00-05:00,5757.5,5765.75,5754.75,5758.25,26812
2025-03-04 11:40:00-05:00,5758.25,5776.25,5756.5,5773.5,29782
2025-03-04 11:45:00-05:00,5773.5,5780.5,5767.75,5778.25,29053
2025-03-04 11:50:00-05:00,5778.25,5785.25,5770.25,5780.75,34342
2025-03-04 11:55:00-05:00,5781.0,5787.5,5779.75,5781.5,28347
2025-03-04 12:00:00-05:00,5781.25,5786.75,5776.75,5784.25,23046
2025-03-04 12:05:00-05:00,5784.25,5784.75,5774.75,5778.25,18823
2025-03-04 12:10:00-05:00,5778.25,5789.0,5777.25,5783.75,22191
2025-03-04 12:15:00-05:00,5784.0,5790.5,5781.5,5788.25,19772
2025-03-04 12:20:00-05:00,5788.5,5798.5,5786.75,5792.25,25922
2025-03-04 12:25:00-05:00,5792.25,5807.25,5792.25,5800.25,23638
2025-03-04 12:30:00-05:00,5800.0,5800.0,5788.5,5797.0,23591
2025-03-04 12:35:00-05:00,5797.0,5802.25,5794.75,5798.75,16564
2025-03-04 12:40:00-05:00,5798.5,5802.25,5787.5,5794.75,33171
2025-03-04 12:45:00-05:00,5794.75,5803.5,5792.5,5796.5,21208
2025-03-04 12:50:00-05:00,5796.75,5796.75,5781.0,5792.0,28605
2025-03-04 12:55:00-05:00,5791.75,5792.25,5783.25,5786.75,18667
2025-03-04 13:00:00-05:00,5786.75,5794.75,5782.25,5790.25,21137
2025-03-04 13:05:00-05:00,5790.25,5808.5,5788.5,5806.75,26969
2025-03-04 13:10:00-05:00,5806.5,5822.5,5805.25,5819.0,33438
2025-03-04 13:15:00-05:00,5819.0,5820.0,5801.75,5808.75,26734
2025-03-04 13:20:00-05:00,5808.75,5810.5,5796.5,5801.25,20149
2025-03-04 13:25:00-05:00,5801.5,5802.75,5794.0,5797.0,16928
2025-03-04 13:30:00-05:00,5797.0,5804.75,5791.25,5804.5,21656
2025-03-04 13:35:00-05:00,5804.25,5809.25,5799.25,5809.0,17018
2025-03-04 13:40:00-05:00,5809.0,5817.5,5807.75,5813.0,20966
2025-03-04 13:45:00-05:00,5812.75,5819.0,5810.0,5811.75,14247
2025-03-04 13:50:00-05:00,5812.0,5821.25,5809.0,5818.5,17903
2025-03-04 13:55:00-05:00,5818.5,5830.25,5817.75,5824.5,25569
2025-03-04 14:00:00-05:00,5824.25,5840.0,5823.5,5837.0,33766
2025-03-04 14:05:00-05:00,5837.0,5847.0,5835.0,5842.75,27845
2025-03-04 14:10:00-05:00,5842.75,5844.0,5833.5,5837.5,21372
2025-03-04 14:15:00-05:00,5837.5,5842.0,5834.0,5839.25,15290
2025-03-04 14:20:00-05:00,5839.0,5851.0,5838.0,5848.25,18116
2025-03-04 14:25:00-05:00,5848.0,5851.0,5834.75,5836.0,23829
2025-03-04 14:30:00-05:00,5836.0,5839.0,5830.0,5832.75,25758
2025-03-04 14:35:00-05:00,5832.75,5842.75,5832.25,5841.5,17043
2025-03-04 14:40:00-05:00,5841.5,5846.0,5837.25,5844.0,18289
2025-03-04 14:45:00-05:00,5844.0,5851.5,5840.75,5843.0,21149
2025-03-04 14:50:00-05:00,5843.0,5849.5,5842.0,5844.5,15022
2025-03-04 14:55:00-05:00,5844.5,5853.25,5843.75,5850.5,14616
2025-03-04 15:00:00-05:00,5850.25,5857.75,5843.5,5846.75,23362
2025-03-04 15:05:00-05:00,5846.75,5855.0,5843.5,5852.25,15172
2025-03-04 15:10:00-05:00,5852.0,5859.75,5850.5,5856.75,17309
2025-03-04 15:15:00-05:00,5856.5,5862.75,5851.25,5861.5,18774
2025-03-04 15:20:00-05:00,5861.75,5875.75,5860.75,5874.25,24797
2025-03-04 15:25:00-05:00,5874.25,5874.5,5859.75,5860.25,26489
2025-03-04 15:30:00-05:00,5860.25,5862.0,5825.0,5832.5,53367
2025-03-04 15:35:00-05:00,5832.5,5836.75,5821.25,5822.0,40799
2025-03-04 15:40:00-05:00,5822.0,5825.75,5810.25,5821.75,45675
2025-03-04 15:45:00-05:00,5821.75,5828.25,5803.0,5805.25,41436
2025-03-04 15:50:00-05:00,5805.0,5805.0,5768.25,5788.5,88886
2025-03-04 15:55:00-05:00,5788.5,5794.0,5783.75,5790.75,112041
2025-03-04 16:00:00-05:00,5791.0,5811.25,5790.5,5800.0,52629
2025-03-04 16:05:00-05:00,5799.75,5809.0,5797.25,5805.5,15339
2025-03-04 16:10:00-05:00,5805.75,5819.0,5801.5,5810.75,23410
2025-03-04 16:15:00-05:00,5810.75,5823.25,5806.25,5822.25,11930
2025-03-04 16:20:00-05:00,5822.25,5839.5,5818.0,5836.25,17099
2025-03-04 16:25:00-05:00,5836.5,5840.0,5830.25,5831.75,11066
2025-03-04 16:30:00-05:00,5831.75,5834.0,5823.25,5824.0,9210
2025-03-04 16:35:00-05:00,5824.0,5828.0,5816.75,5817.5,7043
2025-03-04 16:40:00-05:00,5817.5,5822.0,5812.75,5819.5,4860
2025-03-04 16:45:00-05:00,5819.75,5827.5,5818.25,5826.75,3921
2025-03-04 16:50:00-05:00,5826.25,5827.75,5820.75,5823.0,3271
2025-03-04 16:55:00-05:00,5823.0,5827.75,5822.5,5825.0,3467
2025-03-04 18:00:00-05:00,5832.0,5834.75,5823.25,5834.25,3596
2025-03-04 18:05:00-05:00,5834.0,5834.5,5830.25,5833.25,1235
2025-03-04 18:10:00-05:00,5833.5,5835.25,5832.25,5833.0,1141
2025-03-04 18:15:00-05:00,5833.25,5833.75,5829.25,5830.75,964
2025-03-04 18:20:00-05:00,5830.5,5830.75,5828.25,5828.25,657
2025-03-04 18:25:00-05:00,5828.25,5836.25,5828.25,5836.0,1233
2025-03-04 18:30:00-05:00,5835.75,5838.0,5834.75,5835.0,797
2025-03-04 18:35:00-05:00,5835.25,5836.25,5833.5,5834.0,934
2025-03-04 18:40:00-05:00,5834.25,5836.5,5831.5,5832.75,990
2025-03-04 18:45:00-05:00,5832.75,5834.0,5829.5,5831.5,851
2025-03-04 18:50:00-05:00,5831.75,5833.25,5830.0,5830.75,659
2025-03-04 18:55:00-05:00,5830.75,5834.75,5829.75,5834.0,1091
2025-03-04 19:00:00-05:00,5834.25,5835.5,5831.0,5835.5,1697
2025-03-04 19:05:00-05:00,5835.5,5836.75,5831.25,5835.25,1375
2025-03-04 19:10:00-05:00,5835.5,5835.75,5831.5,5833.0,1042
2025-03-04 19:15:00-05:00,5832.75,5833.75,5828.25,5829.5,1882
2025-03-04 19:20:00-05:00,5829.5,5830.0,5824.25,5826.0,1610
2025-03-04 19:25:00-05:00,5825.75,5826.75,5821.25,5826.75,2051
2025-03-04 19:30:00-05:00,5826.75,5828.25,5821.0,5822.25,1216
2025-03-04 19:35:00-05:00,5822.25,5822.5,5816.5,5817.25,2046
2025-03-04 19:40:00-05:00,5817.0,5825.0,5814.75,5824.5,2048
2025-03-04 19:45:00-05:00,5824.75,5828.25,5822.75,5823.0,1321
2025-03-04 19:50:00-05:00,5823.0,5826.0,5822.25,5825.25,862
2025-03-04 19:55:00-05:00,5825.25,5827.75,5824.0,5826.5,1084
2025-03-04 20:00:00-05:00,5826.75,5828.0,5820.0,5820.25,2252
2025-03-04 20:05:00-05:00,5820.25,5826.0,5818.5,5825.25,1641
2025-03-04 20:10:00-05:00,5825.25,5826.5,5822.5,5823.25,939
2025-03-04 20:15:00-05:00,5823.5,5826.0,5821.0,5823.0,948
2025-03-04 20:20:00-05:00,5823.0,5827.5,5817.75,5824.5,1990
2025-03-04 20:25:00-05:00,5824.5,5827.25,5820.5,5823.5,1867
2025-03-04 20:30:00-05:00,5823.5,5825.0,5808.0,5821.5,7464
2025-03-04 20:35:00-05:00,5821.5,5826.0,5821.5,5823.75,2283
2025-03-04 20:40:00-05:00,5824.0,5828.5,5823.25,5827.25,1171
2025-03-04 20:45:00-05:00,5827.25,5828.5,5825.25,5827.5,1305
2025-03-04 20:50:00-05:00,5827.5,5828.5,5825.5,5826.0,1203
2025-03-04 20:55:00-05:00,5826.0,5826.75,5819.25,5820.0,1891
2025-03-04 21:00:00-05:00,5820.0,5821.25,5814.25,5820.5,2356
2025-03-04 21:05:00-05:00,5820.75,5822.0,5817.25,5819.5,1043
2025-03-04 21:10:00-05:00,5819.5,5820.5,5811.0,5812.75,1912
2025-03-04 21:15:00-05:00,5812.75,5819.0,5810.75,5816.25,1644
2025-03-04 21:20:00-05:00,5816.5,5820.25,5815.5,5818.5,1333
2025-03-04 21:25:00-05:00,5818.5,5818.75,5811.5,5813.25,1389
2025-03-04 21:30:00-05:00,5813.75,5814.75,5808.75,5809.5,1374
2025-03-04 21:35:00-05:00,5809.25,5817.25,5807.75,5816.25,1536
2025-03-04 21:40:00-05:00,5816.5,5819.5,5815.0,5818.5,1080
2025-03-04 21:45:00-05:00,5818.5,5820.25,5816.5,5818.25,802
2025-03-04 21:50:00-05:00,5818.5,5823.0,5818.0,5821.5,1075
2025-03-04 21:55:00-05:00,5821.75,5822.0,5813.5,5814.0,1838
2025-03-04 22:00:00-05:00,5814.25,5819.5,5809.0,5815.5,3197
2025-03-04 22:05:00-05:00,5815.5,5827.75,5814.75,5822.75,2199
2025-03-04 22:10:00-05:00,5822.5,5832.75,5821.5,5830.75,2285
2025-03-04 22:15:00-05:00,5830.75,5831.25,5827.0,5828.25,1073
2025-03-04 22:20:00-05:00,5828.0,5829.25,5826.25,5827.25,799
2025-03-04 22:25:00-05:00,5827.5,5829.0,5826.25,5826.5,792
2025-03-04 22:30:00-05:00,5826.5,5829.0,5823.75,5824.5,2140
2025-03-04 22:35:00-05:00,5824.5,5825.0,5817.25,5818.0,1313
2025-03-04 22:40:00-05:00,5818.0,5820.75,5816.25,5818.25,1281
2025-03-04 22:45:00-05:00,5818.25,5829.0,5815.75,5825.25,3787
2025-03-04 22:50:00-05:00,5825.25,5826.75,5823.0,5825.0,895
2025-03-04 22:55:00-05:00,5825.0,5830.5,5825.0,5828.75,1362
2025-03-04 23:00:00-05:00,5828.5,5830.25,5825.0,5828.5,1553
2025-03-04 23:05:00-05:00,5828.75,5834.0,5827.25,5833.25,1808
2025-03-04 23:10:00-05:00,5833.25,5833.25,5830.25,5831.75,632
2025-03-04 23:15:00-05:00,5832.0,5832.5,5829.0,5830.0,681
2025-03-04 23:20:00-05:00,5830.0,5831.25,5827.0,5828.25,1033
2025-03-04 23:25:00-05:00,5828.5,5829.25,5826.75,5827.75,623
2025-03-04 23:30:00-05:00,5827.5,5827.75,5825.0,5826.0,485
2025-03-04 23:35:00-05:00,5825.75,5828.0,5825.25,5827.75,709
2025-03-04 23:40:00-05:00,5827.75,5828.0,5825.75,5826.75,323
2025-03-04 23:45:00-05:00,5826.5,5827.25,5825.0,5826.25,301
2025-03-04 23:50:00-05:00,5826.25,5827.0,5825.0,5826.0,267
2025-03-04 23:55:00-05:00,5826.0,5827.5,5825.75,5826.75,237
2025-03-05 00:00:00-05:00,5827.0,5828.75,5825.75,5827.75,437
2025-03-05 00:05:00-05:00,5827.75,5829.0,5827.5,5829.0,343
2025-03-05 00:10:00-05:00,5829.0,5829.0,5825.75,5826.25,593
2025-03-05 00:15:00-05:00,5826.0,5826.0,5820.75,5822.0,1093
2025-03-05 00:20:00-05:00,5822.25,5823.0,5818.75,5822.0,910
2025-03-05 00:25:00-05:00,5822.0,5822.75,5817.5,5817.75,1100
2025-03-05 00:30:00-05:00,5818.0,5821.25,5818.0,5820.5,680
2025-03-05 00:35:00-05:00,5820.75,5823.25,5820.5,5823.0,421
2025-03-05 00:40:00-05:00,5823.25,5825.5,5822.5,5825.0,595
2025-03-05 00:45:00-05:00,5825.0,5826.75,5824.75,5825.75,447
2025-03-05 00:50:00-05:00,5825.75,5828.0,5825.0,5827.0,451
2025-03-05 00:55:00-05:00,5827.25,5827.5,5826.0,5827.0,351
2025-03-05 01:00:00-05:00,5827.0,5827.25,5825.75,5826.25,365
2025-03-05 01:05:00-05:00,5826.25,5828.0,5825.5,5826.5,339
2025-03-05 01:10:00-05:00,5826.25,5829.75,5826.25,5829.25,497
2025-03-05 01:15:00-05:00,5829.25,5829.25,5825.5,5825.5,536
2025-03-05 01:20:00-05:00,5825.25,5826.5,5822.25,5823.0,519
2025-03-05 01:25:00-05:00,5822.75,5823.0,5819.0,5819.75,895
2025-03-05 01:30:00-05:00,5819.75,5821.75,5818.25,5819.75,688
2025-03-05 01:35:00-05:00,5820.0,5824.75,5820.0,5822.0,819
2025-03-05 01:40:00-05:00,5822.25,5826.5,5822.25,5824.75,617
2025-03-05 01:45:00-05:00,5824.5,5825.75,5823.0,5824.5,451
2025-03-05 01:50:00-05:00,5824.25,5828.0,5824.25,5827.5,371
2025-03-05 01:55:00-05:00,5827.5,5828.5,5825.75,5826.0,519
2025-03-05 02:00:00-05:00,5825.75,5832.5,5825.5,5826.25,2377
2025-03-05 02:05:00-05:00,5826.25,5829.5,5825.0,5827.25,739
2025-03-05 02:10:00-05:00,5827.5,5827.75,5822.5,5824.25,1000
2025-03-05 02:15:00-05:00,5824.0,5826.0,5823.25,5824.0,566
2025-03-05 02:20:00-05:00,5824.0,5826.75,5823.75,5825.75,440
2025-03-05 02:25:00-05:00,5825.75,5827.0,5823.75,5826.0,581
2025-03-05 02:30:00-05:00,5825.75,5825.75,5823.25,5825.25,813
2025-03-05 02:35:00-05:00,5825.0,5827.0,5824.5,5825.0,1028
2025-03-05 02:40:00-05:00,5824.75,5825.25,5821.5,5823.75,1131
2025-03-05 02:45:00-05:00,5823.75,5826.25,5822.0,5825.0,1208
2025-03-05 02:50:00-05:00,5825.0,5825.0,5821.0,5823.0,684
2025-03-05 02:55:00-05:00,5822.75,5827.0,5822.0,5822.0,1660
2025-03-05 03:00:00-05:00,5822.25,5823.75,5818.75,5820.75,4004
2025-03-05 03:05:00-05:00,5821.0,5823.5,5817.5,5818.0,2722
2025-03-05 03:10:00-05:00,5818.0,5824.25,5817.25,5823.0,3147
2025-03-05 03:15:00-05:00,5823.25,5831.75,5822.75,5831.25,3145
2025-03-05 03:20:00-05:00,5831.25,5832.0,5828.0,5829.75,1818
2025-03-05 03:25:00-05:00,5829.75,5837.0,5828.25,5836.0,3040
2025-03-05 03:30:00-05:00,5835.75,5836.25,5830.25,5831.0,2500
2025-03-05 03:35:00-05:00,5830.75,5832.75,5824.5,5828.25,2852
2025-03-05 03:40:00-05:00,5828.5,5829.5,5826.0,5828.25,1524
2025-03-05 03:45:00-05:00,5828.5,5829.25,5823.0,5824.5,1994
2025-03-05 03:50:00-05:00,5824.5,5825.75,5821.5,5825.5,1351
2025-03-05 03:55:00-05:00,5825.5,5825.5,5821.25,5824.5,1772
2025-03-05 04:00:00-05:00,5824.75,5825.0,5820.0,5822.0,3587
2025-03-05 04:05:00-05:00,5822.0,5827.0,5820.5,5826.0,1500
2025-03-05 04:10:00-05:00,5826.25,5829.75,5824.75,5828.75,1467
2025-03-05 04:15:00-05:00,5829.0,5829.5,5825.5,5827.75,1374
2025-03-05 04:20:00-05:00,5827.75,5836.25,5827.75,5835.25,2217
2025-03-05 04:25:00-05:00,5835.75,5839.0,5835.0,5836.5,1877
2025-03-05 04:30:00-05:00,5836.5,5840.0,5836.0,5838.0,1778
2025-03-05 04:35:00-05:00,5838.25,5840.5,5836.5,5837.5,1848
2025-03-05 04:40:00-05:00,5837.5,5841.0,5836.25,5841.0,1810
2025-03-05 04:45:00-05:00,5841.0,5844.25,5839.75,5842.75,2397
2025-03-05 04:50:00-05:00,5843.0,5843.75,5839.25,5839.25,1685
2025-03-05 04:55:00-05:00,5839.25,5840.5,5837.5,5839.5,1454
2025-03-05 05:00:00-05:00,5840.0,5842.0,5836.5,5837.5,2168
2025-03-05 05:05:00-05:00,5837.5,5842.75,5837.5,5839.5,2261
2025-03-05 05:10:00-05:00,5839.0,5840.0,5828.25,5831.5,5002
2025-03-05 05:15:00-05:00,5831.5,5832.25,5826.25,5830.0,2604
2025-03-05 05:20:00-05:00,5829.75,5829.75,5826.0,5826.25,1076
2025-03-05 05:25:00-05:00,5826.5,5827.5,5822.75,5823.75,2028
2025-03-05 05:30:00-05:00,5824.0,5827.75,5823.25,5825.75,1465
2025-03-05 05:35:00-05:00,5825.5,5830.25,5825.0,5830.25,1777
2025-03-05 05:40:00-05:00,5830.25,5832.5,5828.75,5830.75,1348
2025-03-05 05:45:00-05:00,5830.75,5834.5,5827.25,5827.25,2151
2025-03-05 05:50:00-05:00,5827.5,5829.0,5825.5,5826.25,1025
2025-03-05 05:55:00-05:00,5826.25,5826.25,5822.5,5823.25,1485
2025-03-05 06:00:00-05:00,5823.5,5824.75,5820.0,5822.75,2670
2025-03-05 06:05:00-05:00,5823.0,5823.5,5819.25,5823.25,1650
2025-03-05 06:10:00-05:00,5823.0,5825.5,5819.25,5822.25,2218
2025-03-05 06:15:00-05:00,5822.25,5824.5,5821.0,5822.25,921
2025-03-05 06:20:00-05:00,5822.5,5825.0,5820.5,5821.75,1132
2025-03-05 06:25:00-05:00,5821.75,5824.25,5819.5,5823.0,1311
2025-03-05 06:30:00-05:00,5822.75,5825.0,5821.0,5821.0,1112
2025-03-05 06:35:00-05:00,5821.25,5823.25,5819.0,5823.0,1665
2025-03-05 06:40:00-05:00,5823.0,5824.25,5821.0,5823.5,1618
2025-03-05 06:45:00-05:00,5823.75,5824.5,5822.0,5823.25,870
2025-03-05 06:50:00-05:00,5823.75,5823.75,5796.25,5800.0,10925
2025-03-05 06:55:00-05:00,5799.75,5810.25,5798.25,5809.75,4523
2025-03-05 07:00:00-05:00,5809.75,5815.0,5807.5,5807.75,4184
2025-03-05 07:05:00-05:00,5807.75,5814.75,5806.75,5813.5,2454
2025-03-05 07:10:00-05:00,5813.25,5816.5,5807.25,5809.5,2467
2025-03-05 07:15:00-05:00,5809.25,5810.0,5803.75,5804.75,3512
2025-03-05 07:20:00-05:00,5805.0,5807.0,5797.5,5805.5,3740
2025-03-05 07:25:00-05:00,5805.5,5807.5,5802.75,5806.5,2400
2025-03-05 07:30:00-05:00,5806.75,5811.75,5806.25,5810.75,1737
2025-03-05 07:35:00-05:00,5810.5,5813.75,5809.75,5812.5,1603
2025-03-05 07:40:00-05:00,5812.25,5815.0,5811.25,5814.75,1911
2025-03-05 07:45:00-05:00,5814.75,5815.5,5801.75,5805.75,5411
2025-03-05 07:50:00-05:00,5805.75,5809.25,5805.0,5805.25,3932
2025-03-05 07:55:00-05:00,5805.25,5806.0,5800.25,5802.5,2089
2025-03-05 08:00:00-05:00,5802.5,5813.5,5794.5,5811.0,16768
2025-03-05 08:05:00-05:00,5811.0,5811.5,5800.75,5806.0,6985
2025-03-05 08:10:00-05:00,5806.0,5811.0,5801.75,5804.0,4856
2025-03-05 08:15:00-05:00,5803.5,5803.75,5789.25,5792.0,8146
2025-03-05 08:20:00-05:00,5792.0,5799.0,5791.5,5796.5,3697
2025-03-05 08:25:00-05:00,5796.5,5798.25,5783.75,5788.75,6798
2025-03-05 08:30:00-05:00,5789.0,5798.75,5788.0,5797.75,5588
2025-03-05 08:35:00-05:00,5797.75,5797.75,5789.5,5790.25,4762
2025-03-05 08:40:00-05:00,5790.25,5796.25,5786.25,5786.5,4366
2025-03-05 08:45:00-05:00,5786.25,5797.25,5785.75,5790.75,11747
2025-03-05 08:50:00-05:00,5790.5,5795.25,5788.5,5794.5,4124
2025-03-05 08:55:00-05:00,5794.5,5795.0,5787.25,5788.5,4225
2025-03-05 09:00:00-05:00,5788.5,5788.5,5779.0,5780.5,8264
2025-03-05 09:05:00-05:00,5780.25,5787.5,5780.25,5784.0,5122
2025-03-05 09:10:00-05:00,5784.0,5793.0,5782.25,5793.0,5277
2025-03-05 09:15:00-05:00,5793.0,5800.0,5792.25,5794.5,6867
2025-03-05 09:20:00-05:00,5794.25,5794.5,5788.25,5788.25,4859
2025-03-05 09:25:00-05:00,5788.0,5793.75,5784.5,5787.75,10891
2025-03-05 09:30:00-05:00,5788.0,5797.0,5784.0,5796.25,42045
2025-03-05 09:35:00-05:00,5796.25,5800.0,5784.5,5797.0,39559
2025-03-05 09:40:00-05:00,5797.0,5812.75,5796.75,5806.0,37337
2025-03-05 09:45:00-05:00,5805.5,5808.0,5788.75,5788.75,31134
2025-03-05 09:50:00-05:00,5788.75,5800.5,5784.0,5787.0,33407
2025-03-05 09:55:00-05:00,5787.25,5791.25,5770.25,5778.25,28201
2025-03-05 10:00:00-05:00,5779.75,5814.5,5779.75,5805.75,49069
2025-03-05 10:05:00-05:00,5805.75,5817.0,5799.5,5809.5,35874
2025-03-05 10:10:00-05:00,5809.5,5812.5,5799.25,5804.0,30148
2025-03-05 10:15:00-05:00,5804.0,5805.5,5786.75,5789.5,34598
2025-03-05 10:20:00-05:00,5789.5,5793.25,5774.5,5780.5,35134
2025-03-05 10:25:00-05:00,5780.75,5786.0,5774.5,5779.0,28364
2025-03-05 10:30:00-05:00,5779.25,5791.5,5775.5,5786.75,26970
2025-03-05 10:35:00-05:00,5786.5,5804.0,5784.75,5800.25,22285
2025-03-05 10:40:00-05:00,5800.5,5800.75,5786.75,5793.5,18813
2025-03-05 10:45:00-05:00,5793.25,5800.75,5784.0,5787.25,22781
2025-03-05 10:50:00-05:00,5787.0,5795.5,5778.75,5794.75,19854
2025-03-05 10:55:00-05:00,5794.75,5799.25,5788.25,5789.5,16870
2025-03-05 11:00:00-05:00,5789.25,5789.25,5775.25,5780.75,22870
2025-03-05 11:05:00-05:00,5780.75,5782.75,5772.25,5775.0,18411
2025-03-05 11:10:00-05:00,5775.0,5775.75,5758.25,5769.0,30038
2025-03-05 11:15:00-05:00,5769.0,5771.25,5761.75,5763.5,19529
2025-03-05 11:20:00-05:00,5763.5,5769.25,5759.0,5768.75,20543
2025-03-05 11:25:00-05:00,5769.0,5771.0,5759.0,5769.0,19255
2025-03-05 11:30:00-05:00,5768.75,5768.75,5754.25,5756.5,19410
2025-03-05 11:35:00-05:00,5756.75,5768.5,5754.5,5764.0,18851
2025-03-05 11:40:00-05:00,5764.0,5764.75,5752.0,5754.75,15979
2025-03-05 11:45:00-05:00,5755.0,5761.0,5750.75,5758.25,13637
2025-03-05 11:50:00-05:00,5758.0,5762.25,5751.5,5761.0,15204
2025-03-05 11:55:00-05:00,5761.25,5788.5,5759.75,5779.5,62113
2025-03-05 12:00:00-05:00,5779.25,5797.0,5778.0,5782.25,39503
2025-03-05 12:05:00-05:00,5782.0,5788.25,5780.5,5787.75,19680
2025-03-05 12:10:00-05:00,5787.75,5792.75,5784.0,5785.75,15726
2025-03-05 12:15:00-05:00,5785.75,5795.75,5784.75,5790.25,15584
2025-03-05 12:20:00-05:00,5790.0,5804.0,5788.0,5801.0,20110
2025-03-05 12:25:00-05:00,5801.0,5808.5,5797.5,5807.25,13123
2025-03-05 12:30:00-05:00,5807.5,5811.25,5805.75,5809.5,14354
2025-03-05 12:35:00-05:00,5809.25,5813.5,5805.5,5812.75,12704
2025-03-05 12:40:00-05:00,5812.75,5815.0,5809.0,5812.25,17617
2025-03-05 12:45:00-05:00,5812.25,5812.25,5799.25,5811.0,21106
2025-03-05 12:50:00-05:00,5811.25,5827.0,5811.0,5821.0,20076
2025-03-05 12:55:00-05:00,5821.25,5829.5,5819.75,5828.0,16248
2025-03-05 13:00:00-05:00,5828.0,5830.5,5822.25,5828.25,23526
2025-03-05 13:05:00-05:00,5828.5,5832.0,5797.75,5803.5,45033
2025-03-05 13:10:00-05:00,5803.5,5820.5,5802.25,5814.0,23418
2025-03-05 13:15:00-05:00,5814.25,5820.25,5809.25,5816.0,16815
2025-03-05 13:20:00-05:00,5816.25,5820.5,5812.0,5817.0,10902
2025-03-05 13:25:00-05:00,5817.0,5818.25,5808.5,5812.75,12091
2025-03-05 13:30:00-05:00,5812.75,5817.5,5799.5,5808.25,26313
2025-03-05 13:35:00-05:00,5808.5,5815.25,5802.75,5814.5,18108
2025-03-05 13:40:00-05:00,5814.5,5814.5,5803.5,5805.75,11565
2025-03-05 13:45:00-05:00,5805.75,5823.75,5805.75,5822.0,15618
2025-03-05 13:50:00-05:00,5822.25,5828.75,5821.25,5826.25,15630
2025-03-05 13:55:00-05:00,5826.25,5836.25,5825.75,5835.25,12526
2025-03-05 14:00:00-05:00,5835.0,5844.5,5828.75,5844.25,22530
2025-03-05 14:05:00-05:00,5844.0,5859.5,5840.75,5859.0,23322
2025-03-05 14:10:00-05:00,5859.0,5862.75,5854.5,5859.5,18839
2025-03-05 14:15:00-05:00,5859.5,5864.25,5847.5,5848.5,24723
2025-03-05 14:20:00-05:00,5848.5,5861.0,5844.25,5859.75,14510
2025-03-05 14:25:00-05:00,5859.75,5860.25,5847.5,5848.5,15919
2025-03-05 14:30:00-05:00,5848.5,5855.25,5848.5,5852.25,12401
2025-03-05 14:35:00-05:00,5852.0,5855.5,5840.5,5850.75,16894
2025-03-05 14:40:00-05:00,5850.75,5856.75,5847.75,5850.0,13652
2025-03-05 14:45:00-05:00,5850.0,5858.0,5847.0,5856.75,12653
2025-03-05 14:50:00-05:00,5857.0,5860.25,5853.0,5858.25,11834
2025-03-05 14:55:00-05:00,5858.25,5862.5,5849.75,5851.25,15245
2025-03-05 15:00:00-05:00,5851.25,5867.5,5850.0,5864.25,16553
2025-03-05 15:05:00-05:00,5864.25,5869.5,5860.75,5867.25,12014
2025-03-05 15:10:00-05:00,5867.0,5868.5,5862.5,5866.75,11311
2025-03-05 15:15:00-05:00,5866.75,5868.5,5843.0,5853.0,26277
2025-03-05 15:20:00-05:00,5853.0,5856.5,5843.25,5851.25,18019
2025-03-05 15:25:00-05:00,5851.0,5863.75,5849.25,5861.5,13259
2025-03-05 15:30:00-05:00,5861.5,5861.75,5847.75,5853.25,20185
2025-03-05 15:35:00-05:00,5853.0,5856.75,5847.0,5854.75,12583
2025-03-05 15:40:00-05:00,5854.75,5860.0,5852.0,5857.75,12959
2025-03-05 15:45:00-05:00,5858.0,5858.0,5847.25,5851.25,15539
2025-03-05 15:50:00-05:00,5851.0,5860.75,5834.0,5856.5,38852
2025-03-05 15:55:00-05:00,5856.5,5857.75,5847.75,5850.75,78553
2025-03-05 16:00:00-05:00,5850.75,5852.0,5846.0,5849.0,24519
2025-03-05 16:05:00-05:00,5849.0,5852.0,5841.25,5847.75,10204
2025-03-05 16:10:00-05:00,5847.75,5848.75,5844.0,5845.25,3747
2025-03-05 16:15:00-05:00,5845.5,5852.0,5845.0,5850.5,4091
2025-03-05 16:20:00-05:00,5850.25,5851.5,5846.25,5846.5,1786
2025-03-05 16:25:00-05:00,5846.75,5849.25,5845.5,5849.25,947
2025-03-05 16:30:00-05:00,5849.0,5849.0,5845.5,5847.75,1389
2025-03-05 16:35:00-05:00,5847.5,5849.25,5847.25,5848.75,659
2025-03-05 16:40:00-05:00,5848.75,5850.0,5847.25,5848.0,870
2025-03-05 16:45:00-05:00,5847.75,5848.5,5844.25,5846.0,1513
2025-03-05 16:50:00-05:00,5846.25,5846.25,5845.0,5846.0,801
2025-03-05 16:55:00-05:00,5846.0,5847.0,5843.0,5845.5,3219
2025-03-05 18:00:00-05:00,5844.75,5851.0,5844.5,5850.5,1303
2025-03-05 18:05:00-05:00,5850.75,5851.5,5849.0,5849.25,348
2025-03-05 18:10:00-05:00,5849.5,5853.5,5849.5,5852.25,779
2025-03-05 18:15:00-05:00,5852.0,5852.25,5849.75,5850.5,324
2025-03-05 18:20:00-05:00,5850.25,5852.0,5847.25,5848.5,549
2025-03-05 18:25:00-05:00,5848.5,5850.25,5848.0,5848.5,418
2025-03-05 18:30:00-05:00,5848.5,5848.5,5842.25,5843.0,1457
2025-03-05 18:35:00-05:00,5843.25,5845.75,5841.5,5845.5,1138
2025-03-05 18:40:00-05:00,5845.25,5847.25,5845.0,5846.75,385
2025-03-05 18:45:00-05:00,5847.0,5847.5,5845.0,5846.25,328
2025-03-05 18:50:00-05:00,5846.25,5847.75,5845.5,5845.75,246
2025-03-05 18:55:00-05:00,5846.0,5846.5,5845.0,5845.25,254
2025-03-05 19:00:00-05:00,5845.0,5848.0,5842.5,5846.0,698
2025-03-05 19:05:00-05:00,5846.0,5847.75,5844.25,5845.25,349
2025-03-05 19:10:00-05:00,5846.0,5849.5,5844.75,5849.25,478
2025-03-05 19:15:00-05:00,5849.25,5850.0,5848.25,5848.5,930
2025-03-05 19:20:00-05:00,5848.5,5849.25,5846.25,5847.25,556
2025-03-05 19:25:00-05:00,5847.25,5849.75,5847.0,5849.0,524
2025-03-05 19:30:00-05:00,5849.0,5849.75,5848.5,5849.0,343
2025-03-05 19:35:00-05:00,5849.0,5849.0,5846.25,5846.75,635
2025-03-05 19:40:00-05:00,5846.75,5848.0,5846.25,5847.0,350
2025-03-05 19:45:00-05:00,5847.0,5847.5,5844.5,5844.5,799
2025-03-05 19:50:00-05:00,5844.75,5846.25,5842.75,5843.25,729
2025-03-05 19:55:00-05:00,5843.25,5843.25,5838.0,5839.5,976
2025-03-05 20:00:00-05:00,5840.0,5842.5,5839.0,5839.25,1032
2025-03-05 20:05:00-05:00,5839.25,5842.75,5838.75,5842.0,1086
2025-03-05 20:10:00-05:00,5842.25,5844.5,5842.25,5844.0,666
2025-03-05 20:15:00-05:00,5844.0,5845.0,5841.75,5842.0,896
2025-03-05 20:20:00-05:00,5842.25,5844.0,5842.25,5843.0,363
2025-03-05 20:25:00-05:00,5843.0,5844.5,5842.5,5843.5,494
2025-03-05 20:30:00-05:00,5843.75,5844.0,5840.0,5841.0,832
2025-03-05 20:35:00-05:00,5841.25,5842.25,5839.25,5840.0,537
2025-03-05 20:40:00-05:00,5840.0,5841.25,5838.5,5840.25,923
2025-03-05 20:45:00-05:00,5840.25,5840.25,5839.5,5839.75,325
2025-03-05 20:50:00-05:00,5839.75,5844.25,5839.0,5844.25,786
2025-03-05 20:55:00-05:00,5844.25,5844.5,5842.5,5843.25,448
2025-03-05 21:00:00-05:00,5843.5,5845.5,5843.5,5844.75,690
2025-03-05 21:05:00-05:00,5844.75,5846.75,5844.5,5846.0,535
2025-03-05 21:10:00-05:00,5845.75,5845.75,5843.25,5844.0,452
2025-03-05 21:15:00-05:00,5844.25,5844.75,5842.0,5842.25,597
2025-03-05 21:20:00-05:00,5842.25,5842.5,5839.5,5841.25,731
2025-03-05 21:25:00-05:00,5841.0,5842.0,5840.5,5841.0,311
2025-03-05 21:30:00-05:00,5840.75,5844.75,5840.25,5844.25,764
2025-03-05 21:35:00-05:00,5844.25,5844.25,5841.5,5842.25,384
2025-03-05 21:40:00-05:00,5842.25,5842.5,5840.0,5840.75,273
2025-03-05 21:45:00-05:00,5840.75,5841.5,5840.25,5840.75,307
2025-03-05 21:50:00-05:00,5841.0,5842.25,5840.5,5841.25,255
2025-03-05 21:55:00-05:00,5841.25,5842.25,5840.75,5840.75,282
2025-03-05 22:00:00-05:00,5841.0,5841.5,5838.75,5841.0,476
2025-03-05 22:05:00-05:00,5841.25,5841.25,5838.75,5839.5,369
2025-03-05 22:10:00-05:00,5839.5,5841.0,5839.25,5839.5,428
2025-03-05 22:15:00-05:00,5839.25,5841.5,5839.25,5841.0,294
2025-03-05 22:20:00-05:00,5841.25,5841.5,5839.5,5840.0,221
2025-03-05 22:25:00-05:00,5839.75,5842.5,5839.5,5842.0,391
2025-03-05 22:30:00-05:00,5842.0,5842.5,5840.25,5842.25,308
2025-03-05 22:35:00-05:00,5842.0,5843.25,5842.0,5842.75,318
2025-03-05 22:40:00-05:00,5843.0,5845.5,5842.25,5844.25,532
2025-03-05 22:45:00-05:00,5844.5,5845.25,5844.25,5844.75,425
2025-03-05 22:50:00-05:00,5844.75,5846.25,5844.25,5845.75,451
2025-03-05 22:55:00-05:00,5845.75,5847.25,5845.5,5846.5,419
2025-03-05 23:00:00-05:00,5846.25,5848.25,5846.25,5846.5,791
2025-03-05 23:05:00-05:00,5846.5,5847.5,5846.25,5847.5,406
2025-03-05 23:10:00-05:00,5847.5,5848.25,5846.75,5848.25,390
2025-03-05 23:15:00-05:00,5848.25,5850.0,5847.5,5849.75,1459
2025-03-05 23:20:00-05:00,5849.75,5849.75,5846.75,5848.5,727
2025-03-05 23:25:00-05:00,5848.5,5849.0,5847.25,5847.25,288
2025-03-05 23:30:00-05:00,5847.5,5849.75,5847.5,5849.25,434
2025-03-05 23:35:00-05:00,5849.0,5849.75,5848.75,5849.5,271
2025-03-05 23:40:00-05:00,5849.5,5850.0,5849.0,5849.0,260
2025-03-05 23:45:00-05:00,5849.0,5850.0,5849.0,5849.75,886
2025-03-05 23:50:00-05:00,5850.0,5850.0,5849.0,5849.0,1011
2025-03-05 23:55:00-05:00,5849.0,5849.5,5848.5,5849.25,243
2025-03-06 00:00:00-05:00,5849.0,5850.0,5848.5,5849.0,426
2025-03-06 00:05:00-05:00,5849.0,5849.5,5848.0,5849.5,641
2025-03-06 00:10:00-05:00,5849.5,5850.0,5848.5,5849.75,570
2025-03-06 00:15:00-05:00,5849.5,5850.0,5849.25,5849.75,664
2025-03-06 00:20:00-05:00,5849.5,5849.5,5848.5,5848.75,314
2025-03-06 00:25:00-05:00,5849.0,5849.0,5848.0,5848.25,223
2025-03-06 00:30:00-05:00,5848.0,5849.0,5847.5,5848.0,400
2025-03-06 00:35:00-05:00,5848.0,5848.75,5847.25,5847.75,263
2025-03-06 00:40:00-05:00,5847.75,5848.0,5847.25,5847.25,234
2025-03-06 00:45:00-05:00,5847.25,5847.5,5843.5,5844.25,764
2025-03-06 00:50:00-05:00,5844.5,5844.75,5843.25,5843.75,385
2025-03-06 00:55:00-05:00,5844.0,5845.0,5842.75,5842.75,595
2025-03-06 01:00:00-05:00,5843.0,5843.25,5840.75,5841.75,783
2025-03-06 01:05:00-05:00,5841.75,5842.25,5840.5,5842.0,320
2025-03-06 01:10:00-05:00,5842.25,5846.0,5841.0,5845.0,1102
2025-03-06 01:15:00-05:00,5845.25,5846.25,5844.75,5846.25,389
2025-03-06 01:20:00-05:00,5846.5,5848.5,5846.25,5847.25,516
2025-03-06 01:25:00-05:00,5847.25,5848.0,5846.25,5847.75,390
2025-03-06 01:30:00-05:00,5847.5,5849.0,5847.0,5847.5,525
2025-03-06 01:35:00-05:00,5847.5,5848.5,5847.5,5847.75,216
2025-03-06 01:40:00-05:00,5847.75,5849.0,5847.25,5849.0,349
2025-03-06 01:45:00-05:00,5849.0,5849.5,5847.75,5848.0,453
2025-03-06 01:50:00-05:00,5848.0,5848.75,5847.5,5848.0,331
2025-03-06 01:55:00-05:00,5848.0,5849.25,5847.75,5848.25,347
2025-03-06 02:00:00-05:00,5848.5,5850.0,5847.5,5848.5,683
2025-03-06 02:05:00-05:00,5848.5,5850.0,5848.25,5850.0,915
2025-03-06 02:10:00-05:00,5850.0,5850.0,5846.75,5847.25,1484
2025-03-06 02:15:00-05:00,5847.0,5847.25,5844.25,5845.25,902
2025-03-06 02:20:00-05:00,5845.25,5848.25,5845.0,5846.5,698
2025-03-06 02:25:00-05:00,5846.5,5846.5,5843.0,5843.25,753
2025-03-06 02:30:00-05:00,5843.25,5846.0,5841.75,5843.25,1147
2025-03-06 02:35:00-05:00,5843.25,5844.0,5841.25,5842.0,793
2025-03-06 02:40:00-05:00,5842.0,5842.0,5834.75,5836.0,2296
2025-03-06 02:45:00-05:00,5835.75,5837.0,5832.5,5835.0,1810
2025-03-06 02:50:00-05:00,5835.0,5835.5,5829.25,5831.5,2096
2025-03-06 02:55:00-05:00,5831.75,5832.0,5823.75,5824.5,2957
2025-03-06 03:00:00-05:00,5824.5,5826.75,5819.25,5825.5,4856
2025-03-06 03:05:00-05:00,5825.5,5830.75,5824.0,5824.5,3164
2025-03-06 03:10:00-05:00,5824.75,5827.25,5810.75,5818.25,4420
2025-03-06 03:15:00-05:00,5818.25,5827.25,5818.0,5825.25,3586
2025-03-06 03:20:00-05:00,5825.25,5825.5,5819.5,5819.5,1892
2025-03-06 03:25:00-05:00,5819.5,5821.0,5812.5,5820.25,3328
2025-03-06 03:30:00-05:00,5820.0,5823.5,5817.0,5819.75,2345
2025-03-06 03:35:00-05:00,5819.75,5823.25,5817.0,5819.0,2625
2025-03-06 03:40:00-05:00,5818.25,5818.5,5809.0,5812.0,2597
2025-03-06 03:45:00-05:00,5812.0,5815.5,5809.25,5811.75,2319
2025-03-06 03:50:00-05:00,5812.0,5813.75,5808.5,5811.25,1871
2025-03-06 03:55:00-05:00,5811.75,5812.5,5801.25,5803.75,3110
2025-03-06 04:00:00-05:00,5803.75,5811.5,5797.25,5808.75,5466
2025-03-06 04:05:00-05:00,5809.0,5813.5,5808.25,5810.25,2364
2025-03-06 04:10:00-05:00,5810.25,5810.75,5805.5,5805.75,2954
2025-03-06 04:15:00-05:00,5806.0,5807.5,5799.25,5800.0,3008
2025-03-06 04:20:00-05:00,5800.25,5805.0,5797.25,5798.0,3047
2025-03-06 04:25:00-05:00,5797.75,5798.5,5790.25,5791.25,3455
2025-03-06 04:30:00-05:00,5791.25,5799.0,5786.25,5797.5,4280
2025-03-06 04:35:00-05:00,5797.25,5798.25,5794.5,5797.25,1970
2025-03-06 04:40:00-05:00,5797.0,5801.0,5796.5,5800.25,2588
2025-03-06 04:45:00-05:00,5800.0,5802.25,5793.0,5793.75,2773
2025-03-06 04:50:00-05:00,5794.0,5797.25,5789.5,5791.75,3275
2025-03-06 04:55:00-05:00,5792.0,5793.0,5788.5,5792.5,2095
2025-03-06 05:00:00-05:00,5792.5,5792.5,5782.25,5788.75,4792
2025-03-06 05:05:00-05:00,5788.75,5793.25,5788.25,5791.5,2062
2025-03-06 05:10:00-05:00,5791.5,5794.0,5790.5,5791.25,1612
2025-03-06 05:15:00-05:00,5791.5,5795.5,5789.5,5795.0,1527
2025-03-06 05:20:00-05:00,5794.75,5797.5,5793.75,5796.5,1403
2025-03-06 05:25:00-05:00,5796.75,5797.75,5794.25,5795.25,1869
2025-03-06 05:30:00-05:00,5795.25,5795.5,5791.5,5792.0,1952
2025-03-06 05:35:00-05:00,5792.25,5793.5,5786.5,5787.25,2081
2025-03-06 05:40:00-05:00,5787.25,5788.5,5785.0,5786.75,2302
2025-03-06 05:45:00-05:00,5786.75,5788.5,5784.75,5786.25,1477
2025-03-06 05:50:00-05:00,5786.25,5787.75,5780.75,5781.25,2262
2025-03-06 05:55:00-05:00,5781.25,5785.5,5779.5,5781.5,2084
2025-03-06 06:00:00-05:00,5781.5,5782.5,5775.5,5778.25,2938
2025-03-06 06:05:00-05:00,5778.25,5784.75,5778.0,5781.5,2139
2025-03-06 06:10:00-05:00,5781.75,5783.5,5779.5,5782.0,1483
2025-03-06 06:15:00-05:00,5782.25,5786.5,5781.0,5785.75,2105
2025-03-06 06:20:00-05:00,5785.75,5788.0,5784.0,5786.5,1758
2025-03-06 06:25:00-05:00,5786.5,5786.75,5783.25,5784.0,1996
2025-03-06 06:30:00-05:00,5784.0,5787.5,5783.75,5787.0,1324
2025-03-06 06:35:00-05:00,5786.75,5790.0,5786.25,5787.5,1869
2025-03-06 06:40:00-05:00,5787.5,5794.25,5786.5,5794.0,2476
2025-03-06 06:45:00-05:00,5794.0,5796.5,5792.25,5796.5,2239
2025-03-06 06:50:00-05:00,5796.0,5797.0,5794.25,5796.0,2084
2025-03-06 06:55:00-05:00,5795.75,5797.25,5794.75,5796.75,2405
2025-03-06 07:00:00-05:00,5796.75,5797.75,5792.25,5792.75,2854
2025-03-06 07:05:00-05:00,5792.5,5792.5,5788.75,5788.75,2382
2025-03-06 07:10:00-05:00,5789.0,5789.75,5787.0,5788.0,1603
2025-03-06 07:15:00-05:00,5787.75,5789.0,5783.25,5789.0,1985
2025-03-06 07:20:00-05:00,5788.75,5789.0,5784.5,5785.75,1361
2025-03-06 07:25:00-05:00,5785.75,5793.5,5785.75,5792.75,2512
2025-03-06 07:30:00-05:00,5792.25,5793.75,5783.75,5786.5,3156
2025-03-06 07:35:00-05:00,5786.25,5786.5,5780.25,5781.0,2967
2025-03-06 07:40:00-05:00,5781.0,5788.0,5780.5,5787.25,3918
2025-03-06 07:45:00-05:00,5787.25,5790.0,5784.5,5785.75,2154
2025-03-06 07:50:00-05:00,5785.5,5788.75,5784.75,5786.25,1971
2025-03-06 07:55:00-05:00,5786.25,5790.25,5784.5,5784.75,2695
2025-03-06 08:00:00-05:00,5785.0,5786.0,5777.75,5778.25,3502
2025-03-06 08:05:00-05:00,5778.25,5782.75,5776.5,5780.5,3825
2025-03-06 08:10:00-05:00,5780.25,5781.0,5776.0,5778.0,2259
2025-03-06 08:15:00-05:00,5778.25,5780.75,5772.5,5772.75,4272
2025-03-06 08:20:00-05:00,5772.75,5775.25,5769.25,5771.25,4857
2025-03-06 08:25:00-05:00,5771.25,5776.75,5770.75,5773.75,3641
2025-03-06 08:30:00-05:00,5774.5,5785.0,5772.0,5785.0,9568
2025-03-06 08:35:00-05:00,5785.0,5790.75,5783.0,5787.75,6808
2025-03-06 08:40:00-05:00,5787.5,5788.5,5779.5,5783.25,5367
2025-03-06 08:45:00-05:00,5783.25,5785.25,5777.5,5784.5,4983
2025-03-06 08:50:00-05:00,5784.5,5785.25,5777.0,5779.25,4927
2025-03-06 08:55:00-05:00,5779.25,5782.25,5776.5,5779.5,4125
2025-03-06 09:00:00-05:00,5779.5,5784.0,5774.75,5782.0,5881
2025-03-06 09:05:00-05:00,5781.75,5788.75,5780.75,5784.5,7827
2025-03-06 09:10:00-05:00,5784.5,5787.25,5783.5,5786.25,2915
2025-03-06 09:15:00-05:00,5785.75,5785.75,5778.5,5781.25,5661
2025-03-06 09:20:00-05:00,5781.5,5781.75,5776.25,5776.75,4060
2025-03-06 09:25:00-05:00,5776.75,5778.25,5771.25,5773.75,9876
2025-03-06 09:30:00-05:00,5773.75,5776.75,5764.5,5769.5,41602
2025-03-06 09:35:00-05:00,5769.5,5771.0,5756.5,5767.75,42092
2025-03-06 09:40:00-05:00,5768.0,5771.75,5753.25,5755.0,36305
2025-03-06 09:45:00-05:00,5755.25,5769.75,5754.25,5766.75,31341
2025-03-06 09:50:00-05:00,5766.5,5779.0,5764.25,5767.75,34773
2025-03-06 09:55:00-05:00,5767.5,5770.75,5760.25,5763.25,23650
2025-03-06 10:00:00-05:00,5763.5,5785.75,5759.75,5781.5,44864
2025-03-06 10:05:00-05:00,5781.5,5796.75,5780.75,5792.0,47276
2025-03-06 10:10:00-05:00,5792.0,5796.75,5787.75,5793.5,31332
2025-03-06 10:15:00-05:00,5793.25,5802.75,5791.5,5799.0,35160
2025-03-06 10:20:00-05:00,5799.0,5806.5,5798.0,5799.75,30775
2025-03-06 10:25:00-05:00,5799.5,5805.5,5788.75,5803.75,34814
2025-03-06 10:30:00-05:00,5803.75,5805.5,5796.75,5800.5,22772
2025-03-06 10:35:00-05:00,5800.75,5816.75,5797.75,5815.25,28822
2025-03-06 10:40:00-05:00,5815.0,5820.0,5811.25,5817.0,27660
2025-03-06 10:45:00-05:00,5816.75,5819.75,5809.5,5810.5,23630
2025-03-06 10:50:00-05:00,5810.5,5811.25,5795.5,5796.75,26906
2025-03-06 10:55:00-05:00,5796.75,5807.75,5793.75,5806.5,24109
2025-03-06 11:00:00-05:00,5806.75,5815.75,5806.75,5810.5,20606
2025-03-06 11:05:00-05:00,5810.5,5820.75,5806.25,5819.75,23969
2025-03-06 11:10:00-05:00,5820.0,5821.25,5809.5,5812.75,21334
2025-03-06 11:15:00-05:00,5812.75,5815.75,5807.0,5809.5,20189
2025-03-06 11:20:00-05:00,5809.5,5811.75,5795.75,5805.0,25233
2025-03-06 11:25:00-05:00,5805.0,5810.0,5790.25,5804.0,38308
2025-03-06 11:30:00-05:00,5803.75,5820.25,5800.75,5811.75,35187
2025-03-06 11:35:00-05:00,5811.75,5812.75,5788.0,5790.25,28483
2025-03-06 11:40:00-05:00,5790.25,5791.75,5782.5,5787.0,22135
2025-03-06 11:45:00-05:00,5787.0,5791.0,5781.0,5782.5,16758
2025-03-06 11:50:00-05:00,5782.5,5782.5,5768.5,5771.5,26066
2025-03-06 11:55:00-05:00,5771.5,5772.0,5763.0,5764.25,20507
2025-03-06 12:00:00-05:00,5764.0,5768.75,5751.0,5751.75,32410
2025-03-06 12:05:00-05:00,5751.5,5757.75,5744.0,5757.25,43669
2025-03-06 12:10:00-05:00,5757.25,5757.75,5747.25,5748.25,25062
2025-03-06 12:15:00-05:00,5748.25,5755.5,5745.25,5753.5,25080
2025-03-06 12:20:00-05:00,5753.25,5764.0,5752.0,5752.25,29145
2025-03-06 12:25:00-05:00,5752.25,5752.5,5738.5,5744.5,29860
2025-03-06 12:30:00-05:00,5744.25,5756.25,5743.25,5747.75,23975
2025-03-06 12:35:00-05:00,5747.75,5749.0,5740.5,5740.5,14575
2025-03-06 12:40:00-05:00,5740.5,5754.0,5739.75,5744.75,22212
2025-03-06 12:45:00-05:00,5744.75,5745.0,5729.0,5731.5,27626
2025-03-06 12:50:00-05:00,5731.25,5738.5,5730.0,5737.25,19594
2025-03-06 12:55:00-05:00,5737.25,5754.75,5736.0,5749.5,26084
2025-03-06 13:00:00-05:00,5749.25,5751.5,5741.0,5744.0,20523
2025-03-06 13:05:00-05:00,5743.75,5749.75,5740.25,5743.75,16590
2025-03-06 13:10:00-05:00,5743.75,5749.25,5738.25,5748.5,19037
2025-03-06 13:15:00-05:00,5748.25,5758.25,5748.0,5756.5,17180
2025-03-06 13:20:00-05:00,5756.5,5760.25,5753.0,5757.5,15993
2025-03-06 13:25:00-05:00,5757.5,5759.5,5741.75,5744.0,18031
2025-03-06 13:30:00-05:00,5744.0,5750.25,5740.5,5743.5,15812
2025-03-06 13:35:00-05:00,5743.5,5747.0,5730.25,5730.5,18199
2025-03-06 13:40:00-05:00,5730.25,5731.25,5722.75,5730.25,24911
2025-03-06 13:45:00-05:00,5730.25,5741.0,5728.0,5735.5,21237
2025-03-06 13:50:00-05:00,5735.75,5746.75,5735.25,5740.75,17242
2025-03-06 13:55:00-05:00,5741.0,5744.0,5737.0,5740.0,15295
2025-03-06 14:00:00-05:00,5740.0,5741.75,5727.75,5729.0,15745
2025-03-06 14:05:00-05:00,5729.25,5736.0,5727.25,5734.25,14478
2025-03-06 14:10:00-05:00,5734.25,5742.5,5733.5,5734.5,15597
2025-03-06 14:15:00-05:00,5734.5,5739.0,5725.5,5728.25,19039
2025-03-06 14:20:00-05:00,5728.25,5732.0,5724.25,5731.5,14960
2025-03-06 14:25:00-05:00,5731.25,5731.25,5720.0,5725.25,17198
2025-03-06 14:30:00-05:00,5725.0,5730.25,5720.25,5725.5,19884
2025-03-06 14:35:00-05:00,5725.5,5732.0,5723.0,5727.25,14532
2025-03-06 14:40:00-05:00,5727.25,5741.75,5725.75,5736.75,24168
2025-03-06 14:45:00-05:00,5736.5,5761.0,5735.5,5756.25,38296
2025-03-06 14:50:00-05:00,5756.5,5768.5,5754.25,5757.0,39290
2025-03-06 14:55:00-05:00,5757.0,5757.25,5727.0,5729.0,36700
2025-03-06 15:00:00-05:00,5729.0,5743.0,5723.5,5740.5,35612
2025-03-06 15:05:00-05:00,5740.25,5749.0,5737.0,5743.0,25438
2025-03-06 15:10:00-05:00,5743.0,5752.0,5741.0,5751.0,25779
2025-03-06 15:15:00-05:00,5750.75,5755.0,5743.25,5751.75,21956
2025-03-06 15:20:00-05:00,5751.5,5755.0,5731.5,5736.0,27510
2025-03-06 15:25:00-05:00,5736.0,5751.0,5734.25,5749.25,22433
2025-03-06 15:30:00-05:00,5749.25,5761.75,5746.75,5748.25,30889
2025-03-06 15:35:00-05:00,5748.5,5756.5,5743.0,5743.5,25950
2025-03-06 15:40:00-05:00,5743.75,5746.25,5735.25,5737.0,22896
2025-03-06 15:45:00-05:00,5737.25,5749.75,5734.5,5749.75,25845
2025-03-06 15:50:00-05:00,5749.75,5754.75,5743.5,5753.5,34944
2025-03-06 15:55:00-05:00,5753.75,5755.25,5741.0,5747.75,87222
2025-03-06 16:00:00-05:00,5748.0,5755.75,5744.25,5755.25,29385
2025-03-06 16:05:00-05:00,5755.25,5759.0,5754.5,5758.0,11127
2025-03-06 16:10:00-05:00,5758.25,5761.5,5756.75,5758.25,6606
2025-03-06 16:15:00-05:00,5758.25,5771.75,5757.0,5768.25,9163
2025-03-06 16:20:00-05:00,5768.0,5770.25,5765.25,5765.75,4649
2025-03-06 16:25:00-05:00,5765.75,5769.25,5764.5,5765.0,2872
2025-03-06 16:30:00-05:00,5765.25,5766.0,5762.0,5762.75,2190
2025-03-06 16:35:00-05:00,5763.0,5764.25,5759.5,5759.75,1732
2025-03-06 16:40:00-05:00,5759.75,5762.0,5758.25,5761.5,1211
2025-03-06 16:45:00-05:00,5761.5,5764.5,5761.5,5763.5,1438
2025-03-06 16:50:00-05:00,5763.25,5765.75,5762.75,5763.25,941
2025-03-06 16:55:00-05:00,5763.5,5765.5,5761.0,5761.25,1691
2025-03-06 18:00:00-05:00,5766.0,5769.75,5763.5,5768.5,1509
2025-03-06 18:05:00-05:00,5768.25,5768.25,5764.0,5766.25,789
2025-03-06 18:10:00-05:00,5766.5,5769.75,5765.75,5768.25,1033
2025-03-06 18:15:00-05:00,5768.25,5768.5,5766.75,5766.75,466
2025-03-06 18:20:00-05:00,5766.75,5766.75,5762.5,5763.5,1061
2025-03-06 18:25:00-05:00,5763.5,5764.0,5761.5,5762.0,425
2025-03-06 18:30:00-05:00,5762.0,5766.25,5762.0,5765.5,967
2025-03-06 18:35:00-05:00,5765.75,5766.0,5765.0,5765.5,374
2025-03-06 18:40:00-05:00,5765.75,5766.0,5764.0,5765.5,704
2025-03-06 18:45:00-05:00,5765.25,5765.25,5762.0,5763.0,586
2025-03-06 18:50:00-05:00,5763.0,5764.5,5762.0,5762.25,478
2025-03-06 18:55:00-05:00,5762.25,5765.25,5761.5,5764.75,1144
2025-03-06 19:00:00-05:00,5765.0,5765.75,5760.25,5764.25,1697
2025-03-06 19:05:00-05:00,5764.25,5766.25,5763.25,5764.0,674
2025-03-06 19:10:00-05:00,5763.75,5766.25,5763.25,5766.0,420
2025-03-06 19:15:00-05:00,5765.75,5768.25,5764.5,5768.0,800
2025-03-06 19:20:00-05:00,5768.0,5768.25,5762.5,5763.0,920
2025-03-06 19:25:00-05:00,5763.0,5763.25,5756.25,5760.5,2028
2025-03-06 19:30:00-05:00,5760.5,5764.5,5759.5,5764.0,1087
2025-03-06 19:35:00-05:00,5764.25,5764.25,5761.25,5762.25,795
2025-03-06 19:40:00-05:00,5762.25,5769.75,5762.25,5767.75,1683
2025-03-06 19:45:00-05:00,5767.5,5767.5,5763.5,5767.0,848
2025-03-06 19:50:00-05:00,5766.75,5768.75,5764.75,5765.25,710
2025-03-06 19:55:00-05:00,5765.75,5765.75,5763.75,5763.75,703
2025-03-06 20:00:00-05:00,5764.0,5765.5,5761.25,5764.25,1571
2025-03-06 20:05:00-05:00,5764.25,5772.0,5763.0,5771.25,1573
2025-03-06 20:10:00-05:00,5771.25,5774.5,5771.25,5773.75,1277
2025-03-06 20:15:00-05:00,5773.5,5773.5,5771.0,5771.5,800
2025-03-06 20:20:00-05:00,5771.5,5771.5,5768.5,5770.0,750
2025-03-06 20:25:00-05:00,5769.5,5771.25,5767.75,5768.5,635
2025-03-06 20:30:00-05:00,5768.5,5769.5,5767.0,5767.5,733
2025-03-06 20:35:00-05:00,5767.25,5768.75,5766.5,5767.25,589
2025-03-06 20:40:00-05:00,5767.25,5769.25,5766.0,5769.25,522
2025-03-06 20:45:00-05:00,5769.0,5769.25,5767.5,5768.25,468
2025-03-06 20:50:00-05:00,5768.25,5768.75,5766.25,5768.0,433
2025-03-06 20:55:00-05:00,5768.25,5770.0,5768.0,5768.75,611
2025-03-06 21:00:00-05:00,5768.75,5769.25,5765.5,5767.75,674
2025-03-06 21:05:00-05:00,5767.75,5768.75,5766.5,5767.5,331
2025-03-06 21:10:00-05:00,5767.5,5769.5,5767.0,5769.5,662
2025-03-06 21:15:00-05:00,5769.25,5774.5,5769.25,5771.25,1139
2025-03-06 21:20:00-05:00,5771.25,5771.5,5767.0,5768.5,838
2025-03-06 21:25:00-05:00,5768.25,5768.25,5766.0,5766.5,666
2025-03-06 21:30:00-05:00,5766.5,5767.0,5763.25,5766.75,1086
2025-03-06 21:35:00-05:00,5766.75,5768.5,5766.25,5767.75,801
2025-03-06 21:40:00-05:00,5767.75,5769.0,5767.0,5769.0,732
2025-03-06 21:45:00-05:00,5768.75,5769.75,5768.25,5768.75,325
2025-03-06 21:50:00-05:00,5768.75,5770.0,5767.75,5768.5,557
2025-03-06 21:55:00-05:00,5768.0,5768.75,5767.25,5768.25,349
2025-03-06 22:00:00-05:00,5768.25,5769.0,5767.0,5767.25,467
2025-03-06 22:05:00-05:00,5767.5,5768.25,5765.5,5767.25,595
2025-03-06 22:10:00-05:00,5767.5,5767.5,5763.5,5764.0,617
2025-03-06 22:15:00-05:00,5764.0,5766.0,5762.5,5764.5,544
2025-03-06 22:20:00-05:00,5764.5,5765.0,5761.5,5764.75,837
2025-03-06 22:25:00-05:00,5764.75,5765.75,5763.75,5765.0,408
2025-03-06 22:30:00-05:00,5765.25,5765.25,5762.5,5764.25,518
2025-03-06 22:35:00-05:00,5764.5,5764.5,5762.5,5763.75,532
2025-03-06 22:40:00-05:00,5763.5,5764.0,5762.5,5763.75,315
2025-03-06 22:45:00-05:00,5763.75,5764.25,5761.25,5762.25,445
2025-03-06 22:50:00-05:00,5762.25,5763.5,5761.25,5761.75,878
2025-03-06 22:55:00-05:00,5762.0,5763.0,5760.75,5761.25,469
2025-03-06 23:00:00-05:00,5761.25,5765.0,5760.5,5764.0,839
2025-03-06 23:05:00-05:00,5764.0,5765.5,5763.5,5764.25,434
2025-03-06 23:10:00-05:00,5764.25,5764.75,5762.25,5762.5,491
2025-03-06 23:15:00-05:00,5762.5,5762.5,5759.75,5761.0,514
2025-03-06 23:20:00-05:00,5761.0,5761.5,5760.0,5761.0,367
2025-03-06 23:25:00-05:00,5761.0,5761.0,5757.25,5760.25,1442
2025-03-06 23:30:00-05:00,5760.25,5762.5,5760.25,5762.0,725
2025-03-06 23:35:00-05:00,5762.25,5763.75,5761.0,5763.25,458
2025-03-06 23:40:00-05:00,5763.0,5764.5,5763.0,5763.75,332
2025-03-06 23:45:00-05:00,5763.5,5764.0,5762.75,5763.5,257
2025-03-06 23:50:00-05:00,5763.0,5764.0,5762.75,5762.75,201
2025-03-06 23:55:00-05:00,5763.0,5764.75,5763.0,5764.25,299
2025-03-07 00:00:00-05:00,5764.0,5764.75,5760.75,5761.0,425
2025-03-07 00:05:00-05:00,5761.25,5762.25,5759.5,5760.0,538
2025-03-07 00:10:00-05:00,5759.75,5761.5,5758.5,5760.0,566
2025-03-07 00:15:00-05:00,5759.75,5763.25,5759.0,5762.5,769
2025-03-07 00:20:00-05:00,5762.5,5763.0,5759.0,5760.25,441
2025-03-07 00:25:00-05:00,5760.25,5762.5,5760.25,5761.25,307
2025-03-07 00:30:00-05:00,5761.5,5764.5,5761.5,5764.25,426
2025-03-07 00:35:00-05:00,5764.0,5764.0,5763.0,5763.5,437
2025-03-07 00:40:00-05:00,5763.25,5764.25,5761.25,5761.5,506
2025-03-07 00:45:00-05:00,5761.75,5762.0,5759.5,5759.75,340
2025-03-07 00:50:00-05:00,5759.75,5760.25,5756.75,5757.75,636
2025-03-07 00:55:00-05:00,5757.75,5758.5,5754.5,5757.0,779
2025-03-07 01:00:00-05:00,5757.25,5757.75,5752.0,5753.25,1188
2025-03-07 01:05:00-05:00,5753.25,5754.5,5751.0,5752.75,891
2025-03-07 01:10:00-05:00,5752.75,5753.5,5750.25,5753.25,990
2025-03-07 01:15:00-05:00,5753.25,5755.25,5752.25,5755.0,568
2025-03-07 01:20:00-05:00,5755.0,5755.25,5752.25,5752.5,572
2025-03-07 01:25:00-05:00,5752.5,5754.25,5752.5,5753.25,529
2025-03-07 01:30:00-05:00,5753.75,5754.5,5750.75,5752.0,1141
2025-03-07 01:35:00-05:00,5752.0,5752.5,5750.25,5750.25,878
2025-03-07 01:40:00-05:00,5750.25,5752.0,5750.0,5751.25,745
2025-03-07 01:45:00-05:00,5751.25,5752.75,5751.0,5751.25,684
2025-03-07 01:50:00-05:00,5751.0,5751.75,5750.0,5750.5,1254
2025-03-07 01:55:00-05:00,5750.5,5752.5,5750.0,5752.0,521
2025-03-07 02:00:00-05:00,5752.0,5759.0,5750.5,5757.25,1596
2025-03-07 02:05:00-05:00,5757.5,5761.5,5756.5,5760.25,784
2025-03-07 02:10:00-05:00,5760.25,5763.0,5760.0,5760.5,815
2025-03-07 02:15:00-05:00,5760.25,5760.75,5758.5,5759.0,603
2025-03-07 02:20:00-05:00,5758.75,5760.75,5757.75,5758.25,774
2025-03-07 02:25:00-05:00,5758.5,5762.0,5758.25,5760.5,704
2025-03-07 02:30:00-05:00,5760.75,5761.25,5758.0,5760.5,799
2025-03-07 02:35:00-05:00,5760.5,5761.5,5754.0,5754.0,1728
2025-03-07 02:40:00-05:00,5753.75,5756.5,5753.25,5756.5,979
2025-03-07 02:45:00-05:00,5756.5,5763.0,5755.5,5763.0,1195
2025-03-07 02:50:00-05:00,5763.0,5764.25,5759.5,5760.25,1328
2025-03-07 02:55:00-05:00,5760.25,5763.0,5760.0,5762.25,1112
2025-03-07 03:00:00-05:00,5762.5,5764.0,5758.0,5763.0,4577
2025-03-07 03:05:00-05:00,5762.75,5766.0,5760.5,5761.75,2666
2025-03-07 03:10:00-05:00,5762.0,5765.25,5759.5,5764.75,2295
2025-03-07 03:15:00-05:00,5764.5,5765.25,5761.0,5763.25,2464
2025-03-07 03:20:00-05:00,5763.5,5764.0,5760.25,5762.0,1472
2025-03-07 03:25:00-05:00,5761.75,5762.75,5759.75,5762.5,1432
2025-03-07 03:30:00-05:00,5762.25,5766.5,5760.75,5760.75,1832
2025-03-07 03:35:00-05:00,5760.75,5762.25,5754.5,5756.25,2418
2025-03-07 03:40:00-05:00,5756.25,5760.5,5753.75,5760.25,2598
2025-03-07 03:45:00-05:00,5760.25,5762.0,5757.0,5762.0,1908
2025-03-07 03:50:00-05:00,5761.75,5763.0,5757.5,5759.0,1654
2025-03-07 03:55:00-05:00,5759.25,5763.25,5759.25,5760.25,1112
2025-03-07 04:00:00-05:00,5760.0,5768.75,5758.25,5767.5,2681
2025-03-07 04:05:00-05:00,5767.5,5769.25,5767.25,5769.0,1439
2025-03-07 04:10:00-05:00,5768.75,5773.25,5767.75,5772.75,2740
2025-03-07 04:15:00-05:00,5772.75,5773.0,5767.5,5770.5,2102
2025-03-07 04:20:00-05:00,5770.5,5770.5,5766.0,5766.25,1230
2025-03-07 04:25:00-05:00,5766.5,5769.25,5765.0,5768.5,1304
2025-03-07 04:30:00-05:00,5768.5,5771.0,5767.25,5769.25,1331
2025-03-07 04:35:00-05:00,5769.5,5770.5,5767.5,5767.75,933
2025-03-07 04:40:00-05:00,5767.5,5768.0,5765.5,5767.25,945
2025-03-07 04:45:00-05:00,5767.25,5771.25,5767.0,5771.0,1032
2025-03-07 04:50:00-05:00,5771.0,5772.25,5769.25,5770.25,876
2025-03-07 04:55:00-05:00,5770.5,5771.0,5767.5,5767.75,642
2025-03-07 05:00:00-05:00,5768.0,5768.5,5763.0,5763.25,1461
2025-03-07 05:05:00-05:00,5763.5,5763.5,5756.5,5756.75,3713
2025-03-07 05:10:00-05:00,5756.75,5763.75,5756.75,5763.75,1576
2025-03-07 05:15:00-05:00,5763.75,5765.25,5762.25,5765.0,1227
2025-03-07 05:20:00-05:00,5764.75,5765.25,5762.75,5764.25,617
2025-03-07 05:25:00-05:00,5764.5,5765.25,5761.25,5763.5,861
2025-03-07 05:30:00-05:00,5763.75,5764.5,5761.0,5764.0,782
2025-03-07 05:35:00-05:00,5763.75,5766.5,5763.75,5764.5,1262
2025-03-07 05:40:00-05:00,5764.5,5767.25,5763.5,5763.5,975
2025-03-07 05:45:00-05:00,5763.75,5764.75,5763.0,5764.25,436
2025-03-07 05:50:00-05:00,5764.0,5764.5,5761.0,5763.0,699
2025-03-07 05:55:00-05:00,5762.75,5763.5,5760.75,5763.5,769
2025-03-07 06:00:00-05:00,5763.5,5765.0,5758.0,5764.5,1256
2025-03-07 06:05:00-05:00,5764.25,5766.5,5763.0,5763.25,1170
2025-03-07 06:10:00-05:00,5763.25,5763.5,5760.5,5762.5,868
2025-03-07 06:15:00-05:00,5762.25,5764.75,5761.75,5763.75,850
2025-03-07 06:20:00-05:00,5763.5,5766.0,5763.0,5765.25,576
2025-03-07 06:25:00-05:00,5765.0,5765.25,5763.25,5764.5,695
2025-03-07 06:30:00-05:00,5764.5,5768.25,5763.75,5767.25,986
2025-03-07 06:35:00-05:00,5767.25,5769.0,5767.0,5768.25,811
2025-03-07 06:40:00-05:00,5768.25,5768.25,5763.25,5764.75,1504
2025-03-07 06:45:00-05:00,5764.5,5765.75,5764.0,5764.0,835
2025-03-07 06:50:00-05:00,5764.0,5764.5,5762.0,5763.25,882
2025-03-07 06:55:00-05:00,5763.25,5765.25,5762.75,5765.25,1114
2025-03-07 07:00:00-05:00,5765.0,5765.0,5761.5,5763.75,2378
2025-03-07 07:05:00-05:00,5763.75,5765.75,5760.5,5761.0,1886
2025-03-07 07:10:00-05:00,5761.25,5763.5,5759.5,5763.0,2736
2025-03-07 07:15:00-05:00,5763.0,5764.25,5756.0,5757.0,2741
2025-03-07 07:20:00-05:00,5757.5,5758.25,5756.0,5756.75,1366
2025-03-07 07:25:00-05:00,5756.5,5757.25,5752.5,5753.0,1984
2025-03-07 07:30:00-05:00,5753.0,5756.0,5750.5,5754.5,2712
2025-03-07 07:35:00-05:00,5754.75,5756.5,5751.5,5751.5,1553
2025-03-07 07:40:00-05:00,5751.5,5752.75,5745.5,5746.0,3535
2025-03-07 07:45:00-05:00,5745.75,5750.75,5745.75,5749.0,3939
2025-03-07 07:50:00-05:00,5749.0,5750.25,5747.0,5748.75,2860
2025-03-07 07:55:00-05:00,5748.75,5753.0,5748.5,5751.5,3789
2025-03-07 08:00:00-05:00,5751.25,5751.5,5748.0,5749.25,2538
2025-03-07 08:05:00-05:00,5749.25,5752.75,5747.25,5750.0,3533
2025-03-07 08:10:00-05:00,5750.25,5751.5,5745.25,5746.0,3600
2025-03-07 08:15:00-05:00,5746.0,5747.75,5742.25,5747.25,5430
2025-03-07 08:20:00-05:00,5747.25,5749.0,5745.25,5746.5,3284
2025-03-07 08:25:00-05:00,5746.75,5750.25,5743.0,5746.25,5330
2025-03-07 08:30:00-05:00,5746.0,5786.5,5735.0,5761.5,37534
2025-03-07 08:35:00-05:00,5761.5,5770.5,5752.75,5760.25,16231
2025-03-07 08:40:00-05:00,5760.0,5761.0,5744.5,5759.75,16918
2025-03-07 08:45:00-05:00,5759.75,5761.5,5750.5,5753.0,8153
2025-03-07 08:50:00-05:00,5753.0,5753.75,5748.0,5751.0,6220
2025-03-07 08:55:00-05:00,5751.0,5751.25,5729.25,5734.5,13948
2025-03-07 09:00:00-05:00,5734.25,5743.75,5731.5,5742.0,16068
2025-03-07 09:05:00-05:00,5742.0,5744.25,5727.75,5733.0,8640
2025-03-07 09:10:00-05:00,5733.25,5733.5,5721.0,5729.25,13488
2025-03-07 09:15:00-05:00,5729.25,5735.5,5728.25,5733.25,8188
2025-03-07 09:20:00-05:00,5733.0,5738.0,5731.5,5734.0,6267
2025-03-07 09:25:00-05:00,5734.0,5735.25,5724.75,5726.0,9051
2025-03-07 09:30:00-05:00,5726.25,5745.25,5724.5,5745.0,38159
2025-03-07 09:35:00-05:00,5745.0,5747.75,5729.75,5739.0,32882
2025-03-07 09:40:00-05:00,5739.0,5765.25,5738.0,5755.25,48004
2025-03-07 09:45:00-05:00,5755.25,5775.0,5754.5,5771.0,40000
2025-03-07 09:50:00-05:00,5771.0,5777.25,5766.5,5773.5,25085
2025-03-07 09:55:00-05:00,5773.5,5778.0,5755.75,5756.25,29865
2025-03-07 10:00:00-05:00,5756.25,5766.5,5744.25,5764.25,32294
2025-03-07 10:05:00-05:00,5764.25,5768.0,5758.75,5763.25,21867
2025-03-07 10:10:00-05:00,5763.25,5766.25,5747.5,5748.75,21902
2025-03-07 10:15:00-05:00,5749.0,5749.5,5734.5,5739.5,29275
2025-03-07 10:20:00-05:00,5739.5,5753.5,5736.25,5748.75,22958
2025-03-07 10:25:00-05:00,5748.75,5749.25,5736.25,5740.75,17877
2025-03-07 10:30:00-05:00,5740.75,5740.75,5712.25,5717.5,37694
2025-03-07 10:35:00-05:00,5717.5,5717.75,5704.5,5708.5,32869
2025-03-07 10:40:00-05:00,5708.5,5715.25,5701.25,5713.25,30022
2025-03-07 10:45:00-05:00,5713.25,5747.75,5710.0,5735.5,58398
2025-03-07 10:50:00-05:00,5735.25,5738.5,5715.75,5726.25,36958
2025-03-07 10:55:00-05:00,5726.5,5732.0,5718.75,5726.0,18055
2025-03-07 11:00:00-05:00,5725.75,5728.25,5715.5,5720.5,18736
2025-03-07 11:05:00-05:00,5720.5,5729.75,5717.25,5722.75,16719
2025-03-07 11:10:00-05:00,5722.5,5725.5,5716.25,5720.25,14274
2025-03-07 11:15:00-05:00,5720.25,5721.75,5706.0,5707.5,16579
2025-03-07 11:20:00-05:00,5707.5,5710.25,5702.0,5702.75,17462
2025-03-07 11:25:00-05:00,5702.5,5703.5,5690.75,5693.25,30970
2025-03-07 11:30:00-05:00,5693.5,5697.25,5690.25,5692.5,24374
2025-03-07 11:35:00-05:00,5692.5,5694.5,5686.25,5688.5,25020
2025-03-07 11:40:00-05:00,5688.5,5689.25,5680.0,5687.25,29221
2025-03-07 11:45:00-05:00,5687.25,5690.25,5678.5,5682.75,21869
2025-03-07 11:50:00-05:00,5682.5,5684.5,5673.0,5680.5,23473
2025-03-07 11:55:00-05:00,5680.75,5689.0,5677.5,5687.75,21898
2025-03-07 12:00:00-05:00,5687.75,5703.5,5687.0,5691.25,27543
2025-03-07 12:05:00-05:00,5691.25,5696.25,5678.0,5681.75,21434
2025-03-07 12:10:00-05:00,5681.5,5688.0,5675.0,5686.5,20011
2025-03-07 12:15:00-05:00,5686.5,5688.0,5674.5,5678.0,14548
2025-03-07 12:20:00-05:00,5678.0,5693.5,5677.0,5691.75,17622
2025-03-07 12:25:00-05:00,5692.0,5697.75,5689.0,5697.5,13318
2025-03-07 12:30:00-05:00,5697.5,5712.25,5690.75,5710.5,24394
2025-03-07 12:35:00-05:00,5710.5,5720.75,5704.5,5711.25,25926
2025-03-07 12:40:00-05:00,5711.5,5730.0,5710.25,5729.0,20342
2025-03-07 12:45:00-05:00,5729.0,5740.0,5727.0,5730.75,29153
2025-03-07 12:50:00-05:00,5730.5,5746.75,5729.5,5746.0,19314
2025-03-07 12:55:00-05:00,5746.0,5747.75,5713.25,5718.5,30677
2025-03-07 13:00:00-05:00,5718.5,5746.25,5718.0,5745.0,25367
2025-03-07 13:05:00-05:00,5745.0,5758.25,5743.25,5744.25,32398
2025-03-07 13:10:00-05:00,5744.0,5752.5,5734.75,5751.5,20165
2025-03-07 13:15:00-05:00,5751.75,5754.75,5747.5,5753.5,15962
2025-03-07 13:20:00-05:00,5753.5,5759.75,5741.0,5742.5,23470
2025-03-07 13:25:00-05:00,5742.25,5747.0,5737.75,5742.75,17646
2025-03-07 13:30:00-05:00,5743.0,5749.25,5739.25,5745.75,13624
2025-03-07 13:35:00-05:00,5745.75,5763.75,5743.5,5762.25,17976
2025-03-07 13:40:00-05:00,5762.25,5766.75,5751.5,5758.5,17620
2025-03-07 13:45:00-05:00,5758.5,5767.25,5757.5,5761.5,13817
2025-03-07 13:50:00-05:00,5761.75,5770.0,5758.5,5768.5,13894
2025-03-07 13:55:00-05:00,5768.5,5770.0,5762.5,5769.75,14339
2025-03-07 14:00:00-05:00,5769.75,5779.0,5768.0,5774.25,18418
2025-03-07 14:05:00-05:00,5774.25,5774.25,5758.25,5758.75,16309
2025-03-07 14:10:00-05:00,5759.0,5770.75,5759.0,5768.0,11931
2025-03-07 14:15:00-05:00,5768.0,5777.25,5766.25,5776.5,9849
2025-03-07 14:20:00-05:00,5776.5,5790.25,5776.25,5789.0,21719
2025-03-07 14:25:00-05:00,5788.75,5789.75,5775.75,5783.25,19246
2025-03-07 14:30:00-05:00,5783.25,5789.0,5779.5,5782.75,16454
2025-03-07 14:35:00-05:00,5783.0,5788.25,5773.75,5784.5,16504
2025-03-07 14:40:00-05:00,5784.25,5786.25,5771.5,5775.0,18760
2025-03-07 14:45:00-05:00,5775.0,5775.0,5765.25,5766.5,20221
2025-03-07 14:50:00-05:00,5766.75,5772.0,5763.75,5770.0,15349
2025-03-07 14:55:00-05:00,5770.25,5774.5,5765.75,5769.0,11289
2025-03-07 15:00:00-05:00,5769.0,5770.75,5763.0,5767.25,14974
2025-03-07 15:05:00-05:00,5767.25,5781.75,5766.25,5781.25,18564
2025-03-07 15:10:00-05:00,5781.0,5784.5,5774.5,5775.75,14795
2025-03-07 15:15:00-05:00,5775.5,5783.75,5763.75,5780.5,17058
2025-03-07 15:20:00-05:00,5780.75,5781.5,5769.5,5771.75,13061
2025-03-07 15:25:00-05:00,5771.5,5779.25,5771.0,5776.75,10683
2025-03-07 15:30:00-05:00,5776.75,5780.5,5770.0,5777.5,14394
2025-03-07 15:35:00-05:00,5777.5,5778.25,5750.75,5756.25,28382
2025-03-07 15:40:00-05:00,5756.25,5764.0,5745.25,5762.5,25321
2025-03-07 15:45:00-05:00,5762.25,5776.25,5760.5,5775.75,19813
2025-03-07 15:50:00-05:00,5775.5,5782.75,5765.25,5782.5,28977
2025-03-07 15:55:00-05:00,5782.5,5791.0,5774.0,5775.0,80042
2025-03-07 16:00:00-05:00,5775.25,5776.25,5760.25,5768.5,30518
2025-03-07 16:05:00-05:00,5768.5,5774.5,5766.0,5774.5,8948
2025-03-07 16:10:00-05:00,5774.25,5774.5,5769.0,5773.75,4568
2025-03-07 16:15:00-05:00,5773.75,5777.25,5771.5,5774.25,3146
2025-03-07 16:20:00-05:00,5774.5,5774.5,5769.75,5772.75,2317
2025-03-07 16:25:00-05:00,5772.75,5774.25,5772.0,5772.75,1298
2025-03-07 16:30:00-05:00,5773.0,5775.0,5771.25,5772.25,1791
2025-03-07 16:35:00-05:00,5772.75,5773.0,5771.5,5772.5,782
2025-03-07 16:40:00-05:00,5772.25,5774.0,5771.5,5771.75,1412
2025-03-07 16:45:00-05:00,5772.0,5774.5,5771.0,5773.75,866
2025-03-07 16:50:00-05:00,5773.75,5775.5,5772.5,5772.75,1074
2025-03-07 16:55:00-05:00,5772.75,5773.25,5770.5,5771.75,1494
2025-03-09 18:00:00-04:00,5753.0,5756.25,5735.0,5743.5,6616
2025-03-09 18:05:00-04:00,5743.75,5745.5,5731.5,5733.75,3489
2025-03-09 18:10:00-04:00,5733.75,5735.75,5726.75,5729.25,4566
2025-03-09 18:15:00-04:00,5729.0,5735.75,5722.75,5731.5,4178
2025-03-09 18:20:00-04:00,5731.5,5736.5,5730.0,5734.25,2763
2025-03-09 18:25:00-04:00,5734.0,5738.75,5731.75,5733.5,2289
2025-03-09 18:30:00-04:00,5733.5,5738.75,5730.75,5735.5,2235
2025-03-09 18:35:00-04:00,5735.75,5740.5,5735.75,5740.0,1164
2025-03-09 18:40:00-04:00,5740.0,5741.25,5737.0,5738.0,884
2025-03-09 18:45:00-04:00,5738.25,5741.5,5736.0,5736.75,1039
2025-03-09 18:50:00-04:00,5737.0,5739.0,5735.5,5737.25,926
2025-03-09 18:55:00-04:00,5737.5,5737.75,5727.5,5728.0,1566
2025-03-09 19:00:00-04:00,5728.0,5732.0,5710.5,5712.75,4648
2025-03-09 19:05:00-04:00,5713.0,5727.75,5710.75,5726.5,4058
2025-03-09 19:10:00-04:00,5726.75,5731.5,5724.25,5728.5,2225
2025-03-09 19:15:00-04:00,5728.5,5734.5,5726.75,5734.25,1749
2025-03-09 19:20:00-04:00,5734.25,5738.0,5733.25,5734.75,1880
2025-03-09 19:25:00-04:00,5734.75,5736.0,5730.75,5735.75,1936
2025-03-09 19:30:00-04:00,5735.75,5737.25,5733.25,5736.75,1051
2025-03-09 19:35:00-04:00,5736.25,5736.5,5732.75,5733.75,491
2025-03-09 19:40:00-04:00,5734.0,5734.75,5732.0,5733.0,779
2025-03-09 19:45:00-04:00,5733.0,5733.5,5728.25,5731.25,1604
2025-03-09 19:50:00-04:00,5731.25,5734.5,5731.0,5733.0,835
2025-03-09 19:55:00-04:00,5733.25,5734.75,5731.5,5733.25,748
2025-03-09 20:00:00-04:00,5733.5,5736.5,5729.5,5736.0,3584
2025-03-09 20:05:00-04:00,5736.0,5739.75,5735.25,5738.0,2450
2025-03-09 20:10:00-04:00,5738.0,5739.25,5735.25,5735.5,1095
2025-03-09 20:15:00-04:00,5735.25,5735.5,5728.0,5730.5,4451
2025-03-09 20:20:00-04:00,5730.5,5731.5,5726.75,5730.75,1971
2025-03-09 20:25:00-04:00,5730.75,5732.0,5726.25,5729.25,2346
2025-03-09 20:30:00-04:00,5729.0,5733.75,5728.0,5731.0,2152
2025-03-09 20:35:00-04:00,5730.75,5733.25,5730.25,5732.75,1675
2025-03-09 20:40:00-04:00,5733.0,5736.0,5732.25,5734.75,1774
2025-03-09 20:45:00-04:00,5734.5,5735.5,5733.5,5734.5,1024
2025-03-09 20:50:00-04:00,5734.75,5736.75,5732.75,5736.25,3523
2025-03-09 20:55:00-04:00,5736.5,5738.75,5736.0,5738.25,1604
2025-03-09 21:00:00-04:00,5738.75,5744.25,5737.5,5744.0,2430
2025-03-09 21:05:00-04:00,5744.0,5745.25,5742.5,5742.5,1729
2025-03-09 21:10:00-04:00,5742.25,5744.0,5741.25,5743.0,768
2025-03-09 21:15:00-04:00,5743.25,5743.75,5741.0,5742.0,599
2025-03-09 21:20:00-04:00,5742.25,5742.75,5740.75,5742.25,469
2025-03-09 21:25:00-04:00,5742.0,5743.25,5740.25,5740.75,882
2025-03-09 21:30:00-04:00,5740.5,5746.75,5740.5,5746.25,1686
2025-03-09 21:35:00-04:00,5746.25,5748.5,5745.5,5747.75,1166
2025-03-09 21:40:00-04:00,5748.0,5750.5,5746.25,5746.75,982
2025-03-09 21:45:00-04:00,5746.75,5749.5,5745.0,5745.75,798
2025-03-09 21:50:00-04:00,5745.75,5749.25,5745.25,5749.0,551
2025-03-09 21:55:00-04:00,5748.75,5752.5,5748.25,5752.0,935
2025-03-09 22:00:00-04:00,5751.75,5753.0,5749.75,5751.0,846
2025-03-09 22:05:00-04:00,5751.0,5751.0,5748.5,5749.0,544
2025-03-09 22:10:00-04:00,5749.25,5750.5,5748.5,5750.25,389
2025-03-09 22:15:00-04:00,5750.0,5751.0,5748.25,5751.0,583
2025-03-09 22:20:00-04:00,5751.25,5752.25,5750.25,5751.75,356
2025-03-09 22:25:00-04:00,5751.5,5752.0,5748.25,5749.5,419
2025-03-09 22:30:00-04:00,5749.25,5752.25,5748.0,5752.0,571
2025-03-09 22:35:00-04:00,5752.0,5755.25,5751.75,5754.5,1296
2025-03-09 22:40:00-04:00,5754.5,5755.0,5752.25,5752.5,690
2025-03-09 22:45:00-04:00,5752.5,5753.25,5750.5,5752.0,781
2025-03-09 22:50:00-04:00,5752.25,5754.25,5751.5,5754.25,594
2025-03-09 22:55:00-04:00,5754.25,5754.25,5751.25,5752.25,325
2025-03-09 23:00:00-04:00,5752.25,5754.0,5751.5,5753.25,465
2025-03-09 23:05:00-04:00,5753.25,5753.75,5752.5,5753.25,230
2025-03-09 23:10:00-04:00,5753.0,5753.25,5746.75,5748.0,1220
2025-03-09 23:15:00-04:00,5748.25,5750.0,5747.75,5748.75,631
2025-03-09 23:20:00-04:00,5748.75,5748.75,5744.5,5746.25,833
2025-03-09 23:25:00-04:00,5746.25,5747.0,5745.0,5745.0,619
2025-03-09 23:30:00-04:00,5745.25,5748.0,5744.5,5747.75,505
2025-03-09 23:35:00-04:00,5747.5,5750.75,5746.75,5750.25,549
2025-03-09 23:40:00-04:00,5750.25,5752.5,5749.75,5752.25,474
2025-03-09 23:45:00-04:00,5752.25,5753.25,5751.75,5752.5,283
2025-03-09 23:50:00-04:00,5752.5,5753.0,5751.5,5752.0,247
2025-03-09 23:55:00-04:00,5752.25,5754.75,5750.0,5750.5,835
2025-03-10 00:00:00-04:00,5750.5,5751.25,5749.75,5751.25,293
2025-03-10 00:05:00-04:00,5751.5,5753.25,5751.25,5752.75,562
2025-03-10 00:10:00-04:00,5752.75,5754.75,5752.25,5754.25,238
2025-03-10 00:15:00-04:00,5754.5,5755.0,5753.5,5754.0,391
2025-03-10 00:20:00-04:00,5754.0,5757.75,5754.0,5756.75,781
2025-03-10 00:25:00-04:00,5756.75,5757.5,5754.5,5756.0,659
2025-03-10 00:30:00-04:00,5756.0,5756.25,5753.75,5754.25,388
2025-03-10 00:35:00-04:00,5754.25,5754.75,5750.5,5751.75,859
2025-03-10 00:40:00-04:00,5751.75,5752.75,5749.25,5750.25,521
2025-03-10 00:45:00-04:00,5750.0,5751.25,5749.75,5750.25,426
2025-03-10 00:50:00-04:00,5750.25,5751.0,5746.0,5748.0,752
2025-03-10 00:55:00-04:00,5748.25,5748.25,5745.0,5745.5,554
2025-03-10 01:00:00-04:00,5745.75,5749.25,5745.75,5747.75,630
2025-03-10 01:05:00-04:00,5747.75,5748.5,5747.25,5748.0,312
2025-03-10 01:10:00-04:00,5748.25,5750.0,5748.0,5748.75,326
2025-03-10 01:15:00-04:00,5749.0,5750.0,5748.25,5748.5,285
2025-03-10 01:20:00-04:00,5748.75,5752.5,5748.5,5751.25,403
2025-03-10 01:25:00-04:00,5751.25,5752.75,5749.75,5751.75,372
2025-03-10 01:30:00-04:00,5751.75,5752.5,5748.25,5749.0,669
2025-03-10 01:35:00-04:00,5749.25,5750.75,5747.5,5747.75,526
2025-03-10 01:40:00-04:00,5748.0,5749.5,5746.5,5746.5,476
2025-03-10 01:45:00-04:00,5746.75,5748.25,5742.75,5743.0,1246
2025-03-10 01:50:00-04:00,5743.0,5743.75,5741.25,5742.75,1133
2025-03-10 01:55:00-04:00,5742.75,5743.75,5741.75,5743.5,504
2025-03-10 02:00:00-04:00,5743.75,5747.75,5743.75,5747.75,935
2025-03-10 02:05:00-04:00,5747.75,5749.25,5747.0,5748.0,674
2025-03-10 02:10:00-04:00,5747.75,5749.5,5747.25,5749.0,570
2025-03-10 02:15:00-04:00,5749.0,5751.75,5748.75,5750.75,488
2025-03-10 02:20:00-04:00,5750.75,5752.0,5749.0,5749.75,522
2025-03-10 02:25:00-04:00,5749.5,5750.75,5748.25,5749.25,485
2025-03-10 02:30:00-04:00,5749.25,5751.0,5747.25,5750.25,860
2025-03-10 02:35:00-04:00,5750.25,5751.5,5748.75,5749.5,606
2025-03-10 02:40:00-04:00,5749.25,5750.25,5747.0,5749.25,447
2025-03-10 02:45:00-04:00,5749.25,5750.25,5747.25,5747.5,379
2025-03-10 02:50:00-04:00,5747.75,5750.25,5747.0,5749.25,409
2025-03-10 02:55:00-04:00,5749.0,5749.25,5747.0,5748.25,397
2025-03-10 03:00:00-04:00,5748.0,5753.5,5747.75,5752.75,1483
2025-03-10 03:05:00-04:00,5752.75,5754.0,5750.0,5751.25,786
2025-03-10 03:10:00-04:00,5751.25,5752.25,5748.25,5749.5,742
2025-03-10 03:15:00-04:00,5749.75,5749.75,5745.5,5747.0,1218
2025-03-10 03:20:00-04:00,5747.0,5747.0,5742.25,5743.5,1204
2025-03-10 03:25:00-04:00,5743.25,5745.25,5742.25,5744.25,661
2025-03-10 03:30:00-04:00,5744.0,5746.75,5742.25,5746.75,852
2025-03-10 03:35:00-04:00,5746.5,5750.75,5745.75,5748.0,1526
2025-03-10 03:40:00-04:00,5748.0,5749.75,5747.5,5748.75,529
2025-03-10 03:45:00-04:00,5748.5,5748.5,5744.25,5744.5,748
2025-03-10 03:50:00-04:00,5745.0,5746.5,5743.75,5746.5,805
2025-03-10 03:55:00-04:00,5746.5,5746.5,5742.5,5743.25,1071
2025-03-10 04:00:00-04:00,5743.5,5748.25,5737.0,5737.0,4640
2025-03-10 04:05:00-04:00,5737.0,5739.5,5732.75,5734.0,3561
2025-03-10 04:10:00-04:00,5734.0,5736.5,5729.25,5729.75,3357
2025-03-10 04:15:00-04:00,5730.0,5732.75,5725.0,5728.0,3374
2025-03-10 04:20:00-04:00,5728.0,5733.0,5727.5,5729.75,2710
2025-03-10 04:25:00-04:00,5730.0,5734.5,5730.0,5732.25,2121
2025-03-10 04:30:00-04:00,5732.5,5733.0,5724.5,5725.0,2193
2025-03-10 04:35:00-04:00,5725.25,5725.75,5721.0,5721.75,2905
2025-03-10 04:40:00-04:00,5722.0,5726.25,5714.0,5715.25,3814
2025-03-10 04:45:00-04:00,5715.0,5717.5,5711.25,5715.25,3625
2025-03-10 04:50:00-04:00,5715.5,5719.25,5708.5,5708.75,4539
2025-03-10 04:55:00-04:00,5708.5,5711.0,5703.0,5705.75,5688
2025-03-10 05:00:00-04:00,5705.5,5711.0,5703.0,5708.25,3006
2025-03-10 05:05:00-04:00,5708.5,5715.75,5708.0,5711.0,2529
2025-03-10 05:10:00-04:00,5711.5,5711.75,5704.75,5706.5,1957
2025-03-10 05:15:00-04:00,5706.25,5718.25,5706.0,5716.5,2870
2025-03-10 05:20:00-04:00,5716.75,5722.75,5715.0,5721.5,2765
2025-03-10 05:25:00-04:00,5721.5,5725.0,5719.0,5720.75,2974
2025-03-10 05:30:00-04:00,5720.75,5726.25,5720.5,5724.5,2289
2025-03-10 05:35:00-04:00,5724.5,5726.0,5723.0,5724.0,1594
2025-03-10 05:40:00-04:00,5724.0,5731.0,5723.75,5728.5,2524
2025-03-10 05:45:00-04:00,5728.5,5731.5,5727.0,5728.75,2566
2025-03-10 05:50:00-04:00,5728.75,5730.25,5716.5,5717.25,3147
2025-03-10 05:55:00-04:00,5717.5,5722.25,5713.75,5718.5,3124
2025-03-10 06:00:00-04:00,5719.0,5725.0,5719.0,5723.25,2192
2025-03-10 06:05:00-04:00,5723.25,5723.5,5715.0,5716.0,1867
2025-03-10 06:10:00-04:00,5715.75,5720.75,5714.5,5717.25,1803
2025-03-10 06:15:00-04:00,5717.25,5718.25,5712.5,5715.75,4997
2025-03-10 06:20:00-04:00,5715.5,5717.75,5711.75,5712.0,2100
2025-03-10 06:25:00-04:00,5712.0,5716.75,5712.0,5713.5,1329
2025-03-10 06:30:00-04:00,5713.5,5718.75,5712.5,5715.5,1571
2025-03-10 06:35:00-04:00,5715.5,5716.25,5712.0,5712.0,1401
2025-03-10 06:40:00-04:00,5712.25,5713.25,5707.5,5709.25,1711
2025-03-10 06:45:00-04:00,5709.0,5711.5,5706.0,5708.75,2422
2025-03-10 06:50:00-04:00,5709.0,5714.25,5709.0,5711.25,3480
2025-03-10 06:55:00-04:00,5711.25,5712.0,5707.75,5709.0,1099
2025-03-10 07:00:00-04:00,5709.0,5716.75,5705.25,5705.5,4443
2025-03-10 07:05:00-04:00,5706.0,5714.5,5703.5,5714.0,3295
2025-03-10 07:10:00-04:00,5714.25,5716.25,5712.5,5715.0,3152
2025-03-10 07:15:00-04:00,5714.75,5718.0,5711.0,5715.75,2631
2025-03-10 07:20:00-04:00,5715.75,5722.0,5714.75,5721.75,2634
2025-03-10 07:25:00-04:00,5721.75,5723.25,5719.0,5720.25,1720
2025-03-10 07:30:00-04:00,5720.25,5721.5,5714.75,5715.25,1781
2025-03-10 07:35:00-04:00,5715.25,5715.5,5711.5,5712.25,1775
2025-03-10 07:40:00-04:00,5712.0,5713.5,5708.5,5710.75,3493
2025-03-10 07:45:00-04:00,5711.0,5714.75,5707.0,5707.25,2198
2025-03-10 07:50:00-04:00,5707.5,5709.0,5705.25,5705.75,1955
2025-03-10 07:55:00-04:00,5706.0,5708.25,5701.75,5706.5,5797
2025-03-10 08:00:00-04:00,5706.75,5707.5,5702.5,5704.0,3773
2025-03-10 08:05:00-04:00,5704.0,5704.25,5695.5,5696.75,4969
2025-03-10 08:10:00-04:00,5696.75,5698.5,5691.5,5696.75,5154
2025-03-10 08:15:00-04:00,5696.75,5698.5,5694.0,5696.25,3856
2025-03-10 08:20:00-04:00,5696.0,5703.75,5695.0,5696.75,6588
2025-03-10 08:25:00-04:00,5696.75,5697.5,5693.25,5693.75,2769
2025-03-10 08:30:00-04:00,5693.75,5694.5,5688.25,5689.0,6786
2025-03-10 08:35:00-04:00,5689.0,5694.5,5687.25,5693.25,5091
2025-03-10 08:40:00-04:00,5693.25,5697.25,5692.0,5696.0,3715
2025-03-10 08:45:00-04:00,5696.25,5697.5,5693.5,5694.0,4083
2025-03-10 08:50:00-04:00,5694.0,5701.0,5693.5,5700.5,4805
2025-03-10 08:55:00-04:00,5700.5,5702.0,5696.75,5701.0,4434
2025-03-10 09:00:00-04:00,5701.25,5702.0,5694.0,5694.75,4324
2025-03-10 09:05:00-04:00,5694.5,5697.5,5691.25,5696.25,6299
2025-03-10 09:10:00-04:00,5696.5,5706.75,5694.5,5699.5,12814
2025-03-10 09:15:00-04:00,5699.5,5701.0,5697.5,5697.75,3927
2025-03-10 09:20:00-04:00,5697.75,5697.75,5694.0,5695.25,4024
2025-03-10 09:25:00-04:00,5695.0,5695.5,5690.25,5691.25,10153
2025-03-10 09:30:00-04:00,5691.25,5703.5,5679.25,5687.25,50245
2025-03-10 09:35:00-04:00,5687.25,5700.5,5686.75,5699.75,41624
2025-03-10 09:40:00-04:00,5699.75,5711.25,5696.0,5707.5,40633
2025-03-10 09:45:00-04:00,5707.5,5710.5,5692.75,5699.5,35247
2025-03-10 09:50:00-04:00,5699.75,5705.5,5682.25,5685.5,39917
2025-03-10 09:55:00-04:00,5685.75,5699.5,5685.5,5689.25,30490
2025-03-10 10:00:00-04:00,5689.5,5689.5,5672.25,5675.25,51443
2025-03-10 10:05:00-04:00,5675.25,5680.0,5672.25,5674.25,34911
2025-03-10 10:10:00-04:00,5674.25,5683.25,5671.0,5679.25,34885
2025-03-10 10:15:00-04:00,5679.25,5686.0,5671.5,5673.5,30165
2025-03-10 10:20:00-04:00,5673.75,5681.0,5667.25,5679.0,35113
2025-03-10 10:25:00-04:00,5679.0,5681.75,5669.25,5670.75,21640
2025-03-10 10:30:00-04:00,5671.0,5676.25,5660.5,5662.75,28104
2025-03-10 10:35:00-04:00,5662.5,5672.0,5658.5,5665.5,28417
2025-03-10 10:40:00-04:00,5665.75,5667.75,5660.25,5661.5,22603
2025-03-10 10:45:00-04:00,5661.25,5669.0,5656.5,5662.75,28128
2025-03-10 10:50:00-04:00,5662.75,5664.0,5649.25,5651.75,29221
2025-03-10 10:55:00-04:00,5651.75,5656.75,5646.5,5655.0,27345
2025-03-10 11:00:00-04:00,5655.0,5667.25,5655.0,5662.5,34265
2025-03-10 11:05:00-04:00,5662.5,5669.75,5658.75,5669.0,24123
2025-03-10 11:10:00-04:00,5668.75,5670.0,5661.5,5667.75,19492
2025-03-10 11:15:00-04:00,5667.75,5669.25,5656.5,5657.75,22600
2025-03-10 11:20:00-04:00,5657.5,5668.75,5655.25,5664.25,19850
2025-03-10 11:25:00-04:00,5664.25,5668.75,5660.5,5667.0,16160
2025-03-10 11:30:00-04:00,5667.25,5678.25,5666.0,5675.0,24952
2025-03-10 11:35:00-04:00,5675.0,5682.0,5669.5,5670.75,20716
2025-03-10 11:40:00-04:00,5670.75,5672.5,5652.25,5655.5,24458
2025-03-10 11:45:00-04:00,5655.75,5668.25,5655.25,5666.25,21185
2025-03-10 11:50:00-04:00,5666.0,5667.5,5658.5,5662.25,13329
2025-03-10 11:55:00-04:00,5662.0,5663.5,5651.75,5653.75,16494
2025-03-10 12:00:00-04:00,5653.75,5661.25,5650.75,5651.5,14247
2025-03-10 12:05:00-04:00,5651.5,5656.25,5649.5,5651.5,12848
2025-03-10 12:10:00-04:00,5651.75,5661.25,5651.25,5660.75,13945
2025-03-10 12:15:00-04:00,5660.5,5661.25,5644.25,5647.0,18327
2025-03-10 12:20:00-04:00,5647.0,5648.25,5640.0,5646.75,15482
2025-03-10 12:25:00-04:00,5646.75,5653.5,5644.5,5653.25,14851
2025-03-10 12:30:00-04:00,5653.25,5667.0,5650.75,5665.75,20476
2025-03-10 12:35:00-04:00,5665.5,5665.5,5642.25,5643.25,16543
2025-03-10 12:40:00-04:00,5643.25,5651.0,5642.75,5645.75,15485
2025-03-10 12:45:00-04:00,5645.5,5652.0,5645.0,5647.25,12376
2025-03-10 12:50:00-04:00,5647.25,5653.75,5645.5,5649.75,11796
2025-03-10 12:55:00-04:00,5649.75,5654.0,5645.25,5645.75,10098
2025-03-10 13:00:00-04:00,5645.75,5647.25,5636.25,5636.75,17928
2025-03-10 13:05:00-04:00,5636.75,5640.75,5633.25,5633.75,16051
2025-03-10 13:10:00-04:00,5633.75,5636.5,5626.5,5635.75,23305
2025-03-10 13:15:00-04:00,5635.75,5640.0,5633.5,5637.5,15229
2025-03-10 13:20:00-04:00,5637.5,5646.5,5636.0,5642.5,15311
2025-03-10 13:25:00-04:00,5642.25,5642.5,5632.5,5634.75,13545
2025-03-10 13:30:00-04:00,5634.75,5635.5,5627.0,5627.75,16163
2025-03-10 13:35:00-04:00,5627.75,5631.25,5618.5,5625.5,18879
2025-03-10 13:40:00-04:00,5625.5,5628.0,5623.25,5623.25,14580
2025-03-10 13:45:00-04:00,5623.25,5630.5,5619.0,5621.25,13783
2025-03-10 13:50:00-04:00,5621.0,5626.75,5616.75,5626.25,18503
2025-03-10 13:55:00-04:00,5626.0,5627.0,5618.75,5619.75,11815
2025-03-10 14:00:00-04:00,5619.75,5622.75,5615.75,5616.75,13716
2025-03-10 14:05:00-04:00,5617.0,5617.75,5610.0,5617.0,19244
2025-03-10 14:10:00-04:00,5617.0,5631.25,5614.5,5619.75,33549
2025-03-10 14:15:00-04:00,5619.75,5626.25,5617.0,5618.0,15702
2025-03-10 14:20:00-04:00,5618.25,5622.0,5615.25,5617.75,11819
2025-03-10 14:25:00-04:00,5617.5,5620.0,5610.25,5614.0,15753
2025-03-10 14:30:00-04:00,5614.0,5620.75,5612.5,5613.5,13851
2025-03-10 14:35:00-04:00,5613.5,5614.5,5608.0,5608.5,12908
2025-03-10 14:40:00-04:00,5608.75,5611.0,5602.25,5608.75,18985
2025-03-10 14:45:00-04:00,5608.75,5611.25,5605.0,5605.5,15273
2025-03-10 14:50:00-04:00,5605.25,5608.25,5596.75,5597.5,18753
2025-03-10 14:55:00-04:00,5597.75,5598.5,5586.25,5588.75,26057
2025-03-10 15:00:00-04:00,5588.75,5593.5,5578.75,5583.75,25279
2025-03-10 15:05:00-04:00,5583.5,5587.5,5573.75,5576.0,26256
2025-03-10 15:10:00-04:00,5575.75,5593.0,5571.5,5592.0,34146
2025-03-10 15:15:00-04:00,5592.25,5605.0,5590.0,5604.25,33252
2025-03-10 15:20:00-04:00,5604.25,5615.5,5602.25,5614.25,31596
2025-03-10 15:25:00-04:00,5614.5,5629.0,5611.25,5612.75,38852
2025-03-10 15:30:00-04:00,5612.75,5638.25,5612.0,5636.0,38536
2025-03-10 15:35:00-04:00,5635.75,5641.0,5618.5,5629.5,45160
2025-03-10 15:40:00-04:00,5629.75,5631.75,5606.5,5606.75,39532
2025-03-10 15:45:00-04:00,5606.75,5623.75,5606.75,5619.0,29300
2025-03-10 15:50:00-04:00,5619.25,5632.5,5610.25,5618.25,46860
2025-03-10 15:55:00-04:00,5618.5,5629.0,5613.0,5623.5,124169
2025-03-10 16:00:00-04:00,5623.5,5624.75,5613.5,5622.0,38353
2025-03-10 16:05:00-04:00,5621.75,5627.0,5616.25,5625.0,12858
2025-03-10 16:10:00-04:00,5624.75,5626.75,5621.0,5625.5,7077
2025-03-10 16:15:00-04:00,5625.25,5630.0,5624.0,5629.25,5428
2025-03-10 16:20:00-04:00,5629.25,5629.25,5626.0,5627.75,3059
2025-03-10 16:25:00-04:00,5627.75,5631.25,5626.5,5629.75,8545
2025-03-10 16:30:00-04:00,5629.75,5630.5,5627.0,5627.25,9578
2025-03-10 16:35:00-04:00,5627.25,5628.5,5626.0,5627.0,5523
2025-03-10 16:40:00-04:00,5627.25,5629.0,5626.75,5627.75,1861
2025-03-10 16:45:00-04:00,5628.25,5629.0,5627.25,5628.25,2693
2025-03-10 16:50:00-04:00,5628.25,5630.5,5627.75,5627.75,2553
2025-03-10 16:55:00-04:00,5627.75,5630.0,5627.25,5628.75,3130
2025-03-10 18:00:00-04:00,5622.0,5625.75,5617.0,5625.0,2809
2025-03-10 18:05:00-04:00,5624.5,5625.25,5609.0,5609.25,3539
2025-03-10 18:10:00-04:00,5609.25,5614.75,5605.5,5612.25,3642
2025-03-10 18:15:00-04:00,5612.25,5616.25,5611.0,5615.25,2167
2025-03-10 18:20:00-04:00,5615.0,5618.5,5613.25,5616.5,3158
2025-03-10 18:25:00-04:00,5616.75,5621.0,5615.25,5618.75,2839
2025-03-10 18:30:00-04:00,5618.75,5622.25,5617.5,5617.75,3965
2025-03-10 18:35:00-04:00,5618.0,5621.75,5616.5,5621.0,2197
2025-03-10 18:40:00-04:00,5621.25,5624.75,5620.5,5621.75,982
2025-03-10 18:45:00-04:00,5621.75,5622.75,5617.75,5619.0,760
2025-03-10 18:50:00-04:00,5619.0,5620.5,5614.0,5615.25,829
2025-03-10 18:55:00-04:00,5615.5,5616.25,5611.0,5611.25,1165
2025-03-10 19:00:00-04:00,5611.25,5615.25,5611.0,5613.25,649
2025-03-10 19:05:00-04:00,5613.5,5614.0,5606.25,5607.5,1911
2025-03-10 19:10:00-04:00,5607.5,5607.5,5603.75,5605.0,1703
2025-03-10 19:15:00-04:00,5605.25,5606.5,5592.5,5592.75,2578
2025-03-10 19:20:00-04:00,5592.75,5602.5,5592.5,5602.0,1767
2025-03-10 19:25:00-04:00,5602.25,5604.75,5599.75,5599.75,1266
2025-03-10 19:30:00-04:00,5600.0,5601.0,5588.25,5592.5,2686
2025-03-10 19:35:00-04:00,5592.75,5596.0,5584.0,5595.5,3134
2025-03-10 19:40:00-04:00,5595.5,5601.0,5594.0,5599.5,1709
2025-03-10 19:45:00-04:00,5599.5,5605.75,5598.0,5604.25,2005
2025-03-10 19:50:00-04:00,5604.25,5604.75,5602.0,5602.0,1114
2025-03-10 19:55:00-04:00,5602.5,5604.25,5600.25,5602.0,1142
2025-03-10 20:00:00-04:00,5602.25,5607.25,5602.25,5605.25,1713
2025-03-10 20:05:00-04:00,5605.5,5605.75,5597.25,5599.25,1664
2025-03-10 20:10:00-04:00,5598.75,5600.0,5594.25,5595.25,1833
2025-03-10 20:15:00-04:00,5595.5,5599.75,5593.25,5599.25,1622
2025-03-10 20:20:00-04:00,5599.5,5602.5,5593.25,5594.25,2494
2025-03-10 20:25:00-04:00,5594.25,5600.25,5593.25,5600.0,1250
2025-03-10 20:30:00-04:00,5600.0,5601.0,5593.0,5594.75,1542
2025-03-10 20:35:00-04:00,5594.5,5596.5,5592.5,5593.5,1319
2025-03-10 20:40:00-04:00,5593.75,5594.0,5585.75,5586.75,1759
2025-03-10 20:45:00-04:00,5586.25,5588.75,5580.25,5582.5,2556
2025-03-10 20:50:00-04:00,5582.5,5583.5,5558.75,5564.75,9102
2025-03-10 20:55:00-04:00,5564.5,5576.25,5562.5,5573.5,3610
2025-03-10 21:00:00-04:00,5573.5,5577.5,5568.25,5568.5,2657
2025-03-10 21:05:00-04:00,5568.25,5570.0,5558.0,5561.5,3524
2025-03-10 21:10:00-04:00,5561.25,5567.25,5560.25,5564.5,2885
2025-03-10 21:15:00-04:00,5564.5,5569.0,5562.5,5567.75,2381
2025-03-10 21:20:00-04:00,5567.5,5576.5,5567.0,5576.25,2596
2025-03-10 21:25:00-04:00,5576.25,5576.5,5572.75,5575.0,1723
2025-03-10 21:30:00-04:00,5575.25,5583.25,5574.75,5581.5,2360
2025-03-10 21:35:00-04:00,5581.5,5586.5,5581.0,5585.5,1445
2025-03-10 21:40:00-04:00,5585.5,5588.25,5583.5,5586.25,1189
2025-03-10 21:45:00-04:00,5586.0,5586.75,5583.5,5586.25,1308
2025-03-10 21:50:00-04:00,5586.0,5589.25,5585.0,5585.25,1246
2025-03-10 21:55:00-04:00,5585.5,5586.75,5578.25,5586.5,2072
2025-03-10 22:00:00-04:00,5586.5,5592.5,5584.5,5591.5,1509
2025-03-10 22:05:00-04:00,5592.0,5607.75,5592.0,5605.75,3042
2025-03-10 22:10:00-04:00,5605.5,5609.0,5603.0,5605.25,1692
2025-03-10 22:15:00-04:00,5605.5,5619.5,5604.5,5616.5,3210
2025-03-10 22:20:00-04:00,5616.25,5620.75,5612.75,5613.5,3144
2025-03-10 22:25:00-04:00,5613.5,5614.5,5603.75,5612.5,2822
2025-03-10 22:30:00-04:00,5612.25,5613.75,5607.25,5609.0,1505
2025-03-10 22:35:00-04:00,5609.25,5617.0,5608.5,5615.25,1966
2025-03-10 22:40:00-04:00,5615.0,5616.0,5610.75,5612.25,1137
2025-03-10 22:45:00-04:00,5612.0,5612.5,5605.5,5608.0,1382
2025-03-10 22:50:00-04:00,5607.75,5614.0,5606.75,5612.75,1369
2025-03-10 22:55:00-04:00,5613.0,5615.5,5612.0,5613.5,889
2025-03-10 23:00:00-04:00,5613.75,5628.75,5613.75,5625.25,4159
2025-03-10 23:05:00-04:00,5625.0,5636.5,5622.75,5633.0,5066
2025-03-10 23:10:00-04:00,5633.25,5634.5,5630.25,5633.0,1360
2025-03-10 23:15:00-04:00,5632.5,5637.0,5627.0,5630.75,2608
2025-03-10 23:20:00-04:00,5630.5,5631.0,5625.5,5627.75,1307
2025-03-10 23:25:00-04:00,5628.0,5628.0,5624.75,5626.75,562
2025-03-10 23:30:00-04:00,5627.25,5627.5,5623.75,5626.75,789
2025-03-10 23:35:00-04:00,5626.75,5631.0,5625.75,5625.75,1224
2025-03-10 23:40:00-04:00,5625.75,5627.5,5623.25,5627.5,822
2025-03-10 23:45:00-04:00,5627.5,5627.5,5624.5,5625.25,509
2025-03-10 23:50:00-04:00,5625.25,5626.0,5623.75,5624.75,325
2025-03-10 23:55:00-04:00,5624.75,5625.5,5622.75,5624.0,416
2025-03-11 00:00:00-04:00,5624.0,5624.0,5620.25,5623.5,860
2025-03-11 00:05:00-04:00,5623.25,5627.25,5620.0,5625.75,973
2025-03-11 00:10:00-04:00,5626.0,5629.0,5625.0,5628.0,580
2025-03-11 00:15:00-04:00,5628.0,5635.0,5628.0,5633.5,1367
2025-03-11 00:20:00-04:00,5633.0,5635.75,5631.5,5634.75,970
2025-03-11 00:25:00-04:00,5634.25,5637.25,5634.25,5637.0,753
2025-03-11 00:30:00-04:00,5636.75,5637.5,5634.5,5636.0,658
2025-03-11 00:35:00-04:00,5636.0,5637.0,5633.0,5633.75,536
2025-03-11 00:40:00-04:00,5633.75,5634.5,5630.25,5630.75,731
2025-03-11 00:45:00-04:00,5630.75,5631.5,5629.25,5629.75,309
2025-03-11 00:50:00-04:00,5630.0,5630.5,5629.25,5629.75,276
2025-03-11 00:55:00-04:00,5629.5,5632.5,5629.5,5630.5,411
2025-03-11 01:00:00-04:00,5630.25,5632.5,5628.5,5629.0,877
2025-03-11 01:05:00-04:00,5629.5,5630.75,5627.0,5629.75,614
2025-03-11 01:10:00-04:00,5630.25,5632.0,5627.75,5632.0,678
2025-03-11 01:15:00-04:00,5632.0,5636.0,5631.5,5633.5,932
2025-03-11 01:20:00-04:00,5633.25,5633.75,5631.5,5632.75,356
2025-03-11 01:25:00-04:00,5633.0,5633.75,5631.5,5633.25,399
2025-03-11 01:30:00-04:00,5633.5,5636.75,5632.5,5635.5,916
2025-03-11 01:35:00-04:00,5635.5,5636.25,5629.75,5630.5,749
2025-03-11 01:40:00-04:00,5630.25,5630.5,5627.25,5629.0,493
2025-03-11 01:45:00-04:00,5628.75,5629.25,5625.75,5627.25,502
2025-03-11 01:50:00-04:00,5627.25,5631.25,5626.75,5630.75,468
2025-03-11 01:55:00-04:00,5630.75,5634.25,5629.5,5633.75,549
2025-03-11 02:00:00-04:00,5633.5,5633.75,5628.25,5628.5,506
2025-03-11 02:05:00-04:00,5628.5,5633.75,5627.75,5633.5,573
2025-03-11 02:10:00-04:00,5633.25,5634.25,5630.75,5633.75,636
2025-03-11 02:15:00-04:00,5633.75,5634.25,5631.25,5633.0,799
2025-03-11 02:20:00-04:00,5633.25,5639.0,5632.0,5637.0,4202
2025-03-11 02:25:00-04:00,5636.75,5638.0,5633.75,5634.75,1063
2025-03-11 02:30:00-04:00,5635.0,5638.5,5631.75,5632.25,936
2025-03-11 02:35:00-04:00,5632.5,5633.75,5629.25,5632.5,641
2025-03-11 02:40:00-04:00,5632.75,5635.25,5631.5,5635.0,388
2025-03-11 02:45:00-04:00,5635.5,5635.5,5631.0,5633.25,672
2025-03-11 02:50:00-04:00,5633.0,5634.75,5631.25,5631.75,513
2025-03-11 02:55:00-04:00,5631.5,5631.5,5629.0,5630.0,524
2025-03-11 03:00:00-04:00,5630.0,5631.25,5626.0,5629.75,1411
2025-03-11 03:05:00-04:00,5629.75,5631.25,5626.25,5630.5,818
2025-03-11 03:10:00-04:00,5630.75,5633.25,5628.0,5629.0,948
2025-03-11 03:15:00-04:00,5629.25,5631.0,5626.25,5627.5,997
2025-03-11 03:20:00-04:00,5627.25,5632.5,5626.5,5630.75,800
2025-03-11 03:25:00-04:00,5630.5,5631.25,5627.25,5628.5,871
2025-03-11 03:30:00-04:00,5628.5,5629.75,5621.0,5623.0,1454
2025-03-11 03:35:00-04:00,5623.0,5623.25,5617.5,5621.0,1353
2025-03-11 03:40:00-04:00,5620.75,5622.5,5615.5,5621.25,1755
2025-03-11 03:45:00-04:00,5621.0,5628.5,5619.25,5625.25,1225
2025-03-11 03:50:00-04:00,5625.0,5627.75,5622.0,5627.5,1079
2025-03-11 03:55:00-04:00,5627.25,5636.5,5626.75,5633.5,2302
2025-03-11 04:00:00-04:00,5633.75,5635.75,5629.25,5632.25,3998
2025-03-11 04:05:00-04:00,5632.5,5636.75,5630.25,5634.0,2615
2025-03-11 04:10:00-04:00,5634.0,5641.0,5634.0,5640.25,4675
2025-03-11 04:15:00-04:00,5640.25,5642.0,5634.75,5637.25,4762
2025-03-11 04:20:00-04:00,5637.0,5640.25,5634.5,5640.0,2358
2025-03-11 04:25:00-04:00,5640.0,5643.75,5639.25,5643.5,3712
2025-03-11 04:30:00-04:00,5643.25,5643.75,5637.5,5641.25,2277
2025-03-11 04:35:00-04:00,5641.25,5643.0,5639.5,5640.25,1537
2025-03-11 04:40:00-04:00,5640.5,5641.25,5637.5,5640.5,1634
2025-03-11 04:45:00-04:00,5640.75,5642.5,5637.25,5640.75,1529
2025-03-11 04:50:00-04:00,5640.75,5642.0,5637.25,5641.75,1525
2025-03-11 04:55:00-04:00,5641.75,5644.0,5639.75,5644.0,1148
2025-03-11 05:00:00-04:00,5643.75,5647.0,5641.75,5646.25,3384
2025-03-11 05:05:00-04:00,5646.5,5647.0,5638.75,5639.5,3020
2025-03-11 05:10:00-04:00,5639.5,5642.5,5637.75,5641.5,3879
2025-03-11 05:15:00-04:00,5641.75,5644.75,5639.75,5641.5,4684
2025-03-11 05:20:00-04:00,5641.5,5644.75,5638.75,5642.0,2127
2025-03-11 05:25:00-04:00,5642.0,5645.5,5641.5,5645.0,3359
2025-03-11 05:30:00-04:00,5644.75,5645.0,5639.75,5644.0,2138
2025-03-11 05:35:00-04:00,5644.0,5644.75,5641.5,5643.25,1211
2025-03-11 05:40:00-04:00,5643.0,5643.25,5637.75,5641.25,4842
2025-03-11 05:45:00-04:00,5641.5,5642.75,5637.75,5640.5,2712
2025-03-11 05:50:00-04:00,5640.25,5643.5,5639.0,5642.25,1453
2025-03-11 05:55:00-04:00,5642.5,5642.75,5640.0,5640.75,2264
2025-03-11 06:00:00-04:00,5640.75,5643.5,5632.0,5632.75,3434
2025-03-11 06:05:00-04:00,5632.75,5639.25,5632.75,5637.75,7130
2025-03-11 06:10:00-04:00,5637.5,5640.5,5635.75,5639.0,3671
2025-03-11 06:15:00-04:00,5639.25,5642.0,5638.25,5640.25,1508
2025-03-11 06:20:00-04:00,5640.0,5641.75,5639.0,5640.5,4458
2025-03-11 06:25:00-04:00,5640.5,5644.75,5639.0,5643.25,3595
2025-03-11 06:30:00-04:00,5643.25,5644.75,5639.75,5641.0,1806
2025-03-11 06:35:00-04:00,5641.0,5641.75,5639.0,5640.25,1264
2025-03-11 06:40:00-04:00,5640.25,5642.5,5638.25,5639.25,1530
2025-03-11 06:45:00-04:00,5639.0,5640.5,5637.5,5639.0,1457
2025-03-11 06:50:00-04:00,5639.0,5640.25,5635.5,5639.75,1539
2025-03-11 06:55:00-04:00,5639.25,5642.0,5639.0,5639.5,914
2025-03-11 07:00:00-04:00,5639.5,5639.75,5630.75,5631.0,2473
2025-03-11 07:05:00-04:00,5631.25,5634.0,5626.5,5629.5,3204
2025-03-11 07:10:00-04:00,5629.75,5636.25,5629.75,5635.25,2764
2025-03-11 07:15:00-04:00,5635.25,5640.75,5635.25,5639.0,2502
2025-03-11 07:20:00-04:00,5639.0,5640.25,5637.5,5639.0,1374
2025-03-11 07:25:00-04:00,5638.75,5641.75,5637.5,5639.25,1580
2025-03-11 07:30:00-04:00,5639.0,5648.0,5638.25,5645.5,5082
2025-03-11 07:35:00-04:00,5645.25,5649.5,5644.25,5644.75,3695
2025-03-11 07:40:00-04:00,5645.0,5649.75,5645.0,5649.25,2682
2025-03-11 07:45:00-04:00,5649.0,5650.0,5644.0,5645.5,3322
2025-03-11 07:50:00-04:00,5645.25,5647.75,5644.0,5647.25,2194
2025-03-11 07:55:00-04:00,5647.25,5651.0,5646.25,5651.0,2144
2025-03-11 08:00:00-04:00,5650.75,5651.75,5645.25,5646.75,3119
2025-03-11 08:05:00-04:00,5646.75,5647.75,5638.5,5639.0,2935
2025-03-11 08:10:00-04:00,5639.0,5640.5,5625.25,5625.5,7609
2025-03-11 08:15:00-04:00,5625.5,5635.0,5622.25,5634.5,6734
2025-03-11 08:20:00-04:00,5634.5,5640.0,5634.25,5639.5,4448
2025-03-11 08:25:00-04:00,5639.25,5640.75,5633.0,5633.5,5150
2025-03-11 08:30:00-04:00,5633.5,5633.5,5625.5,5625.75,5670
2025-03-11 08:35:00-04:00,5625.5,5628.75,5625.5,5628.5,3206
2025-03-11 08:40:00-04:00,5628.0,5628.5,5622.0,5625.5,3578
2025-03-11 08:45:00-04:00,5625.25,5625.25,5617.0,5618.75,5446
2025-03-11 08:50:00-04:00,5619.25,5625.75,5617.0,5617.75,4146
2025-03-11 08:55:00-04:00,5617.5,5622.0,5616.25,5619.25,4901
2025-03-11 09:00:00-04:00,5619.25,5622.75,5616.25,5622.25,4382
2025-03-11 09:05:00-04:00,5622.5,5626.25,5617.5,5618.25,6262
2025-03-11 09:10:00-04:00,5618.25,5620.25,5617.0,5618.5,7877
2025-03-11 09:15:00-04:00,5618.5,5619.75,5614.25,5617.75,5636
2025-03-11 09:20:00-04:00,5617.75,5619.5,5615.25,5615.25,3647
2025-03-11 09:25:00-04:00,5615.0,5616.25,5607.0,5609.25,13634
2025-03-11 09:30:00-04:00,5609.0,5618.25,5600.5,5604.75,43075
2025-03-11 09:35:00-04:00,5604.75,5623.5,5597.5,5622.25,40576
2025-03-11 09:40:00-04:00,5622.25,5624.5,5607.0,5621.5,35351
2025-03-11 09:45:00-04:00,5621.75,5631.75,5611.0,5630.0,30701
2025-03-11 09:50:00-04:00,5630.0,5632.5,5609.5,5612.75,28720
2025-03-11 09:55:00-04:00,5612.5,5618.0,5608.0,5613.25,17949
2025-03-11 10:00:00-04:00,5613.25,5635.75,5577.75,5584.5,67142
2025-03-11 10:05:00-04:00,5584.5,5614.5,5583.25,5611.5,36637
2025-03-11 10:10:00-04:00,5611.75,5613.75,5590.75,5594.25,25872
2025-03-11 10:15:00-04:00,5594.0,5603.5,5584.25,5596.25,29776
2025-03-11 10:20:00-04:00,5596.25,5600.25,5580.0,5585.75,25889
2025-03-11 10:25:00-04:00,5585.75,5586.75,5571.0,5574.25,29941
2025-03-11 10:30:00-04:00,5574.25,5587.0,5572.5,5575.75,31041
2025-03-11 10:35:00-04:00,5576.0,5580.0,5557.5,5562.25,33265
2025-03-11 10:40:00-04:00,5562.0,5573.5,5554.5,5567.0,35165
2025-03-11 10:45:00-04:00,5567.25,5575.75,5559.75,5564.75,30441
2025-03-11 10:50:00-04:00,5564.75,5585.25,5561.0,5584.75,29845
2025-03-11 10:55:00-04:00,5584.5,5585.0,5561.0,5562.75,25145
2025-03-11 11:00:00-04:00,5562.5,5573.25,5556.25,5564.0,25913
2025-03-11 11:05:00-04:00,5564.0,5596.75,5562.5,5594.75,31781
2025-03-11 11:10:00-04:00,5594.75,5603.75,5588.0,5593.25,30174
2025-03-11 11:15:00-04:00,5593.5,5602.0,5592.25,5598.5,24297
2025-03-11 11:20:00-04:00,5598.25,5602.0,5585.5,5587.25,26969
2025-03-11 11:25:00-04:00,5587.25,5599.75,5584.25,5586.0,25143
2025-03-11 11:30:00-04:00,5585.75,5602.25,5582.75,5596.0,19969
2025-03-11 11:35:00-04:00,5596.0,5600.25,5586.25,5599.25,16684
2025-03-11 11:40:00-04:00,5599.5,5614.75,5598.5,5608.0,22427
2025-03-11 11:45:00-04:00,5608.25,5610.75,5596.5,5607.25,18740
2025-03-11 11:50:00-04:00,5607.25,5609.75,5597.5,5605.0,15597
2025-03-11 11:55:00-04:00,5605.25,5607.25,5583.75,5586.5,19165
2025-03-11 12:00:00-04:00,5586.25,5591.25,5579.0,5584.25,20786
2025-03-11 12:05:00-04:00,5584.0,5586.25,5572.0,5575.25,20811
2025-03-11 12:10:00-04:00,5575.5,5576.25,5561.5,5564.0,20290
2025-03-11 12:15:00-04:00,5564.0,5571.75,5562.25,5569.5,19626
2025-03-11 12:20:00-04:00,5569.25,5578.75,5567.25,5574.0,15633
2025-03-11 12:25:00-04:00,5574.0,5580.5,5570.75,5573.25,14855
2025-03-11 12:30:00-04:00,5573.0,5581.5,5571.25,5578.75,15797
2025-03-11 12:35:00-04:00,5579.0,5583.75,5567.0,5569.5,18662
2025-03-11 12:40:00-04:00,5569.75,5580.75,5562.5,5567.25,21377
2025-03-11 12:45:00-04:00,5567.25,5573.25,5565.25,5570.75,14045
2025-03-11 12:50:00-04:00,5570.75,5572.5,5555.5,5560.0,16187
2025-03-11 12:55:00-04:00,5559.75,5564.5,5550.0,5557.25,21184
2025-03-11 13:00:00-04:00,5557.25,5558.0,5548.25,5551.25,15165
2025-03-11 13:05:00-04:00,5551.5,5554.5,5546.25,5551.25,13152
2025-03-11 13:10:00-04:00,5551.5,5554.25,5546.25,5548.0,13716
2025-03-11 13:15:00-04:00,5548.25,5557.5,5545.5,5550.25,15672
2025-03-11 13:20:00-04:00,5550.25,5554.0,5534.0,5542.5,23378
2025-03-11 13:25:00-04:00,5542.75,5544.75,5534.75,5536.25,14548
2025-03-11 13:30:00-04:00,5536.0,5547.75,5534.75,5540.0,21984
2025-03-11 13:35:00-04:00,5540.0,5544.5,5535.5,5543.75,13629
2025-03-11 13:40:00-04:00,5544.0,5553.25,5543.0,5553.0,16210
2025-03-11 13:45:00-04:00,5553.0,5568.5,5550.0,5561.5,24659
2025-03-11 13:50:00-04:00,5561.25,5568.25,5556.5,5562.25,16091
2025-03-11 13:55:00-04:00,5562.5,5563.5,5546.5,5557.25,21654
2025-03-11 14:00:00-04:00,5557.25,5585.0,5555.75,5578.25,36009
2025-03-11 14:05:00-04:00,5578.25,5587.75,5572.0,5581.0,21397
2025-03-11 14:10:00-04:00,5581.0,5593.5,5580.25,5592.5,21479
2025-03-11 14:15:00-04:00,5592.5,5593.5,5583.5,5591.25,18671
2025-03-11 14:20:00-04:00,5591.25,5608.25,5588.0,5599.25,23122
2025-03-11 14:25:00-04:00,5599.25,5604.5,5594.0,5599.25,20456
2025-03-11 14:30:00-04:00,5599.25,5601.0,5587.75,5592.5,21983
2025-03-11 14:35:00-04:00,5592.5,5603.5,5588.5,5601.75,14648
2025-03-11 14:40:00-04:00,5601.75,5624.75,5600.0,5622.0,33833
2025-03-11 14:45:00-04:00,5622.0,5629.5,5617.75,5627.25,30543
2025-03-11 14:50:00-04:00,5627.5,5643.75,5624.75,5636.25,29518
2025-03-11 14:55:00-04:00,5636.25,5638.5,5625.0,5630.25,27805
2025-03-11 15:00:00-04:00,5630.25,5633.5,5611.75,5623.25,30825
2025-03-11 15:05:00-04:00,5623.5,5641.0,5622.75,5633.0,35001
2025-03-11 15:10:00-04:00,5633.0,5633.75,5616.75,5617.75,24037
2025-03-11 15:15:00-04:00,5618.0,5618.0,5605.5,5612.0,26427
2025-03-11 15:20:00-04:00,5612.25,5624.0,5601.0,5602.25,26339
2025-03-11 15:25:00-04:00,5602.5,5617.0,5600.5,5610.75,19067
2025-03-11 15:30:00-04:00,5610.75,5615.75,5605.75,5607.75,19547
2025-03-11 15:35:00-04:00,5607.75,5618.25,5603.0,5606.0,19951
2025-03-11 15:40:00-04:00,5606.0,5611.0,5596.5,5610.0,23106
2025-03-11 15:45:00-04:00,5609.75,5615.0,5602.25,5613.0,19498
2025-03-11 15:50:00-04:00,5613.25,5613.25,5587.25,5594.0,44988
2025-03-11 15:55:00-04:00,5594.25,5596.5,5575.0,5575.25,93937
2025-03-11 16:00:00-04:00,5575.5,5585.75,5572.75,5585.0,39555
2025-03-11 16:05:00-04:00,5585.0,5588.5,5578.75,5585.75,13509
2025-03-11 16:10:00-04:00,5585.75,5589.5,5581.25,5587.0,10255
2025-03-11 16:15:00-04:00,5587.0,5587.5,5580.25,5581.75,5860
2025-03-11 16:20:00-04:00,5581.75,5582.25,5577.0,5580.0,2653
2025-03-11 16:25:00-04:00,5580.0,5580.5,5578.0,5579.0,2362
2025-03-11 16:30:00-04:00,5579.0,5580.25,5577.5,5578.5,1974
2025-03-11 16:35:00-04:00,5578.75,5579.5,5572.75,5573.5,2608
2025-03-11 16:40:00-04:00,5573.5,5579.75,5573.25,5578.75,1758
2025-03-11 16:45:00-04:00,5578.75,5581.5,5578.75,5579.25,2592
2025-03-11 16:50:00-04:00,5579.25,5579.5,5572.75,5573.75,2139
2025-03-11 16:55:00-04:00,5573.75,5578.0,5573.75,5576.75,2116
2025-03-11 18:00:00-04:00,5580.0,5584.75,5574.25,5576.5,2776
2025-03-11 18:05:00-04:00,5576.25,5581.75,5576.25,5581.75,670
2025-03-11 18:10:00-04:00,5581.5,5587.5,5581.5,5587.25,1229
2025-03-11 18:15:00-04:00,5586.75,5587.5,5581.75,5583.25,850
2025-03-11 18:20:00-04:00,5583.0,5585.25,5582.5,5582.75,490
2025-03-11 18:25:00-04:00,5583.0,5584.25,5580.25,5584.0,636
2025-03-11 18:30:00-04:00,5584.0,5585.0,5582.25,5583.0,318
2025-03-11 18:35:00-04:00,5583.25,5588.25,5581.5,5588.25,784
2025-03-11 18:40:00-04:00,5588.25,5592.0,5588.25,5590.0,888
2025-03-11 18:45:00-04:00,5590.0,5593.25,5590.0,5591.5,787
2025-03-11 18:50:00-04:00,5591.5,5593.5,5591.25,5592.25,349
2025-03-11 18:55:00-04:00,5592.5,5594.5,5591.25,5591.75,688
2025-03-11 19:00:00-04:00,5591.5,5593.25,5588.25,5590.75,1076
2025-03-11 19:05:00-04:00,5591.25,5592.5,5590.5,5591.0,429
2025-03-11 19:10:00-04:00,5591.25,5592.25,5589.5,5591.5,582
2025-03-11 19:15:00-04:00,5591.25,5591.75,5585.5,5588.75,854
2025-03-11 19:20:00-04:00,5588.75,5590.75,5587.0,5587.5,543
2025-03-11 19:25:00-04:00,5587.75,5587.75,5585.0,5587.5,500
2025-03-11 19:30:00-04:00,5587.5,5588.0,5582.5,5585.0,788
2025-03-11 19:35:00-04:00,5584.5,5586.25,5584.0,5585.5,538
2025-03-11 19:40:00-04:00,5585.5,5588.0,5583.75,5587.0,418
2025-03-11 19:45:00-04:00,5586.5,5589.0,5586.5,5588.0,393
2025-03-11 19:50:00-04:00,5588.0,5593.25,5587.75,5592.5,523
2025-03-11 19:55:00-04:00,5592.75,5593.5,5591.5,5593.5,487
2025-03-11 20:00:00-04:00,5593.5,5595.25,5590.75,5592.5,1289
2025-03-11 20:05:00-04:00,5592.5,5593.75,5589.5,5591.75,674
2025-03-11 20:10:00-04:00,5591.5,5596.0,5591.25,5593.5,632
2025-03-11 20:15:00-04:00,5593.5,5594.75,5591.75,5592.5,656
2025-03-11 20:20:00-04:00,5592.75,5598.5,5591.75,5598.5,981
2025-03-11 20:25:00-04:00,5598.25,5598.25,5595.5,5596.5,554
2025-03-11 20:30:00-04:00,5596.0,5596.75,5593.5,5593.75,906
2025-03-11 20:35:00-04:00,5593.5,5593.5,5588.0,5588.5,961
2025-03-11 20:40:00-04:00,5588.5,5589.25,5585.75,5588.5,950
2025-03-11 20:45:00-04:00,5588.75,5589.5,5586.5,5588.25,601
2025-03-11 20:50:00-04:00,5588.5,5590.25,5587.75,5589.75,525
2025-03-11 20:55:00-04:00,5589.5,5592.25,5589.25,5592.25,445
2025-03-11 21:00:00-04:00,5592.0,5594.75,5590.75,5594.0,590
2025-03-11 21:05:00-04:00,5594.25,5594.25,5590.25,5591.25,621
2025-03-11 21:10:00-04:00,5591.0,5592.25,5590.0,5590.5,332
2025-03-11 21:15:00-04:00,5590.5,5592.75,5589.0,5589.75,630
2025-03-11 21:20:00-04:00,5589.5,5591.5,5589.0,5590.75,680
2025-03-11 21:25:00-04:00,5590.75,5592.0,5587.5,5588.5,468
2025-03-11 21:30:00-04:00,5588.0,5590.0,5585.5,5587.5,1106
2025-03-11 21:35:00-04:00,5586.75,5593.25,5586.75,5591.5,774
2025-03-11 21:40:00-04:00,5591.5,5593.75,5591.0,5592.25,605
2025-03-11 21:45:00-04:00,5592.25,5594.5,5592.0,5594.0,343
2025-03-11 21:50:00-04:00,5594.0,5595.75,5593.5,5594.75,447
2025-03-11 21:55:00-04:00,5595.0,5595.75,5592.75,5593.75,543
2025-03-11 22:00:00-04:00,5593.75,5595.0,5593.25,5594.5,395
2025-03-11 22:05:00-04:00,5594.25,5595.0,5592.5,5593.5,458
2025-03-11 22:10:00-04:00,5593.75,5598.0,5593.5,5597.75,527
2025-03-11 22:15:00-04:00,5597.5,5598.75,5596.0,5598.25,759
2025-03-11 22:20:00-04:00,5598.25,5598.25,5596.5,5596.75,317
2025-03-11 22:25:00-04:00,5596.75,5597.0,5595.25,5596.0,310
2025-03-11 22:30:00-04:00,5596.0,5596.5,5594.25,5594.5,390
2025-03-11 22:35:00-04:00,5594.5,5595.5,5592.25,5592.75,496
2025-03-11 22:40:00-04:00,5593.0,5593.0,5591.25,5592.75,379
2025-03-11 22:45:00-04:00,5592.75,5593.5,5592.25,5593.0,438
2025-03-11 22:50:00-04:00,5592.75,5593.25,5591.25,5591.25,312
2025-03-11 22:55:00-04:00,5591.0,5591.0,5589.5,5590.75,409
2025-03-11 23:00:00-04:00,5591.0,5593.25,5591.0,5592.5,334
2025-03-11 23:05:00-04:00,5592.25,5592.75,5591.5,5592.0,247
2025-03-11 23:10:00-04:00,5592.0,5592.5,5590.0,5590.5,390
2025-03-11 23:15:00-04:00,5590.5,5590.75,5586.75,5587.25,640
2025-03-11 23:20:00-04:00,5587.5,5587.75,5585.0,5586.25,625
2025-03-11 23:25:00-04:00,5586.0,5589.25,5585.75,5589.0,536
2025-03-11 23:30:00-04:00,5589.0,5589.0,5585.0,5586.5,555
2025-03-11 23:35:00-04:00,5586.75,5590.75,5586.5,5590.5,418
2025-03-11 23:40:00-04:00,5590.5,5590.5,5589.5,5590.25,278
2025-03-11 23:45:00-04:00,5590.25,5591.25,5589.75,5591.25,172
2025-03-11 23:50:00-04:00,5590.75,5591.25,5590.0,5591.25,150
2025-03-11 23:55:00-04:00,5591.0,5591.0,5588.25,5588.75,209
2025-03-12 00:00:00-04:00,5589.0,5590.0,5587.75,5588.25,360
2025-03-12 00:05:00-04:00,5588.25,5588.75,5586.5,5588.0,387
2025-03-12 00:10:00-04:00,5587.75,5591.0,5587.75,5591.0,425
2025-03-12 00:15:00-04:00,5590.75,5593.75,5590.5,5593.5,779
2025-03-12 00:20:00-04:00,5593.5,5595.25,5593.0,5594.75,460
2025-03-12 00:25:00-04:00,5594.5,5596.0,5594.0,5594.5,389
2025-03-12 00:30:00-04:00,5594.25,5595.0,5592.75,5595.0,229
2025-03-12 00:35:00-04:00,5594.75,5595.0,5592.25,5594.0,375
2025-03-12 00:40:00-04:00,5594.0,5594.0,5592.0,5592.75,159
2025-03-12 00:45:00-04:00,5592.5,5592.75,5591.25,5592.0,243
2025-03-12 00:50:00-04:00,5591.75,5592.75,5590.75,5591.25,206
2025-03-12 00:55:00-04:00,5591.5,5593.0,5589.5,5590.75,515
2025-03-12 01:00:00-04:00,5591.0,5592.5,5590.0,5591.25,457
2025-03-12 01:05:00-04:00,5591.0,5591.5,5589.5,5591.0,296
2025-03-12 01:10:00-04:00,5591.25,5592.5,5590.75,5592.0,369
2025-03-12 01:15:00-04:00,5592.0,5592.0,5589.75,5591.25,267
2025-03-12 01:20:00-04:00,5591.25,5592.0,5590.75,5592.0,97
2025-03-12 01:25:00-04:00,5591.75,5592.75,5589.5,5590.75,474
2025-03-12 01:30:00-04:00,5590.75,5594.5,5590.75,5594.25,273
2025-03-12 01:35:00-04:00,5594.5,5595.75,5593.25,5595.75,238
2025-03-12 01:40:00-04:00,5595.5,5596.25,5594.75,5596.0,320
2025-03-12 01:45:00-04:00,5595.75,5595.75,5594.75,5595.75,134
2025-03-12 01:50:00-04:00,5595.75,5597.0,5595.5,5596.0,188
2025-03-12 01:55:00-04:00,5596.0,5597.75,5595.75,5597.0,251
2025-03-12 02:00:00-04:00,5597.0,5597.0,5594.5,5595.0,300
2025-03-12 02:05:00-04:00,5594.75,5595.5,5593.75,5595.0,233
2025-03-12 02:10:00-04:00,5594.75,5594.75,5591.75,5592.25,338
2025-03-12 02:15:00-04:00,5592.25,5592.5,5591.25,5592.0,187
2025-03-12 02:20:00-04:00,5592.0,5592.5,5589.25,5591.0,331
2025-03-12 02:25:00-04:00,5591.0,5592.5,5589.5,5590.25,411
2025-03-12 02:30:00-04:00,5590.5,5592.5,5589.25,5590.5,418
2025-03-12 02:35:00-04:00,5590.75,5593.75,5590.5,5592.25,400
2025-03-12 02:40:00-04:00,5592.25,5592.75,5590.5,5590.75,262
2025-03-12 02:45:00-04:00,5591.25,5591.5,5584.25,5584.5,761
2025-03-12 02:50:00-04:00,5584.25,5585.25,5580.25,5580.5,1024
2025-03-12 02:55:00-04:00,5580.75,5583.25,5579.0,5582.0,986
2025-03-12 03:00:00-04:00,5582.25,5586.0,5578.75,5585.75,1324
2025-03-12 03:05:00-04:00,5585.5,5587.0,5579.25,5580.25,1071
2025-03-12 03:10:00-04:00,5581.0,5583.75,5577.5,5579.0,1348
2025-03-12 03:15:00-04:00,5579.0,5583.25,5579.0,5583.0,836
2025-03-12 03:20:00-04:00,5582.75,5583.75,5578.0,5583.25,1056
2025-03-12 03:25:00-04:00,5583.5,5586.25,5583.5,5584.0,663
2025-03-12 03:30:00-04:00,5583.5,5586.5,5583.25,5585.0,835
2025-03-12 03:35:00-04:00,5584.75,5585.0,5579.5,5583.5,830
2025-03-12 03:40:00-04:00,5583.75,5590.0,5583.75,5589.0,1054
2025-03-12 03:45:00-04:00,5589.0,5592.25,5588.75,5592.0,931
2025-03-12 03:50:00-04:00,5591.75,5597.5,5591.5,5596.25,1529
2025-03-12 03:55:00-04:00,5596.25,5597.0,5595.0,5596.25,915
2025-03-12 04:00:00-04:00,5596.25,5602.5,5595.0,5596.5,4132
2025-03-12 04:05:00-04:00,5596.25,5596.5,5593.25,5595.0,1582
2025-03-12 04:10:00-04:00,5595.5,5597.75,5589.75,5594.0,2767
2025-03-12 04:15:00-04:00,5593.75,5595.5,5589.25,5593.0,1461
2025-03-12 04:20:00-04:00,5593.0,5593.5,5588.0,5589.0,1656
2025-03-12 04:25:00-04:00,5589.25,5590.0,5586.0,5589.5,2178
2025-03-12 04:30:00-04:00,5589.5,5595.0,5589.25,5593.5,2068
2025-03-12 04:35:00-04:00,5593.25,5601.0,5591.25,5600.25,2138
2025-03-12 04:40:00-04:00,5600.25,5604.75,5599.5,5603.75,2373
2025-03-12 04:45:00-04:00,5603.75,5609.0,5602.0,5609.0,2199
2025-03-12 04:50:00-04:00,5609.0,5610.0,5605.25,5609.5,1882
2025-03-12 04:55:00-04:00,5609.5,5613.0,5607.75,5611.25,2179
2025-03-12 05:00:00-04:00,5611.0,5613.5,5609.5,5611.75,2197
2025-03-12 05:05:00-04:00,5611.75,5612.0,5607.75,5611.0,2110
2025-03-12 05:10:00-04:00,5611.25,5611.5,5607.25,5609.25,1461
2025-03-12 05:15:00-04:00,5609.0,5611.5,5607.75,5609.75,1247
2025-03-12 05:20:00-04:00,5609.5,5613.0,5609.25,5612.0,1539
2025-03-12 05:25:00-04:00,5612.0,5612.75,5608.5,5612.0,1038
2025-03-12 05:30:00-04:00,5612.0,5615.75,5611.5,5614.25,1835
2025-03-12 05:35:00-04:00,5614.0,5614.75,5612.0,5613.75,1510
2025-03-12 05:40:00-04:00,5614.0,5614.75,5607.75,5607.75,1621
2025-03-12 05:45:00-04:00,5607.75,5611.0,5607.0,5610.5,1725
2025-03-12 05:50:00-04:00,5610.5,5616.0,5610.5,5615.0,1546
2025-03-12 05:55:00-04:00,5614.75,5616.25,5613.75,5615.5,1087
2025-03-12 06:00:00-04:00,5615.5,5616.75,5613.5,5613.75,2376
2025-03-12 06:05:00-04:00,5613.75,5613.75,5608.75,5609.5,1540
2025-03-12 06:10:00-04:00,5609.5,5610.75,5606.25,5608.0,1164
2025-03-12 06:15:00-04:00,5608.25,5608.5,5605.5,5607.75,1074
2025-03-12 06:20:00-04:00,5607.75,5609.25,5606.25,5608.0,1486
2025-03-12 06:25:00-04:00,5608.25,5608.5,5606.5,5607.5,1016
2025-03-12 06:30:00-04:00,5607.75,5611.0,5607.25,5609.0,1805
2025-03-12 06:35:00-04:00,5609.0,5614.5,5607.5,5613.75,1613
2025-03-12 06:40:00-04:00,5613.75,5614.25,5611.0,5611.5,830
2025-03-12 06:45:00-04:00,5611.5,5613.75,5611.25,5613.25,485
2025-03-12 06:50:00-04:00,5613.5,5617.25,5613.25,5616.5,1521
2025-03-12 06:55:00-04:00,5616.5,5617.0,5612.75,5613.75,1328
2025-03-12 07:00:00-04:00,5613.75,5619.25,5613.0,5617.75,1832
2025-03-12 07:05:00-04:00,5617.5,5618.75,5616.5,5618.25,1354
2025-03-12 07:10:00-04:00,5618.0,5622.0,5617.25,5620.25,1743
2025-03-12 07:15:00-04:00,5620.25,5624.75,5619.5,5623.25,2255
2025-03-12 07:20:00-04:00,5623.25,5625.5,5620.75,5624.5,2448
2025-03-12 07:25:00-04:00,5624.75,5625.5,5621.75,5622.75,1924
2025-03-12 07:30:00-04:00,5622.75,5627.0,5621.25,5627.0,1810
2025-03-12 07:35:00-04:00,5626.75,5627.25,5623.75,5624.75,2145
2025-03-12 07:40:00-04:00,5625.0,5626.75,5623.5,5623.75,2268
2025-03-12 07:45:00-04:00,5623.75,5624.0,5620.75,5622.0,1833
2025-03-12 07:50:00-04:00,5622.0,5622.25,5619.25,5619.75,2262
2025-03-12 07:55:00-04:00,5619.75,5623.5,5619.5,5621.75,1880
2025-03-12 08:00:00-04:00,5621.75,5622.0,5617.0,5617.5,3127
2025-03-12 08:05:00-04:00,5617.5,5620.25,5616.75,5617.25,2557
2025-03-12 08:10:00-04:00,5617.25,5620.0,5616.5,5619.0,2656
2025-03-12 08:15:00-04:00,5619.0,5626.0,5618.5,5624.25,5194
2025-03-12 08:20:00-04:00,5624.0,5624.75,5621.0,5624.0,4265
2025-03-12 08:25:00-04:00,5624.0,5625.25,5619.75,5625.25,4848
2025-03-12 08:30:00-04:00,5624.25,5675.0,5623.0,5640.0,46379
2025-03-12 08:35:00-04:00,5640.0,5648.5,5630.75,5631.25,21618
2025-03-12 08:40:00-04:00,5631.25,5638.75,5627.0,5628.75,13828
2025-03-12 08:45:00-04:00,5628.75,5638.5,5624.5,5637.25,11336
2025-03-12 08:50:00-04:00,5637.0,5645.25,5637.0,5642.0,8808
2025-03-12 08:55:00-04:00,5641.75,5645.75,5638.25,5643.75,7133
2025-03-12 09:00:00-04:00,5643.75,5645.0,5636.75,5644.0,10123
2025-03-12 09:05:00-04:00,5643.75,5646.25,5639.0,5639.75,8819
2025-03-12 09:10:00-04:00,5640.0,5640.5,5632.5,5634.5,5980
2025-03-12 09:15:00-04:00,5634.25,5636.0,5628.5,5630.25,8456
2025-03-12 09:20:00-04:00,5630.25,5632.5,5628.25,5630.0,5190
2025-03-12 09:25:00-04:00,5630.25,5637.25,5629.25,5635.5,11829
2025-03-12 09:30:00-04:00,5635.5,5645.0,5628.0,5638.0,48405
2025-03-12 09:35:00-04:00,5638.0,5644.0,5626.75,5636.75,34784
2025-03-12 09:40:00-04:00,5637.0,5640.5,5614.25,5619.75,34308
2025-03-12 09:45:00-04:00,5620.0,5628.0,5607.0,5616.5,33195
2025-03-12 09:50:00-04:00,5616.75,5631.5,5609.5,5609.75,39878
2025-03-12 09:55:00-04:00,5610.0,5613.75,5597.0,5608.5,45493
2025-03-12 10:00:00-04:00,5608.25,5611.75,5592.75,5606.75,37176
2025-03-12 10:05:00-04:00,5606.75,5617.5,5606.25,5615.5,24394
2025-03-12 10:10:00-04:00,5615.75,5619.25,5602.5,5607.25,19676
2025-03-12 10:15:00-04:00,5607.5,5607.75,5595.75,5605.75,23883
2025-03-12 10:20:00-04:00,5605.5,5611.25,5593.75,5599.0,21535
2025-03-12 10:25:00-04:00,5598.75,5609.5,5597.25,5603.75,16364
2025-03-12 10:30:00-04:00,5603.75,5606.75,5586.25,5588.75,23856
2025-03-12 10:35:00-04:00,5589.0,5592.75,5583.75,5585.0,17898
2025-03-12 10:40:00-04:00,5584.75,5586.75,5576.25,5579.25,24520
2025-03-12 10:45:00-04:00,5579.0,5583.0,5572.75,5575.75,21830
2025-03-12 10:50:00-04:00,5575.75,5589.0,5573.0,5587.0,20494
2025-03-12 10:55:00-04:00,5586.75,5587.25,5568.25,5569.5,20711
2025-03-12 11:00:00-04:00,5569.5,5572.0,5560.0,5562.5,21458
2025-03-12 11:05:00-04:00,5562.25,5564.75,5550.25,5558.75,22010
2025-03-12 11:10:00-04:00,5558.75,5565.0,5557.0,5562.25,17608
2025-03-12 11:15:00-04:00,5562.25,5574.5,5557.25,5570.25,20017
2025-03-12 11:20:00-04:00,5570.0,5580.75,5563.5,5577.0,18196
2025-03-12 11:25:00-04:00,5577.25,5585.75,5574.75,5582.5,18115
2025-03-12 11:30:00-04:00,5582.75,5590.0,5579.25,5585.25,16673
2025-03-12 11:35:00-04:00,5585.5,5595.75,5585.0,5591.5,14430
2025-03-12 11:40:00-04:00,5591.75,5595.75,5589.0,5592.25,11919
2025-03-12 11:45:00-04:00,5592.25,5602.5,5588.75,5599.25,20223
2025-03-12 11:50:00-04:00,5599.5,5605.0,5597.25,5603.0,12032
2025-03-12 11:55:00-04:00,5603.0,5606.25,5590.0,5604.75,21034
2025-03-12 12:00:00-04:00,5605.0,5605.75,5595.75,5600.75,13095
2025-03-12 12:05:00-04:00,5600.75,5612.25,5599.0,5609.5,13626
2025-03-12 12:10:00-04:00,5609.75,5621.0,5603.5,5618.25,22518
2025-03-12 12:15:00-04:00,5618.5,5619.25,5611.0,5617.5,15062
2025-03-12 12:20:00-04:00,5617.5,5622.75,5617.25,5619.75,13012
2025-03-12 12:25:00-04:00,5619.75,5621.75,5611.5,5616.0,17041
2025-03-12 12:30:00-04:00,5616.5,5625.0,5616.5,5624.5,14739
2025-03-12 12:35:00-04:00,5624.75,5626.5,5617.25,5618.0,13374
2025-03-12 12:40:00-04:00,5618.0,5618.25,5600.5,5603.0,27613
2025-03-12 12:45:00-04:00,5603.0,5621.75,5600.75,5620.0,16940
2025-03-12 12:50:00-04:00,5620.25,5623.25,5609.75,5617.75,15435
2025-03-12 12:55:00-04:00,5617.75,5620.5,5603.5,5604.5,11678
2025-03-12 13:00:00-04:00,5604.5,5609.75,5600.75,5606.75,12360
2025-03-12 13:05:00-04:00,5606.75,5614.25,5600.0,5613.75,12209
2025-03-12 13:10:00-04:00,5613.75,5619.5,5608.5,5619.0,12399
2025-03-12 13:15:00-04:00,5619.25,5620.25,5611.5,5617.5,8404
2025-03-12 13:20:00-04:00,5617.5,5625.75,5616.25,5624.25,10020
2025-03-12 13:25:00-04:00,5624.0,5628.25,5619.75,5628.0,12440
2025-03-12 13:30:00-04:00,5627.75,5631.5,5622.25,5625.75,14905
2025-03-12 13:35:00-04:00,5625.75,5630.25,5622.75,5624.0,9647
2025-03-12 13:40:00-04:00,5624.0,5627.5,5620.25,5620.5,8988
2025-03-12 13:45:00-04:00,5620.5,5626.75,5616.75,5617.75,11178
2025-03-12 13:50:00-04:00,5617.75,5619.5,5605.75,5607.75,15411
2025-03-12 13:55:00-04:00,5607.5,5608.5,5592.75,5593.75,20929
2025-03-12 14:00:00-04:00,5593.75,5609.0,5591.75,5601.25,20798
2025-03-12 14:05:00-04:00,5601.0,5601.75,5594.0,5598.25,10979
2025-03-12 14:10:00-04:00,5598.25,5609.5,5598.25,5607.5,11691
2025-03-12 14:15:00-04:00,5607.75,5611.0,5605.0,5611.0,9122
2025-03-12 14:20:00-04:00,5610.75,5614.0,5604.75,5610.0,11096
2025-03-12 14:25:00-04:00,5610.0,5616.25,5607.75,5616.0,8655
2025-03-12 14:30:00-04:00,5616.0,5619.75,5612.5,5619.25,10070
2025-03-12 14:35:00-04:00,5619.0,5620.75,5613.5,5618.0,8912
2025-03-12 14:40:00-04:00,5618.25,5626.75,5617.5,5625.75,8883
2025-03-12 14:45:00-04:00,5625.5,5633.0,5623.5,5629.75,11805
2025-03-12 14:50:00-04:00,5629.5,5629.75,5620.5,5624.25,11236
2025-03-12 14:55:00-04:00,5624.0,5629.25,5617.5,5626.0,11225
2025-03-12 15:00:00-04:00,5625.75,5626.0,5612.5,5620.0,14756
2025-03-12 15:05:00-04:00,5620.25,5621.5,5614.25,5619.75,10606
2025-03-12 15:10:00-04:00,5620.0,5622.5,5615.0,5615.75,9680
2025-03-12 15:15:00-04:00,5615.75,5619.0,5607.75,5617.25,17139
2025-03-12 15:20:00-04:00,5617.25,5618.75,5602.5,5607.75,16405
2025-03-12 15:25:00-04:00,5608.0,5615.0,5607.75,5610.0,12864
2025-03-12 15:30:00-04:00,5610.0,5616.75,5606.75,5608.25,15582
2025-03-12 15:35:00-04:00,5608.25,5609.5,5598.0,5604.75,21790
2025-03-12 15:40:00-04:00,5604.75,5607.5,5598.0,5606.5,16510
2025-03-12 15:45:00-04:00,5606.75,5610.25,5601.75,5608.5,18657
2025-03-12 15:50:00-04:00,5608.75,5610.25,5595.25,5608.0,30955
2025-03-12 15:55:00-04:00,5608.0,5613.5,5602.25,5602.75,74463
2025-03-12 16:00:00-04:00,5603.0,5604.0,5598.5,5601.25,26418
2025-03-12 16:05:00-04:00,5601.5,5603.25,5596.25,5599.0,6424
2025-03-12 16:10:00-04:00,5599.0,5601.75,5596.25,5597.25,5346
2025-03-12 16:15:00-04:00,5597.0,5599.5,5596.75,5598.75,1665
2025-03-12 16:20:00-04:00,5599.0,5599.75,5597.25,5599.25,1523
2025-03-12 16:25:00-04:00,5599.5,5600.0,5598.25,5599.5,1435
2025-03-12 16:30:00-04:00,5599.25,5601.5,5598.5,5599.0,1214
2025-03-12 16:35:00-04:00,5599.25,5599.75,5597.0,5598.0,1046
2025-03-12 16:40:00-04:00,5598.0,5598.5,5595.0,5596.5,1519
2025-03-12 16:45:00-04:00,5596.75,5598.0,5595.5,5597.5,1590
2025-03-12 16:50:00-04:00,5597.5,5598.25,5595.5,5596.0,1600
2025-03-12 16:55:00-04:00,5595.75,5598.0,5595.75,5597.25,4679
2025-03-12 18:00:00-04:00,5596.5,5602.0,5595.5,5600.75,1573
2025-03-12 18:05:00-04:00,5600.75,5601.25,5598.75,5600.0,492
2025-03-12 18:10:00-04:00,5599.5,5604.75,5599.0,5603.5,1326
2025-03-12 18:15:00-04:00,5603.5,5607.75,5603.5,5607.25,1102
2025-03-12 18:20:00-04:00,5607.0,5611.0,5607.0,5608.25,1058
2025-03-12 18:25:00-04:00,5608.25,5610.0,5607.5,5607.75,499
2025-03-12 18:30:00-04:00,5607.5,5609.0,5604.25,5604.5,570
2025-03-12 18:35:00-04:00,5604.75,5608.5,5604.5,5607.0,524
2025-03-12 18:40:00-04:00,5607.25,5608.5,5606.75,5608.25,306
2025-03-12 18:45:00-04:00,5608.0,5610.5,5604.75,5605.5,597
2025-03-12 18:50:00-04:00,5605.5,5606.75,5604.5,5605.75,381
2025-03-12 18:55:00-04:00,5606.0,5609.25,5606.0,5609.25,252
2025-03-12 19:00:00-04:00,5609.0,5615.75,5608.75,5614.0,1109
2025-03-12 19:05:00-04:00,5614.0,5615.75,5613.5,5615.0,381
2025-03-12 19:10:00-04:00,5615.0,5616.25,5613.25,5613.75,357
2025-03-12 19:15:00-04:00,5613.75,5614.5,5612.25,5613.0,475
2025-03-12 19:20:00-04:00,5612.75,5614.75,5612.75,5612.75,339
2025-03-12 19:25:00-04:00,5612.75,5614.0,5611.75,5614.0,466
2025-03-12 19:30:00-04:00,5614.0,5618.75,5612.75,5618.25,899
2025-03-12 19:35:00-04:00,5618.5,5619.0,5613.5,5614.5,414
2025-03-12 19:40:00-04:00,5614.5,5617.5,5614.25,5616.0,405
2025-03-12 19:45:00-04:00,5615.75,5618.0,5615.0,5617.75,480
2025-03-12 19:50:00-04:00,5617.75,5621.25,5617.5,5620.75,881
2025-03-12 19:55:00-04:00,5620.75,5621.25,5618.75,5620.5,429
2025-03-12 20:00:00-04:00,5620.5,5622.5,5619.75,5620.25,1042
2025-03-12 20:05:00-04:00,5620.25,5623.0,5619.75,5621.5,630
2025-03-12 20:10:00-04:00,5621.5,5622.5,5620.25,5621.25,615
2025-03-12 20:15:00-04:00,5621.0,5621.0,5618.0,5618.75,818
2025-03-12 20:20:00-04:00,5618.5,5619.75,5618.0,5618.5,408
2025-03-12 20:25:00-04:00,5618.5,5620.0,5616.25,5616.5,482
2025-03-12 20:30:00-04:00,5616.5,5617.25,5614.5,5615.25,617
2025-03-12 20:35:00-04:00,5615.5,5616.0,5613.25,5614.5,553
2025-03-12 20:40:00-04:00,5614.5,5615.0,5613.5,5613.75,418
2025-03-12 20:45:00-04:00,5614.0,5614.25,5610.75,5613.0,737
2025-03-12 20:50:00-04:00,5613.0,5614.5,5610.0,5614.25,605
2025-03-12 20:55:00-04:00,5614.25,5615.5,5610.75,5611.0,547
2025-03-12 21:00:00-04:00,5610.75,5613.75,5608.75,5609.25,1060
2025-03-12 21:05:00-04:00,5609.0,5610.5,5606.75,5608.0,770
2025-03-12 21:10:00-04:00,5607.75,5610.25,5607.5,5609.5,588
2025-03-12 21:15:00-04:00,5609.5,5612.75,5609.0,5611.5,708
2025-03-12 21:20:00-04:00,5611.5,5613.25,5609.75,5611.0,567
2025-03-12 21:25:00-04:00,5611.0,5611.5,5609.75,5610.5,278
2025-03-12 21:30:00-04:00,5610.25,5610.75,5605.75,5607.25,1223
2025-03-12 21:35:00-04:00,5607.25,5607.25,5603.75,5605.75,1164
2025-03-12 21:40:00-04:00,5606.0,5608.0,5605.0,5607.75,720
2025-03-12 21:45:00-04:00,5607.5,5608.0,5605.75,5607.25,433
2025-03-12 21:50:00-04:00,5607.25,5611.0,5607.0,5610.5,750
2025-03-12 21:55:00-04:00,5610.5,5612.75,5610.5,5612.25,699
2025-03-12 22:00:00-04:00,5612.0,5612.0,5610.5,5611.0,444
2025-03-12 22:05:00-04:00,5610.75,5612.0,5610.75,5611.25,344
2025-03-12 22:10:00-04:00,5611.25,5613.25,5611.25,5611.75,299
2025-03-12 22:15:00-04:00,5611.75,5613.0,5608.75,5608.75,542
2025-03-12 22:20:00-04:00,5608.75,5609.25,5606.25,5606.75,596
2025-03-12 22:25:00-04:00,5606.75,5607.5,5605.75,5607.0,419
2025-03-12 22:30:00-04:00,5606.75,5607.0,5605.0,5606.25,579
2025-03-12 22:35:00-04:00,5606.25,5607.5,5605.75,5606.75,345
2025-03-12 22:40:00-04:00,5606.5,5607.75,5605.25,5606.5,326
2025-03-12 22:45:00-04:00,5606.5,5607.25,5605.5,5605.75,401
2025-03-12 22:50:00-04:00,5605.5,5606.25,5604.5,5604.75,673
2025-03-12 22:55:00-04:00,5604.75,5604.75,5602.5,5603.25,659
2025-03-12 23:00:00-04:00,5603.5,5604.0,5600.75,5601.5,762
2025-03-12 23:05:00-04:00,5601.5,5602.75,5597.5,5599.25,1086
2025-03-12 23:10:00-04:00,5599.25,5601.75,5598.75,5600.25,712
2025-03-12 23:15:00-04:00,5600.5,5601.0,5599.25,5600.25,433
2025-03-12 23:20:00-04:00,5600.25,5601.75,5599.25,5600.0,415
2025-03-12 23:25:00-04:00,5600.25,5600.5,5596.25,5596.75,909
2025-03-12 23:30:00-04:00,5596.5,5597.0,5593.25,5594.0,1332
2025-03-12 23:35:00-04:00,5594.0,5594.0,5586.25,5591.75,2729
2025-03-12 23:40:00-04:00,5591.75,5592.75,5590.75,5592.0,990
2025-03-12 23:45:00-04:00,5591.5,5592.0,5589.75,5590.5,582
2025-03-12 23:50:00-04:00,5590.5,5591.75,5588.75,5590.5,539
2025-03-12 23:55:00-04:00,5590.5,5590.5,5586.75,5588.5,955
2025-03-13 00:00:00-04:00,5588.5,5590.5,5587.5,5589.75,688
2025-03-13 00:05:00-04:00,5589.75,5592.5,5589.0,5592.5,681
2025-03-13 00:10:00-04:00,5592.25,5593.25,5591.5,5591.5,470
2025-03-13 00:15:00-04:00,5591.25,5592.5,5589.0,5589.5,765
2025-03-13 00:20:00-04:00,5589.75,5591.25,5588.75,5590.0,419
2025-03-13 00:25:00-04:00,5590.0,5590.0,5586.5,5587.5,464
2025-03-13 00:30:00-04:00,5587.5,5587.5,5581.5,5582.5,1686
2025-03-13 00:35:00-04:00,5582.5,5583.75,5580.5,5582.5,797
2025-03-13 00:40:00-04:00,5582.5,5582.75,5577.5,5582.75,1637
2025-03-13 00:45:00-04:00,5582.5,5584.5,5581.75,5582.75,856
2025-03-13 00:50:00-04:00,5582.75,5583.5,5579.5,5582.25,810
2025-03-13 00:55:00-04:00,5582.25,5582.5,5576.75,5580.75,1102
2025-03-13 01:00:00-04:00,5580.5,5582.25,5578.25,5580.75,707
2025-03-13 01:05:00-04:00,5581.0,5581.0,5578.0,5579.0,431
2025-03-13 01:10:00-04:00,5579.25,5581.0,5578.0,5579.75,491
2025-03-13 01:15:00-04:00,5579.25,5580.0,5575.75,5578.25,1023
2025-03-13 01:20:00-04:00,5578.5,5584.0,5577.75,5583.5,603
2025-03-13 01:25:00-04:00,5583.25,5584.5,5582.0,5582.5,992
2025-03-13 01:30:00-04:00,5582.75,5583.0,5573.0,5573.5,1241
2025-03-13 01:35:00-04:00,5573.75,5575.0,5570.75,5573.0,1330
2025-03-13 01:40:00-04:00,5572.75,5577.0,5572.0,5575.25,1143
2025-03-13 01:45:00-04:00,5575.25,5577.5,5572.5,5577.5,730
2025-03-13 01:50:00-04:00,5577.5,5578.0,5575.0,5576.0,455
2025-03-13 01:55:00-04:00,5576.0,5578.0,5576.0,5577.5,456
2025-03-13 02:00:00-04:00,5577.75,5579.75,5574.0,5575.0,1066
2025-03-13 02:05:00-04:00,5575.25,5575.5,5565.75,5566.5,1957
2025-03-13 02:10:00-04:00,5567.0,5573.5,5567.0,5572.0,1362
2025-03-13 02:15:00-04:00,5572.0,5572.5,5565.5,5568.0,1068
2025-03-13 02:20:00-04:00,5567.75,5568.75,5563.5,5564.5,1219
2025-03-13 02:25:00-04:00,5564.5,5574.5,5564.5,5573.75,1333
2025-03-13 02:30:00-04:00,5574.0,5576.5,5571.0,5574.25,1160
2025-03-13 02:35:00-04:00,5574.25,5575.25,5569.5,5570.5,619
2025-03-13 02:40:00-04:00,5570.5,5574.5,5570.5,5573.25,528
2025-03-13 02:45:00-04:00,5573.25,5582.25,5572.25,5581.25,1583
2025-03-13 02:50:00-04:00,5581.25,5585.0,5580.5,5581.75,1459
2025-03-13 02:55:00-04:00,5582.0,5583.5,5580.5,5582.0,1152
2025-03-13 03:00:00-04:00,5582.25,5585.0,5580.0,5581.25,1183
2025-03-13 03:05:00-04:00,5581.5,5582.0,5573.25,5574.0,1596
2025-03-13 03:10:00-04:00,5574.0,5576.25,5571.75,5575.5,1421
2025-03-13 03:15:00-04:00,5575.25,5579.0,5573.25,5576.25,1014
2025-03-13 03:20:00-04:00,5576.25,5585.0,5576.25,5582.25,1253
2025-03-13 03:25:00-04:00,5582.25,5583.0,5578.5,5581.5,1184
2025-03-13 03:30:00-04:00,5582.0,5583.5,5579.0,5579.25,954
2025-03-13 03:35:00-04:00,5579.5,5579.75,5570.5,5570.75,1709
2025-03-13 03:40:00-04:00,5570.5,5575.0,5569.0,5569.5,1419
2025-03-13 03:45:00-04:00,5569.75,5577.5,5569.25,5576.75,1234
2025-03-13 03:50:00-04:00,5576.5,5577.0,5565.25,5566.0,1601
2025-03-13 03:55:00-04:00,5565.75,5567.5,5564.0,5567.0,1619
2025-03-13 04:00:00-04:00,5566.75,5573.75,5563.75,5572.0,4046
2025-03-13 04:05:00-04:00,5571.75,5573.0,5564.5,5572.25,2331
2025-03-13 04:10:00-04:00,5572.25,5574.25,5567.5,5568.25,2316
2025-03-13 04:15:00-04:00,5568.5,5571.25,5559.25,5563.0,4603
2025-03-13 04:20:00-04:00,5563.0,5570.75,5561.75,5568.25,2856
2025-03-13 04:25:00-04:00,5568.0,5575.25,5568.0,5574.25,1851
2025-03-13 04:30:00-04:00,5574.0,5576.0,5571.75,5573.25,1799
2025-03-13 04:35:00-04:00,5573.5,5574.75,5569.0,5569.5,1340
2025-03-13 04:40:00-04:00,5569.75,5574.5,5568.0,5573.5,1171
2025-03-13 04:45:00-04:00,5573.5,5577.5,5572.75,5576.75,1393
2025-03-13 04:50:00-04:00,5576.75,5579.25,5575.25,5576.25,911
2025-03-13 04:55:00-04:00,5576.25,5580.5,5574.5,5580.0,1858
2025-03-13 05:00:00-04:00,5579.75,5581.75,5575.25,5575.75,1227
2025-03-13 05:05:00-04:00,5575.5,5576.75,5572.0,5574.5,1340
2025-03-13 05:10:00-04:00,5574.75,5584.0,5574.5,5583.5,1896
2025-03-13 05:15:00-04:00,5583.5,5590.0,5583.25,5589.25,1862
2025-03-13 05:20:00-04:00,5589.0,5593.25,5588.5,5591.75,2455
2025-03-13 05:25:00-04:00,5591.75,5592.0,5589.0,5591.25,1815
2025-03-13 05:30:00-04:00,5591.5,5594.5,5591.0,5592.25,1222
2025-03-13 05:35:00-04:00,5592.25,5597.5,5591.25,5596.25,2105
2025-03-13 05:40:00-04:00,5596.0,5598.75,5595.0,5598.5,1911
2025-03-13 05:45:00-04:00,5598.75,5601.5,5598.0,5599.25,2190
2025-03-13 05:50:00-04:00,5599.0,5602.0,5599.0,5601.0,4728
2025-03-13 05:55:00-04:00,5601.0,5605.5,5599.75,5604.5,2306
2025-03-13 06:00:00-04:00,5604.5,5608.0,5603.75,5604.0,3057
2025-03-13 06:05:00-04:00,5604.0,5604.5,5602.0,5602.25,1728
2025-03-13 06:10:00-04:00,5602.0,5606.0,5602.0,5606.0,1156
2025-03-13 06:15:00-04:00,5606.0,5606.75,5603.0,5604.0,1233
2025-03-13 06:20:00-04:00,5604.0,5606.0,5603.25,5605.5,1824
2025-03-13 06:25:00-04:00,5605.5,5609.75,5605.5,5606.75,2259
2025-03-13 06:30:00-04:00,5607.0,5608.0,5605.5,5605.5,1977
2025-03-13 06:35:00-04:00,5605.25,5607.75,5604.75,5607.0,947
2025-03-13 06:40:00-04:00,5607.25,5609.0,5606.25,5608.5,1122
2025-03-13 06:45:00-04:00,5608.5,5609.5,5607.0,5608.5,1528
2025-03-13 06:50:00-04:00,5608.75,5608.75,5601.5,5602.5,2393
2025-03-13 06:55:00-04:00,5602.25,5603.5,5595.5,5599.75,3990
2025-03-13 07:00:00-04:00,5599.75,5603.0,5596.5,5597.25,2854
2025-03-13 07:05:00-04:00,5597.25,5600.0,5593.0,5593.5,1860
2025-03-13 07:10:00-04:00,5593.5,5597.75,5593.5,5596.5,1551
2025-03-13 07:15:00-04:00,5596.25,5602.5,5592.5,5593.75,5901
2025-03-13 07:20:00-04:00,5593.75,5594.0,5591.0,5592.0,1674
2025-03-13 07:25:00-04:00,5592.0,5592.5,5586.75,5592.0,4057
2025-03-13 07:30:00-04:00,5592.0,5596.25,5591.25,5593.25,5888
2025-03-13 07:35:00-04:00,5593.25,5594.75,5583.75,5585.5,2836
2025-03-13 07:40:00-04:00,5585.75,5588.75,5583.5,5584.25,1692
2025-03-13 07:45:00-04:00,5584.25,5585.5,5580.25,5585.0,3379
2025-03-13 07:50:00-04:00,5585.0,5592.0,5584.75,5591.75,3726
2025-03-13 07:55:00-04:00,5591.5,5594.75,5582.25,5590.75,13278
2025-03-13 08:00:00-04:00,5590.5,5592.0,5580.25,5584.5,5331
2025-03-13 08:05:00-04:00,5584.0,5585.5,5576.75,5577.5,5341
2025-03-13 08:10:00-04:00,5577.5,5580.5,5575.25,5576.5,3559
2025-03-13 08:15:00-04:00,5576.5,5584.0,5576.0,5580.0,4088
2025-03-13 08:20:00-04:00,5580.0,5586.25,5577.25,5585.25,2811
2025-03-13 08:25:00-04:00,5585.25,5586.25,5581.75,5584.75,2924
2025-03-13 08:30:00-04:00,5585.0,5604.0,5585.0,5594.75,12797
2025-03-13 08:35:00-04:00,5594.75,5597.0,5588.0,5591.5,6406
2025-03-13 08:40:00-04:00,5591.5,5597.0,5590.75,5592.0,6495
2025-03-13 08:45:00-04:00,5591.75,5592.0,5584.5,5587.25,6592
2025-03-13 08:50:00-04:00,5587.25,5594.5,5587.0,5590.75,5345
2025-03-13 08:55:00-04:00,5590.75,5594.75,5590.25,5594.75,4089
2025-03-13 09:00:00-04:00,5594.75,5602.5,5594.5,5601.5,6575
2025-03-13 09:05:00-04:00,5601.75,5602.75,5596.5,5600.25,4999
2025-03-13 09:10:00-04:00,5600.25,5600.25,5594.25,5594.75,3649
2025-03-13 09:15:00-04:00,5594.75,5599.5,5593.25,5598.0,6053
2025-03-13 09:20:00-04:00,5597.75,5601.0,5595.0,5599.5,2314
2025-03-13 09:25:00-04:00,5599.5,5602.5,5597.25,5598.0,5338
2025-03-13 09:30:00-04:00,5598.0,5599.0,5585.75,5596.0,29840
2025-03-13 09:35:00-04:00,5596.25,5599.75,5585.25,5593.5,24009
2025-03-13 09:40:00-04:00,5593.5,5600.0,5583.25,5583.5,20622
2025-03-13 09:45:00-04:00,5583.75,5588.5,5579.5,5580.0,19741
2025-03-13 09:50:00-04:00,5580.0,5583.25,5565.25,5568.25,25649
2025-03-13 09:55:00-04:00,5568.0,5570.5,5556.75,5563.0,32828
2025-03-13 10:00:00-04:00,5563.25,5574.5,5557.0,5569.25,31393
2025-03-13 10:05:00-04:00,5569.25,5580.0,5568.75,5577.0,22268
2025-03-13 10:10:00-04:00,5577.0,5589.75,5571.5,5589.25,25403
2025-03-13 10:15:00-04:00,5589.25,5597.5,5586.25,5594.75,24074
2025-03-13 10:20:00-04:00,5595.0,5597.5,5587.5,5596.75,21193
2025-03-13 10:25:00-04:00,5596.75,5603.75,5582.5,5584.0,24511
2025-03-13 10:30:00-04:00,5584.0,5596.75,5582.5,5585.25,22186
2025-03-13 10:35:00-04:00,5585.5,5588.75,5573.0,5576.75,18846
2025-03-13 10:40:00-04:00,5576.75,5578.5,5570.5,5576.25,15328
2025-03-13 10:45:00-04:00,5576.25,5581.5,5569.5,5573.25,17672
2025-03-13 10:50:00-04:00,5573.25,5586.5,5572.5,5579.25,17407
2025-03-13 10:55:00-04:00,5579.25,5580.25,5568.0,5572.75,14853
2025-03-13 11:00:00-04:00,5572.75,5581.75,5572.75,5578.75,16373
2025-03-13 11:05:00-04:00,5578.75,5582.5,5562.25,5564.75,16512
2025-03-13 11:10:00-04:00,5564.75,5568.5,5559.25,5563.0,15191
2025-03-13 11:15:00-04:00,5563.25,5565.25,5558.5,5564.75,13705
2025-03-13 11:20:00-04:00,5564.5,5565.0,5558.5,5563.5,12322
2025-03-13 11:25:00-04:00,5563.75,5566.75,5554.0,5555.5,17588
2025-03-13 11:30:00-04:00,5555.5,5561.0,5553.25,5556.25,15688
2025-03-13 11:35:00-04:00,5556.25,5556.5,5538.5,5542.25,28457
2025-03-13 11:40:00-04:00,5542.0,5564.5,5537.75,5555.75,43794
2025-03-13 11:45:00-04:00,5555.5,5558.5,5546.5,5555.5,26124
2025-03-13 11:50:00-04:00,5555.5,5556.0,5541.25,5542.25,16266
2025-03-13 11:55:00-04:00,5542.25,5544.5,5536.25,5537.75,17687
2025-03-13 12:00:00-04:00,5537.75,5547.5,5535.25,5545.5,21175
2025-03-13 12:05:00-04:00,5545.25,5553.5,5538.0,5551.25,17719
2025-03-13 12:10:00-04:00,5551.0,5551.5,5541.75,5542.25,13232
2025-03-13 12:15:00-04:00,5542.5,5545.25,5537.5,5543.5,12579
2025-03-13 12:20:00-04:00,5543.5,5546.0,5537.75,5538.75,11149
2025-03-13 12:25:00-04:00,5538.5,5542.25,5535.5,5538.5,15737
2025-03-13 12:30:00-04:00,5538.5,5552.0,5534.25,5551.0,22459
2025-03-13 12:35:00-04:00,5551.0,5557.75,5546.0,5556.75,16353
2025-03-13 12:40:00-04:00,5556.75,5558.75,5542.75,5544.0,17199
2025-03-13 12:45:00-04:00,5544.0,5546.5,5525.75,5532.25,25302
2025-03-13 12:50:00-04:00,5532.0,5543.0,5528.75,5534.5,21913
2025-03-13 12:55:00-04:00,5534.25,5539.25,5531.0,5538.75,14040
2025-03-13 13:00:00-04:00,5538.5,5542.0,5531.75,5541.25,13827
2025-03-13 13:05:00-04:00,5541.0,5546.0,5531.5,5533.0,14563
2025-03-13 13:10:00-04:00,5533.0,5534.25,5525.0,5528.25,13020
2025-03-13 13:15:00-04:00,5528.25,5528.75,5516.0,5518.0,18984
2025-03-13 13:20:00-04:00,5518.0,5526.75,5517.5,5521.0,14441
2025-03-13 13:25:00-04:00,5521.0,5526.25,5519.0,5523.5,10787
2025-03-13 13:30:00-04:00,5523.25,5524.5,5515.5,5516.25,11742
2025-03-13 13:35:00-04:00,5516.25,5519.0,5513.25,5514.5,11924
2025-03-13 13:40:00-04:00,5514.5,5519.5,5512.25,5513.0,12475
2025-03-13 13:45:00-04:00,5513.0,5514.5,5509.25,5512.75,12627
2025-03-13 13:50:00-04:00,5512.75,5521.75,5511.5,5521.0,15811
2025-03-13 13:55:00-04:00,5521.0,5521.5,5511.75,5513.25,10718
2025-03-13 14:00:00-04:00,5513.25,5529.5,5512.0,5526.5,18059
2025-03-13 14:05:00-04:00,5526.75,5535.0,5524.5,5530.75,15685
2025-03-13 14:10:00-04:00,5530.75,5545.5,5529.75,5540.75,16729
2025-03-13 14:15:00-04:00,5541.0,5541.5,5530.5,5533.25,15154
2025-03-13 14:20:00-04:00,5533.5,5540.75,5531.0,5538.75,10943
2025-03-13 14:25:00-04:00,5539.0,5543.25,5535.5,5543.25,13924
2025-03-13 14:30:00-04:00,5543.5,5549.75,5537.75,5543.0,15175
2025-03-13 14:35:00-04:00,5543.25,5551.5,5543.0,5548.5,12485
2025-03-13 14:40:00-04:00,5548.5,5554.5,5545.5,5552.75,10860
2025-03-13 14:45:00-04:00,5552.75,5555.5,5547.25,5553.5,12812
2025-03-13 14:50:00-04:00,5553.75,5555.0,5540.5,5547.25,19210
2025-03-13 14:55:00-04:00,5547.25,5553.0,5543.75,5552.0,13843
2025-03-13 15:00:00-04:00,5551.75,5559.0,5545.75,5547.5,18687
2025-03-13 15:05:00-04:00,5547.25,5547.75,5534.5,5537.75,17109
2025-03-13 15:10:00-04:00,5537.75,5544.5,5534.5,5541.5,13095
2025-03-13 15:15:00-04:00,5541.75,5545.5,5539.25,5544.0,13217
2025-03-13 15:20:00-04:00,5543.75,5543.75,5537.0,5538.25,9945
2025-03-13 15:25:00-04:00,5538.25,5539.0,5521.25,5527.5,23025
2025-03-13 15:30:00-04:00,5527.25,5533.25,5522.25,5531.0,18445
2025-03-13 15:35:00-04:00,5530.75,5531.0,5516.25,5516.5,19687
2025-03-13 15:40:00-04:00,5516.5,5524.75,5516.25,5523.5,20995
2025-03-13 15:45:00-04:00,5523.75,5527.0,5518.75,5524.75,21904
2025-03-13 15:50:00-04:00,5524.5,5524.5,5514.0,5521.75,31464
2025-03-13 15:55:00-04:00,5522.0,5529.25,5521.0,5528.25,89367
2025-03-13 16:00:00-04:00,5528.5,5539.0,5526.75,5538.75,37083
2025-03-13 16:05:00-04:00,5539.0,5540.25,5536.5,5540.0,10213
2025-03-13 16:10:00-04:00,5540.0,5544.25,5538.75,5543.5,6206
2025-03-13 16:15:00-04:00,5543.25,5545.0,5539.5,5539.5,4335
2025-03-13 16:20:00-04:00,5539.75,5542.0,5538.5,5541.75,3365
2025-03-13 16:25:00-04:00,5541.75,5542.5,5541.0,5541.25,1344
2025-03-13 16:30:00-04:00,5541.0,5542.5,5539.75,5539.75,2503
2025-03-13 16:35:00-04:00,5539.75,5541.0,5538.25,5539.0,2360
2025-03-13 16:40:00-04:00,5539.0,5539.25,5537.0,5537.5,1221
2025-03-13 16:45:00-04:00,5537.5,5540.0,5537.5,5538.75,1687
2025-03-13 16:50:00-04:00,5538.75,5540.0,5538.25,5539.25,1155
2025-03-13 16:55:00-04:00,5539.0,5539.25,5537.5,5537.5,1132
2025-03-13 18:00:00-04:00,5540.0,5542.75,5538.75,5541.75,1741
2025-03-13 18:05:00-04:00,5541.5,5548.25,5541.0,5547.75,2030
2025-03-13 18:10:00-04:00,5548.0,5551.75,5546.75,5550.5,1867
2025-03-13 18:15:00-04:00,5550.75,5551.5,5545.75,5547.0,1720
2025-03-13 18:20:00-04:00,5547.0,5548.0,5544.0,5544.5,795
2025-03-13 18:25:00-04:00,5544.5,5547.5,5543.25,5547.25,839
2025-03-13 18:30:00-04:00,5547.5,5552.25,5546.5,5549.5,1176
2025-03-13 18:35:00-04:00,5549.75,5554.0,5549.5,5554.0,923
2025-03-13 18:40:00-04:00,5553.75,5555.0,5550.75,5553.0,958
2025-03-13 18:45:00-04:00,5552.75,5554.0,5552.0,5553.5,450
2025-03-13 18:50:00-04:00,5553.75,5557.0,5553.5,5555.75,988
2025-03-13 18:55:00-04:00,5556.0,5556.75,5551.25,5552.5,774
2025-03-13 19:00:00-04:00,5552.5,5554.25,5550.5,5551.75,493
2025-03-13 19:05:00-04:00,5552.0,5557.25,5551.5,5556.75,950
2025-03-13 19:10:00-04:00,5556.5,5558.5,5556.0,5556.0,961
2025-03-13 19:15:00-04:00,5556.0,5556.0,5551.5,5553.5,931
2025-03-13 19:20:00-04:00,5553.5,5556.5,5552.0,5555.25,601
2025-03-13 19:25:00-04:00,5555.25,5556.25,5554.0,5554.25,406
2025-03-13 19:30:00-04:00,5554.0,5556.25,5553.75,5556.0,410
2025-03-13 19:35:00-04:00,5555.75,5555.75,5550.25,5551.25,788
2025-03-13 19:40:00-04:00,5551.5,5554.5,5551.25,5552.75,605
2025-03-13 19:45:00-04:00,5552.75,5554.75,5552.0,5554.25,471
2025-03-13 19:50:00-04:00,5554.0,5556.0,5553.25,5555.0,555
2025-03-13 19:55:00-04:00,5555.25,5555.75,5552.25,5552.75,748
2025-03-13 20:00:00-04:00,5553.0,5556.0,5547.5,5551.0,2151
2025-03-13 20:05:00-04:00,5551.5,5556.0,5551.25,5554.5,1414
2025-03-13 20:10:00-04:00,5554.5,5556.75,5554.5,5556.25,616
2025-03-13 20:15:00-04:00,5556.25,5557.75,5554.0,5556.75,1463
2025-03-13 20:20:00-04:00,5556.5,5559.75,5554.75,5558.25,4209
2025-03-13 20:25:00-04:00,5558.5,5560.25,5556.5,5557.25,9510
2025-03-13 20:30:00-04:00,5557.25,5565.0,5556.75,5564.5,5876
2025-03-13 20:35:00-04:00,5564.25,5565.75,5562.25,5565.0,2145
2025-03-13 20:40:00-04:00,5565.0,5567.0,5563.5,5565.75,4720
2025-03-13 20:45:00-04:00,5565.5,5565.75,5563.0,5564.5,825
2025-03-13 20:50:00-04:00,5564.75,5566.0,5564.0,5565.0,480
2025-03-13 20:55:00-04:00,5565.0,5565.25,5561.0,5561.75,952
2025-03-13 21:00:00-04:00,5561.75,5562.75,5560.75,5561.75,690
2025-03-13 21:05:00-04:00,5561.75,5562.75,5559.75,5562.0,919
2025-03-13 21:10:00-04:00,5562.25,5565.75,5562.0,5565.25,4608
2025-03-13 21:15:00-04:00,5565.0,5565.25,5560.25,5561.0,4123
2025-03-13 21:20:00-04:00,5560.75,5563.75,5560.0,5563.0,690
2025-03-13 21:25:00-04:00,5563.0,5563.0,5561.0,5561.75,351
2025-03-13 21:30:00-04:00,5561.75,5561.75,5558.5,5560.5,788
2025-03-13 21:35:00-04:00,5560.5,5562.5,5560.5,5561.75,633
2025-03-13 21:40:00-04:00,5561.75,5568.25,5561.75,5565.75,1360
2025-03-13 21:45:00-04:00,5565.75,5566.5,5563.75,5564.25,596
2025-03-13 21:50:00-04:00,5564.25,5567.0,5563.0,5566.5,484
2025-03-13 21:55:00-04:00,5566.5,5566.5,5561.25,5561.5,605
2025-03-13 22:00:00-04:00,5561.5,5563.25,5561.25,5562.5,555
2025-03-13 22:05:00-04:00,5562.5,5565.0,5562.0,5562.75,468
2025-03-13 22:10:00-04:00,5562.75,5565.75,5562.75,5565.75,423
2025-03-13 22:15:00-04:00,5565.5,5566.25,5563.75,5565.25,520
2025-03-13 22:20:00-04:00,5565.0,5567.5,5565.0,5567.0,758
2025-03-13 22:25:00-04:00,5567.0,5567.0,5565.0,5565.5,372
2025-03-13 22:30:00-04:00,5565.75,5566.75,5564.5,5565.0,660
2025-03-13 22:35:00-04:00,5565.25,5567.25,5564.0,5565.75,423
2025-03-13 22:40:00-04:00,5565.5,5566.0,5563.5,5564.5,626
2025-03-13 22:45:00-04:00,5564.5,5565.25,5563.5,5564.25,324
2025-03-13 22:50:00-04:00,5564.25,5569.75,5564.25,5569.0,1541
2025-03-13 22:55:00-04:00,5569.0,5569.25,5567.5,5567.75,339
2025-03-13 23:00:00-04:00,5568.0,5570.75,5567.75,5570.0,546
2025-03-13 23:05:00-04:00,5570.0,5571.5,5568.25,5568.75,644
2025-03-13 23:10:00-04:00,5568.75,5570.25,5567.5,5569.25,525
2025-03-13 23:15:00-04:00,5569.25,5572.25,5569.25,5571.75,740
2025-03-13 23:20:00-04:00,5571.5,5572.0,5570.5,5570.75,382
2025-03-13 23:25:00-04:00,5571.0,5572.0,5570.5,5570.75,359
2025-03-13 23:30:00-04:00,5570.75,5572.0,5570.5,5570.75,384
2025-03-13 23:35:00-04:00,5571.0,5571.25,5569.75,5570.75,351
2025-03-13 23:40:00-04:00,5570.5,5570.75,5569.75,5570.5,277
2025-03-13 23:45:00-04:00,5570.5,5570.75,5569.25,5570.0,374
2025-03-13 23:50:00-04:00,5570.25,5570.75,5569.0,5570.5,462
2025-03-13 23:55:00-04:00,5570.25,5570.75,5568.75,5569.75,309
2025-03-14 00:00:00-04:00,5569.5,5570.75,5569.25,5569.75,262
2025-03-14 00:05:00-04:00,5569.5,5570.0,5568.25,5569.5,334
2025-03-14 00:10:00-04:00,5569.5,5570.25,5568.5,5570.0,419
2025-03-14 00:15:00-04:00,5570.0,5570.75,5569.5,5569.75,285
2025-03-14 00:20:00-04:00,5569.75,5570.75,5569.5,5570.5,205
2025-03-14 00:25:00-04:00,5570.75,5570.75,5566.75,5567.25,559
2025-03-14 00:30:00-04:00,5567.25,5568.25,5566.5,5567.0,334
2025-03-14 00:35:00-04:00,5566.75,5567.25,5565.75,5566.0,303
2025-03-14 00:40:00-04:00,5566.0,5568.5,5566.0,5567.75,389
2025-03-14 00:45:00-04:00,5568.0,5569.5,5567.0,5567.5,260
2025-03-14 00:50:00-04:00,5567.75,5569.0,5567.5,5568.25,114
2025-03-14 00:55:00-04:00,5568.25,5569.25,5568.0,5569.0,319
2025-03-14 01:00:00-04:00,5568.75,5570.0,5568.5,5569.5,299
2025-03-14 01:05:00-04:00,5569.75,5570.25,5568.5,5569.25,377
2025-03-14 01:10:00-04:00,5569.0,5571.75,5569.0,5571.0,516
2025-03-14 01:15:00-04:00,5571.0,5572.75,5571.0,5572.25,585
2025-03-14 01:20:00-04:00,5572.25,5572.5,5566.0,5566.25,528
2025-03-14 01:25:00-04:00,5566.5,5568.75,5566.25,5566.25,428
2025-03-14 01:30:00-04:00,5566.5,5566.75,5564.5,5565.0,471
2025-03-14 01:35:00-04:00,5565.0,5565.25,5563.75,5563.75,506
2025-03-14 01:40:00-04:00,5564.0,5565.5,5564.0,5564.25,338
2025-03-14 01:45:00-04:00,5564.5,5565.0,5563.25,5564.0,415
2025-03-14 01:50:00-04:00,5564.25,5564.25,5563.5,5563.75,338
2025-03-14 01:55:00-04:00,5563.75,5564.5,5561.5,5562.5,527
2025-03-14 02:00:00-04:00,5562.5,5563.5,5559.5,5559.75,792
2025-03-14 02:05:00-04:00,5559.5,5561.75,5558.5,5561.25,633
2025-03-14 02:10:00-04:00,5561.25,5561.25,5558.5,5560.5,438
2025-03-14 02:15:00-04:00,5561.0,5561.5,5559.75,5560.0,416
2025-03-14 02:20:00-04:00,5559.75,5560.75,5559.0,5560.0,402
2025-03-14 02:25:00-04:00,5560.25,5560.75,5559.0,5559.5,350
2025-03-14 02:30:00-04:00,5559.25,5561.25,5556.25,5557.5,627
2025-03-14 02:35:00-04:00,5557.5,5561.75,5557.25,5561.25,500
2025-03-14 02:40:00-04:00,5561.5,5563.75,5560.75,5563.0,429
2025-03-14 02:45:00-04:00,5562.75,5565.25,5562.0,5563.0,509
2025-03-14 02:50:00-04:00,5563.0,5563.5,5561.5,5563.5,305
2025-03-14 02:55:00-04:00,5563.25,5564.25,5562.0,5563.0,249
2025-03-14 03:00:00-04:00,5563.0,5563.0,5556.5,5557.75,1340
2025-03-14 03:05:00-04:00,5557.75,5558.75,5554.0,5555.5,1003
2025-03-14 03:10:00-04:00,5555.5,5556.5,5553.25,5556.25,777
2025-03-14 03:15:00-04:00,5556.5,5557.25,5555.0,5556.75,599
2025-03-14 03:20:00-04:00,5557.0,5558.75,5556.25,5557.5,738
2025-03-14 03:25:00-04:00,5557.75,5559.5,5557.0,5557.25,674
2025-03-14 03:30:00-04:00,5557.0,5557.5,5553.25,5553.75,817
2025-03-14 03:35:00-04:00,5553.5,5556.5,5553.5,5556.5,486
2025-03-14 03:40:00-04:00,5556.75,5561.25,5556.5,5561.0,668
2025-03-14 03:45:00-04:00,5561.0,5564.0,5560.25,5561.0,845
2025-03-14 03:50:00-04:00,5561.0,5561.5,5557.0,5560.75,845
2025-03-14 03:55:00-04:00,5561.0,5561.0,5555.5,5557.0,749
2025-03-14 04:00:00-04:00,5557.25,5558.75,5552.75,5556.25,2219
2025-03-14 04:05:00-04:00,5556.5,5559.5,5555.75,5558.75,1368
2025-03-14 04:10:00-04:00,5558.5,5562.25,5556.5,5561.75,1281
2025-03-14 04:15:00-04:00,5561.5,5564.5,5560.75,5562.75,1243
2025-03-14 04:20:00-04:00,5562.75,5567.5,5562.5,5566.0,1426
2025-03-14 04:25:00-04:00,5565.75,5571.75,5565.25,5569.75,2242
2025-03-14 04:30:00-04:00,5569.75,5571.75,5564.5,5564.75,1810
2025-03-14 04:35:00-04:00,5564.75,5566.5,5563.25,5566.0,1085
2025-03-14 04:40:00-04:00,5565.75,5567.75,5564.0,5567.25,937
2025-03-14 04:45:00-04:00,5567.25,5570.25,5567.0,5570.0,946
2025-03-14 04:50:00-04:00,5570.0,5570.0,5565.25,5567.5,655
2025-03-14 04:55:00-04:00,5567.25,5568.5,5566.0,5567.25,487
2025-03-14 05:00:00-04:00,5567.5,5570.0,5567.5,5569.25,779
2025-03-14 05:05:00-04:00,5569.25,5573.0,5569.0,5571.5,1745
2025-03-14 05:10:00-04:00,5571.25,5571.5,5568.25,5569.75,769
2025-03-14 05:15:00-04:00,5569.5,5572.25,5568.75,5572.0,497
2025-03-14 05:20:00-04:00,5572.0,5574.0,5570.5,5572.5,817
2025-03-14 05:25:00-04:00,5572.25,5573.75,5569.0,5570.25,1111
2025-03-14 05:30:00-04:00,5570.0,5570.5,5567.0,5568.0,749
2025-03-14 05:35:00-04:00,5568.25,5570.5,5567.25,5569.0,981
2025-03-14 05:40:00-04:00,5568.75,5572.75,5567.5,5568.5,1889
2025-03-14 05:45:00-04:00,5568.25,5570.0,5566.5,5569.5,2191
2025-03-14 05:50:00-04:00,5569.25,5572.5,5569.0,5570.0,2865
2025-03-14 05:55:00-04:00,5569.75,5569.75,5568.25,5569.25,621
2025-03-14 06:00:00-04:00,5569.5,5570.75,5567.0,5569.0,694
2025-03-14 06:05:00-04:00,5569.0,5570.5,5567.75,5569.75,3442
2025-03-14 06:10:00-04:00,5569.75,5571.0,5563.75,5564.75,2248
2025-03-14 06:15:00-04:00,5564.75,5567.0,5563.0,5565.5,2600
2025-03-14 06:20:00-04:00,5565.75,5565.75,5563.0,5564.25,3383
2025-03-14 06:25:00-04:00,5564.25,5566.0,5564.25,5565.0,897
2025-03-14 06:30:00-04:00,5564.75,5565.0,5560.5,5560.5,1260
2025-03-14 06:35:00-04:00,5560.25,5564.75,5558.5,5564.0,3189
2025-03-14 06:40:00-04:00,5564.0,5565.0,5561.0,5564.25,2239
2025-03-14 06:45:00-04:00,5564.5,5572.25,5563.5,5572.0,2603
2025-03-14 06:50:00-04:00,5571.75,5579.0,5571.75,5577.25,5484
2025-03-14 06:55:00-04:00,5577.0,5577.75,5572.0,5573.25,2066
2025-03-14 07:00:00-04:00,5573.0,5574.25,5570.5,5573.0,1973
2025-03-14 07:05:00-04:00,5573.5,5575.75,5568.75,5571.0,1800
2025-03-14 07:10:00-04:00,5571.5,5571.5,5568.5,5569.0,1186
2025-03-14 07:15:00-04:00,5569.25,5570.5,5564.5,5565.0,1861
2025-03-14 07:20:00-04:00,5565.0,5568.5,5564.75,5567.25,848
2025-03-14 07:25:00-04:00,5567.25,5570.0,5565.75,5569.75,1141
2025-03-14 07:30:00-04:00,5569.75,5572.5,5568.75,5571.5,1284
2025-03-14 07:35:00-04:00,5571.25,5574.25,5570.0,5574.25,1247
2025-03-14 07:40:00-04:00,5574.25,5576.0,5573.0,5575.25,2411
2025-03-14 07:45:00-04:00,5575.25,5579.0,5574.25,5579.0,1607
2025-03-14 07:50:00-04:00,5579.0,5579.25,5574.75,5576.0,1643
2025-03-14 07:55:00-04:00,5576.0,5578.5,5575.0,5575.75,1320
2025-03-14 08:00:00-04:00,5575.75,5577.75,5574.5,5576.75,1548
2025-03-14 08:05:00-04:00,5576.75,5579.25,5575.75,5577.0,2331
2025-03-14 08:10:00-04:00,5577.0,5578.0,5573.75,5576.75,1907
2025-03-14 08:15:00-04:00,5576.75,5579.0,5575.75,5578.75,2770
2025-03-14 08:20:00-04:00,5578.75,5584.0,5578.5,5584.0,3657
2025-03-14 08:25:00-04:00,5583.75,5587.0,5582.75,5587.0,3436
2025-03-14 08:30:00-04:00,5587.0,5588.0,5583.75,5585.75,3377
2025-03-14 08:35:00-04:00,5586.0,5586.25,5581.5,5581.5,3521
2025-03-14 08:40:00-04:00,5581.5,5583.75,5578.25,5579.25,3392
2025-03-14 08:45:00-04:00,5579.25,5584.75,5579.25,5583.5,2489
2025-03-14 08:50:00-04:00,5583.5,5584.25,5581.75,5582.0,1222
2025-03-14 08:55:00-04:00,5581.75,5582.75,5579.75,5581.5,1884
2025-03-14 09:00:00-04:00,5581.5,5583.0,5577.5,5582.25,3615
2025-03-14 09:05:00-04:00,5582.5,5583.75,5580.25,5581.0,2913
2025-03-14 09:10:00-04:00,5580.75,5581.25,5577.25,5577.5,2948
2025-03-14 09:15:00-04:00,5577.5,5577.75,5573.25,5573.75,4848
2025-03-14 09:20:00-04:00,5573.5,5577.25,5573.0,5576.75,2983
2025-03-14 09:25:00-04:00,5576.5,5577.0,5570.25,5572.0,5216
2025-03-14 09:30:00-04:00,5572.0,5579.5,5568.5,5577.0,41570
2025-03-14 09:35:00-04:00,5577.25,5591.75,5575.75,5588.25,29196
2025-03-14 09:40:00-04:00,5588.5,5593.75,5586.75,5593.0,17379
2025-03-14 09:45:00-04:00,5593.0,5603.75,5592.75,5602.25,22268
2025-03-14 09:50:00-04:00,5602.5,5607.75,5597.25,5607.0,20843
2025-03-14 09:55:00-04:00,5606.75,5607.25,5592.0,5595.5,19077
2025-03-14 10:00:00-04:00,5595.25,5595.25,5564.0,5588.5,53539
2025-03-14 10:05:00-04:00,5588.75,5599.75,5581.75,5581.75,30460
2025-03-14 10:10:00-04:00,5582.0,5587.5,5573.25,5577.5,27092
2025-03-14 10:15:00-04:00,5577.5,5581.75,5575.0,5579.75,17459
2025-03-14 10:20:00-04:00,5579.75,5587.0,5569.5,5586.25,22982
2025-03-14 10:25:00-04:00,5586.25,5587.0,5577.25,5580.5,17083
2025-03-14 10:30:00-04:00,5580.5,5588.75,5579.25,5587.0,17937
2025-03-14 10:35:00-04:00,5586.75,5597.75,5580.75,5596.5,17298
2025-03-14 10:40:00-04:00,5596.5,5599.25,5589.75,5597.75,17405
2025-03-14 10:45:00-04:00,5598.0,5603.75,5597.5,5600.25,19567
2025-03-14 10:50:00-04:00,5600.5,5606.0,5600.25,5601.0,16032
2025-03-14 10:55:00-04:00,5601.25,5613.75,5596.75,5613.75,20242
2025-03-14 11:00:00-04:00,5613.5,5620.0,5613.5,5616.0,21290
2025-03-14 11:05:00-04:00,5616.25,5617.5,5610.75,5612.0,13640
2025-03-14 11:10:00-04:00,5612.0,5617.75,5610.25,5614.0,16443
2025-03-14 11:15:00-04:00,5614.25,5621.5,5614.0,5620.5,15945
2025-03-14 11:20:00-04:00,5620.5,5625.25,5619.0,5624.5,16078
2025-03-14 11:25:00-04:00,5624.5,5626.0,5618.25,5621.25,14487
2025-03-14 11:30:00-04:00,5621.25,5629.25,5621.25,5626.5,14482
2025-03-14 11:35:00-04:00,5626.75,5629.25,5623.5,5628.75,10951
2025-03-14 11:40:00-04:00,5629.0,5634.0,5627.5,5633.75,13771
2025-03-14 11:45:00-04:00,5633.5,5635.5,5623.75,5628.75,20411
2025-03-14 11:50:00-04:00,5628.75,5629.25,5622.75,5628.5,11853
2025-03-14 11:55:00-04:00,5628.5,5634.25,5627.25,5632.25,13686
2025-03-14 12:00:00-04:00,5632.0,5633.25,5626.0,5626.0,11592
2025-03-14 12:05:00-04:00,5626.25,5628.5,5621.25,5621.25,13904
2025-03-14 12:10:00-04:00,5621.25,5623.5,5616.75,5619.0,13920
2025-03-14 12:15:00-04:00,5618.75,5619.0,5612.5,5615.75,17091
2025-03-14 12:20:00-04:00,5616.0,5623.5,5615.0,5620.75,14779
2025-03-14 12:25:00-04:00,5620.5,5623.0,5611.0,5613.0,13969
2025-03-14 12:30:00-04:00,5613.0,5618.0,5611.0,5617.75,12978
2025-03-14 12:35:00-04:00,5617.5,5628.25,5616.75,5621.75,14423
2025-03-14 12:40:00-04:00,5621.5,5628.75,5621.25,5627.5,10090
2025-03-14 12:45:00-04:00,5627.75,5628.0,5623.75,5628.0,7309
2025-03-14 12:50:00-04:00,5628.0,5635.25,5627.0,5632.75,13233
2025-03-14 12:55:00-04:00,5633.0,5634.5,5628.75,5631.75,10822
2025-03-14 13:00:00-04:00,5631.5,5639.0,5629.0,5631.25,22451
2025-03-14 13:05:00-04:00,5631.25,5638.0,5629.5,5634.5,10008
2025-03-14 13:10:00-04:00,5634.5,5635.25,5628.0,5629.75,9517
2025-03-14 13:15:00-04:00,5629.5,5634.75,5627.25,5628.25,8492
2025-03-14 13:20:00-04:00,5628.0,5633.25,5626.5,5627.75,9830
2025-03-14 13:25:00-04:00,5627.75,5631.75,5622.75,5625.0,12806
2025-03-14 13:30:00-04:00,5625.0,5630.5,5620.75,5622.5,11113
2025-03-14 13:35:00-04:00,5622.75,5627.25,5618.0,5625.5,12722
2025-03-14 13:40:00-04:00,5625.5,5626.25,5617.75,5618.5,8201
2025-03-14 13:45:00-04:00,5618.5,5620.0,5615.5,5618.25,9113
2025-03-14 13:50:00-04:00,5618.25,5625.0,5618.0,5623.75,10307
2025-03-14 13:55:00-04:00,5623.5,5624.25,5615.75,5617.25,8258
2025-03-14 14:00:00-04:00,5617.25,5625.75,5617.25,5625.25,10115
2025-03-14 14:05:00-04:00,5625.25,5628.25,5622.25,5624.25,10482
2025-03-14 14:10:00-04:00,5624.0,5626.0,5617.25,5618.0,9141
2025-03-14 14:15:00-04:00,5618.0,5620.5,5615.75,5618.0,8036
2025-03-14 14:20:00-04:00,5618.0,5619.75,5613.0,5614.0,8010
2025-03-14 14:25:00-04:00,5614.0,5620.5,5613.75,5617.5,7462
2025-03-14 14:30:00-04:00,5617.75,5627.25,5617.75,5626.25,9208
2025-03-14 14:35:00-04:00,5626.25,5632.75,5623.5,5632.5,9189
2025-03-14 14:40:00-04:00,5632.75,5633.75,5626.75,5631.0,9347
2025-03-14 14:45:00-04:00,5631.25,5635.75,5630.0,5631.5,7749
2025-03-14 14:50:00-04:00,5631.75,5633.25,5627.5,5629.25,8426
2025-03-14 14:55:00-04:00,5629.5,5630.75,5623.25,5628.5,10349
2025-03-14 15:00:00-04:00,5628.5,5632.5,5625.5,5632.0,8300
2025-03-14 15:05:00-04:00,5632.25,5635.75,5630.75,5634.25,9588
2025-03-14 15:10:00-04:00,5634.25,5638.5,5632.0,5638.0,11459
2025-03-14 15:15:00-04:00,5637.75,5638.0,5632.0,5633.5,11174
2025-03-14 15:20:00-04:00,5633.75,5635.75,5628.5,5632.5,9429
2025-03-14 15:25:00-04:00,5632.5,5635.0,5627.75,5628.75,10798
2025-03-14 15:30:00-04:00,5629.0,5634.0,5628.75,5631.5,9661
2025-03-14 15:35:00-04:00,5631.5,5632.25,5626.25,5627.25,11459
2025-03-14 15:40:00-04:00,5627.0,5630.75,5624.0,5630.0,14189
2025-03-14 15:45:00-04:00,5630.0,5636.5,5627.75,5635.75,17471
2025-03-14 15:50:00-04:00,5635.5,5646.25,5628.5,5644.75,30796
2025-03-14 15:55:00-04:00,5644.75,5648.75,5637.5,5637.75,86450
2025-03-14 16:00:00-04:00,5637.75,5637.75,5628.0,5631.0,40178
2025-03-14 16:05:00-04:00,5631.0,5632.25,5628.0,5628.75,7635
2025-03-14 16:10:00-04:00,5628.75,5630.5,5625.25,5626.5,7225
2025-03-14 16:15:00-04:00,5626.5,5629.0,5626.25,5627.75,3301
2025-03-14 16:20:00-04:00,5628.0,5628.0,5621.75,5623.75,3242
2025-03-14 16:25:00-04:00,5623.5,5626.5,5623.5,5626.25,1892
2025-03-14 16:30:00-04:00,5626.5,5629.5,5625.5,5627.75,1799
2025-03-14 16:35:00-04:00,5627.5,5627.5,5625.5,5626.75,1180
2025-03-14 16:40:00-04:00,5626.5,5628.0,5626.0,5627.75,1219
2025-03-14 16:45:00-04:00,5627.5,5628.75,5626.0,5628.25,1548
2025-03-14 16:50:00-04:00,5628.0,5628.75,5627.0,5628.25,1173
2025-03-14 16:55:00-04:00,5628.25,5629.25,5627.0,5628.75,1566
2025-03-16 18:00:00-04:00,5626.75,5632.0,5623.0,5626.25,1875
2025-03-16 18:05:00-04:00,5626.5,5627.25,5616.75,5617.5,1557
2025-03-16 18:10:00-04:00,5617.5,5620.0,5612.5,5616.5,1644
2025-03-16 18:15:00-04:00,5616.5,5617.0,5613.75,5614.75,884
2025-03-16 18:20:00-04:00,5614.75,5616.75,5612.25,5616.0,1021
2025-03-16 18:25:00-04:00,5615.75,5616.75,5613.5,5615.0,758
2025-03-16 18:30:00-04:00,5615.0,5615.25,5610.25,5613.25,1186
2025-03-16 18:35:00-04:00,5613.5,5614.0,5611.25,5612.25,527
2025-03-16 18:40:00-04:00,5612.25,5617.0,5612.0,5616.25,818
2025-03-16 18:45:00-04:00,5616.0,5616.25,5611.5,5611.75,708
2025-03-16 18:50:00-04:00,5611.5,5612.25,5605.75,5610.5,2745
2025-03-16 18:55:00-04:00,5610.75,5611.25,5604.75,5607.0,1610
2025-03-16 19:00:00-04:00,5607.25,5609.75,5605.0,5608.25,1194
2025-03-16 19:05:00-04:00,5608.0,5608.0,5603.0,5605.0,1172
2025-03-16 19:10:00-04:00,5605.0,5606.75,5602.5,5606.5,3133
2025-03-16 19:15:00-04:00,5606.5,5611.0,5606.0,5608.5,3303
2025-03-16 19:20:00-04:00,5608.5,5609.0,5606.75,5607.5,408
2025-03-16 19:25:00-04:00,5607.5,5610.5,5607.5,5610.0,332
2025-03-16 19:30:00-04:00,5610.25,5611.25,5608.75,5610.75,1650
2025-03-16 19:35:00-04:00,5610.75,5613.5,5610.5,5612.75,882
2025-03-16 19:40:00-04:00,5612.75,5614.25,5612.25,5613.0,1197
2025-03-16 19:45:00-04:00,5613.25,5613.75,5611.25,5611.25,375
2025-03-16 19:50:00-04:00,5611.25,5613.75,5610.25,5611.75,702
2025-03-16 19:55:00-04:00,5611.5,5611.5,5608.5,5608.5,397
2025-03-16 20:00:00-04:00,5608.75,5612.0,5606.25,5608.75,1119
2025-03-16 20:05:00-04:00,5608.75,5609.75,5606.75,5607.0,1071
2025-03-16 20:10:00-04:00,5606.75,5609.5,5606.5,5609.5,1389
2025-03-16 20:15:00-04:00,5609.5,5610.0,5606.0,5607.25,721
2025-03-16 20:20:00-04:00,5607.25,5609.0,5606.75,5608.25,1098
2025-03-16 20:25:00-04:00,5608.25,5611.5,5608.0,5611.0,515
2025-03-16 20:30:00-04:00,5610.75,5614.25,5610.5,5614.0,1786
2025-03-16 20:35:00-04:00,5614.0,5616.0,5613.5,5614.0,653
2025-03-16 20:40:00-04:00,5614.25,5615.5,5612.25,5614.0,3084
2025-03-16 20:45:00-04:00,5613.5,5615.0,5613.25,5614.75,279
2025-03-16 20:50:00-04:00,5614.75,5617.5,5614.5,5615.5,498
2025-03-16 20:55:00-04:00,5615.5,5617.25,5613.25,5613.5,996
2025-03-16 21:00:00-04:00,5613.5,5616.75,5613.0,5613.75,443
2025-03-16 21:05:00-04:00,5613.75,5615.5,5612.75,5614.75,273
2025-03-16 21:10:00-04:00,5615.0,5615.25,5612.75,5613.25,228
2025-03-16 21:15:00-04:00,5612.75,5615.25,5612.25,5615.25,287
2025-03-16 21:20:00-04:00,5615.5,5617.75,5615.25,5616.5,608
2025-03-16 21:25:00-04:00,5616.75,5616.75,5615.25,5615.5,185
2025-03-16 21:30:00-04:00,5615.5,5616.25,5613.75,5614.75,291
2025-03-16 21:35:00-04:00,5614.75,5616.0,5614.0,5614.5,263
2025-03-16 21:40:00-04:00,5614.5,5616.75,5614.0,5616.5,423
2025-03-16 21:45:00-04:00,5616.5,5617.75,5616.0,5617.25,311
2025-03-16 21:50:00-04:00,5617.0,5617.25,5614.0,5616.0,364
2025-03-16 21:55:00-04:00,5616.0,5616.25,5613.0,5614.5,358
2025-03-16 22:00:00-04:00,5614.5,5614.75,5610.25,5611.0,888
2025-03-16 22:05:00-04:00,5610.75,5612.75,5610.5,5612.0,515
2025-03-16 22:10:00-04:00,5611.75,5611.75,5609.25,5610.25,683
2025-03-16 22:15:00-04:00,5610.25,5613.25,5610.0,5613.25,374
2025-03-16 22:20:00-04:00,5613.25,5613.75,5612.5,5612.75,221
2025-03-16 22:25:00-04:00,5613.0,5613.25,5611.0,5612.75,234
2025-03-16 22:30:00-04:00,5613.0,5613.25,5611.75,5612.0,194
2025-03-16 22:35:00-04:00,5612.0,5612.75,5610.75,5612.25,212
2025-03-16 22:40:00-04:00,5612.75,5613.0,5611.0,5611.75,213
2025-03-16 22:45:00-04:00,5611.75,5612.75,5610.25,5611.5,1221
2025-03-16 22:50:00-04:00,5611.5,5612.5,5610.25,5610.75,602
2025-03-16 22:55:00-04:00,5611.0,5612.75,5610.5,5610.5,1139
2025-03-16 23:00:00-04:00,5610.5,5611.75,5608.0,5608.25,463
2025-03-16 23:05:00-04:00,5608.0,5609.5,5607.25,5609.0,500
2025-03-16 23:10:00-04:00,5609.25,5611.0,5608.25,5610.75,353
2025-03-16 23:15:00-04:00,5610.75,5611.75,5609.75,5610.25,198
2025-03-16 23:20:00-04:00,5610.25,5610.25,5608.25,5609.5,202
2025-03-16 23:25:00-04:00,5609.75,5609.75,5609.0,5609.25,102
2025-03-16 23:30:00-04:00,5609.5,5610.75,5608.5,5609.0,206
2025-03-16 23:35:00-04:00,5608.75,5609.75,5608.5,5609.75,162
2025-03-16 23:40:00-04:00,5610.0,5610.0,5608.75,5609.75,208
2025-03-16 23:45:00-04:00,5609.75,5612.0,5609.75,5611.5,268
2025-03-16 23:50:00-04:00,5611.5,5611.5,5609.5,5609.75,234
2025-03-16 23:55:00-04:00,5610.0,5610.75,5609.0,5609.25,147
2025-03-17 00:00:00-04:00,5609.25,5612.0,5608.75,5611.0,194
2025-03-17 00:05:00-04:00,5611.25,5613.0,5609.0,5609.75,478
2025-03-17 00:10:00-04:00,5610.0,5611.0,5609.5,5611.0,117
2025-03-17 00:15:00-04:00,5610.75,5611.25,5609.75,5610.0,149
2025-03-17 00:20:00-04:00,5610.25,5611.0,5610.0,5610.25,111
2025-03-17 00:25:00-04:00,5610.25,5610.25,5608.5,5608.5,393
2025-03-17 00:30:00-04:00,5608.5,5609.0,5608.25,5608.5,185
2025-03-17 00:35:00-04:00,5608.75,5611.5,5608.75,5611.0,208
2025-03-17 00:40:00-04:00,5611.25,5611.25,5610.0,5610.25,102
2025-03-17 00:45:00-04:00,5610.5,5610.5,5609.75,5610.0,112
2025-03-17 00:50:00-04:00,5610.25,5611.25,5610.25,5611.0,141
2025-03-17 00:55:00-04:00,5611.0,5611.25,5609.0,5610.25,152
2025-03-17 01:00:00-04:00,5610.25,5610.5,5609.5,5610.25,141
2025-03-17 01:05:00-04:00,5610.0,5611.0,5610.0,5610.5,73
2025-03-17 01:10:00-04:00,5610.5,5611.5,5610.25,5610.75,134
2025-03-17 01:15:00-04:00,5610.75,5612.0,5610.5,5611.25,189
2025-03-17 01:20:00-04:00,5611.25,5611.5,5610.0,5610.25,143
2025-03-17 01:25:00-04:00,5610.5,5610.75,5610.0,5610.5,105
2025-03-17 01:30:00-04:00,5610.5,5611.25,5610.5,5611.0,158
2025-03-17 01:35:00-04:00,5611.0,5611.0,5610.25,5610.5,150
2025-03-17 01:40:00-04:00,5610.5,5610.5,5609.25,5610.25,120
2025-03-17 01:45:00-04:00,5610.0,5610.25,5608.5,5609.75,204
2025-03-17 01:50:00-04:00,5610.0,5610.25,5609.25,5610.0,68
2025-03-17 01:55:00-04:00,5610.0,5610.25,5609.25,5609.5,78
2025-03-17 02:00:00-04:00,5609.25,5611.0,5609.0,5609.5,219
2025-03-17 02:05:00-04:00,5609.5,5609.75,5608.25,5608.25,157
2025-03-17 02:10:00-04:00,5608.25,5609.0,5607.5,5608.75,206
2025-03-17 02:15:00-04:00,5608.75,5608.75,5605.25,5605.25,284
2025-03-17 02:20:00-04:00,5605.0,5605.25,5602.25,5603.25,867
2025-03-17 02:25:00-04:00,5603.0,5605.75,5601.25,5602.25,703
2025-03-17 02:30:00-04:00,5602.5,5605.0,5602.25,5603.75,563
2025-03-17 02:35:00-04:00,5603.75,5605.0,5603.75,5604.75,174
2025-03-17 02:40:00-04:00,5604.75,5605.5,5604.0,5604.75,293
2025-03-17 02:45:00-04:00,5604.75,5606.5,5604.25,5605.5,373
2025-03-17 02:50:00-04:00,5605.75,5605.75,5604.5,5604.75,239
2025-03-17 02:55:00-04:00,5605.0,5605.75,5604.75,5605.5,174
2025-03-17 03:00:00-04:00,5605.75,5605.75,5602.25,5603.25,705
2025-03-17 03:05:00-04:00,5603.5,5603.75,5602.25,5603.25,232
2025-03-17 03:10:00-04:00,5603.0,5604.0,5601.0,5603.25,360
2025-03-17 03:15:00-04:00,5603.25,5604.0,5599.25,5600.25,597
2025-03-17 03:20:00-04:00,5600.25,5602.25,5599.0,5602.0,387
2025-03-17 03:25:00-04:00,5602.0,5606.5,5601.75,5604.5,537
2025-03-17 03:30:00-04:00,5604.75,5605.5,5602.75,5604.0,318
2025-03-17 03:35:00-04:00,5604.25,5604.25,5599.5,5601.25,756
2025-03-17 03:40:00-04:00,5601.25,5603.5,5601.25,5603.25,489
2025-03-17 03:45:00-04:00,5603.5,5605.75,5603.5,5604.75,501
2025-03-17 03:50:00-04:00,5604.5,5608.25,5604.25,5607.0,453
2025-03-17 03:55:00-04:00,5606.75,5609.75,5606.25,5609.0,690
2025-03-17 04:00:00-04:00,5609.5,5610.5,5605.5,5606.0,2066
2025-03-17 04:05:00-04:00,5605.75,5607.5,5603.0,5607.25,1243
2025-03-17 04:10:00-04:00,5607.5,5609.5,5605.25,5608.25,985
2025-03-17 04:15:00-04:00,5608.25,5609.5,5603.75,5605.25,584
2025-03-17 04:20:00-04:00,5605.25,5611.75,5605.0,5611.5,1885
2025-03-17 04:25:00-04:00,5611.5,5613.75,5610.5,5611.75,1029
2025-03-17 04:30:00-04:00,5612.0,5612.0,5606.0,5607.25,1330
2025-03-17 04:35:00-04:00,5607.5,5611.25,5606.75,5611.0,1004
2025-03-17 04:40:00-04:00,5611.25,5612.75,5609.75,5612.5,620
2025-03-17 04:45:00-04:00,5612.5,5614.25,5611.0,5613.75,1247
2025-03-17 04:50:00-04:00,5613.75,5613.75,5611.25,5612.75,748
2025-03-17 04:55:00-04:00,5613.0,5615.0,5611.5,5613.25,556
2025-03-17 05:00:00-04:00,5613.0,5615.25,5610.75,5614.75,668
2025-03-17 05:05:00-04:00,5615.0,5617.0,5612.25,5612.25,836
2025-03-17 05:10:00-04:00,5612.0,5613.75,5610.5,5613.75,674
2025-03-17 05:15:00-04:00,5613.75,5614.0,5610.0,5611.25,534
2025-03-17 05:20:00-04:00,5611.5,5614.5,5610.75,5612.0,491
2025-03-17 05:25:00-04:00,5611.75,5615.25,5611.25,5615.0,1547
2025-03-17 05:30:00-04:00,5614.75,5616.75,5612.5,5615.25,2954
2025-03-17 05:35:00-04:00,5615.0,5616.5,5612.75,5616.5,1725
2025-03-17 05:40:00-04:00,5616.25,5616.75,5614.75,5615.0,649
2025-03-17 05:45:00-04:00,5614.75,5617.75,5614.0,5616.25,432
2025-03-17 05:50:00-04:00,5616.5,5617.0,5614.0,5614.25,716
2025-03-17 05:55:00-04:00,5614.25,5615.5,5613.5,5614.0,1197
2025-03-17 06:00:00-04:00,5613.75,5614.75,5611.75,5613.5,1057
2025-03-17 06:05:00-04:00,5613.75,5617.5,5612.5,5617.25,1643
2025-03-17 06:10:00-04:00,5617.5,5619.5,5616.5,5619.0,1412
2025-03-17 06:15:00-04:00,5619.0,5620.5,5618.25,5620.5,575
2025-03-17 06:20:00-04:00,5620.0,5620.75,5619.0,5619.5,1246
2025-03-17 06:25:00-04:00,5619.5,5621.75,5619.0,5621.5,576
2025-03-17 06:30:00-04:00,5621.5,5622.5,5620.25,5622.5,560
2025-03-17 06:35:00-04:00,5622.25,5625.0,5621.75,5625.0,1203
2025-03-17 06:40:00-04:00,5625.0,5625.75,5622.25,5623.0,1160
2025-03-17 06:45:00-04:00,5623.0,5628.0,5623.0,5627.5,1249
2025-03-17 06:50:00-04:00,5627.5,5628.5,5627.25,5627.75,754
2025-03-17 06:55:00-04:00,5628.0,5629.0,5627.0,5627.5,489
2025-03-17 07:00:00-04:00,5627.25,5632.75,5627.0,5632.5,1693
2025-03-17 07:05:00-04:00,5632.5,5632.5,5630.5,5631.0,1150
2025-03-17 07:10:00-04:00,5631.0,5633.0,5630.75,5632.0,534
2025-03-17 07:15:00-04:00,5632.0,5633.75,5630.75,5633.25,577
2025-03-17 07:20:00-04:00,5633.0,5634.5,5630.25,5631.25,911
2025-03-17 07:25:00-04:00,5631.25,5631.75,5629.25,5629.75,748
2025-03-17 07:30:00-04:00,5629.5,5630.0,5626.5,5627.5,1846
2025-03-17 07:35:00-04:00,5627.5,5631.0,5627.0,5630.5,841
2025-03-17 07:40:00-04:00,5630.75,5633.75,5629.0,5629.0,4143
2025-03-17 07:45:00-04:00,5629.0,5629.75,5625.5,5625.75,1423
2025-03-17 07:50:00-04:00,5625.75,5628.25,5624.75,5627.5,2021
2025-03-17 07:55:00-04:00,5627.5,5628.0,5624.0,5624.5,1935
2025-03-17 08:00:00-04:00,5624.25,5625.75,5619.75,5620.0,3399
2025-03-17 08:05:00-04:00,5620.0,5621.75,5618.25,5621.5,4138
2025-03-17 08:10:00-04:00,5621.75,5624.25,5620.5,5622.0,1421
2025-03-17 08:15:00-04:00,5622.0,5622.5,5619.75,5621.25,1230
2025-03-17 08:20:00-04:00,5621.0,5624.75,5620.25,5622.25,2124
2025-03-17 08:25:00-04:00,5622.25,5623.75,5619.75,5619.75,1203
2025-03-17 08:30:00-04:00,5621.25,5637.5,5615.5,5636.75,8245
2025-03-17 08:35:00-04:00,5637.0,5640.5,5631.75,5640.25,4335
2025-03-17 08:40:00-04:00,5640.5,5649.0,5638.0,5645.5,5197
2025-03-17 08:45:00-04:00,5645.25,5647.25,5641.25,5642.0,2912
2025-03-17 08:50:00-04:00,5642.0,5644.75,5640.25,5642.25,2254
2025-03-17 08:55:00-04:00,5642.5,5644.25,5639.5,5641.75,1408
2025-03-17 09:00:00-04:00,5641.5,5642.0,5635.75,5636.0,2528
2025-03-17 09:05:00-04:00,5636.0,5641.0,5634.75,5640.5,1915
2025-03-17 09:10:00-04:00,5640.75,5643.0,5638.25,5640.5,1709
2025-03-17 09:15:00-04:00,5640.25,5640.25,5636.0,5636.25,1627
2025-03-17 09:20:00-04:00,5636.25,5636.5,5634.25,5635.25,1389
2025-03-17 09:25:00-04:00,5635.0,5637.25,5631.75,5637.25,4895
2025-03-17 09:30:00-04:00,5637.25,5654.25,5632.75,5654.0,22393
2025-03-17 09:35:00-04:00,5654.0,5666.5,5652.75,5665.5,19391
2025-03-17 09:40:00-04:00,5665.5,5671.0,5664.5,5668.5,11775
2025-03-17 09:45:00-04:00,5668.5,5673.0,5657.0,5658.0,15189
2025-03-17 09:50:00-04:00,5657.75,5671.75,5653.25,5670.75,13082
2025-03-17 09:55:00-04:00,5670.75,5674.0,5664.75,5667.0,8673
2025-03-17 10:00:00-04:00,5667.0,5668.0,5653.25,5657.5,13179
2025-03-17 10:05:00-04:00,5657.5,5666.25,5653.75,5662.5,12186
2025-03-17 10:10:00-04:00,5662.25,5673.25,5661.5,5672.0,9194
2025-03-17 10:15:00-04:00,5672.25,5673.0,5664.5,5667.25,9098
2025-03-17 10:20:00-04:00,5667.5,5671.75,5665.25,5668.5,5317
2025-03-17 10:25:00-04:00,5668.5,5671.75,5655.5,5656.25,7865
2025-03-17 10:30:00-04:00,5656.25,5660.0,5650.75,5656.0,10177
2025-03-17 10:35:00-04:00,5656.25,5665.0,5649.25,5663.25,8321
2025-03-17 10:40:00-04:00,5663.0,5667.0,5659.0,5665.5,5480
2025-03-17 10:45:00-04:00,5665.5,5666.0,5659.5,5664.0,5766
2025-03-17 10:50:00-04:00,5664.0,5664.5,5653.75,5655.0,5709
2025-03-17 10:55:00-04:00,5654.75,5654.75,5646.75,5650.0,8207
2025-03-17 11:00:00-04:00,5650.25,5656.25,5645.75,5648.75,7707
2025-03-17 11:05:00-04:00,5648.5,5651.0,5644.5,5650.0,5721
2025-03-17 11:10:00-04:00,5650.0,5656.5,5646.0,5655.25,7139
2025-03-17 11:15:00-04:00,5655.25,5662.0,5650.25,5661.25,6242
2025-03-17 11:20:00-04:00,5661.5,5662.5,5657.5,5659.25,3952
2025-03-17 11:25:00-04:00,5659.25,5660.75,5650.5,5651.25,5466
2025-03-17 11:30:00-04:00,5651.25,5654.75,5638.0,5642.5,9414
2025-03-17 11:35:00-04:00,5642.5,5647.5,5640.25,5642.0,8182
2025-03-17 11:40:00-04:00,5642.25,5645.5,5640.0,5643.25,3621
2025-03-17 11:45:00-04:00,5643.25,5649.75,5641.5,5649.0,4758
2025-03-17 11:50:00-04:00,5649.0,5652.75,5646.0,5652.25,3998
2025-03-17 11:55:00-04:00,5652.5,5653.75,5646.25,5648.5,4486
2025-03-17 12:00:00-04:00,5648.5,5652.5,5642.5,5652.0,4797
2025-03-17 12:05:00-04:00,5652.0,5662.25,5651.5,5659.75,6480
2025-03-17 12:10:00-04:00,5660.25,5663.0,5656.5,5659.75,3999
2025-03-17 12:15:00-04:00,5659.75,5660.75,5652.25,5653.5,4980
2025-03-17 12:20:00-04:00,5653.75,5654.25,5647.25,5650.25,3964
2025-03-17 12:25:00-04:00,5650.25,5652.25,5647.0,5648.25,4095
2025-03-17 12:30:00-04:00,5648.25,5652.25,5646.75,5650.0,3873
2025-03-17 12:35:00-04:00,5650.25,5657.25,5649.25,5652.75,4680
2025-03-17 12:40:00-04:00,5652.75,5653.25,5646.0,5648.5,3357
2025-03-17 12:45:00-04:00,5648.75,5653.5,5644.5,5653.5,3512
2025-03-17 12:50:00-04:00,5653.5,5658.25,5650.0,5657.5,3431
2025-03-17 12:55:00-04:00,5657.5,5659.5,5654.25,5656.25,3983
2025-03-17 13:00:00-04:00,5656.0,5657.5,5649.5,5650.75,3628
2025-03-17 13:05:00-04:00,5650.75,5659.25,5650.25,5658.75,3238
2025-03-17 13:10:00-04:00,5658.75,5661.75,5656.5,5661.25,3526
2025-03-17 13:15:00-04:00,5661.25,5662.0,5658.5,5660.0,2829
2025-03-17 13:20:00-04:00,5660.25,5666.0,5657.5,5664.5,4268
2025-03-17 13:25:00-04:00,5664.75,5670.0,5664.25,5668.25,4667
2025-03-17 13:30:00-04:00,5668.25,5672.25,5666.25,5672.0,4142
2025-03-17 13:35:00-04:00,5672.25,5679.0,5670.5,5677.25,11614
2025-03-17 13:40:00-04:00,5677.75,5681.5,5676.5,5679.25,4783
2025-03-17 13:45:00-04:00,5679.5,5680.5,5674.75,5680.0,4063
2025-03-17 13:50:00-04:00,5680.0,5684.0,5679.75,5683.0,4904
2025-03-17 13:55:00-04:00,5683.0,5683.75,5680.5,5681.25,3262
2025-03-17 14:00:00-04:00,5681.25,5689.25,5681.0,5683.75,11227
2025-03-17 14:05:00-04:00,5683.75,5688.75,5682.75,5687.75,4444
2025-03-17 14:10:00-04:00,5687.75,5695.5,5685.5,5694.25,7052
2025-03-17 14:15:00-04:00,5694.5,5698.0,5692.0,5695.5,6126
2025-03-17 14:20:00-04:00,5695.5,5696.75,5691.25,5695.0,4572
2025-03-17 14:25:00-04:00,5695.0,5699.5,5694.75,5697.0,3709
2025-03-17 14:30:00-04:00,5697.0,5701.75,5695.25,5701.75,3884
2025-03-17 14:35:00-04:00,5701.75,5701.75,5696.0,5700.0,4668
2025-03-17 14:40:00-04:00,5700.0,5701.25,5697.25,5700.0,2792
2025-03-17 14:45:00-04:00,5699.75,5706.5,5699.0,5704.25,5598
2025-03-17 14:50:00-04:00,5704.25,5707.5,5703.0,5704.5,3542
2025-03-17 14:55:00-04:00,5704.5,5707.25,5702.0,5702.25,3074
2025-03-17 15:00:00-04:00,5702.0,5703.5,5697.5,5699.75,5406
2025-03-17 15:05:00-04:00,5699.75,5703.25,5697.75,5698.75,3768
2025-03-17 15:10:00-04:00,5698.75,5699.5,5694.5,5697.25,4955
2025-03-17 15:15:00-04:00,5697.25,5697.5,5694.0,5697.0,3543
2025-03-17 15:20:00-04:00,5696.75,5700.0,5696.75,5698.0,5046
2025-03-17 15:25:00-04:00,5698.0,5701.5,5695.25,5700.5,4921
2025-03-17 15:30:00-04:00,5700.5,5703.25,5696.75,5697.25,6100
2025-03-17 15:35:00-04:00,5697.25,5700.25,5695.25,5697.25,5636
2025-03-17 15:40:00-04:00,5697.5,5699.25,5695.25,5699.0,4275
2025-03-17 15:45:00-04:00,5698.75,5699.75,5695.0,5696.0,4169
2025-03-17 15:50:00-04:00,5695.75,5698.25,5688.5,5691.25,10310
2025-03-17 15:55:00-04:00,5691.5,5691.5,5678.25,5680.5,40348
2025-03-17 16:00:00-04:00,5680.75,5681.5,5674.0,5677.0,13975
2025-03-17 16:05:00-04:00,5677.0,5679.5,5676.25,5678.0,3084
2025-03-17 16:10:00-04:00,5678.25,5679.5,5676.5,5677.25,1796
2025-03-17 16:15:00-04:00,5677.25,5677.75,5675.25,5676.75,1510
2025-03-17 16:20:00-04:00,5676.75,5679.25,5676.75,5678.25,1249
2025-03-17 16:25:00-04:00,5678.0,5680.25,5677.5,5680.25,1615
2025-03-17 16:30:00-04:00,5680.0,5680.0,5678.75,5680.0,866
2025-03-17 16:35:00-04:00,5680.0,5681.5,5679.75,5681.5,977
2025-03-17 16:40:00-04:00,5681.25,5681.25,5679.0,5679.5,557
2025-03-17 16:45:00-04:00,5679.25,5680.5,5677.5,5680.0,922
2025-03-17 16:50:00-04:00,5679.75,5681.0,5679.25,5681.0,761
2025-03-17 16:55:00-04:00,5681.0,5681.0,5679.5,5680.25,601
2025-03-17 18:00:00-04:00,5680.0,5683.0,5678.75,5682.5,534
2025-03-17 18:05:00-04:00,5682.5,5684.0,5682.5,5684.0,201
2025-03-17 18:10:00-04:00,5684.0,5685.0,5682.25,5682.75,1884
2025-03-17 18:15:00-04:00,5682.75,5683.0,5681.25,5681.5,941
2025-03-17 18:20:00-04:00,5681.5,5682.25,5679.5,5682.25,2354
2025-03-17 18:25:00-04:00,5682.25,5684.0,5681.75,5683.0,2281
2025-03-17 18:30:00-04:00,5683.0,5685.25,5683.0,5685.0,1744
2025-03-17 18:35:00-04:00,5684.75,5686.25,5684.5,5685.25,448
2025-03-17 18:40:00-04:00,5685.0,5685.75,5684.25,5685.25,468
2025-03-17 18:45:00-04:00,5685.5,5685.75,5683.5,5684.5,339
2025-03-17 18:50:00-04:00,5684.75,5685.5,5684.5,5685.0,195
2025-03-17 18:55:00-04:00,5685.0,5685.5,5683.75,5685.25,232
2025-03-17 19:00:00-04:00,5685.5,5686.0,5683.5,5683.75,159
2025-03-17 19:05:00-04:00,5684.0,5684.0,5682.25,5683.0,132
2025-03-17 19:10:00-04:00,5683.0,5683.5,5678.25,5678.25,1476
2025-03-17 19:15:00-04:00,5678.5,5681.0,5678.0,5679.75,1104
2025-03-17 19:20:00-04:00,5680.0,5681.5,5679.5,5680.75,4141
2025-03-17 19:25:00-04:00,5681.0,5681.0,5680.0,5680.5,135
2025-03-17 19:30:00-04:00,5680.75,5681.75,5679.5,5680.25,411
2025-03-17 19:35:00-04:00,5680.5,5681.25,5680.25,5680.25,54
2025-03-17 19:40:00-04:00,5680.0,5681.0,5679.75,5680.75,112
2025-03-17 19:45:00-04:00,5681.0,5683.0,5681.0,5681.25,208
2025-03-17 19:50:00-04:00,5681.5,5681.75,5680.0,5681.0,117
2025-03-17 19:55:00-04:00,5681.0,5681.25,5679.25,5679.5,152
2025-03-17 20:00:00-04:00,5679.75,5681.25,5677.0,5679.25,993
2025-03-17 20:05:00-04:00,5679.25,5679.25,5675.75,5676.5,737
2025-03-17 20:10:00-04:00,5676.75,5678.0,5675.5,5677.5,430
2025-03-17 20:15:00-04:00,5678.0,5678.5,5674.75,5675.25,1833
2025-03-17 20:20:00-04:00,5675.25,5676.25,5674.0,5675.0,308
2025-03-17 20:25:00-04:00,5675.0,5675.25,5672.0,5675.0,1513
2025-03-17 20:30:00-04:00,5675.25,5676.25,5674.25,5675.0,811
2025-03-17 20:35:00-04:00,5674.0,5674.75,5673.5,5674.5,183
2025-03-17 20:40:00-04:00,5674.5,5675.75,5673.75,5674.25,181
2025-03-17 20:45:00-04:00,5674.0,5675.5,5674.0,5675.0,116
2025-03-17 20:50:00-04:00,5674.5,5675.75,5673.75,5675.0,219
2025-03-17 20:55:00-04:00,5675.0,5676.0,5674.0,5675.25,3267
2025-03-17 21:00:00-04:00,5675.25,5675.25,5673.25,5674.5,2083
2025-03-17 21:05:00-04:00,5674.5,5677.0,5674.5,5677.0,1162
2025-03-17 21:10:00-04:00,5677.0,5677.25,5674.5,5675.75,1384
2025-03-17 21:15:00-04:00,5676.0,5676.5,5671.5,5673.75,4178
2025-03-17 21:20:00-04:00,5673.75,5674.0,5672.5,5673.5,869
2025-03-17 21:25:00-04:00,5673.75,5674.75,5673.25,5673.75,236
2025-03-17 21:30:00-04:00,5673.5,5673.5,5669.0,5669.5,496
2025-03-17 21:35:00-04:00,5670.0,5670.0,5667.0,5667.75,380
2025-03-17 21:40:00-04:00,5668.0,5669.0,5667.25,5667.5,294
2025-03-17 21:45:00-04:00,5667.5,5668.25,5665.25,5665.5,251
2025-03-17 21:50:00-04:00,5665.75,5666.75,5665.5,5666.5,93
2025-03-17 21:55:00-04:00,5666.5,5666.5,5664.25,5665.0,232
2025-03-17 22:00:00-04:00,5665.5,5667.0,5664.25,5666.5,221
2025-03-17 22:05:00-04:00,5666.5,5667.75,5666.5,5666.75,276
2025-03-17 22:10:00-04:00,5666.75,5667.25,5664.25,5666.25,778
2025-03-17 22:15:00-04:00,5666.25,5667.25,5665.5,5665.5,171
2025-03-17 22:20:00-04:00,5665.5,5667.0,5664.75,5665.25,491
2025-03-17 22:25:00-04:00,5665.0,5666.25,5664.25,5665.0,370
2025-03-17 22:30:00-04:00,5664.5,5666.0,5663.75,5665.5,354
2025-03-17 22:35:00-04:00,5665.75,5666.5,5665.5,5666.25,139
2025-03-17 22:40:00-04:00,5666.5,5666.5,5665.0,5665.5,120
2025-03-17 22:45:00-04:00,5665.75,5666.25,5665.5,5666.25,152
2025-03-17 22:50:00-04:00,5666.5,5667.25,5666.0,5667.25,115
2025-03-17 22:55:00-04:00,5667.0,5667.25,5666.0,5666.25,63
2025-03-17 23:00:00-04:00,5666.25,5667.0,5666.0,5666.25,52
2025-03-17 23:05:00-04:00,5666.0,5666.0,5661.75,5663.25,379
2025-03-17 23:10:00-04:00,5663.25,5664.5,5663.25,5664.5,77
2025-03-17 23:15:00-04:00,5664.25,5664.5,5660.25,5662.0,260
2025-03-17 23:20:00-04:00,5662.25,5663.0,5661.5,5662.75,148
2025-03-17 23:25:00-04:00,5662.75,5662.75,5661.75,5662.25,69
2025-03-17 23:30:00-04:00,5662.25,5662.5,5661.5,5661.75,135
2025-03-17 23:35:00-04:00,5661.75,5662.0,5660.5,5661.5,104
2025-03-17 23:40:00-04:00,5661.75,5662.5,5661.5,5661.5,72
2025-03-17 23:45:00-04:00,5661.5,5662.0,5659.5,5660.5,207
2025-03-17 23:50:00-04:00,5660.75,5661.25,5660.0,5661.0,78
2025-03-17 23:55:00-04:00,5661.0,5661.75,5660.25,5660.5,89
2025-03-18 00:00:00-04:00,5660.25,5661.5,5660.25,5661.25,70
2025-03-18 00:05:00-04:00,5661.0,5662.25,5660.75,5661.5,128
2025-03-18 00:10:00-04:00,5661.25,5662.75,5661.25,5662.5,105
2025-03-18 00:15:00-04:00,5662.5,5663.5,5662.5,5663.25,87
2025-03-18 00:20:00-04:00,5663.25,5663.5,5661.75,5662.0,104
2025-03-18 00:25:00-04:00,5662.0,5662.25,5661.0,5661.75,110
2025-03-18 00:30:00-04:00,5661.75,5662.0,5661.0,5661.25,42
2025-03-18 00:35:00-04:00,5661.5,5661.5,5659.0,5660.5,172
2025-03-18 00:40:00-04:00,5660.25,5660.5,5655.5,5657.75,861
2025-03-18 00:45:00-04:00,5657.75,5658.5,5657.25,5658.25,73
2025-03-18 00:50:00-04:00,5658.25,5658.75,5658.0,5658.75,93
2025-03-18 00:55:00-04:00,5658.5,5658.75,5656.75,5657.75,157
2025-03-18 01:00:00-04:00,5657.75,5659.75,5657.25,5659.25,116
2025-03-18 01:05:00-04:00,5659.25,5660.0,5658.0,5659.75,134
2025-03-18 01:10:00-04:00,5659.75,5661.5,5659.5,5660.25,98
2025-03-18 01:15:00-04:00,5660.25,5661.0,5659.0,5659.5,105
2025-03-18 01:20:00-04:00,5659.25,5659.75,5658.5,5658.75,101
2025-03-18 01:25:00-04:00,5658.75,5659.75,5658.0,5659.0,110
2025-03-18 01:30:00-04:00,5658.75,5658.75,5658.0,5658.75,87
2025-03-18 01:35:00-04:00,5658.5,5659.5,5658.0,5658.75,127
2025-03-18 01:40:00-04:00,5658.75,5659.0,5658.5,5659.0,43
2025-03-18 01:45:00-04:00,5658.75,5661.75,5658.75,5661.5,158
2025-03-18 01:50:00-04:00,5661.25,5661.75,5660.25,5661.5,86
2025-03-18 01:55:00-04:00,5661.75,5662.0,5661.25,5661.5,104
2025-03-18 02:00:00-04:00,5662.0,5662.25,5660.0,5661.0,130
2025-03-18 02:05:00-04:00,5660.75,5661.5,5660.75,5661.25,49
2025-03-18 02:10:00-04:00,5661.0,5662.5,5660.75,5661.5,119
2025-03-18 02:15:00-04:00,5661.5,5662.0,5661.25,5662.0,57
2025-03-18 02:20:00-04:00,5662.0,5664.75,5661.75,5664.0,258
2025-03-18 02:25:00-04:00,5664.0,5665.75,5663.75,5665.5,143
2025-03-18 02:30:00-04:00,5665.75,5666.0,5664.25,5665.5,152
2025-03-18 02:35:00-04:00,5665.5,5665.5,5663.0,5664.25,131
2025-03-18 02:40:00-04:00,5664.5,5667.25,5664.5,5667.0,147
2025-03-18 02:45:00-04:00,5667.0,5667.0,5665.75,5666.25,106
2025-03-18 02:50:00-04:00,5666.5,5668.25,5666.25,5666.75,167
2025-03-18 02:55:00-04:00,5666.75,5667.75,5666.5,5667.5,80
2025-03-18 03:00:00-04:00,5667.25,5667.25,5664.75,5665.0,261
2025-03-18 03:05:00-04:00,5665.0,5669.0,5665.0,5668.75,190
2025-03-18 03:10:00-04:00,5668.75,5668.75,5665.0,5665.25,151
2025-03-18 03:15:00-04:00,5665.0,5666.25,5665.0,5665.5,88
2025-03-18 03:20:00-04:00,5666.25,5666.5,5664.5,5665.75,147
2025-03-18 03:25:00-04:00,5665.75,5669.75,5665.25,5668.75,355
2025-03-18 03:30:00-04:00,5669.25,5671.5,5668.0,5671.0,498
2025-03-18 03:35:00-04:00,5670.75,5671.0,5669.25,5670.75,310
2025-03-18 03:40:00-04:00,5670.5,5670.5,5669.25,5669.5,169
2025-03-18 03:45:00-04:00,5669.25,5669.5,5667.25,5668.0,285
2025-03-18 03:50:00-04:00,5668.0,5669.25,5667.75,5668.0,108
2025-03-18 03:55:00-04:00,5668.0,5669.25,5666.5,5668.0,309
2025-03-18 04:00:00-04:00,5668.25,5669.0,5665.5,5667.25,634
2025-03-18 04:05:00-04:00,5667.25,5672.5,5666.75,5672.0,478
2025-03-18 04:10:00-04:00,5672.0,5673.0,5670.5,5672.75,434
2025-03-18 04:15:00-04:00,5672.5,5675.75,5672.25,5675.5,575
2025-03-18 04:20:00-04:00,5675.5,5677.5,5674.0,5675.5,412
2025-03-18 04:25:00-04:00,5675.25,5676.75,5674.0,5676.5,439
2025-03-18 04:30:00-04:00,5676.25,5681.25,5676.0,5680.5,728
2025-03-18 04:35:00-04:00,5680.0,5683.25,5679.25,5683.25,525
2025-03-18 04:40:00-04:00,5682.75,5682.75,5677.0,5677.0,772
2025-03-18 04:45:00-04:00,5676.75,5677.25,5674.0,5676.0,423
2025-03-18 04:50:00-04:00,5676.0,5676.75,5674.75,5675.75,288
2025-03-18 04:55:00-04:00,5676.25,5680.0,5674.5,5680.0,673
2025-03-18 05:00:00-04:00,5680.0,5680.75,5677.75,5679.25,335
2025-03-18 05:05:00-04:00,5679.25,5679.75,5676.75,5678.75,385
2025-03-18 05:10:00-04:00,5679.0,5680.0,5678.75,5679.5,252
2025-03-18 05:15:00-04:00,5680.0,5683.25,5679.5,5682.5,331
2025-03-18 05:20:00-04:00,5682.25,5682.25,5679.0,5679.0,276
2025-03-18 05:25:00-04:00,5679.0,5680.25,5677.75,5680.0,1966
2025-03-18 05:30:00-04:00,5680.25,5681.0,5678.0,5678.0,2424
2025-03-18 05:35:00-04:00,5677.75,5679.0,5676.75,5677.0,838
2025-03-18 05:40:00-04:00,5676.75,5677.75,5675.25,5677.25,534
2025-03-18 05:45:00-04:00,5677.5,5678.25,5674.75,5676.0,2494
2025-03-18 05:50:00-04:00,5676.0,5676.25,5673.0,5674.25,3878
2025-03-18 05:55:00-04:00,5674.25,5675.0,5670.5,5671.5,4259
2025-03-18 06:00:00-04:00,5671.25,5671.75,5667.5,5668.25,1575
2025-03-18 06:05:00-04:00,5668.5,5669.0,5662.25,5663.0,1695
2025-03-18 06:10:00-04:00,5663.25,5664.25,5660.25,5663.0,3379
2025-03-18 06:15:00-04:00,5662.75,5663.25,5652.75,5657.0,3117
2025-03-18 06:20:00-04:00,5657.25,5664.0,5655.5,5663.75,1765
2025-03-18 06:25:00-04:00,5663.5,5666.0,5662.5,5664.0,1270
2025-03-18 06:30:00-04:00,5663.75,5664.0,5656.25,5658.25,2132
2025-03-18 06:35:00-04:00,5658.5,5661.75,5658.5,5661.75,520
2025-03-18 06:40:00-04:00,5661.5,5664.75,5661.25,5664.0,500
2025-03-18 06:45:00-04:00,5664.25,5666.5,5663.5,5665.0,850
2025-03-18 06:50:00-04:00,5665.25,5666.0,5662.75,5666.0,588
2025-03-18 06:55:00-04:00,5665.75,5669.25,5664.75,5667.75,1046
2025-03-18 07:00:00-04:00,5668.0,5668.5,5665.25,5665.75,448
2025-03-18 07:05:00-04:00,5665.75,5669.0,5665.5,5667.75,397
2025-03-18 07:10:00-04:00,5667.75,5672.75,5664.5,5669.75,1705
2025-03-18 07:15:00-04:00,5670.0,5670.25,5666.75,5668.5,844
2025-03-18 07:20:00-04:00,5668.5,5670.0,5667.5,5668.25,204
2025-03-18 07:25:00-04:00,5668.0,5668.5,5663.5,5663.5,379
2025-03-18 07:30:00-04:00,5663.5,5663.75,5661.75,5662.0,423
2025-03-18 07:35:00-04:00,5662.0,5663.5,5659.25,5659.25,641
2025-03-18 07:40:00-04:00,5659.5,5662.0,5657.0,5661.5,605
2025-03-18 07:45:00-04:00,5661.75,5667.0,5661.25,5666.75,483
2025-03-18 07:50:00-04:00,5666.5,5669.25,5666.5,5668.75,373
2025-03-18 07:55:00-04:00,5668.75,5672.0,5668.75,5669.75,458
2025-03-18 08:00:00-04:00,5669.25,5669.5,5663.25,5664.5,567
2025-03-18 08:05:00-04:00,5664.5,5666.25,5661.25,5661.5,544
2025-03-18 08:10:00-04:00,5661.75,5665.0,5660.5,5664.5,378
2025-03-18 08:15:00-04:00,5664.5,5664.75,5660.75,5662.25,383
2025-03-18 08:20:00-04:00,5662.0,5664.5,5661.0,5663.75,415
2025-03-18 08:25:00-04:00,5663.5,5668.0,5663.25,5667.0,303
2025-03-18 08:30:00-04:00,5666.75,5670.75,5664.75,5668.75,986
2025-03-18 08:35:00-04:00,5668.75,5668.75,5661.5,5662.75,651
2025-03-18 08:40:00-04:00,5662.5,5664.5,5661.0,5663.5,822
2025-03-18 08:45:00-04:00,5663.5,5666.5,5660.75,5661.75,609
2025-03-18 08:50:00-04:00,5661.75,5662.5,5660.0,5661.75,771
2025-03-18 08:55:00-04:00,5661.5,5661.75,5653.25,5654.5,1728
2025-03-18 09:00:00-04:00,5654.5,5655.5,5650.25,5651.5,1618
2025-03-18 09:05:00-04:00,5651.5,5657.5,5651.0,5657.25,1185
2025-03-18 09:10:00-04:00,5657.25,5658.0,5655.5,5656.5,907
2025-03-18 09:15:00-04:00,5656.5,5659.75,5653.0,5658.0,1580
2025-03-18 09:20:00-04:00,5657.75,5658.0,5651.5,5652.75,1652
2025-03-18 09:25:00-04:00,5652.25,5657.5,5651.5,5657.25,2887
2025-03-18 09:30:00-04:00,5657.25,5659.25,5648.5,5649.75,14163
2025-03-18 09:35:00-04:00,5649.5,5649.75,5635.25,5637.25,10473
2025-03-18 09:40:00-04:00,5636.75,5643.5,5626.0,5626.5,14536
2025-03-18 09:45:00-04:00,5626.25,5632.5,5620.25,5628.0,9224
2025-03-18 09:50:00-04:00,5628.0,5631.25,5621.5,5622.5,5597
2025-03-18 09:55:00-04:00,5622.5,5623.75,5615.25,5616.75,6689
2025-03-18 10:00:00-04:00,5617.0,5619.75,5611.5,5619.25,6102
2025-03-18 10:05:00-04:00,5619.25,5626.0,5615.5,5624.25,6167
2025-03-18 10:10:00-04:00,5624.0,5625.5,5613.0,5614.0,5243
2025-03-18 10:15:00-04:00,5614.25,5618.25,5610.25,5614.0,3661
2025-03-18 10:20:00-04:00,5614.0,5622.0,5613.0,5621.0,4522
2025-03-18 10:25:00-04:00,5621.0,5624.0,5618.25,5622.0,3907
2025-03-18 10:30:00-04:00,5622.25,5624.75,5617.5,5623.75,3925
2025-03-18 10:35:00-04:00,5623.25,5628.0,5620.5,5627.75,4257
2025-03-18 10:40:00-04:00,5627.75,5629.75,5618.25,5620.75,3223
2025-03-18 10:45:00-04:00,5620.5,5620.75,5612.0,5615.0,3863
2025-03-18 10:50:00-04:00,5615.0,5622.5,5615.0,5619.5,2549
2025-03-18 10:55:00-04:00,5619.5,5625.25,5614.25,5616.75,3013
2025-03-18 11:00:00-04:00,5617.0,5618.5,5602.0,5608.75,6251
2025-03-18 11:05:00-04:00,5608.75,5610.0,5602.5,5606.75,3249
2025-03-18 11:10:00-04:00,5607.0,5613.5,5605.0,5611.5,2645
2025-03-18 11:15:00-04:00,5611.5,5614.0,5607.25,5613.0,2306
2025-03-18 11:20:00-04:00,5613.0,5613.75,5605.75,5608.0,2336
2025-03-18 11:25:00-04:00,5608.25,5615.5,5608.25,5608.5,2265
2025-03-18 11:30:00-04:00,5608.75,5613.25,5606.25,5609.5,2253
2025-03-18 11:35:00-04:00,5609.75,5615.5,5608.0,5615.25,2797
2025-03-18 11:40:00-04:00,5614.75,5617.75,5609.0,5611.5,1678
2025-03-18 11:45:00-04:00,5611.75,5615.0,5607.5,5608.0,1723
2025-03-18 11:50:00-04:00,5608.0,5608.75,5603.75,5605.0,2235
2025-03-18 11:55:00-04:00,5605.25,5607.25,5600.0,5605.0,3440
2025-03-18 12:00:00-04:00,5605.5,5611.75,5602.75,5610.0,2943
2025-03-18 12:05:00-04:00,5609.75,5612.25,5608.75,5611.0,1422
2025-03-18 12:10:00-04:00,5611.0,5620.25,5610.5,5619.5,3864
2025-03-18 12:15:00-04:00,5619.5,5621.25,5612.25,5612.75,4726
2025-03-18 12:20:00-04:00,5612.75,5617.75,5612.5,5617.75,1276
2025-03-18 12:25:00-04:00,5617.5,5626.25,5616.25,5626.0,3563
2025-03-18 12:30:00-04:00,5625.75,5627.25,5620.75,5621.75,2981
2025-03-18 12:35:00-04:00,5621.75,5625.5,5618.0,5622.5,2459
2025-03-18 12:40:00-04:00,5622.5,5624.0,5609.5,5610.25,2212
2025-03-18 12:45:00-04:00,5610.25,5613.5,5607.0,5609.5,2314
2025-03-18 12:50:00-04:00,5609.75,5610.5,5602.0,5610.0,2621
2025-03-18 12:55:00-04:00,5610.0,5621.5,5609.75,5617.5,2413
2025-03-18 13:00:00-04:00,5617.5,5620.0,5615.0,5617.75,1660
2025-03-18 13:05:00-04:00,5617.75,5617.75,5607.25,5611.75,2336
2025-03-18 13:10:00-04:00,5612.0,5620.5,5608.75,5619.25,2008
2025-03-18 13:15:00-04:00,5619.25,5620.5,5601.25,5609.75,5300
2025-03-18 13:20:00-04:00,5610.0,5618.5,5609.25,5616.25,2979
2025-03-18 13:25:00-04:00,5615.75,5621.75,5611.5,5615.0,3017
2025-03-18 13:30:00-04:00,5615.0,5617.5,5609.25,5617.5,1881
2025-03-18 13:35:00-04:00,5617.25,5624.25,5615.25,5623.0,2270
2025-03-18 13:40:00-04:00,5623.0,5623.75,5617.5,5618.25,1644
2025-03-18 13:45:00-04:00,5618.5,5623.5,5618.25,5622.0,1619
2025-03-18 13:50:00-04:00,5622.0,5624.5,5621.0,5621.75,1605
2025-03-18 13:55:00-04:00,5622.0,5622.0,5613.25,5617.5,3364
2025-03-18 14:00:00-04:00,5617.5,5618.5,5607.0,5609.75,2120
2025-03-18 14:05:00-04:00,5609.75,5614.25,5607.0,5613.5,2224
2025-03-18 14:10:00-04:00,5613.25,5613.25,5606.5,5607.25,1296
2025-03-18 14:15:00-04:00,5607.25,5614.0,5606.5,5613.75,2192
2025-03-18 14:20:00-04:00,5613.5,5622.0,5611.5,5619.25,2085
2025-03-18 14:25:00-04:00,5619.5,5622.75,5613.25,5613.75,2317
2025-03-18 14:30:00-04:00,5614.0,5622.0,5613.0,5615.75,2151
2025-03-18 14:35:00-04:00,5616.0,5622.5,5615.75,5620.5,1550
2025-03-18 14:40:00-04:00,5620.5,5622.25,5614.75,5617.25,1334
2025-03-18 14:45:00-04:00,5617.0,5627.0,5617.0,5624.25,2250
2025-03-18 14:50:00-04:00,5624.25,5631.25,5621.75,5624.75,5269
2025-03-18 14:55:00-04:00,5624.5,5627.5,5619.75,5623.0,1600
2025-03-18 15:00:00-04:00,5622.75,5623.5,5617.0,5620.75,2336
2025-03-18 15:05:00-04:00,5621.0,5622.75,5614.75,5617.5,1649
2025-03-18 15:10:00-04:00,5617.25,5621.5,5615.0,5620.25,1455
2025-03-18 15:15:00-04:00,5620.0,5625.25,5618.25,5623.5,2019
2025-03-18 15:20:00-04:00,5623.25,5626.25,5621.25,5623.5,1628
2025-03-18 15:25:00-04:00,5623.75,5624.25,5615.25,5620.5,2499
2025-03-18 15:30:00-04:00,5620.5,5623.75,5618.25,5622.0,1909
2025-03-18 15:35:00-04:00,5621.75,5622.0,5616.25,5616.75,2478
2025-03-18 15:40:00-04:00,5617.0,5620.5,5613.5,5616.25,2607
2025-03-18 15:45:00-04:00,5616.25,5617.25,5607.5,5610.25,3036
2025-03-18 15:50:00-04:00,5610.25,5622.5,5609.75,5619.25,8681
2025-03-18 15:55:00-04:00,5619.5,5621.25,5614.5,5620.75,19690
2025-03-18 16:00:00-04:00,5620.5,5627.5,5619.75,5623.0,10703
2025-03-18 16:05:00-04:00,5623.25,5624.5,5621.75,5624.0,1102
2025-03-18 16:10:00-04:00,5624.25,5625.25,5622.5,5623.25,837
2025-03-18 16:15:00-04:00,5622.75,5623.25,5621.0,5622.0,407
2025-03-18 16:20:00-04:00,5622.0,5622.0,5618.75,5619.25,457
2025-03-18 16:25:00-04:00,5619.5,5621.0,5618.25,5620.25,340
2025-03-18 16:30:00-04:00,5620.25,5620.75,5618.5,5620.5,334
2025-03-18 16:35:00-04:00,5620.5,5621.0,5619.75,5620.0,309
2025-03-18 16:40:00-04:00,5620.0,5620.75,5619.5,5619.5,147
2025-03-18 16:45:00-04:00,5619.75,5620.5,5619.0,5619.75,199
2025-03-18 16:50:00-04:00,5619.5,5620.25,5619.0,5619.5,150
2025-03-18 16:55:00-04:00,5619.5,5619.5,5617.25,5618.25,953
2025-03-18 18:00:00-04:00,5618.5,5619.5,5616.5,5618.75,555
2025-03-18 18:05:00-04:00,5618.5,5619.25,5615.75,5616.75,974
2025-03-18 18:10:00-04:00,5616.5,5617.5,5612.25,5613.25,2219
2025-03-18 18:15:00-04:00,5613.25,5614.5,5612.25,5612.75,412
2025-03-18 18:20:00-04:00,5612.75,5614.5,5612.5,5614.25,167
2025-03-18 18:25:00-04:00,5614.0,5614.25,5609.5,5609.5,3489
2025-03-18 18:30:00-04:00,5609.5,5612.25,5609.5,5612.25,660
2025-03-18 18:35:00-04:00,5612.0,5613.5,5612.0,5612.75,190
2025-03-18 18:40:00-04:00,5613.0,5616.75,5613.0,5616.5,171
2025-03-18 18:45:00-04:00,5616.25,5619.0,5616.0,5618.25,211
2025-03-18 18:50:00-04:00,5618.0,5621.5,5618.0,5620.75,230
2025-03-18 18:55:00-04:00,5621.0,5622.25,5618.75,5619.25,165
2025-03-18 19:00:00-04:00,5619.5,5621.75,5619.5,5621.25,71
2025-03-18 19:05:00-04:00,5621.25,5621.5,5619.5,5620.5,98
2025-03-18 19:10:00-04:00,5620.75,5621.25,5620.25,5620.5,73
2025-03-18 19:15:00-04:00,5620.25,5620.25,5617.0,5618.25,179
2025-03-18 19:20:00-04:00,5618.75,5618.75,5616.0,5617.5,152
2025-03-18 19:25:00-04:00,5617.5,5618.75,5617.25,5618.0,60
2025-03-18 19:30:00-04:00,5618.0,5622.0,5616.5,5620.75,238
2025-03-18 19:35:00-04:00,5620.5,5621.5,5620.25,5620.5,89
2025-03-18 19:40:00-04:00,5620.5,5620.75,5619.75,5620.75,41
2025-03-18 19:45:00-04:00,5620.25,5621.5,5620.0,5620.0,91
2025-03-18 19:50:00-04:00,5620.25,5622.5,5620.25,5622.25,122
2025-03-18 19:55:00-04:00,5621.0,5621.75,5619.75,5621.25,106
2025-03-18 20:00:00-04:00,5621.25,5623.0,5620.0,5622.5,1021
2025-03-18 20:05:00-04:00,5622.75,5624.25,5622.0,5623.5,3010
2025-03-18 20:10:00-04:00,5623.25,5624.5,5622.75,5624.25,638
2025-03-18 20:15:00-04:00,5624.25,5625.0,5623.25,5624.0,2777
2025-03-18 20:20:00-04:00,5624.25,5628.5,5624.25,5627.5,779
2025-03-18 20:25:00-04:00,5627.25,5630.5,5627.0,5629.0,912
2025-03-18 20:30:00-04:00,5629.0,5630.25,5628.75,5629.5,1676
2025-03-18 20:35:00-04:00,5629.75,5633.5,5629.75,5632.5,3420
2025-03-18 20:40:00-04:00,5632.5,5635.0,5632.0,5634.5,3176
2025-03-18 20:45:00-04:00,5634.5,5635.75,5634.0,5634.5,1911
2025-03-18 20:50:00-04:00,5634.5,5638.25,5634.0,5635.75,1516
2025-03-18 20:55:00-04:00,5635.75,5637.0,5633.25,5634.75,2383
2025-03-18 21:00:00-04:00,5634.75,5635.0,5633.25,5633.75,942
2025-03-18 21:05:00-04:00,5633.75,5634.75,5632.0,5632.5,330
2025-03-18 21:10:00-04:00,5632.75,5635.5,5632.5,5632.75,238
2025-03-18 21:15:00-04:00,5632.75,5633.0,5631.0,5631.0,222
2025-03-18 21:20:00-04:00,5631.25,5632.75,5630.5,5632.0,136
2025-03-18 21:25:00-04:00,5632.25,5633.75,5632.0,5632.75,506
2025-03-18 21:30:00-04:00,5632.75,5632.75,5629.25,5631.0,1705
2025-03-18 21:35:00-04:00,5631.25,5632.5,5629.75,5632.25,799
2025-03-18 21:40:00-04:00,5632.25,5633.0,5631.25,5632.25,111
2025-03-18 21:45:00-04:00,5632.0,5632.5,5629.25,5629.25,121
2025-03-18 21:50:00-04:00,5629.25,5632.0,5628.75,5630.5,103
2025-03-18 21:55:00-04:00,5630.75,5631.5,5630.5,5630.75,37
2025-03-18 22:00:00-04:00,5630.25,5631.0,5629.0,5629.75,146
2025-03-18 22:05:00-04:00,5629.75,5631.75,5629.75,5631.5,81
2025-03-18 22:10:00-04:00,5631.75,5632.25,5630.75,5631.0,80
2025-03-18 22:15:00-04:00,5631.25,5632.75,5631.25,5632.25,69
2025-03-18 22:20:00-04:00,5632.25,5632.25,5631.5,5631.5,62
2025-03-18 22:25:00-04:00,5631.5,5633.25,5631.25,5631.5,107
2025-03-18 22:30:00-04:00,5631.25,5632.5,5630.0,5632.5,1588
2025-03-18 22:35:00-04:00,5632.5,5632.5,5630.25,5631.25,168
2025-03-18 22:40:00-04:00,5631.25,5632.5,5630.75,5631.5,963
2025-03-18 22:45:00-04:00,5631.25,5631.25,5628.5,5629.0,1231
2025-03-18 22:50:00-04:00,5629.5,5629.75,5628.25,5628.75,273
2025-03-18 22:55:00-04:00,5628.75,5629.5,5628.0,5628.25,606
2025-03-18 23:00:00-04:00,5628.25,5630.25,5628.0,5630.0,402
2025-03-18 23:05:00-04:00,5629.75,5630.5,5629.5,5630.0,46
2025-03-18 23:10:00-04:00,5630.25,5631.0,5630.25,5630.75,40
2025-03-18 23:15:00-04:00,5631.0,5631.5,5630.0,5630.0,60
2025-03-18 23:20:00-04:00,5630.25,5630.5,5629.0,5629.75,49
2025-03-18 23:25:00-04:00,5629.75,5630.75,5628.75,5628.75,86
2025-03-18 23:30:00-04:00,5629.0,5629.25,5628.75,5629.25,67
2025-03-18 23:35:00-04:00,5629.0,5629.0,5627.0,5627.25,116
2025-03-18 23:40:00-04:00,5627.75,5629.0,5627.75,5628.25,40
2025-03-18 23:45:00-04:00,5628.5,5628.5,5627.75,5627.75,26
2025-03-18 23:50:00-04:00,5628.0,5628.75,5628.0,5628.5,65
2025-03-18 23:55:00-04:00,5628.75,5629.5,5628.0,5629.25,74
2025-03-19 00:00:00-04:00,5629.5,5629.75,5627.5,5628.0,64
2025-03-19 00:05:00-04:00,5627.5,5628.0,5626.25,5627.25,161
2025-03-19 00:10:00-04:00,5627.25,5627.25,5626.5,5626.75,73
2025-03-19 00:15:00-04:00,5626.25,5626.25,5625.0,5625.5,93
2025-03-19 00:20:00-04:00,5625.25,5626.0,5625.0,5625.75,87
2025-03-19 00:25:00-04:00,5626.0,5626.25,5624.5,5625.0,69
2025-03-19 00:30:00-04:00,5625.0,5626.25,5624.5,5624.5,99
2025-03-19 00:35:00-04:00,5624.5,5625.25,5624.25,5624.5,48
2025-03-19 00:40:00-04:00,5624.5,5624.5,5623.0,5624.25,151
2025-03-19 00:45:00-04:00,5624.25,5625.25,5624.0,5624.75,50
2025-03-19 00:50:00-04:00,5624.5,5624.75,5623.5,5624.5,80
2025-03-19 00:55:00-04:00,5624.5,5624.75,5624.0,5624.75,72
2025-03-19 01:00:00-04:00,5624.75,5625.0,5623.0,5623.5,85
2025-03-19 01:05:00-04:00,5623.5,5624.25,5622.25,5623.0,92
2025-03-19 01:10:00-04:00,5623.25,5624.25,5622.25,5622.75,114
2025-03-19 01:15:00-04:00,5622.5,5624.0,5622.5,5623.25,159
2025-03-19 01:20:00-04:00,5623.25,5625.5,5623.0,5625.5,98
2025-03-19 01:25:00-04:00,5625.75,5627.75,5625.25,5627.5,199
2025-03-19 01:30:00-04:00,5627.25,5629.5,5627.25,5629.25,167
2025-03-19 01:35:00-04:00,5629.75,5630.25,5627.75,5628.75,302
2025-03-19 01:40:00-04:00,5629.0,5629.25,5628.0,5628.75,202
2025-03-19 01:45:00-04:00,5629.0,5629.25,5625.75,5625.75,321
2025-03-19 01:50:00-04:00,5626.0,5626.5,5624.75,5625.0,45
2025-03-19 01:55:00-04:00,5624.75,5625.0,5624.25,5624.75,36
2025-03-19 02:00:00-04:00,5625.0,5625.25,5623.0,5625.0,60
2025-03-19 02:05:00-04:00,5625.25,5625.25,5623.0,5624.0,47
2025-03-19 02:10:00-04:00,5624.0,5624.0,5621.5,5621.5,65
2025-03-19 02:15:00-04:00,5621.5,5622.0,5621.25,5621.5,37
2025-03-19 02:20:00-04:00,5621.25,5623.75,5621.0,5622.25,91
2025-03-19 02:25:00-04:00,5622.75,5624.0,5622.0,5623.75,53
2025-03-19 02:30:00-04:00,5623.25,5624.0,5620.0,5624.0,156
2025-03-19 02:35:00-04:00,5624.25,5625.25,5623.0,5623.0,97
2025-03-19 02:40:00-04:00,5623.0,5624.0,5622.25,5623.75,93
2025-03-19 02:45:00-04:00,5623.5,5624.75,5623.0,5623.0,48
2025-03-19 02:50:00-04:00,5623.5,5624.75,5622.5,5624.25,52
2025-03-19 02:55:00-04:00,5624.75,5625.0,5624.0,5624.75,25
2025-03-19 03:00:00-04:00,5624.5,5624.5,5619.5,5620.5,278
2025-03-19 03:05:00-04:00,5620.5,5620.75,5617.0,5617.0,419
2025-03-19 03:10:00-04:00,5617.0,5618.25,5613.5,5614.5,181
2025-03-19 03:15:00-04:00,5615.0,5620.5,5615.0,5620.5,194
2025-03-19 03:20:00-04:00,5621.25,5622.0,5618.25,5619.75,172
2025-03-19 03:25:00-04:00,5620.25,5622.75,5620.0,5622.0,120
2025-03-19 03:30:00-04:00,5622.25,5623.0,5620.5,5620.75,180
2025-03-19 03:35:00-04:00,5620.0,5621.0,5612.25,5612.5,449
2025-03-19 03:40:00-04:00,5613.75,5613.75,5606.5,5609.0,401
2025-03-19 03:45:00-04:00,5609.0,5611.5,5606.25,5611.25,476
2025-03-19 03:50:00-04:00,5611.5,5614.5,5611.25,5612.5,297
2025-03-19 03:55:00-04:00,5612.75,5612.75,5608.0,5610.75,398
2025-03-19 04:00:00-04:00,5610.75,5616.75,5610.0,5614.75,645
2025-03-19 04:05:00-04:00,5614.75,5620.0,5613.25,5619.75,407
2025-03-19 04:10:00-04:00,5619.5,5619.75,5614.75,5618.25,267
2025-03-19 04:15:00-04:00,5618.75,5618.75,5614.5,5618.0,247
2025-03-19 04:20:00-04:00,5618.0,5620.5,5617.25,5618.75,137
2025-03-19 04:25:00-04:00,5618.75,5623.5,5618.25,5622.5,248
2025-03-19 04:30:00-04:00,5622.0,5627.25,5622.0,5627.25,282
2025-03-19 04:35:00-04:00,5627.5,5628.25,5626.25,5626.25,251
2025-03-19 04:40:00-04:00,5626.25,5626.5,5622.75,5624.0,149
2025-03-19 04:45:00-04:00,5623.5,5626.0,5622.0,5625.75,155
2025-03-19 04:50:00-04:00,5625.5,5625.75,5622.25,5624.5,1503
2025-03-19 04:55:00-04:00,5624.25,5624.25,5622.5,5622.5,549
2025-03-19 05:00:00-04:00,5622.0,5623.0,5619.75,5621.0,1533
2025-03-19 05:05:00-04:00,5620.75,5624.0,5620.25,5624.0,759
2025-03-19 05:10:00-04:00,5624.0,5624.25,5617.5,5618.0,1548
2025-03-19 05:15:00-04:00,5617.5,5619.5,5617.25,5618.75,3649
2025-03-19 05:20:00-04:00,5618.75,5622.75,5618.75,5622.5,2233
2025-03-19 05:25:00-04:00,5622.5,5626.5,5622.5,5625.75,1120
2025-03-19 05:30:00-04:00,5625.75,5630.0,5625.0,5628.25,1444
2025-03-19 05:35:00-04:00,5628.0,5629.75,5627.75,5629.0,774
2025-03-19 05:40:00-04:00,5629.0,5630.25,5627.75,5629.25,253
2025-03-19 05:45:00-04:00,5629.0,5631.0,5628.25,5631.0,166
2025-03-19 05:50:00-04:00,5631.25,5633.25,5629.75,5632.75,245
2025-03-19 05:55:00-04:00,5632.5,5633.0,5630.75,5631.5,107
2025-03-19 06:00:00-04:00,5631.5,5635.0,5631.5,5634.0,160
2025-03-19 06:05:00-04:00,5634.0,5634.0,5631.25,5632.25,262
2025-03-19 06:10:00-04:00,5632.0,5634.75,5631.5,5633.5,752
2025-03-19 06:15:00-04:00,5633.75,5634.0,5631.5,5633.5,304
2025-03-19 06:20:00-04:00,5633.5,5634.0,5632.0,5632.5,132
2025-03-19 06:25:00-04:00,5632.5,5634.0,5631.75,5633.75,131
2025-03-19 06:30:00-04:00,5633.5,5636.5,5633.5,5635.0,184
2025-03-19 06:35:00-04:00,5634.75,5635.25,5632.5,5633.0,326
2025-03-19 06:40:00-04:00,5633.25,5633.25,5631.0,5631.5,293
2025-03-19 06:45:00-04:00,5631.75,5633.0,5630.25,5630.75,109
2025-03-19 06:50:00-04:00,5631.25,5631.25,5629.0,5630.0,131
2025-03-19 06:55:00-04:00,5630.0,5632.0,5629.0,5631.25,248
2025-03-19 07:00:00-04:00,5631.25,5632.25,5631.0,5631.75,186
2025-03-19 07:05:00-04:00,5632.25,5632.5,5631.5,5632.25,47
2025-03-19 07:10:00-04:00,5632.5,5635.25,5632.25,5634.75,247
2025-03-19 07:15:00-04:00,5634.5,5634.75,5632.25,5633.75,271
2025-03-19 07:20:00-04:00,5633.75,5634.5,5632.25,5633.75,326
2025-03-19 07:25:00-04:00,5634.0,5635.25,5633.25,5633.75,532
2025-03-19 07:30:00-04:00,5633.5,5633.75,5632.75,5633.5,479
2025-03-19 07:35:00-04:00,5634.0,5636.25,5633.25,5636.0,320
2025-03-19 07:40:00-04:00,5636.0,5638.0,5635.25,5637.25,295
2025-03-19 07:45:00-04:00,5637.0,5637.0,5634.0,5635.0,262
2025-03-19 07:50:00-04:00,5635.0,5635.25,5634.0,5634.25,181
2025-03-19 07:55:00-04:00,5634.25,5636.0,5627.25,5633.25,1773
2025-03-19 08:00:00-04:00,5633.25,5635.75,5629.5,5631.25,413
2025-03-19 08:05:00-04:00,5631.0,5633.25,5629.5,5630.0,219
2025-03-19 08:10:00-04:00,5630.5,5632.25,5629.75,5630.5,200
2025-03-19 08:15:00-04:00,5630.5,5633.75,5628.5,5628.75,238
2025-03-19 08:20:00-04:00,5628.5,5629.0,5626.5,5626.5,432
2025-03-19 08:25:00-04:00,5627.0,5630.25,5625.25,5626.75,457
2025-03-19 08:30:00-04:00,5627.0,5628.5,5624.75,5628.25,360
2025-03-19 08:35:00-04:00,5628.5,5628.75,5625.0,5625.0,272
2025-03-19 08:40:00-04:00,5625.0,5629.5,5624.25,5629.25,283
2025-03-19 08:45:00-04:00,5629.5,5632.5,5628.75,5630.5,361
2025-03-19 08:50:00-04:00,5630.0,5631.75,5629.75,5631.5,185
2025-03-19 08:55:00-04:00,5631.25,5631.25,5627.25,5629.5,324
2025-03-19 09:00:00-04:00,5629.25,5631.0,5628.75,5628.75,280
2025-03-19 09:05:00-04:00,5628.75,5632.25,5628.75,5630.0,180
2025-03-19 09:10:00-04:00,5629.75,5630.0,5626.5,5628.75,323
2025-03-19 09:15:00-04:00,5629.0,5631.5,5627.0,5630.0,408
2025-03-19 09:20:00-04:00,5629.75,5631.5,5627.75,5630.25,895
2025-03-19 09:25:00-04:00,5630.0,5637.25,5628.25,5636.75,1667
2025-03-19 09:30:00-04:00,5637.0,5641.0,5632.0,5635.0,3572
2025-03-19 09:35:00-04:00,5634.75,5638.25,5630.25,5636.5,3199
2025-03-19 09:40:00-04:00,5636.0,5638.0,5624.75,5628.0,2251
2025-03-19 09:45:00-04:00,5627.75,5644.5,5627.25,5641.0,4850
2025-03-19 09:50:00-04:00,5641.0,5652.0,5639.0,5650.75,2578
2025-03-19 09:55:00-04:00,5650.75,5653.0,5647.75,5648.5,2080
2025-03-19 10:00:00-04:00,5648.25,5655.75,5648.25,5654.0,2545
2025-03-19 10:05:00-04:00,5654.25,5662.5,5653.75,5661.5,2505
2025-03-19 10:10:00-04:00,5661.5,5661.75,5654.75,5657.75,2075
2025-03-19 10:15:00-04:00,5658.0,5660.0,5655.25,5659.75,1630
2025-03-19 10:20:00-04:00,5659.75,5661.25,5656.75,5658.0,1326
2025-03-19 10:25:00-04:00,5658.25,5659.5,5653.0,5653.75,2035
2025-03-19 10:30:00-04:00,5653.5,5657.5,5651.75,5654.75,1444
2025-03-19 10:35:00-04:00,5654.75,5656.75,5651.75,5653.0,1491
2025-03-19 10:40:00-04:00,5653.0,5654.75,5646.25,5648.5,1874
2025-03-19 10:45:00-04:00,5648.5,5651.0,5644.75,5650.0,1848
2025-03-19 10:50:00-04:00,5650.0,5650.25,5643.0,5644.25,1326
2025-03-19 10:55:00-04:00,5644.5,5647.0,5641.75,5643.75,1166
2025-03-19 11:00:00-04:00,5643.75,5648.75,5642.25,5647.75,1396
2025-03-19 11:05:00-04:00,5647.5,5654.5,5646.75,5654.25,1329
2025-03-19 11:10:00-04:00,5654.25,5656.25,5653.25,5655.0,1141
2025-03-19 11:15:00-04:00,5655.25,5655.5,5646.0,5646.5,830
2025-03-19 11:20:00-04:00,5646.25,5654.75,5644.75,5652.5,2918
2025-03-19 11:25:00-04:00,5652.25,5656.5,5650.25,5654.5,1722
2025-03-19 11:30:00-04:00,5654.75,5658.0,5652.25,5656.5,1293
2025-03-19 11:35:00-04:00,5656.75,5659.0,5654.75,5657.5,690
2025-03-19 11:40:00-04:00,5657.25,5661.5,5657.25,5660.0,1028
2025-03-19 11:45:00-04:00,5660.25,5663.5,5658.75,5663.25,809
2025-03-19 11:50:00-04:00,5663.5,5672.0,5663.5,5669.25,1976
2025-03-19 11:55:00-04:00,5669.5,5669.75,5664.0,5667.0,1730
2025-03-19 12:00:00-04:00,5666.75,5668.75,5665.25,5666.75,1015
2025-03-19 12:05:00-04:00,5666.75,5671.0,5666.25,5667.5,1229
2025-03-19 12:10:00-04:00,5667.25,5668.25,5660.75,5662.25,1916
2025-03-19 12:15:00-04:00,5662.5,5662.75,5659.5,5662.0,1375
2025-03-19 12:20:00-04:00,5661.5,5664.5,5659.25,5661.75,990
2025-03-19 12:25:00-04:00,5661.75,5665.5,5659.75,5664.5,864
2025-03-19 12:30:00-04:00,5664.25,5665.5,5657.75,5661.25,1390
2025-03-19 12:35:00-04:00,5661.0,5662.25,5658.25,5659.75,1086
2025-03-19 12:40:00-04:00,5659.25,5660.5,5657.25,5659.75,636
2025-03-19 12:45:00-04:00,5659.75,5660.5,5657.75,5658.5,400
2025-03-19 12:50:00-04:00,5658.75,5663.0,5656.0,5662.75,884
2025-03-19 12:55:00-04:00,5662.75,5662.75,5655.5,5658.25,1057
2025-03-19 13:00:00-04:00,5658.25,5660.5,5654.25,5656.0,1029
2025-03-19 13:05:00-04:00,5656.0,5657.0,5649.0,5651.0,1228
2025-03-19 13:10:00-04:00,5650.75,5651.75,5644.25,5645.25,1174
2025-03-19 13:15:00-04:00,5645.25,5647.75,5641.5,5646.0,1630
2025-03-19 13:20:00-04:00,5646.0,5648.5,5644.75,5645.25,927
2025-03-19 13:25:00-04:00,5645.25,5646.0,5641.75,5642.25,664
2025-03-19 13:30:00-04:00,5642.25,5643.5,5637.5,5642.75,1465
2025-03-19 13:35:00-04:00,5642.5,5650.75,5642.0,5650.0,893
2025-03-19 13:40:00-04:00,5650.0,5651.25,5644.0,5644.0,670
2025-03-19 13:45:00-04:00,5644.5,5646.0,5635.5,5638.25,1349
2025-03-19 13:50:00-04:00,5638.25,5643.75,5637.75,5642.5,956
2025-03-19 13:55:00-04:00,5642.0,5646.0,5640.25,5640.25,446
2025-03-19 14:00:00-04:00,5639.0,5659.5,5632.0,5653.0,6405
2025-03-19 14:05:00-04:00,5653.0,5656.25,5641.5,5654.5,5333
2025-03-19 14:10:00-04:00,5654.5,5665.0,5654.0,5660.25,3619
2025-03-19 14:15:00-04:00,5660.25,5667.75,5660.0,5660.0,2623
2025-03-19 14:20:00-04:00,5660.0,5663.25,5655.5,5659.0,2484
2025-03-19 14:25:00-04:00,5659.25,5662.0,5652.0,5655.0,2215
2025-03-19 14:30:00-04:00,5654.75,5676.0,5654.25,5668.0,3989
2025-03-19 14:35:00-04:00,5667.5,5672.25,5660.75,5664.0,3481
2025-03-19 14:40:00-04:00,5663.75,5681.0,5660.5,5678.0,4346
2025-03-19 14:45:00-04:00,5678.25,5680.75,5672.75,5674.25,2953
2025-03-19 14:50:00-04:00,5674.5,5690.5,5673.75,5685.25,4091
2025-03-19 14:55:00-04:00,5685.5,5694.25,5682.0,5691.25,4137
2025-03-19 15:00:00-04:00,5691.0,5699.25,5690.5,5696.75,3379
2025-03-19 15:05:00-04:00,5697.0,5715.0,5696.25,5712.75,7250
2025-03-19 15:10:00-04:00,5712.5,5718.5,5703.0,5709.25,6415
2025-03-19 15:15:00-04:00,5710.0,5712.5,5700.5,5703.0,4994
2025-03-19 15:20:00-04:00,5703.25,5704.0,5688.75,5693.5,5753
2025-03-19 15:25:00-04:00,5694.0,5695.5,5674.75,5681.25,6164
2025-03-19 15:30:00-04:00,5681.0,5693.25,5678.25,5689.75,4537
2025-03-19 15:35:00-04:00,5689.75,5696.0,5682.0,5692.5,3804
2025-03-19 15:40:00-04:00,5692.5,5702.5,5690.75,5701.25,2807
2025-03-19 15:45:00-04:00,5701.5,5702.5,5690.0,5693.75,2262
2025-03-19 15:50:00-04:00,5693.25,5693.25,5677.75,5685.0,5787
2025-03-19 15:55:00-04:00,5684.5,5684.5,5675.75,5679.75,15271
2025-03-19 16:00:00-04:00,5679.5,5684.5,5679.0,5683.75,5278
2025-03-19 16:05:00-04:00,5683.75,5685.25,5682.5,5684.25,1403
2025-03-19 16:10:00-04:00,5684.25,5685.0,5682.25,5683.25,660
2025-03-19 16:15:00-04:00,5683.0,5684.25,5681.75,5682.25,491
2025-03-19 16:20:00-04:00,5682.75,5682.75,5680.25,5680.5,338
2025-03-19 16:25:00-04:00,5680.25,5681.5,5679.5,5680.75,350
2025-03-19 16:30:00-04:00,5680.25,5680.5,5678.5,5679.75,249
2025-03-19 16:35:00-04:00,5679.5,5681.0,5679.5,5681.0,137
2025-03-19 16:40:00-04:00,5680.75,5681.25,5679.0,5679.5,137
2025-03-19 16:45:00-04:00,5679.25,5680.0,5678.25,5680.0,142
2025-03-19 16:50:00-04:00,5679.75,5680.0,5678.25,5679.25,189
2025-03-19 16:55:00-04:00,5679.0,5680.25,5678.0,5678.25,236
2025-03-19 18:00:00-04:00,5680.0,5683.0,5680.0,5682.5,208
2025-03-19 18:05:00-04:00,5682.25,5685.5,5680.75,5685.5,291
2025-03-19 18:10:00-04:00,5685.25,5689.75,5685.0,5689.75,308
2025-03-19 18:15:00-04:00,5690.0,5690.25,5687.5,5688.25,162
2025-03-19 18:20:00-04:00,5688.0,5688.75,5687.5,5688.25,173
2025-03-19 18:25:00-04:00,5688.5,5690.75,5688.5,5689.75,157
2025-03-19 18:30:00-04:00,5690.0,5690.75,5688.75,5690.25,166
2025-03-19 18:35:00-04:00,5690.25,5692.25,5690.0,5691.75,237
2025-03-19 18:40:00-04:00,5692.0,5692.25,5691.75,5691.75,119
2025-03-19 18:45:00-04:00,5692.0,5696.0,5691.75,5695.75,219
2025-03-19 18:50:00-04:00,5696.0,5696.25,5694.0,5694.25,114
2025-03-19 18:55:00-04:00,5694.25,5694.5,5691.5,5692.5,151
2025-03-19 19:00:00-04:00,5692.5,5693.75,5690.5,5691.0,193
2025-03-19 19:05:00-04:00,5691.25,5693.25,5690.5,5693.0,513
2025-03-19 19:10:00-04:00,5692.25,5692.25,5690.75,5691.0,37
2025-03-19 19:15:00-04:00,5691.25,5692.25,5690.5,5691.25,89
2025-03-19 19:20:00-04:00,5691.5,5692.0,5690.5,5691.75,39
2025-03-19 19:25:00-04:00,5692.0,5693.0,5692.0,5692.5,51
2025-03-19 19:30:00-04:00,5692.25,5693.0,5691.0,5693.0,36
2025-03-19 19:35:00-04:00,5693.0,5694.75,5692.0,5693.5,102
2025-03-19 19:40:00-04:00,5693.5,5695.0,5693.0,5693.5,79
2025-03-19 19:45:00-04:00,5693.5,5695.0,5693.5,5694.5,91
2025-03-19 19:50:00-04:00,5694.75,5695.0,5694.0,5694.75,93
2025-03-19 19:55:00-04:00,5695.0,5697.0,5694.5,5696.25,132
2025-03-19 20:00:00-04:00,5696.0,5698.0,5694.0,5694.75,221
2025-03-19 20:05:00-04:00,5694.75,5696.0,5694.25,5695.5,54
2025-03-19 20:10:00-04:00,5695.0,5695.0,5693.5,5693.75,61
2025-03-19 20:15:00-04:00,5693.5,5694.5,5692.25,5694.0,150
2025-03-19 20:20:00-04:00,5694.25,5696.5,5694.25,5696.5,136
2025-03-19 20:25:00-04:00,5696.75,5699.25,5696.75,5698.5,124
2025-03-19 20:30:00-04:00,5698.5,5701.0,5697.5,5700.5,156
2025-03-19 20:35:00-04:00,5700.5,5701.0,5699.0,5699.5,83
2025-03-19 20:40:00-04:00,5699.5,5700.25,5698.75,5699.75,51
2025-03-19 20:45:00-04:00,5700.25,5701.0,5699.0,5699.25,65
2025-03-19 20:50:00-04:00,5699.25,5699.5,5698.75,5699.25,48
2025-03-19 20:55:00-04:00,5699.0,5699.75,5698.25,5699.25,52
2025-03-19 21:00:00-04:00,5699.25,5699.5,5698.25,5698.75,74
2025-03-19 21:05:00-04:00,5698.25,5698.75,5698.0,5698.25,69
2025-03-19 21:10:00-04:00,5698.0,5701.25,5698.0,5700.25,96
2025-03-19 21:15:00-04:00,5700.5,5700.5,5699.75,5700.5,87
2025-03-19 21:20:00-04:00,5700.25,5700.75,5698.75,5699.75,132
2025-03-19 21:25:00-04:00,5699.5,5699.5,5698.75,5698.75,50
2025-03-19 21:30:00-04:00,5698.5,5698.75,5697.5,5698.0,101
2025-03-19 21:35:00-04:00,5697.75,5698.0,5697.25,5697.5,34
2025-03-19 21:40:00-04:00,5697.5,5698.5,5696.0,5696.25,93
2025-03-19 21:45:00-04:00,5696.0,5697.0,5695.25,5696.25,121
2025-03-19 21:50:00-04:00,5696.5,5696.5,5694.75,5695.75,78
2025-03-19 21:55:00-04:00,5696.0,5696.75,5694.75,5695.5,72
2025-03-19 22:00:00-04:00,5695.5,5697.75,5695.5,5697.0,153
2025-03-19 22:05:00-04:00,5697.25,5697.75,5696.5,5697.0,54
2025-03-19 22:10:00-04:00,5696.5,5699.5,5695.0,5699.0,220
2025-03-19 22:15:00-04:00,5699.0,5699.0,5698.25,5698.75,28
2025-03-19 22:20:00-04:00,5698.5,5700.0,5698.5,5699.25,46
2025-03-19 22:25:00-04:00,5699.5,5703.25,5699.5,5701.75,264
2025-03-19 22:30:00-04:00,5701.75,5703.25,5701.5,5701.75,115
2025-03-19 22:35:00-04:00,5701.75,5702.0,5699.5,5700.5,93
2025-03-19 22:40:00-04:00,5700.75,5701.75,5700.75,5700.75,43
2025-03-19 22:45:00-04:00,5701.0,5701.0,5699.25,5699.75,51
2025-03-19 22:50:00-04:00,5700.0,5703.0,5700.0,5702.5,103
2025-03-19 22:55:00-04:00,5702.25,5702.25,5701.5,5701.75,56
2025-03-19 23:00:00-04:00,5702.0,5704.25,5702.0,5703.25,96
2025-03-19 23:05:00-04:00,5703.25,5705.0,5703.25,5704.75,90
2025-03-19 23:10:00-04:00,5705.0,5707.5,5705.0,5707.5,92
2025-03-19 23:15:00-04:00,5707.5,5708.25,5706.5,5707.5,107
2025-03-19 23:20:00-04:00,5707.5,5707.5,5706.0,5706.25,111
2025-03-19 23:25:00-04:00,5706.0,5706.75,5706.0,5706.0,60
2025-03-19 23:30:00-04:00,5706.0,5706.5,5704.75,5706.25,94
2025-03-19 23:35:00-04:00,5706.0,5706.75,5705.75,5705.75,45
2025-03-19 23:40:00-04:00,5705.75,5706.75,5705.75,5706.5,22
2025-03-19 23:45:00-04:00,5706.25,5706.25,5704.75,5705.0,44
2025-03-19 23:50:00-04:00,5705.0,5705.25,5704.75,5705.0,40
2025-03-19 23:55:00-04:00,5704.75,5705.25,5704.25,5705.25,61
2025-03-20 00:00:00-04:00,5705.25,5705.5,5704.25,5704.5,48
2025-03-20 00:05:00-04:00,5704.25,5704.75,5704.25,5704.5,39
2025-03-20 00:10:00-04:00,5704.5,5704.5,5704.0,5704.25,17
2025-03-20 00:15:00-04:00,5704.25,5705.0,5704.25,5705.0,19
2025-03-20 00:20:00-04:00,5704.75,5706.0,5704.75,5705.5,56
2025-03-20 00:25:00-04:00,5705.75,5707.0,5705.75,5706.0,108
2025-03-20 00:30:00-04:00,5706.25,5706.75,5706.0,5706.25,47
2025-03-20 00:35:00-04:00,5706.0,5706.25,5703.75,5704.0,62
2025-03-20 00:40:00-04:00,5703.75,5703.75,5702.75,5703.25,60
2025-03-20 00:45:00-04:00,5703.0,5703.5,5703.0,5703.5,46
2025-03-20 00:50:00-04:00,5703.75,5704.5,5703.75,5704.25,31
2025-03-20 00:55:00-04:00,5704.0,5704.5,5704.0,5704.25,12
2025-03-20 01:00:00-04:00,5704.5,5704.75,5703.25,5703.75,52
2025-03-20 01:05:00-04:00,5703.75,5703.75,5703.0,5703.75,30
2025-03-20 01:10:00-04:00,5704.0,5704.75,5703.75,5704.75,29
2025-03-20 01:15:00-04:00,5704.5,5704.5,5703.75,5704.0,31
2025-03-20 01:20:00-04:00,5704.0,5704.25,5703.0,5703.75,30
2025-03-20 01:25:00-04:00,5703.75,5704.75,5703.75,5704.25,36
2025-03-20 01:30:00-04:00,5704.25,5704.75,5703.75,5704.75,63
2025-03-20 01:35:00-04:00,5704.5,5704.75,5703.75,5704.5,51
2025-03-20 01:40:00-04:00,5704.75,5704.75,5703.5,5704.0,49
2025-03-20 01:45:00-04:00,5704.0,5705.0,5703.75,5704.75,43
2025-03-20 01:50:00-04:00,5705.0,5705.75,5705.0,5705.25,55
2025-03-20 01:55:00-04:00,5705.25,5706.75,5705.0,5706.25,67
2025-03-20 02:00:00-04:00,5706.0,5707.0,5705.0,5706.5,115
2025-03-20 02:05:00-04:00,5706.5,5706.75,5704.75,5704.75,210
2025-03-20 02:10:00-04:00,5705.0,5705.75,5703.75,5704.25,50
2025-03-20 02:15:00-04:00,5704.0,5704.5,5703.25,5704.0,57
2025-03-20 02:20:00-04:00,5704.0,5705.0,5703.5,5703.5,33
2025-03-20 02:25:00-04:00,5703.25,5703.25,5701.0,5701.25,132
2025-03-20 02:30:00-04:00,5701.5,5702.25,5700.75,5701.25,81
2025-03-20 02:35:00-04:00,5701.25,5701.25,5699.5,5699.5,125
2025-03-20 02:40:00-04:00,5699.5,5703.0,5698.75,5703.0,485
2025-03-20 02:45:00-04:00,5703.0,5703.25,5701.0,5701.0,101
2025-03-20 02:50:00-04:00,5701.25,5702.0,5700.5,5700.75,66
2025-03-20 02:55:00-04:00,5700.75,5700.75,5699.25,5699.25,29
2025-03-20 03:00:00-04:00,5699.25,5703.0,5697.25,5701.75,399
2025-03-20 03:05:00-04:00,5702.0,5703.0,5701.0,5703.0,107
2025-03-20 03:10:00-04:00,5703.25,5704.5,5703.0,5703.0,176
2025-03-20 03:15:00-04:00,5703.25,5703.25,5700.0,5700.0,154
2025-03-20 03:20:00-04:00,5699.5,5702.5,5698.25,5702.0,113
2025-03-20 03:25:00-04:00,5701.5,5702.75,5700.75,5701.5,34
2025-03-20 03:30:00-04:00,5701.5,5701.5,5699.25,5700.0,48
2025-03-20 03:35:00-04:00,5699.5,5699.75,5698.5,5699.25,92
2025-03-20 03:40:00-04:00,5699.25,5699.75,5698.5,5699.0,79
2025-03-20 03:45:00-04:00,5699.0,5699.5,5697.25,5699.0,133
2025-03-20 03:50:00-04:00,5699.0,5700.25,5697.75,5698.0,116
2025-03-20 03:55:00-04:00,5698.0,5699.5,5697.25,5698.25,147
2025-03-20 04:00:00-04:00,5698.25,5701.5,5698.25,5701.0,333
2025-03-20 04:05:00-04:00,5701.0,5703.25,5699.5,5700.75,400
2025-03-20 04:10:00-04:00,5701.0,5705.0,5701.0,5705.0,209
2025-03-20 04:15:00-04:00,5705.25,5705.5,5703.5,5704.25,302
2025-03-20 04:20:00-04:00,5704.25,5706.0,5704.25,5705.75,199
2025-03-20 04:25:00-04:00,5705.5,5705.75,5704.25,5705.25,136
2025-03-20 04:30:00-04:00,5705.25,5706.25,5704.0,5705.75,263
2025-03-20 04:35:00-04:00,5705.5,5706.0,5705.0,5706.0,70
2025-03-20 04:40:00-04:00,5706.25,5706.25,5703.75,5704.25,140
2025-03-20 04:45:00-04:00,5704.25,5705.25,5701.75,5704.0,222
2025-03-20 04:50:00-04:00,5703.75,5703.75,5702.25,5703.75,81
2025-03-20 04:55:00-04:00,5703.75,5703.75,5701.0,5701.75,257
2025-03-20 05:00:00-04:00,5702.25,5702.75,5698.0,5698.25,230
2025-03-20 05:05:00-04:00,5698.25,5701.75,5698.25,5699.75,161
2025-03-20 05:10:00-04:00,5700.0,5701.0,5697.0,5697.25,119
2025-03-20 05:15:00-04:00,5697.75,5697.75,5695.5,5696.75,445
2025-03-20 05:20:00-04:00,5696.75,5697.75,5696.0,5697.0,168
2025-03-20 05:25:00-04:00,5696.0,5696.0,5689.75,5690.0,573
2025-03-20 05:30:00-04:00,5690.0,5690.5,5684.5,5685.25,616
2025-03-20 05:35:00-04:00,5685.5,5687.75,5683.25,5687.0,539
2025-03-20 05:40:00-04:00,5686.5,5688.25,5684.5,5685.0,319
2025-03-20 05:45:00-04:00,5684.75,5685.25,5680.0,5680.0,519
2025-03-20 05:50:00-04:00,5680.25,5683.0,5676.0,5676.75,418
2025-03-20 05:55:00-04:00,5676.25,5681.0,5675.0,5678.5,495
2025-03-20 06:00:00-04:00,5679.0,5679.0,5671.5,5672.5,924
2025-03-20 06:05:00-04:00,5672.0,5674.0,5667.75,5668.25,677
2025-03-20 06:10:00-04:00,5668.5,5668.5,5657.75,5661.0,1007
2025-03-20 06:15:00-04:00,5661.0,5661.25,5639.75,5640.0,1418
2025-03-20 06:20:00-04:00,5639.75,5645.0,5631.5,5642.75,2590
2025-03-20 06:25:00-04:00,5642.75,5645.5,5635.75,5639.5,1523
2025-03-20 06:30:00-04:00,5639.5,5645.0,5635.0,5643.5,1558
2025-03-20 06:35:00-04:00,5644.0,5644.25,5632.75,5635.25,1391
2025-03-20 06:40:00-04:00,5635.0,5640.0,5632.75,5636.25,664
2025-03-20 06:45:00-04:00,5636.5,5644.25,5636.25,5642.25,823
2025-03-20 06:50:00-04:00,5642.5,5651.25,5642.0,5649.25,1052
2025-03-20 06:55:00-04:00,5649.0,5652.25,5648.5,5650.0,605
2025-03-20 07:00:00-04:00,5650.25,5652.25,5647.5,5650.75,640
2025-03-20 07:05:00-04:00,5650.75,5653.5,5649.25,5650.25,385
2025-03-20 07:10:00-04:00,5649.75,5654.25,5649.0,5653.75,325
2025-03-20 07:15:00-04:00,5654.0,5657.75,5652.5,5656.75,431
2025-03-20 07:20:00-04:00,5656.5,5658.75,5653.75,5654.0,365
2025-03-20 07:25:00-04:00,5653.75,5655.0,5649.25,5650.0,634
2025-03-20 07:30:00-04:00,5649.5,5653.0,5644.75,5653.0,770
2025-03-20 07:35:00-04:00,5653.5,5656.25,5652.75,5654.75,339
2025-03-20 07:40:00-04:00,5654.5,5658.75,5653.25,5658.0,399
2025-03-20 07:45:00-04:00,5658.0,5659.75,5656.75,5658.0,349
2025-03-20 07:50:00-04:00,5658.25,5661.5,5657.75,5658.5,528
2025-03-20 07:55:00-04:00,5658.25,5661.0,5656.75,5660.0,202
2025-03-20 08:00:00-04:00,5660.0,5661.0,5657.75,5659.0,470
2025-03-20 08:05:00-04:00,5659.0,5661.25,5658.25,5658.75,210
2025-03-20 08:10:00-04:00,5659.25,5659.75,5655.25,5655.75,526
2025-03-20 08:15:00-04:00,5656.25,5657.0,5654.25,5655.25,265
2025-03-20 08:20:00-04:00,5656.25,5656.25,5652.25,5652.75,347
2025-03-20 08:25:00-04:00,5652.75,5654.75,5651.5,5654.25,266
2025-03-20 08:30:00-04:00,5655.75,5659.25,5652.5,5655.75,420
2025-03-20 08:35:00-04:00,5655.5,5657.5,5653.25,5657.25,292
2025-03-20 08:40:00-04:00,5657.75,5658.25,5653.0,5655.75,607
2025-03-20 08:45:00-04:00,5655.5,5657.5,5650.75,5652.25,435
2025-03-20 08:50:00-04:00,5652.0,5655.25,5651.5,5654.5,334
2025-03-20 08:55:00-04:00,5654.25,5654.5,5651.25,5651.25,304
2025-03-20 09:00:00-04:00,5651.25,5651.5,5643.75,5647.5,1072
2025-03-20 09:05:00-04:00,5647.25,5648.25,5643.0,5645.0,765
2025-03-20 09:10:00-04:00,5644.5,5649.0,5643.0,5648.5,648
2025-03-20 09:15:00-04:00,5648.25,5650.0,5644.25,5648.75,572
2025-03-20 09:20:00-04:00,5648.5,5648.5,5643.5,5644.25,566
2025-03-20 09:25:00-04:00,5644.25,5647.25,5639.75,5641.0,815
2025-03-20 09:30:00-04:00,5641.25,5654.75,5633.5,5652.0,3507
2025-03-20 09:35:00-04:00,5651.75,5656.0,5649.5,5654.75,3042
2025-03-20 09:40:00-04:00,5654.75,5662.75,5651.5,5659.25,3319
2025-03-20 09:45:00-04:00,5659.25,5665.0,5658.5,5662.5,2005
2025-03-20 09:50:00-04:00,5662.5,5669.5,5661.0,5668.25,1896
2025-03-20 09:55:00-04:00,5667.5,5675.5,5665.0,5674.25,1595
2025-03-20 10:00:00-04:00,5674.25,5693.5,5672.5,5689.5,3994
2025-03-20 10:05:00-04:00,5689.75,5695.5,5685.75,5690.75,2555
2025-03-20 10:10:00-04:00,5691.0,5693.5,5686.75,5690.5,2042
2025-03-20 10:15:00-04:00,5690.5,5699.25,5684.25,5696.5,2998
2025-03-20 10:20:00-04:00,5696.5,5704.5,5693.0,5702.5,1953
2025-03-20 10:25:00-04:00,5702.25,5708.75,5701.25,5702.75,1724
2025-03-20 10:30:00-04:00,5703.0,5704.0,5698.75,5699.25,1898
2025-03-20 10:35:00-04:00,5699.25,5709.75,5696.25,5703.75,1788
2025-03-20 10:40:00-04:00,5703.75,5713.25,5702.25,5711.0,1629
2025-03-20 10:45:00-04:00,5711.25,5714.25,5709.25,5711.5,1068
2025-03-20 10:50:00-04:00,5711.0,5711.0,5703.75,5705.75,1611
2025-03-20 10:55:00-04:00,5705.5,5707.0,5698.0,5702.25,1644
2025-03-20 11:00:00-04:00,5702.5,5704.25,5696.25,5700.25,2336
2025-03-20 11:05:00-04:00,5700.5,5705.25,5697.25,5705.0,1440
2025-03-20 11:10:00-04:00,5704.5,5707.5,5701.5,5704.5,922
2025-03-20 11:15:00-04:00,5704.25,5705.5,5696.5,5697.25,1191
2025-03-20 11:20:00-04:00,5697.5,5701.5,5694.75,5698.75,1160
2025-03-20 11:25:00-04:00,5698.75,5701.0,5696.0,5697.75,773
2025-03-20 11:30:00-04:00,5697.0,5699.0,5687.75,5690.25,1800
2025-03-20 11:35:00-04:00,5690.0,5693.5,5685.0,5692.75,1605
2025-03-20 11:40:00-04:00,5692.75,5701.0,5692.5,5698.75,1393
2025-03-20 11:45:00-04:00,5698.5,5704.0,5695.5,5701.75,1206
2025-03-20 11:50:00-04:00,5702.0,5703.0,5697.75,5701.0,866
2025-03-20 11:55:00-04:00,5700.5,5700.5,5688.5,5689.75,1672
2025-03-20 12:00:00-04:00,5689.75,5702.5,5687.25,5692.75,2939
2025-03-20 12:05:00-04:00,5692.75,5694.5,5686.0,5688.25,1274
2025-03-20 12:10:00-04:00,5689.0,5689.5,5680.25,5688.25,1948
2025-03-20 12:15:00-04:00,5688.5,5688.5,5683.0,5685.5,744
2025-03-20 12:20:00-04:00,5685.5,5685.5,5679.5,5680.25,1008
2025-03-20 12:25:00-04:00,5680.0,5682.5,5667.5,5670.75,3364
2025-03-20 12:30:00-04:00,5670.5,5677.0,5669.75,5670.75,2637
2025-03-20 12:35:00-04:00,5670.75,5678.75,5668.0,5676.75,1338
2025-03-20 12:40:00-04:00,5676.75,5677.0,5667.0,5669.25,1107
2025-03-20 12:45:00-04:00,5669.5,5672.5,5664.25,5665.75,1231
2025-03-20 12:50:00-04:00,5665.5,5674.25,5664.25,5673.25,1430
2025-03-20 12:55:00-04:00,5673.5,5675.25,5665.25,5667.0,1109
2025-03-20 13:00:00-04:00,5667.0,5672.75,5666.25,5672.75,1138
2025-03-20 13:05:00-04:00,5672.75,5680.5,5671.75,5678.75,1326
2025-03-20 13:10:00-04:00,5678.75,5680.5,5674.5,5677.75,888
2025-03-20 13:15:00-04:00,5677.5,5678.0,5670.5,5674.75,781
2025-03-20 13:20:00-04:00,5675.0,5675.25,5664.5,5665.25,971
2025-03-20 13:25:00-04:00,5665.0,5667.25,5655.0,5655.5,2025
2025-03-20 13:30:00-04:00,5655.75,5664.75,5655.0,5662.25,1854
2025-03-20 13:35:00-04:00,5662.0,5667.75,5658.5,5666.75,1321
2025-03-20 13:40:00-04:00,5666.25,5667.75,5661.5,5667.25,539
2025-03-20 13:45:00-04:00,5666.75,5673.25,5665.25,5667.0,921
2025-03-20 13:50:00-04:00,5666.5,5667.5,5659.75,5659.75,969
2025-03-20 13:55:00-04:00,5659.75,5661.75,5656.0,5660.0,942
2025-03-20 14:00:00-04:00,5660.0,5663.75,5658.75,5661.0,591
2025-03-20 14:05:00-04:00,5660.75,5665.25,5659.5,5663.0,698
2025-03-20 14:10:00-04:00,5663.5,5671.75,5662.75,5664.75,1326
2025-03-20 14:15:00-04:00,5664.75,5667.25,5663.25,5664.25,587
2025-03-20 14:20:00-04:00,5663.5,5663.5,5655.75,5658.5,1031
2025-03-20 14:25:00-04:00,5658.75,5659.25,5648.25,5649.25,1845
2025-03-20 14:30:00-04:00,5649.0,5649.75,5645.25,5647.5,2016
2025-03-20 14:35:00-04:00,5647.25,5656.0,5647.0,5654.0,1424
2025-03-20 14:40:00-04:00,5654.0,5654.75,5647.75,5649.0,974
2025-03-20 14:45:00-04:00,5649.0,5656.75,5648.0,5656.5,1695
2025-03-20 14:50:00-04:00,5656.5,5666.75,5656.25,5665.5,1737
2025-03-20 14:55:00-04:00,5666.0,5666.5,5650.75,5652.5,1689
2025-03-20 15:00:00-04:00,5651.75,5662.25,5651.25,5658.5,1550
2025-03-20 15:05:00-04:00,5658.25,5663.25,5656.25,5657.0,1340
2025-03-20 15:10:00-04:00,5656.5,5664.25,5655.75,5660.5,1558
2025-03-20 15:15:00-04:00,5660.5,5666.5,5659.25,5665.0,1450
2025-03-20 15:20:00-04:00,5664.75,5671.25,5664.5,5668.75,1796
2025-03-20 15:25:00-04:00,5669.0,5669.0,5653.5,5655.0,1409
2025-03-20 15:30:00-04:00,5654.75,5663.25,5654.75,5659.5,1449
2025-03-20 15:35:00-04:00,5659.5,5666.5,5658.25,5660.75,1174
2025-03-20 15:40:00-04:00,5660.5,5667.5,5660.5,5667.25,1039
2025-03-20 15:45:00-04:00,5667.0,5673.5,5666.75,5673.0,1380
2025-03-20 15:50:00-04:00,5672.75,5672.75,5662.25,5665.5,2981
2025-03-20 15:55:00-04:00,5666.0,5674.25,5660.0,5664.25,8857
2025-03-20 16:00:00-04:00,5664.25,5667.5,5662.75,5667.25,3955
2025-03-20 16:05:00-04:00,5667.0,5667.0,5664.0,5666.5,560
2025-03-20 16:10:00-04:00,5666.5,5668.25,5666.25,5666.75,556
2025-03-20 16:15:00-04:00,5667.0,5669.75,5667.0,5668.5,693
2025-03-20 16:20:00-04:00,5668.25,5668.5,5666.75,5667.75,500
2025-03-20 16:25:00-04:00,5667.5,5668.75,5666.75,5668.0,187
2025-03-20 16:30:00-04:00,5667.75,5668.25,5667.25,5667.5,166
2025-03-20 16:35:00-04:00,5667.5,5667.75,5666.0,5666.0,89
2025-03-20 16:40:00-04:00,5666.0,5666.5,5665.75,5666.25,69
2025-03-20 16:45:00-04:00,5666.0,5667.0,5666.0,5667.0,70
2025-03-20 16:50:00-04:00,5666.75,5667.0,5665.75,5666.75,76
2025-03-20 16:55:00-04:00,5667.0,5667.0,5666.0,5666.5,53
2025-03-20 18:00:00-04:00,5664.0,5667.25,5664.0,5666.25,50
2025-03-20 18:05:00-04:00,5665.25,5665.25,5664.0,5664.5,28
2025-03-20 18:10:00-04:00,5664.0,5664.5,5663.75,5664.5,14
2025-03-20 18:15:00-04:00,5665.0,5668.25,5665.0,5668.0,26
2025-03-20 18:20:00-04:00,5668.0,5668.0,5665.75,5667.0,17
2025-03-20 18:25:00-04:00,5667.25,5668.5,5666.75,5668.0,29
2025-03-20 18:30:00-04:00,5668.25,5670.25,5667.0,5668.5,76
2025-03-20 18:35:00-04:00,5668.75,5669.75,5668.75,5669.5,17
2025-03-20 18:40:00-04:00,5669.75,5669.75,5667.5,5669.0,15
2025-03-20 18:45:00-04:00,5668.25,5668.5,5667.25,5667.25,19
2025-03-20 18:50:00-04:00,5666.25,5666.25,5665.25,5665.25,14
2025-03-20 18:55:00-04:00,5665.75,5665.75,5664.75,5665.25,11
2025-03-20 19:00:00-04:00,5665.25,5665.25,5662.0,5662.0,35
2025-03-20 19:05:00-04:00,5662.0,5662.25,5658.25,5660.0,109
2025-03-20 19:10:00-04:00,5660.0,5660.5,5659.5,5659.75,160
2025-03-20 19:15:00-04:00,5660.0,5660.0,5657.0,5658.0,160
2025-03-20 19:20:00-04:00,5657.5,5658.25,5657.25,5657.5,150
2025-03-20 19:25:00-04:00,5657.5,5660.0,5657.5,5659.25,45
2025-03-20 19:30:00-04:00,5658.75,5660.0,5657.0,5659.5,44
2025-03-20 19:35:00-04:00,5659.5,5660.75,5659.5,5659.75,51
2025-03-20 19:40:00-04:00,5660.5,5661.25,5660.25,5661.0,36
2025-03-20 19:45:00-04:00,5661.25,5663.25,5660.75,5662.5,66
2025-03-20 19:50:00-04:00,5663.25,5665.0,5663.25,5664.75,40
2025-03-20 19:55:00-04:00,5664.75,5665.75,5664.75,5665.0,20
2025-03-20 20:00:00-04:00,5664.75,5669.75,5663.75,5669.75,134
2025-03-20 20:05:00-04:00,5669.25,5671.5,5669.25,5671.0,64
2025-03-20 20:10:00-04:00,5671.75,5671.75,5670.5,5671.25,31
2025-03-20 20:15:00-04:00,5671.25,5671.75,5670.25,5671.5,39
2025-03-20 20:20:00-04:00,5671.5,5673.25,5671.0,5671.0,32
2025-03-20 20:25:00-04:00,5671.0,5671.0,5668.25,5669.5,61
2025-03-20 20:30:00-04:00,5669.25,5673.0,5669.25,5670.75,74
2025-03-20 20:35:00-04:00,5670.75,5671.0,5670.0,5670.0,11
2025-03-20 20:40:00-04:00,5669.5,5670.0,5669.0,5669.75,16
2025-03-20 20:45:00-04:00,5669.75,5669.75,5668.75,5669.5,7
2025-03-20 20:50:00-04:00,5669.25,5671.0,5669.0,5670.75,6
2025-03-20 20:55:00-04:00,5671.25,5671.5,5669.75,5670.0,23
2025-03-20 21:00:00-04:00,5670.75,5670.75,5670.0,5670.0,5
2025-03-20 21:05:00-04:00,5669.5,5669.75,5669.0,5669.25,13
2025-03-20 21:10:00-04:00,5669.5,5670.75,5667.75,5668.75,160
2025-03-20 21:15:00-04:00,5669.0,5669.0,5666.5,5667.25,8
2025-03-20 21:20:00-04:00,5669.0,5670.0,5668.5,5670.0,15
2025-03-20 21:25:00-04:00,5669.75,5671.5,5669.0,5671.0,14
2025-03-20 21:30:00-04:00,5671.5,5671.75,5670.25,5671.75,12
2025-03-20 21:35:00-04:00,5673.0,5674.25,5673.0,5673.75,26
2025-03-20 21:40:00-04:00,5673.5,5673.75,5672.5,5673.25,28
2025-03-20 21:45:00-04:00,5672.25,5672.5,5671.5,5672.25,49
2025-03-20 21:50:00-04:00,5671.75,5673.5,5671.75,5673.0,11
2025-03-20 21:55:00-04:00,5673.0,5673.0,5672.5,5673.0,3
2025-03-20 22:00:00-04:00,5672.5,5673.0,5672.0,5672.25,27
2025-03-20 22:05:00-04:00,5672.0,5672.0,5670.5,5672.0,11
2025-03-20 22:10:00-04:00,5671.25,5671.25,5669.5,5670.5,21
2025-03-20 22:15:00-04:00,5670.5,5670.5,5669.25,5669.25,40
2025-03-20 22:20:00-04:00,5669.0,5669.0,5666.25,5667.0,27
2025-03-20 22:25:00-04:00,5667.0,5668.5,5667.0,5668.5,13
2025-03-20 22:30:00-04:00,5669.0,5669.0,5667.75,5667.75,9
2025-03-20 22:35:00-04:00,5667.75,5669.25,5667.75,5669.25,6
2025-03-20 22:40:00-04:00,5668.0,5669.0,5668.0,5668.5,13
2025-03-20 22:45:00-04:00,5670.0,5671.0,5670.0,5671.0,36
2025-03-20 22:50:00-04:00,5671.0,5672.0,5671.0,5671.5,11
2025-03-20 22:55:00-04:00,5669.25,5669.5,5669.0,5669.25,12
2025-03-20 23:00:00-04:00,5668.75,5668.75,5664.75,5666.5,28
2025-03-20 23:05:00-04:00,5666.0,5667.0,5665.25,5665.75,18
2025-03-20 23:10:00-04:00,5666.0,5666.0,5665.0,5665.25,16
2025-03-20 23:15:00-04:00,5665.25,5665.25,5662.25,5663.75,22
2025-03-20 23:20:00-04:00,5664.75,5666.5,5664.5,5666.0,19
2025-03-20 23:25:00-04:00,5666.25,5667.0,5665.5,5665.75,10
2025-03-20 23:30:00-04:00,5666.25,5666.75,5665.0,5665.25,11
2025-03-20 23:35:00-04:00,5665.5,5666.0,5664.75,5666.0,20
2025-03-20 23:40:00-04:00,5666.0,5666.0,5665.25,5665.5,9
2025-03-20 23:45:00-04:00,5666.0,5666.5,5664.25,5665.25,64
2025-03-20 23:50:00-04:00,5665.75,5665.75,5664.5,5665.0,14
2025-03-20 23:55:00-04:00,5665.75,5666.0,5663.75,5663.75,34
2025-03-21 00:00:00-04:00,5663.75,5665.25,5663.75,5665.25,8
2025-03-21 00:05:00-04:00,5665.5,5667.0,5665.5,5666.75,77
2025-03-21 00:10:00-04:00,5666.75,5666.75,5666.25,5666.5,24
2025-03-21 00:15:00-04:00,5666.5,5667.25,5666.25,5667.25,18
2025-03-21 00:20:00-04:00,5667.25,5667.25,5666.25,5666.25,11
2025-03-21 00:25:00-04:00,5665.75,5666.5,5665.5,5666.0,19
2025-03-21 00:30:00-04:00,5666.0,5666.25,5665.0,5665.0,7
2025-03-21 00:35:00-04:00,5665.75,5665.75,5664.5,5664.5,11
2025-03-21 00:40:00-04:00,5664.0,5664.0,5662.25,5662.75,43
2025-03-21 00:45:00-04:00,5663.0,5663.0,5662.0,5662.75,11
2025-03-21 00:50:00-04:00,5662.5,5662.5,5660.5,5660.75,61
2025-03-21 00:55:00-04:00,5661.25,5661.5,5659.75,5660.75,28
2025-03-21 01:00:00-04:00,5660.75,5660.75,5659.5,5660.25,15
2025-03-21 01:05:00-04:00,5660.0,5660.0,5657.0,5657.25,28
2025-03-21 01:10:00-04:00,5657.0,5659.25,5657.0,5657.5,16
2025-03-21 01:15:00-04:00,5657.75,5661.0,5657.75,5661.0,22
2025-03-21 01:20:00-04:00,5660.75,5661.0,5660.25,5660.25,19
2025-03-21 01:25:00-04:00,5659.75,5660.75,5659.75,5660.5,6
2025-03-21 01:30:00-04:00,5659.75,5660.5,5659.5,5660.0,8
2025-03-21 01:35:00-04:00,5660.0,5660.25,5654.25,5654.5,37
2025-03-21 01:40:00-04:00,5655.25,5655.25,5651.5,5651.5,30
2025-03-21 01:45:00-04:00,5651.5,5652.0,5650.0,5650.0,23
2025-03-21 01:50:00-04:00,5650.25,5654.0,5650.0,5654.0,19
2025-03-21 01:55:00-04:00,5654.5,5656.0,5654.25,5655.5,19
2025-03-21 02:00:00-04:00,5655.0,5657.25,5655.0,5656.75,46
2025-03-21 02:05:00-04:00,5656.25,5656.75,5654.75,5654.75,57
2025-03-21 02:10:00-04:00,5654.75,5656.75,5654.5,5656.5,12
2025-03-21 02:15:00-04:00,5655.75,5656.5,5655.75,5656.0,6
2025-03-21 02:20:00-04:00,5655.25,5656.75,5655.25,5656.75,8
2025-03-21 02:25:00-04:00,5656.75,5657.25,5656.25,5656.5,14
2025-03-21 02:30:00-04:00,5656.75,5658.0,5655.5,5655.5,48
2025-03-21 02:35:00-04:00,5655.0,5660.25,5655.0,5660.25,30
2025-03-21 02:40:00-04:00,5661.0,5661.0,5658.25,5659.5,33
2025-03-21 02:45:00-04:00,5659.5,5661.0,5659.25,5660.75,29
2025-03-21 02:50:00-04:00,5661.25,5663.25,5660.75,5663.0,45
2025-03-21 02:55:00-04:00,5663.75,5666.5,5663.75,5666.0,40
2025-03-21 03:00:00-04:00,5666.25,5666.5,5664.0,5664.25,38
2025-03-21 03:05:00-04:00,5664.5,5664.5,5662.0,5663.0,23
2025-03-21 03:10:00-04:00,5663.25,5663.25,5661.75,5661.75,25
2025-03-21 03:15:00-04:00,5661.75,5661.75,5659.0,5659.75,36
2025-03-21 03:20:00-04:00,5659.25,5659.25,5658.0,5659.25,36
2025-03-21 03:25:00-04:00,5658.5,5658.75,5656.75,5656.75,20
2025-03-21 03:30:00-04:00,5656.5,5657.0,5653.75,5653.75,17
2025-03-21 03:35:00-04:00,5653.25,5654.25,5651.0,5651.25,77
2025-03-21 03:40:00-04:00,5650.75,5652.0,5648.5,5648.5,92
2025-03-21 03:45:00-04:00,5650.0,5651.75,5648.75,5650.0,28
2025-03-21 03:50:00-04:00,5650.25,5652.75,5650.0,5651.75,17
2025-03-21 03:55:00-04:00,5653.25,5654.5,5653.0,5653.25,13
2025-03-21 04:00:00-04:00,5653.0,5659.0,5650.75,5658.5,99
2025-03-21 04:05:00-04:00,5659.25,5661.5,5657.5,5657.5,111
2025-03-21 04:10:00-04:00,5657.5,5657.5,5655.0,5655.5,64
2025-03-21 04:15:00-04:00,5656.75,5656.75,5648.5,5648.5,51
2025-03-21 04:20:00-04:00,5648.75,5648.75,5639.75,5640.5,196
2025-03-21 04:25:00-04:00,5641.0,5642.75,5639.5,5640.5,100
2025-03-21 04:30:00-04:00,5639.5,5641.75,5637.25,5637.75,76
2025-03-21 04:35:00-04:00,5638.75,5643.0,5638.25,5641.75,170
2025-03-21 04:40:00-04:00,5641.0,5644.5,5635.25,5637.25,131
2025-03-21 04:45:00-04:00,5637.5,5641.0,5637.0,5637.75,125
2025-03-21 04:50:00-04:00,5637.5,5641.25,5635.0,5640.25,99
2025-03-21 04:55:00-04:00,5641.0,5642.75,5640.25,5642.5,55
2025-03-21 05:00:00-04:00,5642.25,5643.25,5636.75,5637.75,89
2025-03-21 05:05:00-04:00,5636.5,5639.75,5635.75,5639.75,86
2025-03-21 05:10:00-04:00,5640.25,5642.75,5638.5,5642.5,64
2025-03-21 05:15:00-04:00,5642.25,5642.25,5638.5,5639.25,22
2025-03-21 05:20:00-04:00,5639.25,5641.0,5637.0,5640.25,138
2025-03-21 05:25:00-04:00,5641.5,5643.75,5641.25,5641.5,28
2025-03-21 05:30:00-04:00,5641.25,5645.5,5641.0,5643.75,56
2025-03-21 05:35:00-04:00,5644.5,5645.75,5643.5,5645.25,15
2025-03-21 05:40:00-04:00,5645.5,5647.25,5645.5,5645.5,74
2025-03-21 05:45:00-04:00,5645.25,5645.75,5644.0,5645.0,13
2025-03-21 05:50:00-04:00,5644.0,5644.75,5643.0,5643.25,26
2025-03-21 05:55:00-04:00,5642.5,5644.25,5642.25,5643.75,37
2025-03-21 06:00:00-04:00,5644.5,5650.5,5644.0,5650.5,144
2025-03-21 06:05:00-04:00,5649.5,5650.5,5648.75,5650.0,41
2025-03-21 06:10:00-04:00,5650.25,5653.75,5648.75,5653.75,59
2025-03-21 06:15:00-04:00,5654.5,5655.25,5651.25,5651.25,34
2025-03-21 06:20:00-04:00,5651.25,5651.25,5648.0,5649.0,34
2025-03-21 06:25:00-04:00,5649.25,5649.25,5647.75,5648.75,32
2025-03-21 06:30:00-04:00,5648.5,5648.5,5642.25,5642.75,106
2025-03-21 06:35:00-04:00,5642.25,5643.0,5639.5,5640.5,73
2025-03-21 06:40:00-04:00,5640.75,5643.75,5640.5,5642.75,29
2025-03-21 06:45:00-04:00,5642.5,5645.75,5642.5,5645.25,71
2025-03-21 06:50:00-04:00,5645.5,5649.0,5645.0,5649.0,96
2025-03-21 06:55:00-04:00,5647.5,5647.5,5645.5,5646.5,51
2025-03-21 07:00:00-04:00,5646.75,5649.0,5646.0,5647.0,61
2025-03-21 07:05:00-04:00,5647.0,5648.5,5645.0,5646.75,45
2025-03-21 07:10:00-04:00,5646.5,5648.0,5644.0,5648.0,85
2025-03-21 07:15:00-04:00,5648.0,5649.0,5647.0,5648.0,27
2025-03-21 07:20:00-04:00,5648.25,5649.0,5647.25,5647.5,55
2025-03-21 07:25:00-04:00,5647.25,5651.25,5647.0,5650.5,41
2025-03-21 07:30:00-04:00,5651.0,5651.25,5649.0,5650.5,20
2025-03-21 07:35:00-04:00,5649.75,5651.5,5649.0,5650.25,28
2025-03-21 07:40:00-04:00,5650.5,5651.75,5648.25,5648.5,50
2025-03-21 07:45:00-04:00,5649.25,5650.5,5647.5,5648.25,55
2025-03-21 07:50:00-04:00,5648.25,5648.75,5643.0,5643.0,100
2025-03-21 07:55:00-04:00,5642.75,5645.75,5642.75,5644.25,233
2025-03-21 08:00:00-04:00,5644.25,5651.0,5644.25,5650.25,285
2025-03-21 08:05:00-04:00,5649.75,5650.0,5648.25,5648.25,172
2025-03-21 08:10:00-04:00,5649.0,5653.0,5649.0,5651.5,76
2025-03-21 08:15:00-04:00,5652.0,5652.0,5646.75,5649.25,311
2025-03-21 08:20:00-04:00,5649.25,5650.25,5645.0,5646.25,167
2025-03-21 08:25:00-04:00,5645.5,5645.5,5642.25,5643.5,101
2025-03-21 08:30:00-04:00,5643.25,5644.75,5639.0,5639.5,179
2025-03-21 08:35:00-04:00,5639.25,5640.5,5632.0,5633.5,312
2025-03-21 08:40:00-04:00,5632.75,5632.75,5617.75,5618.5,677
2025-03-21 08:45:00-04:00,5618.5,5626.0,5617.5,5623.75,623
2025-03-21 08:50:00-04:00,5623.25,5624.25,5617.25,5620.0,298
2025-03-21 08:55:00-04:00,5620.0,5622.25,5614.75,5616.0,231
2025-03-21 09:00:00-04:00,5615.5,5616.5,5610.75,5614.5,788
2025-03-21 09:05:00-04:00,5614.75,5616.25,5609.5,5611.0,423
2025-03-21 09:10:00-04:00,5611.0,5612.5,5606.75,5607.5,459
2025-03-21 09:15:00-04:00,5608.0,5614.75,5607.0,5613.5,327
2025-03-21 09:20:00-04:00,5613.5,5616.5,5604.75,5605.25,646
2025-03-21 09:25:00-04:00,5604.0,5615.5,5597.5,5615.0,1198
