time,Open,High,Low,Close,Volume
2026-03-13 14:25:00-04:00,6800.0,6800.0,6800.0,6800.0,2
2026-03-13 14:30:00-04:00,6799.0,6799.0,6799.0,6799.0,3
2026-03-16 11:05:00-04:00,6845.0,6845.25,6845.0,6845.25,2
2026-03-16 11:15:00-04:00,6863.0,6863.0,6863.0,6863.0,1
2026-03-16 15:20:00-04:00,6851.25,6851.25,6851.25,6851.25,1
2026-03-16 15:30:00-04:00,6848.5,6848.5,6848.5,6848.5,1
2026-03-18 09:20:00-04:00,6835.0,6835.0,6835.0,6835.0,1
2026-03-18 13:25:00-04:00,6816.0,6816.0,6816.0,6816.0,1
2026-03-18 14:00:00-04:00,6835.0,6835.0,6835.0,6835.0,25
2026-03-20 08:50:00-04:00,6739.5,6739.5,6739.5,6739.5,1
2026-03-22 19:20:00-04:00,6651.5,6651.5,6651.5,6651.5,1
2026-03-22 19:45:00-04:00,6651.25,6651.25,6651.25,6651.25,1
2026-03-23 06:40:00-04:00,6590.0,6590.0,6590.0,6590.0,1
2026-03-23 08:25:00-04:00,6780.0,6780.0,6780.0,6780.0,1
2026-03-23 11:35:00-04:00,6780.0,6780.0,6780.0,6780.0,2
2026-03-26 16:10:00-04:00,6660.0,6660.0,6660.0,6660.0,2
2026-03-26 16:20:00-04:00,6645.0,6645.0,6645.0,6645.0,1
2026-03-27 11:20:00-04:00,6580.0,6580.0,6580.0,6580.0,1
2026-03-29 18:05:00-04:00,6466.0,6466.0,6466.0,6466.0,2
2026-03-29 19:00:00-04:00,6480.0,6480.0,6480.0,6480.0,1
2026-03-29 19:30:00-04:00,6466.0,6466.0,6466.0,6466.0,1
2026-03-29 19:45:00-04:00,6466.0,6466.0,6466.0,6466.0,1
2026-03-29 20:15:00-04:00,6477.0,6477.0,6477.0,6477.0,2
2026-03-30 07:20:00-04:00,6550.0,6550.0,6550.0,6550.0,1
2026-03-31 09:45:00-04:00,6573.0,6573.0,6573.0,6573.0,1
2026-04-01 12:05:00-04:00,6743.75,6743.75,6743.75,6743.75,1
2026-04-02 10:10:00-04:00,6670.0,6670.0,6670.0,6670.0,2
2026-04-05 21:05:00-04:00,6709.75,6709.75,6709.75,6709.75,1
2026-04-05 21:55:00-04:00,6709.5,6709.5,6709.5,6709.5,1
2026-04-06 04:20:00-04:00,6740.75,6740.75,6740.75,6740.75,1
2026-04-06 10:00:00-04:00,6751.75,6751.75,6751.75,6751.75,1
2026-04-06 10:55:00-04:00,6741.75,6741.75,6741.75,6741.75,1
2026-04-06 11:10:00-04:00,6741.75,6741.75,6741.75,6741.75,1
2026-04-06 12:00:00-04:00,6741.5,6741.5,6741.5,6741.5,1
2026-04-06 12:15:00-04:00,6740.5,6740.5,6740.5,6740.5,1
2026-04-06 13:00:00-04:00,6740.25,6740.25,6740.25,6740.25,1
2026-04-06 14:25:00-04:00,6747.5,6747.5,6747.5,6747.5,1
2026-04-06 18:20:00-04:00,6747.25,6747.25,6747.25,6747.25,1
2026-04-06 23:45:00-04:00,6722.75,6722.75,6722.75,6722.75,1
2026-04-07 00:20:00-04:00,6723.0,6723.0,6723.0,6723.0,1
2026-04-07 00:30:00-04:00,6724.25,6724.25,6724.25,6724.25,1
2026-04-07 02:00:00-04:00,6724.0,6724.0,6724.0,6724.0,1
2026-04-07 12:00:00-04:00,6702.75,6706.75,6702.75,6706.75,2
2026-04-07 14:55:00-04:00,6702.5,6702.5,6702.5,6702.5,1
2026-04-07 18:00:00-04:00,6793.0,6793.0,6793.0,6793.0,1
2026-04-07 18:35:00-04:00,6850.0,6850.0,6850.0,6850.0,1
2026-04-07 19:00:00-04:00,6893.25,6893.25,6893.25,6893.25,1
2026-04-07 20:30:00-04:00,6893.0,6893.0,6893.0,6893.0,1
2026-04-08 07:05:00-04:00,6930.0,6930.0,6930.0,6930.0,1
2026-04-08 09:20:00-04:00,6935.0,6935.0,6935.0,6935.0,1
2026-04-08 11:00:00-04:00,6900.0,6904.0,6900.0,6904.0,2
2026-04-08 11:35:00-04:00,6907.75,6907.75,6907.75,6907.75,1
2026-04-09 03:40:00-04:00,6907.5,6907.5,6907.5,6907.5,1
2026-04-09 09:35:00-04:00,6914.75,6914.75,6914.75,6914.75,1
2026-04-09 13:05:00-04:00,6973.75,6973.75,6973.75,6973.75,1
2026-04-12 18:00:00-04:00,6903.0,6903.0,6903.0,6903.0,1
2026-04-12 18:35:00-04:00,6868.0,6868.0,6868.0,6868.0,1
2026-04-12 23:55:00-04:00,6901.75,6901.75,6901.75,6901.75,1
2026-04-13 16:05:00-04:00,7028.0,7028.0,7028.0,7028.0,1
2026-04-14 08:10:00-04:00,7051.0,7051.0,7051.0,7051.0,25
2026-04-14 11:50:00-04:00,7103.0,7103.0,7103.0,7103.0,1
2026-04-14 13:20:00-04:00,7106.0,7106.0,7106.0,7106.0,2
2026-04-14 14:15:00-04:00,7104.0,7104.0,7104.0,7104.0,2
2026-04-14 15:50:00-04:00,7113.0,7113.0,7113.0,7113.0,2
2026-04-14 16:50:00-04:00,7113.5,7113.5,7113.5,7113.5,2
2026-04-14 19:45:00-04:00,7126.0,7126.0,7126.0,7126.0,2
2026-04-15 02:45:00-04:00,7108.0,7108.0,7108.0,7108.0,1
2026-04-15 06:15:00-04:00,7110.0,7110.0,7110.0,7110.0,1
2026-04-15 07:45:00-04:00,7120.0,7120.0,7120.0,7120.0,1
2026-04-15 09:45:00-04:00,7120.25,7120.25,7120.25,7120.25,1
2026-04-15 10:25:00-04:00,7140.0,7140.0,7140.0,7140.0,1
2026-04-15 12:20:00-04:00,7150.0,7150.0,7150.0,7150.0,2
2026-04-16 02:25:00-04:00,7192.0,7193.0,7192.0,7193.0,10
2026-04-16 02:30:00-04:00,7194.0,7194.0,7194.0,7194.0,2
2026-04-16 02:35:00-04:00,7192.75,7192.75,7192.75,7192.75,2
2026-04-16 02:40:00-04:00,7194.25,7197.25,7194.25,7197.25,11
2026-04-16 03:55:00-04:00,7185.0,7185.0,7185.0,7185.0,2
2026-04-16 04:05:00-04:00,7180.0,7180.0,7180.0,7180.0,1
2026-04-16 12:15:00-04:00,7201.5,7201.5,7201.5,7201.5,2
2026-04-16 12:30:00-04:00,7180.0,7180.0,7180.0,7180.0,1
2026-04-16 15:20:00-04:00,7185.0,7185.0,7185.0,7185.0,2
2026-04-16 23:10:00-04:00,7190.0,7190.0,7190.0,7190.0,1
2026-04-17 09:05:00-04:00,7255.0,7255.0,7255.0,7255.0,1
2026-04-17 12:35:00-04:00,7295.75,7295.75,7295.75,7295.75,2
2026-04-17 13:20:00-04:00,7276.0,7280.75,7270.5,7270.5,7
2026-04-17 15:10:00-04:00,7265.0,7265.0,7264.25,7264.25,3
2026-04-19 23:20:00-04:00,7234.75,7234.75,7234.75,7234.75,1
2026-04-19 23:45:00-04:00,7233.0,7233.0,7233.0,7233.0,15
2026-04-20 05:25:00-04:00,7237.5,7237.5,7237.5,7237.5,1
2026-04-20 14:05:00-04:00,7249.0,7249.0,7249.0,7249.0,1
2026-04-21 09:30:00-04:00,7264.5,7264.5,7264.5,7264.5,1
2026-04-21 11:15:00-04:00,7249.25,7249.25,7249.25,7249.25,1
2026-04-21 13:35:00-04:00,7225.0,7225.0,7225.0,7225.0,2
2026-04-21 21:55:00-04:00,7250.0,7250.0,7250.0,7250.0,1
2026-04-21 23:55:00-04:00,7250.5,7250.5,7250.5,7250.5,1
2026-04-22 08:10:00-04:00,7265.5,7265.5,7265.5,7265.5,1
2026-04-22 08:40:00-04:00,7256.0,7256.0,7256.0,7256.0,1
2026-04-22 08:45:00-04:00,7251.0,7251.0,7251.0,7251.0,1
2026-04-22 10:20:00-04:00,7276.0,7276.0,7276.0,7276.0,1
2026-04-22 10:25:00-04:00,7275.0,7275.0,7275.0,7275.0,1
2026-04-22 10:30:00-04:00,7266.25,7266.25,7266.25,7266.25,1
2026-04-22 10:50:00-04:00,7270.5,7270.5,7270.5,7270.5,1
2026-04-22 12:05:00-04:00,7270.0,7270.0,7270.0,7270.0,1
2026-04-22 12:20:00-04:00,7268.25,7268.25,7268.25,7268.25,1
2026-04-22 13:20:00-04:00,7272.75,7272.75,7272.75,7272.75,1
2026-04-22 13:35:00-04:00,7270.75,7270.75,7270.75,7270.75,1
2026-04-22 13:40:00-04:00,7271.5,7271.5,7271.5,7271.5,1
2026-04-22 13:45:00-04:00,7272.0,7272.0,7268.25,7268.25,2
2026-04-22 13:50:00-04:00,7270.5,7270.5,7270.5,7270.5,1
2026-04-22 14:10:00-04:00,7270.25,7270.25,7270.25,7270.25,1
2026-04-22 21:40:00-04:00,7255.0,7256.5,7255.0,7256.5,2
2026-04-23 02:20:00-04:00,7253.0,7253.0,7253.0,7253.0,1
2026-04-23 02:45:00-04:00,7254.0,7254.0,7254.0,7254.0,1
2026-04-23 10:15:00-04:00,7272.75,7274.5,7272.75,7274.5,2
2026-04-23 10:20:00-04:00,7270.5,7276.25,7270.5,7276.25,3
2026-04-23 11:05:00-04:00,7285.75,7285.75,7285.75,7285.75,1
2026-04-23 13:00:00-04:00,7272.25,7272.25,7272.25,7272.25,1
2026-04-23 13:40:00-04:00,7216.0,7216.0,7216.0,7216.0,1
2026-04-23 13:55:00-04:00,7228.5,7228.5,7228.5,7228.5,1
2026-04-23 20:50:00-04:00,7268.0,7268.0,7268.0,7268.0,1
2026-04-24 11:45:00-04:00,7295.25,7295.25,7295.25,7295.25,1
2026-04-24 11:50:00-04:00,7302.5,7302.5,7302.5,7302.5,1
2026-04-24 12:10:00-04:00,7301.0,7301.0,7301.0,7301.0,1
2026-04-24 13:50:00-04:00,7308.0,7308.0,7305.25,7305.25,10
2026-04-24 16:05:00-04:00,7304.5,7304.5,7304.5,7304.5,1
2026-04-26 22:00:00-04:00,7319.5,7319.5,7319.5,7319.5,2
2026-04-27 11:00:00-04:00,7292.5,7292.5,7292.5,7292.5,1
2026-04-27 11:20:00-04:00,7290.5,7290.5,7290.5,7290.5,1
2026-04-27 12:10:00-04:00,7306.5,7306.5,7306.5,7306.5,1
2026-04-27 13:30:00-04:00,7316.0,7316.0,7316.0,7316.0,1
2026-04-28 09:25:00-04:00,7283.25,7283.25,7283.25,7283.25,3
2026-04-28 09:30:00-04:00,7284.25,7285.5,7279.25,7279.25,3
2026-04-28 11:15:00-04:00,7274.0,7275.0,7268.5,7275.0,3
2026-04-28 11:20:00-04:00,7265.5,7265.5,7265.5,7265.5,1
2026-04-28 13:35:00-04:00,7273.75,7273.75,7273.75,7273.75,1
2026-04-28 15:50:00-04:00,7284.0,7285.0,7283.0,7283.0,3
2026-04-28 15:55:00-04:00,7283.0,7283.0,7283.0,7283.0,2
2026-04-28 16:00:00-04:00,7282.0,7282.0,7282.0,7282.0,1
2026-04-28 18:40:00-04:00,7283.75,7283.75,7283.75,7283.75,1
2026-04-29 09:30:00-04:00,7265.5,7265.5,7263.5,7263.5,2
2026-04-29 10:35:00-04:00,7284.0,7284.0,7284.0,7284.0,6
2026-04-29 11:05:00-04:00,7267.0,7267.0,7267.0,7267.0,1
2026-04-29 12:10:00-04:00,7265.75,7265.75,7265.75,7265.75,1
2026-04-29 12:30:00-04:00,7259.0,7259.0,7255.0,7255.0,2
2026-04-29 12:45:00-04:00,7261.5,7261.5,7261.5,7261.5,1
2026-04-29 12:50:00-04:00,7263.0,7263.0,7263.0,7263.0,2
2026-04-29 15:05:00-04:00,7268.5,7268.5,7268.5,7268.5,2
2026-04-29 15:30:00-04:00,7267.0,7267.0,7267.0,7267.0,1
2026-04-29 20:35:00-04:00,7310.25,7310.25,7310.25,7310.25,1
2026-04-30 00:35:00-04:00,7258.0,7258.0,7258.0,7258.0,1
2026-04-30 12:10:00-04:00,7316.0,7316.0,7316.0,7316.0,1
2026-04-30 15:50:00-04:00,7358.5,7358.5,7358.5,7358.5,1
2026-04-30 15:55:00-04:00,7355.0,7355.0,7353.0,7353.0,2
2026-04-30 20:15:00-04:00,7368.0,7368.0,7368.0,7368.0,1
2026-05-01 05:35:00-04:00,7360.5,7360.5,7360.5,7360.5,2
2026-05-01 08:10:00-04:00,7376.25,7376.25,7376.25,7376.25,1
2026-05-01 10:10:00-04:00,7407.0,7407.0,7407.0,7407.0,1
2026-05-01 10:20:00-04:00,7411.5,7411.5,7411.5,7411.5,1
2026-05-01 10:30:00-04:00,7404.5,7404.5,7404.5,7404.5,1
2026-05-01 10:45:00-04:00,7391.5,7391.5,7391.5,7391.5,1
2026-05-01 11:35:00-04:00,7401.25,7401.25,7401.25,7401.25,5
2026-05-01 12:55:00-04:00,7386.5,7386.5,7386.5,7386.5,1
2026-05-01 13:00:00-04:00,7384.25,7384.25,7384.25,7384.25,4
2026-05-01 13:40:00-04:00,7393.0,7393.0,7393.0,7393.0,1
2026-05-01 14:10:00-04:00,7385.5,7385.5,7385.5,7385.5,1
2026-05-01 15:05:00-04:00,7383.0,7383.0,7383.0,7383.0,1
2026-05-01 15:20:00-04:00,7385.0,7385.0,7385.0,7385.0,1
2026-05-01 15:55:00-04:00,7376.0,7376.0,7376.0,7376.0,1
2026-05-01 16:00:00-04:00,7370.0,7370.0,7370.0,7370.0,1
2026-05-01 16:50:00-04:00,7363.0,7363.5,7362.0,7362.0,4
2026-05-01 16:55:00-04:00,7362.5,7362.5,7362.5,7362.5,3
2026-05-03 19:35:00-04:00,7376.0,7376.0,7376.0,7376.0,2
2026-05-03 19:40:00-04:00,7374.0,7374.0,7374.0,7374.0,6
2026-05-04 10:05:00-04:00,7367.0,7367.0,7367.0,7367.0,1
2026-05-04 10:30:00-04:00,7378.75,7378.75,7378.75,7378.75,1
2026-05-04 10:45:00-04:00,7385.75,7385.75,7385.75,7385.75,1
2026-05-04 11:35:00-04:00,7344.0,7344.0,7344.0,7344.0,1
2026-05-04 12:10:00-04:00,7318.0,7318.0,7318.0,7318.0,1
2026-05-04 12:15:00-04:00,7329.0,7329.0,7329.0,7329.0,1
2026-05-04 13:05:00-04:00,7335.0,7335.0,7335.0,7335.0,1
2026-05-04 21:55:00-04:00,7349.0,7349.0,7349.0,7349.0,1
2026-05-04 22:05:00-04:00,7350.0,7350.0,7350.0,7350.0,1
2026-05-05 10:00:00-04:00,7385.0,7385.0,7385.0,7385.0,1
2026-05-05 10:15:00-04:00,7383.0,7385.25,7383.0,7385.25,7
2026-05-05 10:40:00-04:00,7392.5,7392.5,7392.5,7392.5,1
2026-05-05 15:50:00-04:00,7407.25,7407.25,7400.0,7400.0,2
2026-05-05 16:25:00-04:00,7417.0,7417.0,7417.0,7417.0,2
2026-05-05 16:30:00-04:00,7415.0,7415.0,7415.0,7415.0,1
2026-05-05 18:50:00-04:00,7415.0,7415.0,7415.0,7415.0,1
2026-05-05 20:25:00-04:00,7419.0,7419.0,7419.0,7419.0,3
2026-05-05 22:25:00-04:00,7419.0,7419.0,7419.0,7419.0,3
2026-05-06 04:30:00-04:00,7420.0,7420.0,7420.0,7420.0,3
2026-05-06 04:55:00-04:00,7450.5,7450.5,7450.5,7450.5,1
2026-05-06 05:00:00-04:00,7447.0,7447.0,7447.0,7447.0,3
2026-05-06 05:20:00-04:00,7448.0,7448.0,7448.0,7448.0,3
2026-05-06 06:45:00-04:00,7474.0,7474.0,7474.0,7474.0,1
2026-05-06 07:50:00-04:00,7462.0,7464.0,7462.0,7464.0,2
2026-05-06 09:10:00-04:00,7447.0,7447.0,7447.0,7447.0,3
2026-05-06 10:40:00-04:00,7478.0,7478.0,7478.0,7478.0,1
2026-05-06 11:00:00-04:00,7483.25,7483.25,7483.25,7483.25,1
2026-05-06 12:45:00-04:00,7477.0,7477.0,7477.0,7477.0,1
2026-05-06 13:45:00-04:00,7485.0,7485.0,7485.0,7485.0,1
2026-05-06 14:10:00-04:00,7485.5,7485.5,7485.5,7485.5,1
2026-05-06 14:20:00-04:00,7495.0,7495.0,7495.0,7495.0,1
2026-05-06 15:05:00-04:00,7502.25,7502.25,7502.25,7502.25,1
2026-05-06 16:10:00-04:00,7508.75,7508.75,7508.75,7508.75,1
2026-05-06 22:15:00-04:00,7498.5,7498.5,7498.5,7498.5,1
2026-05-06 23:15:00-04:00,7506.0,7506.0,7506.0,7506.0,1
2026-05-07 01:50:00-04:00,7511.5,7511.5,7511.5,7511.5,1
2026-05-07 02:20:00-04:00,7505.25,7505.25,7505.25,7505.25,1
2026-05-07 02:40:00-04:00,7515.75,7515.75,7515.75,7515.75,1
2026-05-07 06:55:00-04:00,7508.25,7508.25,7508.25,7508.25,2
2026-05-07 07:00:00-04:00,7508.5,7509.5,7508.5,7509.5,3
2026-05-07 08:25:00-04:00,7519.0,7519.0,7519.0,7519.0,1
2026-05-07 08:35:00-04:00,7513.0,7513.0,7513.0,7513.0,1
2026-05-07 10:00:00-04:00,7507.0,7507.0,7507.0,7507.0,4
2026-05-07 10:50:00-04:00,7522.0,7522.0,7522.0,7522.0,1
2026-05-07 10:55:00-04:00,7519.75,7519.75,7519.75,7519.75,1
2026-05-07 12:00:00-04:00,7501.25,7501.25,7498.0,7498.0,2
2026-05-07 12:05:00-04:00,7495.0,7495.0,7495.0,7495.0,1
2026-05-07 14:20:00-04:00,7480.0,7480.0,7480.0,7480.0,2
2026-05-07 15:15:00-04:00,7475.0,7475.0,7475.0,7475.0,2
2026-05-07 15:35:00-04:00,7476.0,7477.0,7476.0,7477.0,4
2026-05-08 09:55:00-04:00,7520.0,7520.0,7520.0,7520.0,1
2026-05-08 10:25:00-04:00,7531.5,7531.5,7531.5,7531.5,1
2026-05-08 14:55:00-04:00,7525.0,7525.0,7525.0,7525.0,1
2026-05-08 15:50:00-04:00,7538.25,7538.25,7538.25,7538.25,1
2026-05-10 21:00:00-04:00,7515.0,7515.0,7515.0,7515.0,3
2026-05-10 23:00:00-04:00,7526.0,7526.0,7526.0,7526.0,1
2026-05-11 05:55:00-04:00,7536.5,7536.5,7536.5,7536.5,1
2026-05-11 09:40:00-04:00,7537.5,7537.5,7537.5,7537.5,1
2026-05-11 09:45:00-04:00,7555.25,7555.25,7555.25,7555.25,2
2026-05-11 11:10:00-04:00,7558.0,7558.0,7558.0,7558.0,2
2026-05-11 11:15:00-04:00,7556.5,7556.5,7556.5,7556.5,1
2026-05-11 14:00:00-04:00,7569.0,7569.0,7569.0,7569.0,1
2026-05-11 14:55:00-04:00,7556.0,7556.0,7556.0,7556.0,2
2026-05-11 15:00:00-04:00,7549.0,7549.0,7548.0,7548.0,2
2026-05-11 15:05:00-04:00,7550.0,7550.0,7550.0,7550.0,2
2026-05-11 15:55:00-04:00,7556.5,7556.5,7556.5,7556.5,1
2026-05-11 16:50:00-04:00,7552.0,7552.0,7552.0,7552.0,4
2026-05-11 21:20:00-04:00,7540.0,7540.0,7540.0,7540.0,4
2026-05-12 00:50:00-04:00,7539.5,7539.5,7539.5,7539.5,1
2026-05-12 09:20:00-04:00,7536.0,7536.0,7536.0,7536.0,1
2026-05-12 09:30:00-04:00,7527.75,7527.75,7527.75,7527.75,1
2026-05-12 10:40:00-04:00,7511.75,7511.75,7511.75,7511.75,1
2026-05-12 13:10:00-04:00,7496.5,7496.5,7496.5,7496.5,1
2026-05-12 14:35:00-04:00,7524.75,7527.25,7524.75,7527.25,3
2026-05-12 15:50:00-04:00,7547.0,7547.0,7545.25,7545.25,3
2026-05-12 18:20:00-04:00,7543.0,7543.0,7543.0,7543.0,1
2026-05-12 19:45:00-04:00,7529.0,7529.0,7529.0,7529.0,1
2026-05-12 20:20:00-04:00,7538.0,7538.0,7538.0,7538.0,1
2026-05-12 21:00:00-04:00,7540.0,7540.0,7540.0,7540.0,1
2026-05-12 21:25:00-04:00,7542.0,7542.0,7542.0,7542.0,1
2026-05-12 21:40:00-04:00,7546.0,7546.0,7546.0,7546.0,1
2026-05-12 21:45:00-04:00,7547.0,7547.0,7547.0,7547.0,1
2026-05-12 22:25:00-04:00,7547.5,7547.5,7547.5,7547.5,1
2026-05-12 23:00:00-04:00,7542.75,7544.0,7542.75,7544.0,2
2026-05-12 23:30:00-04:00,7547.75,7550.0,7547.75,7550.0,5
2026-05-13 01:20:00-04:00,7557.0,7557.0,7557.0,7557.0,1
2026-05-13 02:55:00-04:00,7555.75,7555.75,7555.75,7555.75,1
2026-05-13 08:30:00-04:00,7538.5,7538.5,7535.25,7535.25,5
2026-05-13 10:00:00-04:00,7530.25,7530.25,7530.25,7530.25,1
2026-05-13 10:15:00-04:00,7535.25,7535.25,7534.25,7534.25,2
2026-05-13 10:25:00-04:00,7547.0,7547.0,7547.0,7547.0,1
2026-05-13 11:10:00-04:00,7551.0,7551.0,7549.0,7549.0,5
2026-05-13 11:20:00-04:00,7556.0,7556.0,7556.0,7556.0,1
2026-05-13 11:45:00-04:00,7559.75,7559.75,7559.75,7559.75,2
2026-05-13 12:05:00-04:00,7565.5,7565.5,7565.5,7565.5,2
2026-05-13 12:25:00-04:00,7581.5,7581.5,7581.5,7581.5,1
2026-05-13 12:55:00-04:00,7585.0,7585.0,7585.0,7585.0,1
2026-05-13 14:35:00-04:00,7592.5,7592.5,7592.5,7592.5,1
2026-05-13 15:45:00-04:00,7600.0,7600.0,7600.0,7600.0,1
2026-05-13 15:55:00-04:00,7588.0,7588.0,7588.0,7588.0,1
2026-05-13 16:00:00-04:00,7587.0,7587.0,7587.0,7587.0,1
2026-05-13 16:30:00-04:00,7596.0,7596.5,7596.0,7596.5,4
2026-05-13 18:45:00-04:00,7600.0,7600.0,7600.0,7600.0,1
2026-05-13 21:35:00-04:00,7602.25,7602.25,7602.25,7602.25,1
2026-05-13 23:15:00-04:00,7602.0,7602.0,7602.0,7602.0,1
2026-05-14 03:00:00-04:00,7602.5,7602.5,7602.5,7602.5,1
2026-05-14 06:50:00-04:00,7609.0,7609.25,7609.0,7609.25,5
2026-05-14 09:05:00-04:00,7603.5,7603.5,7603.5,7603.5,1
2026-05-14 09:25:00-04:00,7601.5,7601.5,7601.5,7601.5,6
2026-05-14 09:45:00-04:00,7620.0,7620.0,7617.75,7617.75,4
2026-05-14 10:35:00-04:00,7630.75,7630.75,7630.75,7630.75,1
2026-05-14 11:20:00-04:00,7652.5,7652.5,7652.5,7652.5,1
2026-05-14 13:30:00-04:00,7635.0,7635.0,7635.0,7635.0,1
2026-05-14 13:35:00-04:00,7638.0,7638.0,7638.0,7638.0,1
2026-05-14 13:50:00-04:00,7647.0,7647.0,7647.0,7647.0,1
2026-05-14 14:00:00-04:00,7636.5,7636.5,7636.5,7636.5,2
2026-05-14 14:35:00-04:00,7646.75,7646.75,7646.75,7646.75,1
2026-05-14 15:45:00-04:00,7651.0,7651.0,7651.0,7651.0,1
2026-05-14 15:50:00-04:00,7648.0,7648.0,7648.0,7648.0,1
2026-05-14 15:55:00-04:00,7647.0,7647.0,7647.0,7647.0,1
2026-05-14 16:50:00-04:00,7643.0,7643.5,7643.0,7643.5,4
2026-05-14 16:55:00-04:00,7642.0,7642.0,7642.0,7642.0,1
2026-05-14 19:30:00-04:00,7647.75,7647.75,7647.75,7647.75,1
2026-05-14 21:00:00-04:00,7639.5,7639.5,7639.5,7639.5,1
2026-05-14 21:05:00-04:00,7633.0,7633.0,7633.0,7633.0,1
2026-05-15 01:20:00-04:00,7608.5,7608.5,7608.5,7608.5,1
2026-05-15 02:35:00-04:00,7595.25,7595.25,7595.25,7595.25,1
2026-05-15 03:35:00-04:00,7598.0,7598.0,7598.0,7598.0,1
2026-05-15 06:30:00-04:00,7574.75,7574.75,7574.75,7574.75,1
2026-05-15 07:40:00-04:00,7567.5,7567.5,7567.5,7567.5,1
2026-05-15 08:55:00-04:00,7554.5,7554.5,7554.5,7554.5,1
2026-05-15 09:25:00-04:00,7574.25,7574.25,7574.25,7574.25,1
2026-05-15 09:30:00-04:00,7579.25,7579.25,7572.75,7572.75,2
2026-05-15 10:10:00-04:00,7560.75,7560.75,7560.75,7560.75,1
2026-05-15 10:45:00-04:00,7570.5,7570.5,7570.5,7570.5,1
2026-05-15 11:05:00-04:00,7563.0,7563.0,7562.5,7562.5,2
2026-05-15 11:10:00-04:00,7569.0,7569.0,7569.0,7569.0,2
2026-05-15 11:40:00-04:00,7559.25,7559.25,7559.25,7559.25,1
2026-05-15 13:35:00-04:00,7585.0,7585.0,7585.0,7585.0,1
2026-05-17 18:25:00-04:00,7544.0,7544.0,7544.0,7544.0,1
2026-05-17 19:50:00-04:00,7536.0,7536.0,7536.0,7536.0,1
2026-05-17 22:30:00-04:00,7511.5,7511.5,7511.5,7511.5,1
2026-05-17 23:05:00-04:00,7505.75,7505.75,7505.75,7505.75,3
2026-05-18 03:45:00-04:00,7508.25,7508.25,7508.25,7508.25,1
2026-05-18 04:15:00-04:00,7521.5,7521.5,7521.5,7521.5,2
2026-05-18 06:50:00-04:00,7519.5,7519.5,7519.5,7519.5,1
2026-05-18 08:30:00-04:00,7540.75,7540.75,7540.75,7540.75,1
2026-05-18 09:40:00-04:00,7543.0,7546.5,7543.0,7546.5,3
2026-05-18 10:30:00-04:00,7540.0,7540.0,7540.0,7540.0,1
2026-05-18 10:35:00-04:00,7541.0,7541.0,7541.0,7541.0,1
2026-05-18 10:50:00-04:00,7543.0,7543.0,7543.0,7543.0,2
2026-05-18 10:55:00-04:00,7541.0,7541.0,7541.0,7541.0,1
2026-05-18 11:00:00-04:00,7536.25,7536.25,7536.25,7536.25,5
2026-05-18 11:30:00-04:00,7521.0,7521.0,7521.0,7521.0,1
2026-05-18 11:50:00-04:00,7527.5,7527.5,7527.5,7527.5,1
2026-05-18 12:10:00-04:00,7527.0,7527.0,7527.0,7527.0,1
2026-05-18 12:25:00-04:00,7506.25,7506.25,7506.25,7506.25,1
2026-05-18 14:10:00-04:00,7510.25,7510.25,7510.25,7510.25,1
2026-05-18 14:55:00-04:00,7494.25,7494.25,7494.25,7494.25,1
2026-05-18 15:00:00-04:00,7522.0,7522.0,7522.0,7522.0,1
2026-05-18 23:25:00-04:00,7534.0,7536.0,7534.0,7536.0,2
2026-05-18 23:45:00-04:00,7533.0,7533.0,7533.0,7533.0,2
2026-05-19 01:55:00-04:00,7520.0,7520.0,7520.0,7520.0,1
2026-05-19 02:10:00-04:00,7519.5,7519.5,7519.5,7519.5,1
2026-05-19 07:00:00-04:00,7517.75,7517.75,7517.75,7517.75,1
2026-05-19 10:15:00-04:00,7486.0,7486.25,7486.0,7486.25,6
2026-05-19 10:40:00-04:00,7488.0,7490.0,7488.0,7490.0,3
2026-05-19 10:55:00-04:00,7486.5,7486.5,7486.5,7486.5,1
2026-05-19 11:00:00-04:00,7486.75,7490.0,7486.75,7490.0,2
2026-05-19 11:10:00-04:00,7492.0,7492.0,7492.0,7492.0,2
2026-05-19 11:50:00-04:00,7494.5,7496.0,7494.5,7496.0,2
2026-05-19 12:35:00-04:00,7500.0,7500.0,7500.0,7500.0,1
2026-05-19 13:40:00-04:00,7530.0,7530.0,7530.0,7530.0,1
2026-05-19 16:00:00-04:00,7490.25,7490.25,7490.25,7490.25,1
2026-05-19 21:20:00-04:00,7498.75,7498.75,7494.5,7494.5,2
2026-05-19 21:40:00-04:00,7485.0,7485.0,7485.0,7485.0,1
2026-05-20 01:10:00-04:00,7489.0,7489.0,7489.0,7489.0,1
2026-05-20 02:00:00-04:00,7495.0,7495.0,7495.0,7495.0,2
2026-05-20 02:10:00-04:00,7495.0,7495.0,7495.0,7495.0,1
2026-05-20 08:25:00-04:00,7529.75,7529.75,7529.75,7529.75,1
2026-05-20 09:05:00-04:00,7523.0,7523.0,7523.0,7523.0,2
2026-05-20 09:30:00-04:00,7512.25,7512.25,7512.25,7512.25,1
2026-05-20 09:40:00-04:00,7512.0,7515.75,7512.0,7515.75,11
2026-05-20 09:45:00-04:00,7524.0,7524.0,7520.0,7520.0,10
2026-05-20 09:50:00-04:00,7519.25,7519.25,7519.25,7519.25,10
2026-05-20 10:55:00-04:00,7548.75,7550.0,7548.75,7550.0,2
2026-05-20 11:20:00-04:00,7565.5,7565.5,7565.5,7565.5,1
2026-05-20 11:45:00-04:00,7566.0,7566.0,7566.0,7566.0,1
2026-05-20 12:25:00-04:00,7547.25,7547.25,7547.25,7547.25,1
2026-05-20 13:35:00-04:00,7565.5,7565.5,7565.5,7565.5,2
2026-05-20 18:25:00-04:00,7532.0,7532.0,7532.0,7532.0,1
2026-05-20 21:20:00-04:00,7553.5,7553.5,7548.5,7548.5,2
2026-05-21 09:55:00-04:00,7553.25,7553.25,7553.25,7553.25,1
2026-05-21 10:20:00-04:00,7539.75,7539.75,7539.75,7539.75,2
2026-05-21 11:20:00-04:00,7548.0,7548.0,7548.0,7548.0,1
2026-05-21 11:35:00-04:00,7539.0,7539.0,7539.0,7539.0,1
2026-05-21 14:05:00-04:00,7587.25,7587.25,7587.25,7587.25,1
2026-05-21 18:50:00-04:00,7597.75,7597.75,7597.75,7597.75,2
2026-05-22 09:55:00-04:00,7627.75,7627.75,7627.75,7627.75,1
2026-05-22 10:05:00-04:00,7618.0,7618.0,7618.0,7618.0,2
2026-05-22 10:55:00-04:00,7624.5,7624.5,7624.5,7624.5,1
2026-05-22 11:15:00-04:00,7629.75,7629.75,7629.75,7629.75,1
2026-05-22 13:25:00-04:00,7641.0,7644.0,7635.75,7644.0,8
2026-05-22 13:30:00-04:00,7645.75,7645.75,7640.0,7640.0,3
2026-05-22 13:35:00-04:00,7639.75,7639.75,7639.75,7639.75,1
2026-05-22 13:45:00-04:00,7638.0,7638.0,7638.0,7638.0,2
2026-05-22 14:00:00-04:00,7629.0,7629.0,7629.0,7629.0,5
2026-05-22 14:05:00-04:00,7630.0,7630.0,7630.0,7630.0,1
2026-05-22 16:00:00-04:00,7614.0,7614.0,7614.0,7614.0,2
2026-05-24 19:35:00-04:00,7663.25,7663.25,7663.25,7663.25,2
2026-05-24 21:35:00-04:00,7670.75,7670.75,7670.75,7670.75,2
2026-05-25 00:20:00-04:00,7683.0,7683.0,7683.0,7683.0,1
2026-05-25 02:35:00-04:00,7683.0,7683.0,7683.0,7683.0,1
2026-05-25 03:40:00-04:00,7682.75,7682.75,7682.75,7682.75,1
2026-05-25 08:20:00-04:00,7690.0,7690.0,7690.0,7690.0,1
2026-05-25 08:35:00-04:00,7686.25,7686.25,7686.25,7686.25,1
2026-05-25 20:05:00-04:00,7666.0,7666.0,7666.0,7666.0,1
2026-05-25 21:20:00-04:00,7660.0,7660.0,7660.0,7660.0,1
2026-05-25 21:40:00-04:00,7656.0,7656.0,7656.0,7656.0,5
2026-05-25 23:05:00-04:00,7662.5,7662.5,7662.5,7662.5,2
2026-05-25 23:10:00-04:00,7662.5,7662.75,7660.5,7660.5,6
2026-05-26 07:55:00-04:00,7666.5,7666.5,7665.0,7665.0,2
2026-05-26 08:05:00-04:00,7663.75,7663.75,7663.75,7663.75,5
2026-05-26 08:15:00-04:00,7665.0,7665.0,7665.0,7665.0,10
2026-05-26 08:45:00-04:00,7667.25,7671.25,7667.25,7671.25,2
2026-05-26 10:25:00-04:00,7670.5,7670.5,7670.5,7670.5,1
2026-05-26 10:35:00-04:00,7678.0,7678.0,7676.25,7676.25,3
2026-05-26 10:50:00-04:00,7673.0,7673.0,7673.0,7673.0,1
2026-05-26 11:30:00-04:00,7656.0,7656.0,7656.0,7656.0,6
2026-05-26 14:20:00-04:00,7656.0,7656.0,7656.0,7656.0,2
2026-05-26 14:30:00-04:00,7657.0,7657.0,7657.0,7657.0,4
2026-05-26 15:50:00-04:00,7666.0,7666.0,7666.0,7666.0,1
2026-05-27 10:05:00-04:00,7666.5,7666.5,7666.5,7666.5,5
2026-05-27 11:05:00-04:00,7655.0,7655.0,7655.0,7655.0,1
2026-05-27 11:55:00-04:00,7648.0,7648.0,7648.0,7648.0,1
2026-05-27 18:05:00-04:00,7680.0,7680.0,7680.0,7680.0,4
2026-05-27 18:25:00-04:00,7671.0,7671.0,7671.0,7671.0,3
2026-05-27 19:40:00-04:00,7662.0,7662.0,7662.0,7662.0,1
2026-05-27 19:45:00-04:00,7662.0,7662.0,7662.0,7662.0,2
2026-05-27 22:30:00-04:00,7664.5,7664.5,7664.5,7664.5,1
2026-05-27 23:20:00-04:00,7653.0,7653.0,7653.0,7653.0,1
2026-05-28 04:55:00-04:00,7657.5,7657.5,7657.5,7657.5,1
2026-05-28 05:30:00-04:00,7655.0,7655.0,7655.0,7655.0,1
2026-05-28 06:05:00-04:00,7655.0,7655.0,7655.0,7655.0,1
2026-05-28 09:35:00-04:00,7652.0,7652.0,7652.0,7652.0,3
2026-05-28 10:10:00-04:00,7696.5,7696.5,7696.5,7696.5,1
2026-05-28 10:30:00-04:00,7680.0,7680.0,7680.0,7680.0,2
2026-05-28 11:05:00-04:00,7698.5,7698.5,7698.5,7698.5,1
2026-05-28 11:25:00-04:00,7699.5,7702.0,7699.5,7702.0,2
2026-05-28 12:10:00-04:00,7702.0,7702.0,7702.0,7702.0,1
2026-05-28 12:25:00-04:00,7706.5,7706.5,7706.5,7706.5,1
2026-05-28 12:50:00-04:00,7704.0,7704.0,7704.0,7704.0,1
2026-05-28 14:10:00-04:00,7707.75,7707.75,7707.75,7707.75,1
2026-05-28 14:35:00-04:00,7705.5,7705.5,7705.5,7705.5,1
2026-05-28 15:55:00-04:00,7708.0,7709.0,7708.0,7709.0,2
2026-05-28 16:05:00-04:00,7713.75,7714.5,7713.75,7714.5,3
2026-05-28 16:15:00-04:00,7716.0,7716.0,7716.0,7716.0,1
2026-05-28 16:50:00-04:00,7715.0,7715.0,7715.0,7715.0,2
2026-05-28 21:00:00-04:00,7701.25,7701.25,7701.25,7701.25,1
2026-05-28 21:05:00-04:00,7707.75,7707.75,7707.75,7707.75,1
2026-05-28 23:50:00-04:00,7710.0,7710.0,7710.0,7710.0,1
2026-05-29 00:05:00-04:00,7710.0,7710.0,7710.0,7710.0,1
2026-05-29 06:05:00-04:00,7713.0,7713.0,7713.0,7713.0,6
2026-05-29 07:20:00-04:00,7722.0,7722.0,7722.0,7722.0,1
2026-05-29 09:40:00-04:00,7727.0,7728.25,7727.0,7728.25,2
2026-05-29 09:45:00-04:00,7734.0,7734.0,7734.0,7734.0,1
2026-05-29 09:55:00-04:00,7736.0,7736.0,7736.0,7736.0,1
2026-05-29 10:25:00-04:00,7717.5,7717.5,7717.5,7717.5,1
2026-05-29 10:35:00-04:00,7715.0,7715.0,7715.0,7715.0,2
2026-05-29 10:50:00-04:00,7721.0,7721.0,7721.0,7721.0,1
2026-05-29 10:55:00-04:00,7720.0,7720.0,7720.0,7720.0,1
2026-05-29 11:00:00-04:00,7716.5,7716.5,7716.5,7716.5,1
2026-05-29 11:20:00-04:00,7720.0,7724.0,7720.0,7724.0,2
2026-05-29 11:25:00-04:00,7726.0,7726.0,7726.0,7726.0,1
2026-05-29 12:10:00-04:00,7730.0,7730.0,7730.0,7730.0,1
2026-05-29 12:40:00-04:00,7732.0,7732.0,7732.0,7732.0,1
2026-05-29 12:50:00-04:00,7727.5,7727.5,7727.5,7727.5,3
2026-05-29 13:10:00-04:00,7720.5,7720.5,7720.5,7720.5,1
2026-05-29 13:15:00-04:00,7726.0,7726.0,7726.0,7726.0,4
2026-05-29 13:20:00-04:00,7723.0,7723.0,7723.0,7723.0,5
2026-05-29 13:30:00-04:00,7721.0,7721.0,7721.0,7721.0,4
2026-05-29 13:55:00-04:00,7708.75,7708.75,7708.75,7708.75,1
2026-05-29 14:45:00-04:00,7718.0,7718.0,7718.0,7718.0,1
2026-05-29 15:00:00-04:00,7715.0,7715.0,7715.0,7715.0,5
2026-05-29 15:10:00-04:00,7721.0,7721.0,7721.0,7721.0,1
2026-05-29 15:20:00-04:00,7722.75,7722.75,7722.75,7722.75,4
2026-05-31 18:35:00-04:00,7720.5,7720.5,7720.5,7720.5,1
2026-05-31 20:00:00-04:00,7735.0,7735.0,7735.0,7735.0,1
2026-05-31 21:15:00-04:00,7738.5,7738.5,7738.5,7738.5,1
2026-05-31 22:20:00-04:00,7744.0,7744.0,7744.0,7744.0,1
2026-06-01 08:45:00-04:00,7740.0,7740.0,7740.0,7740.0,1
2026-06-01 09:25:00-04:00,7707.5,7707.5,7707.5,7707.5,1
2026-06-01 09:35:00-04:00,7720.0,7720.0,7720.0,7720.0,1
2026-06-01 09:55:00-04:00,7713.0,7713.0,7713.0,7713.0,1
2026-06-01 10:00:00-04:00,7708.25,7708.25,7708.25,7708.25,3
2026-06-01 10:10:00-04:00,7712.75,7712.75,7712.75,7712.75,5
2026-06-01 10:15:00-04:00,7714.0,7714.0,7714.0,7714.0,6
2026-06-01 10:25:00-04:00,7714.0,7714.0,7714.0,7714.0,5
2026-06-01 11:20:00-04:00,7716.0,7716.0,7716.0,7716.0,1
2026-06-01 11:30:00-04:00,7723.0,7723.0,7723.0,7723.0,4
2026-06-01 11:40:00-04:00,7727.0,7727.0,7727.0,7727.0,1
2026-06-01 11:45:00-04:00,7724.75,7724.75,7723.5,7723.5,6
2026-06-01 13:40:00-04:00,7743.5,7748.0,7743.5,7748.0,15
2026-06-01 14:05:00-04:00,7751.75,7751.75,7751.75,7751.75,1
2026-06-01 16:40:00-04:00,7743.0,7743.0,7743.0,7743.0,2
2026-06-01 20:35:00-04:00,7717.0,7717.0,7717.0,7717.0,1
2026-06-01 20:50:00-04:00,7708.0,7708.0,7708.0,7708.0,1
2026-06-01 20:55:00-04:00,7708.0,7708.0,7708.0,7708.0,3
2026-06-01 22:10:00-04:00,7704.75,7704.75,7704.75,7704.75,1
2026-06-01 22:20:00-04:00,7707.25,7707.25,7707.25,7707.25,1
2026-06-01 23:35:00-04:00,7705.5,7705.5,7705.5,7705.5,1
2026-06-02 02:35:00-04:00,7725.0,7725.0,7725.0,7725.0,2
2026-06-02 02:55:00-04:00,7727.5,7727.5,7727.5,7727.5,3
2026-06-02 03:05:00-04:00,7733.25,7733.25,7733.25,7733.25,1
2026-06-02 03:20:00-04:00,7730.5,7730.5,7730.5,7730.5,1
2026-06-02 06:25:00-04:00,7726.0,7726.0,7726.0,7726.0,1
2026-06-02 09:05:00-04:00,7718.0,7718.0,7718.0,7718.0,1
2026-06-02 09:45:00-04:00,7729.0,7729.0,7729.0,7729.0,3
2026-06-02 10:25:00-04:00,7729.0,7729.0,7729.0,7729.0,3
2026-06-02 10:40:00-04:00,7742.5,7742.5,7742.5,7742.5,1
2026-06-02 11:05:00-04:00,7752.75,7752.75,7752.75,7752.75,1
2026-06-02 11:20:00-04:00,7758.0,7758.0,7758.0,7758.0,2
2026-06-02 13:05:00-04:00,7753.0,7753.0,7753.0,7753.0,2
2026-06-02 14:40:00-04:00,7742.25,7742.25,7742.25,7742.25,1
2026-06-02 15:10:00-04:00,7748.75,7748.75,7748.75,7748.75,1
2026-06-02 15:55:00-04:00,7750.0,7750.0,7750.0,7750.0,1
2026-06-02 16:00:00-04:00,7753.25,7753.25,7753.25,7753.25,1
2026-06-02 16:50:00-04:00,7756.0,7756.0,7756.0,7756.0,2
2026-06-02 16:55:00-04:00,7756.25,7756.25,7756.25,7756.25,3
2026-06-02 22:20:00-04:00,7751.25,7751.25,7751.25,7751.25,1
2026-06-03 01:30:00-04:00,7749.0,7749.0,7749.0,7749.0,1
2026-06-03 03:10:00-04:00,7749.0,7749.0,7749.0,7749.0,2
2026-06-03 09:40:00-04:00,7728.0,7728.0,7728.0,7728.0,5
2026-06-03 09:45:00-04:00,7711.0,7711.0,7711.0,7711.0,1
2026-06-03 10:30:00-04:00,7722.0,7722.0,7722.0,7722.0,1
2026-06-03 11:55:00-04:00,7704.5,7704.5,7704.5,7704.5,1
2026-06-03 12:00:00-04:00,7705.5,7705.5,7705.5,7705.5,1
2026-06-03 12:10:00-04:00,7705.5,7705.5,7705.5,7705.5,1
2026-06-03 12:20:00-04:00,7700.0,7700.0,7697.75,7697.75,6
2026-06-03 12:25:00-04:00,7693.0,7693.0,7693.0,7693.0,1
2026-06-03 12:30:00-04:00,7695.5,7695.5,7695.5,7695.5,1
2026-06-03 12:40:00-04:00,7691.0,7693.75,7691.0,7693.75,2
2026-06-03 12:55:00-04:00,7705.0,7705.0,7705.0,7705.0,1
2026-06-03 13:00:00-04:00,7701.5,7701.5,7701.5,7701.5,1
2026-06-03 14:05:00-04:00,7706.25,7706.25,7706.25,7706.25,1
2026-06-03 15:25:00-04:00,7703.0,7703.0,7703.0,7703.0,1
2026-06-03 15:40:00-04:00,7709.0,7709.0,7709.0,7709.0,1
2026-06-03 15:55:00-04:00,7700.0,7700.0,7700.0,7700.0,1
2026-06-03 16:05:00-04:00,7694.25,7694.25,7694.25,7694.25,1
2026-06-03 16:40:00-04:00,7674.0,7674.0,7672.0,7672.0,6
2026-06-03 16:45:00-04:00,7671.0,7671.0,7671.0,7671.0,1
2026-06-03 16:55:00-04:00,7677.0,7677.0,7677.0,7677.0,1
2026-06-03 18:55:00-04:00,7673.25,7673.25,7673.25,7673.25,1
2026-06-03 20:15:00-04:00,7669.25,7669.25,7669.25,7669.25,1
2026-06-03 22:15:00-04:00,7659.75,7659.75,7657.25,7657.25,2
2026-06-04 00:30:00-04:00,7675.0,7675.0,7675.0,7675.0,1
2026-06-04 00:50:00-04:00,7677.25,7677.25,7677.25,7677.25,2
2026-06-04 07:35:00-04:00,7655.25,7655.25,7655.25,7655.25,3
2026-06-04 09:15:00-04:00,7678.25,7678.25,7678.25,7678.25,1
2026-06-04 09:30:00-04:00,7672.75,7672.75,7672.0,7672.0,2
2026-06-04 09:35:00-04:00,7686.0,7686.0,7686.0,7686.0,5
2026-06-04 09:45:00-04:00,7679.75,7679.75,7679.75,7679.75,1
2026-06-04 09:50:00-04:00,7675.5,7675.5,7675.5,7675.5,1
2026-06-04 09:55:00-04:00,7684.25,7688.75,7684.25,7688.75,2
2026-06-04 10:00:00-04:00,7685.25,7685.25,7685.25,7685.25,1
2026-06-04 10:25:00-04:00,7698.75,7698.75,7698.75,7698.75,1
2026-06-04 10:45:00-04:00,7693.5,7693.5,7693.5,7693.5,1
2026-06-04 11:00:00-04:00,7698.0,7698.0,7698.0,7698.0,1
2026-06-04 11:10:00-04:00,7710.5,7710.5,7710.5,7710.5,2
2026-06-04 11:15:00-04:00,7715.0,7715.0,7715.0,7715.0,2
2026-06-04 12:05:00-04:00,7716.25,7716.25,7716.25,7716.25,1
2026-06-04 12:40:00-04:00,7723.5,7723.5,7723.5,7723.5,1
2026-06-04 13:25:00-04:00,7725.5,7725.5,7725.5,7725.5,1
2026-06-04 13:30:00-04:00,7730.0,7730.0,7730.0,7730.0,1
2026-06-04 14:20:00-04:00,7736.0,7736.0,7736.0,7736.0,2
2026-06-04 15:30:00-04:00,7738.0,7738.0,7738.0,7738.0,2
2026-06-04 15:35:00-04:00,7738.0,7738.0,7738.0,7738.0,3
2026-06-04 15:40:00-04:00,7734.5,7734.5,7734.5,7734.5,1
2026-06-04 16:15:00-04:00,7722.0,7722.0,7722.0,7722.0,1
2026-06-04 16:25:00-04:00,7719.25,7719.25,7719.25,7719.25,1
2026-06-04 18:10:00-04:00,7713.25,7713.25,7713.25,7713.25,3
2026-06-04 19:20:00-04:00,7706.25,7706.25,7706.25,7706.25,1
2026-06-04 20:50:00-04:00,7689.5,7689.5,7689.5,7689.5,3
2026-06-04 21:25:00-04:00,7679.25,7679.25,7676.0,7676.0,2
2026-06-04 22:00:00-04:00,7690.25,7690.25,7690.25,7690.25,1
2026-06-04 22:45:00-04:00,7690.0,7690.0,7690.0,7690.0,1
2026-06-04 22:55:00-04:00,7692.0,7692.0,7692.0,7692.0,1
2026-06-05 03:00:00-04:00,7679.0,7679.0,7679.0,7679.0,1
2026-06-05 03:20:00-04:00,7676.0,7676.0,7676.0,7676.0,1
2026-06-05 09:00:00-04:00,7677.5,7678.75,7677.5,7678.75,7
2026-06-05 09:40:00-04:00,7660.0,7660.0,7660.0,7660.0,1
2026-06-05 09:55:00-04:00,7650.5,7650.5,7640.5,7640.5,2
2026-06-05 10:10:00-04:00,7650.25,7650.25,7650.25,7650.25,1
2026-06-05 10:15:00-04:00,7661.25,7661.25,7661.25,7661.25,1
2026-06-05 10:20:00-04:00,7650.0,7650.0,7650.0,7650.0,3
2026-06-05 10:25:00-04:00,7645.0,7645.0,7645.0,7645.0,1
2026-06-05 10:55:00-04:00,7647.75,7647.75,7647.75,7647.75,7
2026-06-05 11:10:00-04:00,7636.0,7636.0,7636.0,7636.0,1
2026-06-05 11:35:00-04:00,7633.25,7633.25,7624.0,7624.0,2
2026-06-05 11:50:00-04:00,7618.0,7618.0,7618.0,7618.0,1
2026-06-05 12:05:00-04:00,7605.25,7605.25,7605.25,7605.25,1
2026-06-05 12:10:00-04:00,7605.25,7605.25,7605.0,7605.0,3
2026-06-05 12:15:00-04:00,7601.0,7601.0,7600.0,7600.0,4
2026-06-05 12:30:00-04:00,7598.5,7598.5,7593.5,7593.5,3
2026-06-05 12:35:00-04:00,7596.75,7596.75,7596.75,7596.75,1
2026-06-05 13:45:00-04:00,7588.5,7588.5,7588.5,7588.5,1
2026-06-05 14:15:00-04:00,7568.75,7568.75,7568.75,7568.75,1
2026-06-05 15:00:00-04:00,7535.5,7535.5,7535.5,7535.5,1
2026-06-05 15:05:00-04:00,7535.25,7535.25,7535.25,7535.25,1
2026-06-05 15:10:00-04:00,7527.25,7527.25,7524.0,7524.0,2
2026-06-05 15:15:00-04:00,7508.0,7514.0,7508.0,7514.0,2
2026-06-05 15:20:00-04:00,7513.25,7513.25,7513.25,7513.25,1
2026-06-05 15:25:00-04:00,7523.5,7529.5,7523.5,7529.0,5
2026-06-05 15:30:00-04:00,7532.25,7532.25,7532.25,7532.25,1
2026-06-05 15:45:00-04:00,7536.5,7536.5,7536.5,7536.5,1
2026-06-05 15:50:00-04:00,7540.0,7540.0,7540.0,7540.0,2
2026-06-05 16:00:00-04:00,7514.0,7514.0,7507.5,7507.5,2
2026-06-05 16:10:00-04:00,7493.75,7493.75,7493.75,7493.75,1
2026-06-05 16:15:00-04:00,7493.0,7495.5,7493.0,7495.5,2
2026-06-07 18:00:00-04:00,7500.0,7500.0,7500.0,7500.0,1
2026-06-07 18:15:00-04:00,7513.0,7513.0,7513.0,7513.0,1
2026-06-07 18:20:00-04:00,7521.0,7521.0,7519.0,7519.0,2
2026-06-07 18:40:00-04:00,7515.0,7515.0,7515.0,7515.0,1
2026-06-07 19:55:00-04:00,7531.75,7531.75,7531.75,7531.75,1
2026-06-07 20:10:00-04:00,7528.5,7531.0,7528.5,7531.0,2
2026-06-07 20:15:00-04:00,7533.0,7533.0,7533.0,7533.0,1
2026-06-07 20:20:00-04:00,7540.0,7540.0,7540.0,7540.0,1
2026-06-07 20:35:00-04:00,7548.0,7548.0,7548.0,7548.0,1
2026-06-07 20:45:00-04:00,7543.5,7543.5,7543.5,7543.5,1
2026-06-07 20:55:00-04:00,7536.0,7536.0,7536.0,7536.0,1
2026-06-07 21:15:00-04:00,7530.0,7530.0,7527.75,7527.75,2
2026-06-07 21:55:00-04:00,7532.0,7532.0,7532.0,7532.0,1
2026-06-07 22:05:00-04:00,7532.0,7532.0,7532.0,7532.0,1
2026-06-07 22:20:00-04:00,7532.0,7532.0,7532.0,7532.0,10
2026-06-07 22:30:00-04:00,7530.0,7536.0,7530.0,7536.0,2
2026-06-08 01:10:00-04:00,7525.0,7525.0,7525.0,7525.0,1
2026-06-08 01:25:00-04:00,7529.5,7529.5,7529.5,7529.5,1
2026-06-08 04:35:00-04:00,7546.25,7546.25,7546.25,7546.25,1
2026-06-08 05:35:00-04:00,7558.75,7558.75,7558.75,7558.75,1
2026-06-08 06:50:00-04:00,7553.0,7553.0,7553.0,7553.0,1
2026-06-08 08:35:00-04:00,7590.0,7590.0,7590.0,7590.0,1
2026-06-08 09:15:00-04:00,7587.5,7587.5,7587.5,7587.5,1
2026-06-08 09:20:00-04:00,7594.0,7594.0,7594.0,7594.0,1
2026-06-08 09:30:00-04:00,7590.0,7590.0,7590.0,7590.0,1
2026-06-08 09:45:00-04:00,7580.5,7580.5,7572.75,7572.75,2
2026-06-08 10:00:00-04:00,7569.5,7569.5,7564.5,7564.5,2
2026-06-08 10:05:00-04:00,7568.5,7568.5,7568.5,7568.5,1
2026-06-08 10:15:00-04:00,7564.0,7564.0,7564.0,7564.0,1
2026-06-08 10:35:00-04:00,7582.25,7582.25,7582.25,7582.25,1
2026-06-08 10:40:00-04:00,7574.5,7574.5,7574.5,7574.5,1
2026-06-08 10:45:00-04:00,7589.5,7589.5,7589.5,7589.5,1
2026-06-08 10:50:00-04:00,7585.5,7585.5,7585.5,7585.5,1
2026-06-08 10:55:00-04:00,7591.0,7591.0,7591.0,7591.0,1
2026-06-08 11:00:00-04:00,7602.5,7602.5,7602.5,7602.5,2
2026-06-08 11:15:00-04:00,7601.0,7601.0,7601.0,7601.0,1
2026-06-08 11:30:00-04:00,7580.0,7580.0,7569.25,7569.25,3
2026-06-08 11:40:00-04:00,7584.75,7584.75,7584.75,7584.75,1
2026-06-08 11:55:00-04:00,7579.5,7579.5,7576.0,7576.0,4
2026-06-08 12:00:00-04:00,7575.0,7581.0,7572.25,7581.0,3
2026-06-08 12:05:00-04:00,7579.5,7579.5,7579.5,7579.5,1
2026-06-08 12:10:00-04:00,7574.0,7574.0,7574.0,7574.0,1
2026-06-08 12:25:00-04:00,7574.0,7574.0,7574.0,7574.0,1
2026-06-08 12:30:00-04:00,7571.25,7571.25,7570.0,7570.0,2
2026-06-08 12:35:00-04:00,7572.75,7573.0,7566.25,7566.25,7
2026-06-08 12:55:00-04:00,7571.0,7572.0,7571.0,7572.0,15
2026-06-08 13:00:00-04:00,7568.5,7568.5,7561.5,7561.5,2
2026-06-08 13:25:00-04:00,7553.25,7553.25,7553.25,7553.25,1
2026-06-08 15:05:00-04:00,7552.25,7552.25,7552.25,7552.25,1
2026-06-08 15:10:00-04:00,7543.5,7543.5,7542.5,7542.5,2
2026-06-08 15:15:00-04:00,7541.0,7541.0,7540.0,7540.0,3
2026-06-08 15:20:00-04:00,7539.0,7539.0,7538.0,7538.0,2
2026-06-08 15:25:00-04:00,7540.0,7540.0,7540.0,7540.0,1
2026-06-08 15:50:00-04:00,7546.75,7546.75,7546.75,7546.75,5
2026-06-08 19:15:00-04:00,7541.5,7541.5,7541.5,7541.5,1
2026-06-08 19:45:00-04:00,7539.0,7539.0,7539.0,7539.0,1
2026-06-08 21:05:00-04:00,7519.5,7519.5,7519.5,7519.5,1
2026-06-08 21:40:00-04:00,7545.0,7545.0,7545.0,7545.0,10
2026-06-09 08:00:00-04:00,7574.0,7574.0,7574.0,7574.0,1
2026-06-09 08:05:00-04:00,7573.0,7573.0,7571.0,7571.0,2
2026-06-09 08:20:00-04:00,7570.0,7570.0,7569.0,7569.0,2
2026-06-09 08:35:00-04:00,7580.0,7580.0,7580.0,7580.0,1
2026-06-09 09:25:00-04:00,7580.75,7580.75,7580.75,7580.75,1
2026-06-09 09:35:00-04:00,7589.75,7591.5,7589.75,7591.5,2
2026-06-09 09:40:00-04:00,7595.0,7601.0,7595.0,7601.0,4
2026-06-09 09:45:00-04:00,7615.75,7616.0,7615.75,7616.0,3
2026-06-09 09:55:00-04:00,7603.0,7603.0,7597.25,7597.25,2
2026-06-09 10:00:00-04:00,7595.0,7595.0,7590.0,7590.0,2
2026-06-09 10:10:00-04:00,7568.0,7568.0,7568.0,7568.0,1
2026-06-09 10:15:00-04:00,7566.25,7566.25,7543.0,7543.0,7
2026-06-09 10:20:00-04:00,7549.75,7549.75,7549.75,7549.75,1
2026-06-09 10:40:00-04:00,7549.5,7549.5,7545.0,7545.0,2
2026-06-09 10:45:00-04:00,7503.0,7503.0,7503.0,7503.0,1
2026-06-09 10:50:00-04:00,7503.25,7503.25,7503.25,7503.25,1
2026-06-09 10:55:00-04:00,7518.0,7525.0,7518.0,7525.0,2
2026-06-09 11:00:00-04:00,7528.5,7528.5,7522.5,7522.5,2
2026-06-09 11:05:00-04:00,7514.5,7514.5,7514.5,7514.5,1
2026-06-09 11:10:00-04:00,7528.0,7528.0,7522.75,7522.75,2
2026-06-09 11:15:00-04:00,7516.0,7516.0,7510.75,7510.75,3
2026-06-09 11:20:00-04:00,7504.0,7504.0,7494.0,7494.0,3
2026-06-09 11:25:00-04:00,7463.0,7463.0,7463.0,7463.0,1
2026-06-09 11:30:00-04:00,7457.0,7457.0,7457.0,7457.0,1
2026-06-09 11:40:00-04:00,7469.75,7469.75,7469.75,7469.75,1
2026-06-09 11:55:00-04:00,7454.5,7454.5,7435.0,7437.75,11
2026-06-09 12:00:00-04:00,7437.0,7451.25,7437.0,7446.25,8
2026-06-09 12:05:00-04:00,7438.75,7441.75,7427.25,7430.5,17
2026-06-09 12:10:00-04:00,7425.0,7435.0,7425.0,7430.0,11
2026-06-09 12:15:00-04:00,7421.5,7421.5,7400.5,7403.25,12
2026-06-09 12:20:00-04:00,7405.5,7420.0,7405.5,7420.0,4
2026-06-09 12:25:00-04:00,7420.0,7420.0,7420.0,7420.0,10
2026-06-09 12:35:00-04:00,7385.25,7385.25,7383.5,7383.5,12
2026-06-09 12:40:00-04:00,7374.0,7374.0,7374.0,7374.0,1
2026-06-09 12:45:00-04:00,7392.5,7392.5,7392.5,7392.5,1
2026-06-09 13:00:00-04:00,7420.0,7425.0,7420.0,7425.0,10
2026-06-09 13:05:00-04:00,7427.0,7427.0,7427.0,7427.0,1
2026-06-09 13:10:00-04:00,7420.0,7420.0,7420.0,7420.0,1
2026-06-09 13:15:00-04:00,7431.5,7431.5,7431.5,7431.5,1
2026-06-09 13:20:00-04:00,7453.5,7458.25,7453.5,7458.25,5
2026-06-09 13:30:00-04:00,7454.5,7459.5,7454.5,7459.5,3
2026-06-09 13:35:00-04:00,7468.0,7469.0,7468.0,7469.0,4
2026-06-09 13:40:00-04:00,7478.0,7478.5,7478.0,7478.5,4
2026-06-09 13:45:00-04:00,7477.0,7477.0,7477.0,7477.0,1
2026-06-09 14:15:00-04:00,7488.0,7488.75,7488.0,7488.75,4
2026-06-09 14:20:00-04:00,7487.0,7487.0,7487.0,7487.0,1
2026-06-09 14:30:00-04:00,7498.0,7508.0,7498.0,7508.0,6
2026-06-09 14:50:00-04:00,7504.0,7504.0,7504.0,7504.0,1
2026-06-09 14:55:00-04:00,7513.0,7518.0,7513.0,7518.0,2
2026-06-09 15:00:00-04:00,7517.0,7517.0,7517.0,7517.0,1
2026-06-09 15:20:00-04:00,7480.0,7480.0,7480.0,7480.0,1
2026-06-09 15:55:00-04:00,7509.0,7513.5,7509.0,7513.5,5
2026-06-09 16:00:00-04:00,7512.5,7522.0,7512.5,7522.0,4
2026-06-09 16:05:00-04:00,7521.0,7521.0,7511.0,7511.0,6
2026-06-09 16:10:00-04:00,7510.0,7510.0,7510.0,7510.0,1
2026-06-09 16:45:00-04:00,7516.0,7516.0,7513.5,7513.5,3
2026-06-09 16:50:00-04:00,7512.5,7512.5,7512.5,7512.5,1
2026-06-09 16:55:00-04:00,7512.0,7512.0,7512.0,7512.0,1
2026-06-09 18:00:00-04:00,7504.0,7504.0,7504.0,7504.0,1
2026-06-09 19:00:00-04:00,7495.0,7495.0,7495.0,7495.0,1
2026-06-09 21:00:00-04:00,7512.5,7512.5,7512.5,7512.5,1
2026-06-09 21:15:00-04:00,7514.0,7514.0,7514.0,7514.0,1
2026-06-09 21:40:00-04:00,7506.0,7506.0,7506.0,7506.0,1
2026-06-09 21:50:00-04:00,7505.0,7505.0,7505.0,7505.0,2
2026-06-09 22:00:00-04:00,7504.0,7504.0,7504.0,7504.0,1
2026-06-09 22:20:00-04:00,7501.75,7501.75,7500.75,7500.75,2
2026-06-09 22:30:00-04:00,7505.25,7505.25,7502.0,7502.0,3
2026-06-09 22:35:00-04:00,7501.0,7501.0,7501.0,7501.0,1
2026-06-09 22:40:00-04:00,7500.0,7500.0,7500.0,7500.0,1
2026-06-09 22:50:00-04:00,7499.0,7499.0,7499.0,7499.0,1
2026-06-10 04:15:00-04:00,7478.0,7478.0,7478.0,7478.0,1
2026-06-10 04:30:00-04:00,7475.75,7475.75,7475.75,7475.75,1
2026-06-10 04:45:00-04:00,7460.0,7460.0,7460.0,7460.0,1
2026-06-10 05:00:00-04:00,7458.0,7458.0,7458.0,7458.0,1
2026-06-10 06:35:00-04:00,7464.25,7464.25,7464.25,7464.25,11
2026-06-10 06:40:00-04:00,7464.25,7464.25,7464.25,7464.25,1
2026-06-10 06:50:00-04:00,7463.0,7463.0,7463.0,7463.0,1
2026-06-10 07:00:00-04:00,7468.0,7468.0,7468.0,7468.0,1
2026-06-10 07:10:00-04:00,7445.0,7445.0,7445.0,7445.0,1
2026-06-10 07:15:00-04:00,7453.0,7453.0,7453.0,7453.0,1
2026-06-10 07:25:00-04:00,7445.0,7445.0,7433.0,7433.0,4
2026-06-10 07:40:00-04:00,7432.5,7436.0,7432.5,7436.0,2
2026-06-10 07:50:00-04:00,7446.0,7446.0,7446.0,7446.0,1
2026-06-10 08:00:00-04:00,7446.0,7446.0,7443.75,7446.0,12
2026-06-10 08:30:00-04:00,7467.75,7484.75,7467.75,7478.5,3
2026-06-10 08:50:00-04:00,7484.25,7484.25,7484.25,7484.25,1
2026-06-10 09:20:00-04:00,7480.0,7480.0,7480.0,7480.0,2
2026-06-10 09:30:00-04:00,7474.5,7474.5,7466.75,7466.75,3
2026-06-10 09:35:00-04:00,7477.0,7495.0,7477.0,7495.0,3
2026-06-10 09:40:00-04:00,7491.0,7505.0,7491.0,7505.0,5
2026-06-10 09:45:00-04:00,7504.75,7508.5,7504.75,7508.5,2
2026-06-10 09:50:00-04:00,7510.0,7510.0,7510.0,7510.0,1
2026-06-10 10:00:00-04:00,7515.0,7518.0,7515.0,7518.0,2
2026-06-10 10:10:00-04:00,7518.5,7518.5,7518.5,7518.5,1
2026-06-10 10:20:00-04:00,7525.0,7528.5,7525.0,7528.5,2
2026-06-10 10:55:00-04:00,7476.75,7476.75,7469.75,7469.75,2
2026-06-10 11:45:00-04:00,7440.0,7440.0,7440.0,7440.0,1
2026-06-10 12:00:00-04:00,7466.0,7469.0,7466.0,7469.0,2
2026-06-10 12:45:00-04:00,7440.0,7440.0,7440.0,7440.0,1
2026-06-10 13:05:00-04:00,7456.5,7456.5,7443.0,7443.0,2
2026-06-10 13:40:00-04:00,7425.0,7425.0,7425.0,7425.0,1
2026-06-10 13:50:00-04:00,7442.5,7442.5,7442.5,7442.5,5
2026-06-10 14:50:00-04:00,7420.0,7420.0,7417.75,7417.75,4
2026-06-10 15:10:00-04:00,7412.75,7412.75,7412.75,7412.75,1
2026-06-10 15:15:00-04:00,7414.5,7414.5,7414.5,7414.5,1
2026-06-10 15:20:00-04:00,7403.0,7403.0,7403.0,7403.0,2
2026-06-10 15:25:00-04:00,7400.0,7400.0,7400.0,7400.0,2
2026-06-10 15:40:00-04:00,7416.5,7416.5,7416.5,7416.5,1
2026-06-10 15:50:00-04:00,7420.5,7420.5,7420.5,7420.5,1
2026-06-10 15:55:00-04:00,7409.75,7409.75,7409.75,7409.75,1
2026-06-10 16:00:00-04:00,7393.0,7393.0,7393.0,7393.0,1
2026-06-10 16:05:00-04:00,7390.0,7391.5,7390.0,7391.5,4
2026-06-10 16:10:00-04:00,7396.5,7396.5,7396.5,7396.5,1
2026-06-10 16:30:00-04:00,7387.75,7387.75,7387.75,7387.75,1
2026-06-10 16:40:00-04:00,7387.5,7387.5,7387.5,7387.5,1
2026-06-10 18:00:00-04:00,7388.0,7388.0,7388.0,7388.0,1
2026-06-10 18:05:00-04:00,7372.25,7372.25,7372.25,7372.25,1
2026-06-10 18:10:00-04:00,7374.5,7374.5,7374.5,7374.5,1
2026-06-10 18:45:00-04:00,7382.0,7382.0,7382.0,7382.0,1
2026-06-10 18:55:00-04:00,7370.0,7370.0,7370.0,7370.0,1
2026-06-10 19:00:00-04:00,7369.5,7372.0,7369.5,7372.0,7
2026-06-10 19:10:00-04:00,7360.0,7360.0,7360.0,7360.0,1
2026-06-10 19:15:00-04:00,7360.0,7360.0,7360.0,7360.0,1
2026-06-10 19:20:00-04:00,7365.75,7365.75,7365.75,7365.75,5
2026-06-10 19:35:00-04:00,7380.0,7380.0,7380.0,7380.0,1
2026-06-10 20:45:00-04:00,7387.0,7387.0,7387.0,7387.0,11
2026-06-10 21:05:00-04:00,7409.75,7409.75,7409.75,7409.75,1
2026-06-10 21:35:00-04:00,7425.0,7425.0,7425.0,7425.0,1
2026-06-10 22:15:00-04:00,7410.0,7410.0,7410.0,7410.0,1
2026-06-10 23:15:00-04:00,7405.75,7405.75,7405.75,7405.75,1
2026-06-10 23:50:00-04:00,7423.5,7423.5,7423.5,7423.5,1
2026-06-11 03:25:00-04:00,7449.25,7449.25,7449.25,7449.25,1
2026-06-11 06:20:00-04:00,7455.75,7455.75,7455.75,7455.75,1
2026-06-11 06:25:00-04:00,7455.25,7455.25,7455.25,7455.25,1
2026-06-11 06:30:00-04:00,7453.5,7453.5,7453.5,7453.5,1
2026-06-11 07:00:00-04:00,7452.5,7452.5,7452.5,7452.5,1
2026-06-11 07:55:00-04:00,7456.0,7456.0,7456.0,7456.0,2
2026-06-11 08:20:00-04:00,7425.5,7425.5,7425.5,7425.5,1
2026-06-11 08:25:00-04:00,7428.0,7428.0,7428.0,7428.0,1
2026-06-11 08:30:00-04:00,7426.0,7426.0,7426.0,7426.0,1
2026-06-11 08:45:00-04:00,7437.75,7437.75,7432.0,7434.0,9
2026-06-11 08:55:00-04:00,7438.0,7440.0,7438.0,7440.0,2
2026-06-11 09:00:00-04:00,7436.5,7436.5,7436.5,7436.5,1
2026-06-11 09:35:00-04:00,7418.0,7421.25,7418.0,7421.25,4
2026-06-11 09:40:00-04:00,7410.0,7410.0,7410.0,7410.0,1
2026-06-11 09:45:00-04:00,7426.75,7440.5,7423.5,7440.5,11
2026-06-11 09:50:00-04:00,7448.0,7458.5,7448.0,7458.5,7
2026-06-11 09:55:00-04:00,7454.0,7454.0,7454.0,7454.0,1
2026-06-11 10:05:00-04:00,7445.5,7445.5,7445.5,7445.5,1
2026-06-11 10:20:00-04:00,7428.0,7438.0,7428.0,7438.0,4
2026-06-11 10:25:00-04:00,7434.25,7434.25,7434.25,7434.25,5
2026-06-11 10:35:00-04:00,7440.0,7440.0,7440.0,7440.0,1
2026-06-11 10:40:00-04:00,7438.75,7438.75,7438.75,7438.75,1
2026-06-11 10:55:00-04:00,7409.0,7409.0,7400.0,7400.0,2
2026-06-11 11:00:00-04:00,7390.0,7390.0,7390.0,7390.0,1
2026-06-11 11:05:00-04:00,7408.0,7408.0,7408.0,7408.0,1
2026-06-11 11:20:00-04:00,7428.0,7428.0,7425.0,7425.0,5
2026-06-11 11:55:00-04:00,7424.0,7424.0,7424.0,7424.0,5
2026-06-11 12:10:00-04:00,7438.0,7438.0,7438.0,7438.0,2
2026-06-11 12:15:00-04:00,7442.25,7442.25,7442.25,7442.25,3
2026-06-11 12:30:00-04:00,7427.25,7440.75,7427.25,7440.75,11
2026-06-11 13:00:00-04:00,7401.0,7401.0,7400.0,7400.0,2
2026-06-11 13:20:00-04:00,7402.75,7402.75,7399.0,7399.0,2
2026-06-11 13:25:00-04:00,7429.0,7468.0,7429.0,7468.0,8
2026-06-11 13:30:00-04:00,7478.0,7490.0,7478.0,7480.0,11
2026-06-11 13:40:00-04:00,7495.0,7510.0,7495.0,7510.0,6
2026-06-11 13:45:00-04:00,7490.75,7490.75,7490.25,7490.25,2
2026-06-11 13:50:00-04:00,7485.75,7485.75,7480.25,7480.25,2
2026-06-11 14:00:00-04:00,7478.0,7478.0,7478.0,7478.0,1
2026-06-11 14:05:00-04:00,7476.0,7476.0,7470.5,7471.75,4
2026-06-11 14:15:00-04:00,7494.0,7496.0,7494.0,7496.0,3
2026-06-11 14:20:00-04:00,7494.0,7496.0,7493.75,7493.75,3
2026-06-11 14:30:00-04:00,7496.0,7496.0,7492.75,7492.75,4
2026-06-11 15:05:00-04:00,7505.0,7505.0,7504.75,7504.75,2
2026-06-11 15:10:00-04:00,7515.0,7515.0,7515.0,7515.0,1
2026-06-11 15:20:00-04:00,7518.0,7520.0,7518.0,7520.0,2
2026-06-11 15:25:00-04:00,7525.0,7525.0,7525.0,7525.0,1
2026-06-11 15:30:00-04:00,7540.0,7540.0,7540.0,7540.0,1
2026-06-11 15:35:00-04:00,7543.25,7543.25,7543.25,7543.25,1
2026-06-11 15:40:00-04:00,7538.75,7538.75,7538.75,7538.75,5
2026-06-11 15:45:00-04:00,7534.25,7534.25,7528.0,7528.0,7
2026-06-11 15:50:00-04:00,7526.0,7526.0,7526.0,7526.0,1
2026-06-11 15:55:00-04:00,7528.0,7528.0,7524.0,7524.0,2
2026-06-11 16:00:00-04:00,7526.0,7526.0,7526.0,7526.0,1
2026-06-11 19:10:00-04:00,7532.0,7534.0,7532.0,7534.0,2
2026-06-11 19:25:00-04:00,7528.5,7530.5,7528.5,7530.5,2
2026-06-11 20:05:00-04:00,7541.5,7541.5,7538.75,7538.75,3
2026-06-11 21:00:00-04:00,7531.75,7531.75,7531.75,7531.75,1
2026-06-11 21:35:00-04:00,7526.0,7526.0,7526.0,7526.0,1
2026-06-11 21:40:00-04:00,7528.0,7528.0,7528.0,7528.0,1
2026-06-11 22:00:00-04:00,7538.0,7538.0,7538.0,7538.0,1
2026-06-12 00:05:00-04:00,7527.5,7527.5,7527.5,7527.5,1
2026-06-12 00:20:00-04:00,7529.5,7529.5,7529.5,7529.5,1
2026-06-12 03:35:00-04:00,7513.0,7513.0,7513.0,7513.0,1
2026-06-12 04:15:00-04:00,7550.0,7550.0,7550.0,7550.0,2
2026-06-12 05:25:00-04:00,7557.5,7557.5,7557.5,7557.5,1
2026-06-12 06:05:00-04:00,7570.0,7570.0,7570.0,7570.0,1
2026-06-12 07:30:00-04:00,7565.75,7565.75,7565.75,7565.75,1
2026-06-12 08:20:00-04:00,7555.25,7555.25,7555.25,7555.25,5
2026-06-12 08:40:00-04:00,7540.25,7540.25,7540.25,7540.25,1
2026-06-12 08:45:00-04:00,7537.0,7537.0,7537.0,7537.0,5
2026-06-12 09:00:00-04:00,7531.75,7531.75,7529.5,7529.5,5
2026-06-12 09:05:00-04:00,7533.5,7536.5,7533.5,7536.5,3
2026-06-12 09:10:00-04:00,7538.5,7539.75,7538.5,7539.75,2
2026-06-12 09:25:00-04:00,7545.0,7545.0,7545.0,7545.0,1
2026-06-12 09:30:00-04:00,7549.5,7549.5,7549.5,7549.5,1
2026-06-12 09:35:00-04:00,7527.25,7532.0,7527.25,7532.0,6
2026-06-12 09:40:00-04:00,7530.25,7530.25,7507.5,7507.5,8
2026-06-12 09:45:00-04:00,7496.0,7496.0,7496.0,7496.0,1
2026-06-12 09:50:00-04:00,7507.75,7507.75,7507.75,7507.75,1
2026-06-12 09:55:00-04:00,7509.75,7516.0,7509.75,7516.0,4
2026-06-12 10:00:00-04:00,7519.5,7532.25,7519.5,7532.25,5
2026-06-12 10:05:00-04:00,7535.0,7542.25,7535.0,7542.25,3
2026-06-12 10:10:00-04:00,7545.0,7545.0,7545.0,7545.0,1
2026-06-12 10:15:00-04:00,7547.0,7547.25,7547.0,7547.25,2
2026-06-12 10:20:00-04:00,7537.25,7537.25,7537.25,7537.25,1
2026-06-12 10:30:00-04:00,7545.75,7545.75,7545.75,7545.75,1
2026-06-12 10:50:00-04:00,7523.0,7560.75,7523.0,7560.75,18
2026-06-12 10:55:00-04:00,7561.5,7568.0,7554.5,7566.0,8
2026-06-12 11:00:00-04:00,7572.0,7572.0,7572.0,7572.0,1
2026-06-12 11:05:00-04:00,7563.5,7563.5,7563.5,7563.5,1
2026-06-12 11:15:00-04:00,7578.0,7578.0,7578.0,7578.0,1
2026-06-12 11:20:00-04:00,7588.0,7588.0,7588.0,7588.0,1
2026-06-12 11:30:00-04:00,7573.0,7573.0,7571.5,7571.5,2
2026-06-12 11:35:00-04:00,7562.25,7562.25,7562.25,7562.25,1
2026-06-12 11:55:00-04:00,7544.25,7544.25,7538.5,7538.5,4
2026-06-12 12:00:00-04:00,7534.0,7534.0,7534.0,7534.0,1
2026-06-12 12:10:00-04:00,7544.0,7562.75,7544.0,7560.75,25
2026-06-12 12:15:00-04:00,7561.75,7561.75,7552.5,7552.5,2
2026-06-12 13:00:00-04:00,7560.0,7560.0,7560.0,7560.0,1
2026-06-12 13:45:00-04:00,7562.0,7565.0,7562.0,7565.0,2
2026-06-12 14:05:00-04:00,7551.5,7553.5,7551.5,7553.5,2
2026-06-12 14:10:00-04:00,7557.5,7557.5,7557.5,7557.5,1
2026-06-12 14:25:00-04:00,7549.5,7551.5,7549.5,7551.5,2
2026-06-12 14:40:00-04:00,7565.25,7565.25,7565.25,7565.25,2
2026-06-12 15:10:00-04:00,7560.5,7560.5,7560.5,7560.5,1
2026-06-12 15:25:00-04:00,7560.0,7560.0,7560.0,7560.0,10
2026-06-12 15:30:00-04:00,7553.0,7553.0,7553.0,7553.0,2
2026-06-12 15:45:00-04:00,7549.75,7549.75,7549.75,7549.75,1
2026-06-12 16:10:00-04:00,7564.75,7564.75,7564.75,7564.75,1
2026-06-12 16:55:00-04:00,7562.5,7562.5,7562.5,7562.5,1
2026-06-14 18:00:00-04:00,7605.0,7605.0,7605.0,7605.0,1
2026-06-14 19:15:00-04:00,7615.5,7615.5,7615.5,7615.5,1
2026-06-14 19:40:00-04:00,7621.75,7621.75,7621.75,7621.75,1
2026-06-14 19:45:00-04:00,7620.0,7620.0,7620.0,7620.0,1
2026-06-14 20:15:00-04:00,7634.0,7634.0,7634.0,7634.0,5
2026-06-14 20:45:00-04:00,7634.0,7634.0,7634.0,7634.0,1
2026-06-14 21:05:00-04:00,7638.0,7638.0,7638.0,7638.0,1
2026-06-14 21:20:00-04:00,7639.5,7639.5,7639.5,7639.5,1
2026-06-14 21:55:00-04:00,7638.25,7638.25,7638.25,7638.25,1
2026-06-14 22:20:00-04:00,7646.75,7646.75,7646.75,7646.75,1
2026-06-15 00:40:00-04:00,7650.0,7650.0,7650.0,7650.0,1
2026-06-15 00:55:00-04:00,7654.0,7654.0,7654.0,7654.0,2
2026-06-15 01:05:00-04:00,7655.5,7657.5,7655.5,7657.5,2
2026-06-15 01:40:00-04:00,7659.25,7659.25,7659.25,7659.25,1
2026-06-15 02:00:00-04:00,7659.5,7659.5,7659.5,7659.5,1
2026-06-15 02:25:00-04:00,7661.5,7661.5,7661.5,7661.5,1
2026-06-15 02:30:00-04:00,7654.75,7655.75,7652.25,7652.25,8
2026-06-15 05:30:00-04:00,7649.75,7649.75,7649.75,7649.75,5
2026-06-15 06:15:00-04:00,7652.0,7652.0,7652.0,7652.0,1
2026-06-15 06:20:00-04:00,7652.0,7652.0,7652.0,7652.0,1
2026-06-15 07:20:00-04:00,7664.75,7664.75,7664.75,7664.75,1
2026-06-15 08:30:00-04:00,7655.5,7655.5,7655.5,7655.5,5
2026-06-15 09:30:00-04:00,7665.5,7665.5,7665.5,7665.5,2
2026-06-15 09:35:00-04:00,7675.0,7679.25,7675.0,7679.25,2
2026-06-15 09:40:00-04:00,7673.5,7673.5,7673.5,7673.5,1
2026-06-15 09:45:00-04:00,7675.75,7675.75,7675.75,7675.75,1
2026-06-15 09:55:00-04:00,7685.25,7685.25,7685.25,7685.25,1
2026-06-15 10:00:00-04:00,7683.75,7683.75,7683.75,7683.75,2
2026-06-15 10:10:00-04:00,7672.0,7672.0,7672.0,7672.0,1
2026-06-15 10:15:00-04:00,7675.75,7675.75,7675.75,7675.75,1
2026-06-15 10:45:00-04:00,7679.0,7679.0,7679.0,7679.0,1
2026-06-15 10:50:00-04:00,7685.5,7685.5,7685.5,7685.5,1
2026-06-15 11:05:00-04:00,7692.25,7692.75,7692.25,7692.75,2
2026-06-15 11:20:00-04:00,7692.0,7693.75,7692.0,7693.75,2
2026-06-15 11:25:00-04:00,7698.0,7698.0,7698.0,7698.0,1
2026-06-15 11:30:00-04:00,7699.0,7699.0,7698.75,7698.75,8
2026-06-15 11:45:00-04:00,7707.0,7707.0,7707.0,7707.0,1
2026-06-15 11:50:00-04:00,7703.0,7703.0,7703.0,7703.0,1
2026-06-15 12:00:00-04:00,7709.75,7712.25,7709.75,7712.0,4
2026-06-15 12:45:00-04:00,7700.0,7700.0,7700.0,7700.0,1
2026-06-15 13:15:00-04:00,7709.75,7709.75,7706.25,7706.25,2
2026-06-15 13:20:00-04:00,7708.25,7708.25,7708.25,7708.25,1
2026-06-15 14:25:00-04:00,7693.5,7693.5,7693.5,7693.5,3
2026-06-15 14:30:00-04:00,7691.0,7691.0,7691.0,7691.0,1
2026-06-15 15:45:00-04:00,7694.0,7694.25,7691.5,7694.25,17
2026-06-15 18:15:00-04:00,7683.0,7683.0,7683.0,7683.0,1
2026-06-15 19:45:00-04:00,7683.5,7683.5,7683.5,7683.5,2
2026-06-15 19:50:00-04:00,7685.0,7685.0,7685.0,7685.0,1
2026-06-15 23:45:00-04:00,7689.0,7689.0,7689.0,7689.0,1
2026-06-16 00:50:00-04:00,7683.0,7683.0,7683.0,7683.0,2
2026-06-16 06:40:00-04:00,7691.0,7691.5,7691.0,7691.0,132
2026-06-16 06:45:00-04:00,7690.0,7690.0,7689.25,7689.25,3
2026-06-16 06:50:00-04:00,7692.0,7692.25,7690.0,7692.25,4
2026-06-16 07:05:00-04:00,7692.0,7692.0,7692.0,7692.0,1
2026-06-16 08:20:00-04:00,7690.0,7690.0,7690.0,7690.0,1
2026-06-16 09:30:00-04:00,7700.0,7700.0,7700.0,7700.0,1
2026-06-16 09:35:00-04:00,7698.0,7698.0,7698.0,7698.0,1
2026-06-16 09:45:00-04:00,7700.0,7700.0,7700.0,7700.0,1
2026-06-16 09:50:00-04:00,7695.0,7695.0,7695.0,7695.0,1
2026-06-16 10:15:00-04:00,7689.5,7689.5,7689.5,7689.5,1
2026-06-16 10:20:00-04:00,7682.0,7682.0,7682.0,7682.0,1
2026-06-16 10:25:00-04:00,7683.25,7683.25,7683.0,7683.0,6
2026-06-16 10:30:00-04:00,7675.5,7675.5,7670.0,7670.0,2
2026-06-16 10:55:00-04:00,7676.0,7676.0,7673.0,7673.0,6
2026-06-16 11:00:00-04:00,7675.75,7677.0,7675.75,7677.0,6
2026-06-16 11:20:00-04:00,7672.75,7673.0,7672.75,7673.0,2
2026-06-16 11:30:00-04:00,7674.25,7674.25,7674.25,7674.25,1
2026-06-16 11:40:00-04:00,7673.0,7673.0,7672.25,7672.25,2
2026-06-16 11:45:00-04:00,7668.5,7668.75,7665.0,7665.0,4
2026-06-16 11:50:00-04:00,7669.0,7678.5,7669.0,7678.5,3
2026-06-16 11:55:00-04:00,7679.5,7679.5,7675.0,7675.0,2
2026-06-16 12:00:00-04:00,7678.0,7678.0,7678.0,7678.0,1
2026-06-16 12:05:00-04:00,7681.0,7681.0,7681.0,7681.0,1
2026-06-16 12:10:00-04:00,7684.0,7684.0,7684.0,7684.0,1
2026-06-16 12:15:00-04:00,7683.75,7683.75,7683.75,7683.75,9
2026-06-16 12:25:00-04:00,7680.5,7680.5,7680.5,7680.5,1
2026-06-16 12:30:00-04:00,7672.75,7672.75,7672.75,7672.75,1
2026-06-16 12:35:00-04:00,7673.25,7673.25,7673.25,7673.25,1
2026-06-16 12:40:00-04:00,7675.75,7675.75,7675.75,7675.75,1
2026-06-16 12:45:00-04:00,7676.5,7676.5,7676.5,7676.5,1
2026-06-16 12:55:00-04:00,7674.25,7674.25,7674.25,7674.25,1
2026-06-16 13:05:00-04:00,7671.0,7671.0,7671.0,7671.0,1
2026-06-16 13:10:00-04:00,7673.5,7673.5,7672.75,7672.75,2
2026-06-16 13:20:00-04:00,7670.0,7670.0,7670.0,7670.0,1
2026-06-16 13:25:00-04:00,7670.0,7671.0,7670.0,7671.0,4
2026-06-16 13:35:00-04:00,7663.5,7663.5,7663.5,7663.5,1
2026-06-16 13:40:00-04:00,7665.5,7665.5,7665.5,7665.5,1
2026-06-16 13:55:00-04:00,7670.5,7670.5,7670.5,7670.5,2
2026-06-16 14:15:00-04:00,7667.75,7667.75,7667.75,7667.75,1
2026-06-16 14:20:00-04:00,7667.75,7667.75,7667.75,7667.75,1
2026-06-16 14:30:00-04:00,7669.5,7669.5,7669.5,7669.5,2
2026-06-16 14:35:00-04:00,7668.0,7668.0,7668.0,7668.0,1
2026-06-16 14:55:00-04:00,7668.25,7668.25,7668.25,7668.25,2
2026-06-16 15:00:00-04:00,7665.0,7665.0,7665.0,7665.0,1
2026-06-16 15:10:00-04:00,7662.0,7662.0,7662.0,7662.0,1
2026-06-16 15:15:00-04:00,7652.0,7656.0,7650.5,7655.0,5
2026-06-16 15:40:00-04:00,7656.25,7656.25,7656.25,7656.25,1
2026-06-16 15:45:00-04:00,7658.25,7658.25,7658.25,7658.25,1
2026-06-16 15:50:00-04:00,7659.5,7660.0,7658.75,7660.0,8
2026-06-16 15:55:00-04:00,7650.0,7655.75,7650.0,7655.75,5
2026-06-16 16:05:00-04:00,7650.0,7650.0,7650.0,7650.0,1
2026-06-16 16:40:00-04:00,7650.0,7650.25,7650.0,7650.25,5
2026-06-16 16:55:00-04:00,7650.5,7650.5,7650.5,7650.5,1
2026-06-16 18:00:00-04:00,7654.75,7654.75,7654.75,7654.75,1
2026-06-16 18:05:00-04:00,7656.25,7656.25,7656.25,7656.25,2
2026-06-16 18:50:00-04:00,7661.0,7661.0,7661.0,7661.0,1
2026-06-16 19:40:00-04:00,7657.5,7657.5,7657.5,7657.5,1
2026-06-16 20:05:00-04:00,7661.0,7661.0,7661.0,7661.0,1
2026-06-16 20:15:00-04:00,7664.0,7664.0,7664.0,7664.0,1
2026-06-16 20:30:00-04:00,7664.0,7664.0,7664.0,7664.0,1
2026-06-16 21:00:00-04:00,7664.5,7664.5,7664.5,7664.5,2
2026-06-16 21:05:00-04:00,7667.25,7667.25,7667.25,7667.25,1
2026-06-16 21:20:00-04:00,7668.5,7668.5,7668.5,7668.5,1
2026-06-16 21:30:00-04:00,7668.25,7668.25,7668.25,7668.25,1
2026-06-16 22:15:00-04:00,7671.5,7671.5,7671.5,7671.5,1
2026-06-17 00:05:00-04:00,7671.5,7671.5,7671.5,7671.5,2
2026-06-17 01:25:00-04:00,7670.5,7670.5,7670.5,7670.5,1
2026-06-17 03:00:00-04:00,7675.5,7675.5,7675.5,7675.5,1
2026-06-17 03:20:00-04:00,7672.0,7672.0,7671.0,7671.0,2
2026-06-17 04:30:00-04:00,7663.5,7663.5,7661.5,7661.5,4
2026-06-17 04:35:00-04:00,7661.0,7661.0,7661.0,7661.0,1
2026-06-17 06:20:00-04:00,7660.0,7660.0,7660.0,7660.0,1
2026-06-17 07:40:00-04:00,7655.0,7655.0,7655.0,7655.0,2
2026-06-17 09:20:00-04:00,7665.0,7665.0,7665.0,7665.0,1
2026-06-17 09:25:00-04:00,7661.25,7661.25,7659.25,7659.25,4
2026-06-17 09:30:00-04:00,7653.5,7653.5,7653.5,7653.5,1
2026-06-17 09:35:00-04:00,7655.25,7655.25,7652.5,7652.5,2
2026-06-17 09:40:00-04:00,7650.0,7651.25,7650.0,7651.25,4
2026-06-17 09:45:00-04:00,7662.0,7662.0,7662.0,7662.0,1
2026-06-17 09:55:00-04:00,7656.0,7656.0,7651.0,7651.0,2
2026-06-17 10:00:00-04:00,7648.75,7648.75,7648.75,7648.75,1
2026-06-17 10:15:00-04:00,7661.5,7661.5,7661.5,7661.5,1
2026-06-17 10:35:00-04:00,7649.75,7649.75,7649.75,7649.75,2
2026-06-17 10:40:00-04:00,7640.0,7640.0,7640.0,7640.0,1
2026-06-17 10:45:00-04:00,7651.0,7651.25,7630.0,7630.0,7
2026-06-17 11:35:00-04:00,7653.5,7653.5,7653.5,7653.5,1
2026-06-17 12:00:00-04:00,7655.75,7655.75,7655.75,7655.75,1
2026-06-17 12:10:00-04:00,7653.0,7653.0,7653.0,7653.0,1
2026-06-17 12:15:00-04:00,7655.0,7655.0,7655.0,7655.0,1
2026-06-17 12:35:00-04:00,7656.25,7657.0,7656.25,7657.0,5
2026-06-17 12:40:00-04:00,7653.0,7653.0,7650.0,7650.0,2
2026-06-17 12:45:00-04:00,7651.0,7651.0,7648.75,7648.75,3
2026-06-17 12:50:00-04:00,7651.5,7651.5,7651.5,7651.5,1
2026-06-17 12:55:00-04:00,7648.0,7648.0,7648.0,7648.0,1
2026-06-17 13:00:00-04:00,7648.5,7648.5,7648.5,7648.5,1
2026-06-17 13:05:00-04:00,7640.75,7640.75,7640.75,7640.75,1
2026-06-17 13:30:00-04:00,7639.75,7641.25,7639.75,7641.25,4
2026-06-17 13:40:00-04:00,7640.0,7640.0,7640.0,7640.0,1
2026-06-17 13:50:00-04:00,7653.0,7653.0,7653.0,7653.0,1
2026-06-17 14:00:00-04:00,7635.0,7635.0,7599.0,7599.0,18
2026-06-17 14:05:00-04:00,7598.0,7615.5,7584.0,7615.5,36
2026-06-17 14:10:00-04:00,7616.0,7616.5,7611.5,7611.5,7
2026-06-17 14:15:00-04:00,7614.5,7622.5,7614.5,7622.5,2
2026-06-17 14:20:00-04:00,7607.75,7607.75,7607.75,7607.75,1
2026-06-17 14:25:00-04:00,7603.0,7603.0,7603.0,7603.0,1
2026-06-17 14:30:00-04:00,7618.75,7618.75,7618.75,7618.75,1
2026-06-17 14:35:00-04:00,7612.0,7632.0,7612.0,7630.0,3
2026-06-17 14:40:00-04:00,7635.0,7645.0,7634.75,7645.0,6
2026-06-17 14:45:00-04:00,7640.0,7640.0,7630.25,7640.0,4
2026-06-17 14:50:00-04:00,7634.0,7634.0,7631.5,7631.5,2
2026-06-17 14:55:00-04:00,7620.5,7620.5,7605.25,7608.75,8
2026-06-17 15:00:00-04:00,7609.75,7615.25,7607.5,7607.5,4
2026-06-17 15:05:00-04:00,7614.5,7614.5,7614.5,7614.5,1
2026-06-17 15:10:00-04:00,7604.25,7604.25,7604.25,7604.25,1
2026-06-17 15:15:00-04:00,7594.0,7594.0,7594.0,7594.0,1
2026-06-17 15:20:00-04:00,7586.0,7586.0,7575.0,7575.0,15
2026-06-17 15:25:00-04:00,7576.75,7578.75,7565.75,7567.0,22
2026-06-17 15:30:00-04:00,7567.0,7568.75,7557.25,7557.25,5
2026-06-17 15:35:00-04:00,7552.0,7553.5,7549.25,7549.75,6
2026-06-17 15:40:00-04:00,7543.0,7547.25,7543.0,7545.75,8
2026-06-17 15:45:00-04:00,7550.5,7561.0,7550.5,7561.0,11
2026-06-17 15:50:00-04:00,7557.25,7557.25,7544.25,7544.25,10
2026-06-17 15:55:00-04:00,7559.0,7561.5,7556.75,7559.75,29
2026-06-17 16:00:00-04:00,7563.25,7568.75,7563.25,7566.25,7
2026-06-17 16:05:00-04:00,7563.5,7563.5,7563.5,7563.5,1
2026-06-17 16:10:00-04:00,7562.5,7562.5,7562.5,7562.5,1
2026-06-17 16:20:00-04:00,7575.0,7575.0,7574.0,7574.0,3
2026-06-17 16:30:00-04:00,7576.0,7576.0,7574.0,7574.0,2
2026-06-17 16:35:00-04:00,7579.75,7579.75,7579.75,7579.75,1
2026-06-17 16:45:00-04:00,7576.5,7576.5,7576.5,7576.5,1
2026-06-17 16:50:00-04:00,7578.25,7578.25,7575.0,7575.0,2
2026-06-17 18:10:00-04:00,7586.25,7588.25,7586.25,7588.25,2
2026-06-17 18:20:00-04:00,7589.75,7591.0,7589.75,7591.0,3
2026-06-17 18:25:00-04:00,7592.25,7592.25,7592.25,7592.25,2
2026-06-17 18:30:00-04:00,7591.0,7591.0,7590.25,7590.75,4
2026-06-17 18:35:00-04:00,7593.0,7593.0,7593.0,7593.0,1
2026-06-17 18:55:00-04:00,7593.0,7593.0,7593.0,7593.0,1
2026-06-17 19:10:00-04:00,7596.5,7596.5,7596.5,7596.5,1
2026-06-17 19:20:00-04:00,7602.25,7604.75,7602.25,7604.75,4
2026-06-17 19:25:00-04:00,7604.5,7605.0,7604.5,7605.0,2
2026-06-17 19:30:00-04:00,7606.0,7606.0,7606.0,7606.0,5
2026-06-17 19:45:00-04:00,7605.0,7605.0,7605.0,7605.0,1
2026-06-17 19:50:00-04:00,7605.5,7605.5,7605.5,7605.5,1
2026-06-17 19:55:00-04:00,7607.25,7607.75,7607.25,7607.75,2
2026-06-17 20:00:00-04:00,7608.5,7608.5,7607.5,7607.5,2
2026-06-17 20:05:00-04:00,7618.25,7624.0,7618.25,7624.0,5
2026-06-17 20:10:00-04:00,7621.75,7626.0,7621.75,7625.0,3
2026-06-17 20:15:00-04:00,7625.0,7625.0,7621.0,7621.0,6
2026-06-17 20:20:00-04:00,7620.75,7620.75,7619.25,7619.25,3
2026-06-17 20:25:00-04:00,7617.0,7617.0,7617.0,7617.0,1
2026-06-17 20:30:00-04:00,7622.75,7626.0,7622.75,7626.0,6
2026-06-17 21:00:00-04:00,7624.0,7624.0,7624.0,7624.0,1
2026-06-17 21:05:00-04:00,7623.0,7623.0,7623.0,7623.0,1
2026-06-17 21:10:00-04:00,7625.0,7625.0,7625.0,7625.0,1
2026-06-17 21:15:00-04:00,7624.0,7624.0,7624.0,7624.0,1
2026-06-17 21:45:00-04:00,7619.0,7619.0,7619.0,7619.0,1
2026-06-17 23:35:00-04:00,7618.0,7618.0,7618.0,7618.0,1
2026-06-17 23:40:00-04:00,7618.5,7618.5,7618.5,7618.5,1
2026-06-18 00:00:00-04:00,7623.0,7623.0,7623.0,7623.0,1
2026-06-18 00:10:00-04:00,7620.0,7620.0,7620.0,7620.0,1
2026-06-18 00:15:00-04:00,7618.0,7618.0,7616.0,7616.0,2
2026-06-18 00:25:00-04:00,7613.25,7613.25,7613.25,7613.25,2
2026-06-18 00:30:00-04:00,7613.25,7613.25,7613.25,7613.25,1
2026-06-18 00:40:00-04:00,7608.0,7608.0,7606.75,7606.75,12
2026-06-18 01:25:00-04:00,7614.0,7614.0,7614.0,7614.0,1
2026-06-18 01:30:00-04:00,7615.25,7618.5,7615.25,7618.5,6
2026-06-18 01:35:00-04:00,7615.0,7615.0,7615.0,7615.0,1
2026-06-18 02:00:00-04:00,7611.5,7611.5,7611.5,7611.5,1
2026-06-18 02:25:00-04:00,7618.0,7618.0,7618.0,7618.0,1
2026-06-18 03:55:00-04:00,7626.0,7626.0,7626.0,7626.0,1
2026-06-18 04:00:00-04:00,7630.0,7630.0,7630.0,7630.0,1
2026-06-18 04:40:00-04:00,7627.0,7627.0,7627.0,7627.0,3
2026-06-18 04:45:00-04:00,7622.5,7622.5,7622.5,7622.5,4
2026-06-18 04:50:00-04:00,7621.5,7621.5,7621.5,7621.5,3
2026-06-18 04:55:00-04:00,7616.0,7616.0,7615.0,7615.0,3
2026-06-18 05:00:00-04:00,7616.0,7616.0,7616.0,7616.0,2
2026-06-18 05:05:00-04:00,7618.5,7618.5,7618.25,7618.25,20
2026-06-18 05:15:00-04:00,7621.75,7621.75,7621.75,7621.75,3
2026-06-18 06:30:00-04:00,7625.5,7625.5,7625.5,7625.5,1
2026-06-18 06:40:00-04:00,7624.0,7624.0,7624.0,7624.0,1
2026-06-18 07:05:00-04:00,7619.25,7619.25,7611.75,7611.75,5
2026-06-18 07:10:00-04:00,7609.5,7609.5,7609.5,7609.5,2
2026-06-18 07:15:00-04:00,7606.0,7606.0,7606.0,7606.0,1
2026-06-18 07:30:00-04:00,7611.0,7611.0,7611.0,7611.0,1
2026-06-18 07:40:00-04:00,7602.0,7602.0,7602.0,7602.0,1
2026-06-18 08:00:00-04:00,7612.0,7612.0,7612.0,7612.0,1
2026-06-18 08:05:00-04:00,7610.0,7610.0,7610.0,7610.0,1
2026-06-18 08:10:00-04:00,7611.25,7611.75,7611.25,7611.75,2
2026-06-18 08:20:00-04:00,7621.75,7621.75,7621.75,7621.75,1
2026-06-18 08:30:00-04:00,7624.25,7624.75,7622.5,7624.75,5
2026-06-18 08:50:00-04:00,7625.75,7628.25,7625.75,7628.25,6
2026-06-18 08:55:00-04:00,7628.75,7632.25,7628.75,7630.5,8
2026-06-18 09:00:00-04:00,7628.5,7628.5,7626.0,7626.0,2
2026-06-18 09:05:00-04:00,7622.5,7624.75,7622.5,7624.75,2
2026-06-18 09:10:00-04:00,7623.0,7630.75,7623.0,7629.5,5
2026-06-18 09:15:00-04:00,7635.25,7635.25,7635.25,7635.25,1
2026-06-18 09:20:00-04:00,7634.5,7634.5,7634.5,7634.5,1
2026-06-18 09:25:00-04:00,7644.0,7647.75,7644.0,7647.25,13
2026-06-18 09:30:00-04:00,7647.25,7650.25,7635.0,7635.0,43
2026-06-18 09:35:00-04:00,7625.0,7627.25,7611.0,7616.5,40
2026-06-18 09:40:00-04:00,7610.0,7616.5,7606.0,7606.0,7
2026-06-18 09:45:00-04:00,7608.0,7621.0,7604.25,7621.0,22
2026-06-18 09:50:00-04:00,7615.75,7622.0,7615.75,7616.5,7
2026-06-18 09:55:00-04:00,7614.0,7614.0,7606.0,7608.25,4
2026-06-18 10:00:00-04:00,7613.25,7614.75,7613.25,7613.5,4
2026-06-18 10:05:00-04:00,7617.0,7623.75,7617.0,7623.25,7
2026-06-18 10:10:00-04:00,7618.0,7618.0,7612.0,7612.0,3
2026-06-18 10:15:00-04:00,7621.0,7626.0,7621.0,7624.0,3
2026-06-18 10:20:00-04:00,7624.0,7631.75,7624.0,7631.75,3
2026-06-18 10:25:00-04:00,7629.0,7629.0,7617.0,7617.75,3
2026-06-18 10:30:00-04:00,7614.5,7621.25,7611.25,7621.25,7
2026-06-18 10:35:00-04:00,7620.0,7628.5,7620.0,7628.5,5
2026-06-18 10:45:00-04:00,7628.25,7636.25,7628.25,7636.25,4
2026-06-18 10:50:00-04:00,7631.5,7631.5,7631.5,7631.5,1
2026-06-18 11:00:00-04:00,7629.5,7631.5,7629.5,7631.5,2
2026-06-18 11:05:00-04:00,7628.0,7631.0,7628.0,7631.0,2
2026-06-18 11:10:00-04:00,7635.5,7635.5,7628.0,7628.0,3
2026-06-18 11:15:00-04:00,7628.25,7628.25,7623.0,7623.0,3
2026-06-18 11:20:00-04:00,7622.75,7622.75,7622.25,7622.25,2
2026-06-18 11:25:00-04:00,7622.0,7622.0,7622.0,7622.0,1
2026-06-18 11:30:00-04:00,7619.0,7621.75,7619.0,7621.75,3
2026-06-18 11:35:00-04:00,7616.0,7616.0,7609.75,7609.75,10
2026-06-18 11:40:00-04:00,7615.0,7615.0,7615.0,7615.0,1
2026-06-18 11:45:00-04:00,7612.25,7616.0,7612.25,7616.0,2
2026-06-18 11:50:00-04:00,7621.25,7629.0,7621.25,7629.0,6
2026-06-18 11:55:00-04:00,7630.0,7630.0,7630.0,7630.0,1
2026-06-18 12:00:00-04:00,7627.75,7627.75,7626.75,7626.75,2
2026-06-18 12:05:00-04:00,7624.0,7626.75,7624.0,7626.75,2
2026-06-18 12:20:00-04:00,7634.0,7634.0,7634.0,7634.0,1
2026-06-18 12:25:00-04:00,7630.5,7633.0,7630.25,7633.0,5
2026-06-18 12:30:00-04:00,7631.25,7631.25,7631.25,7631.25,1
2026-06-18 13:00:00-04:00,7635.0,7635.0,7635.0,7635.0,1
2026-06-18 13:05:00-04:00,7641.0,7642.0,7640.75,7641.5,9
2026-06-18 13:10:00-04:00,7641.25,7643.0,7641.0,7641.0,7
2026-06-18 13:15:00-04:00,7643.25,7646.75,7643.25,7645.75,5
2026-06-18 13:20:00-04:00,7645.0,7645.0,7645.0,7645.0,3
2026-06-18 13:25:00-04:00,7640.75,7640.75,7639.5,7639.5,2
2026-06-18 13:30:00-04:00,7641.25,7641.25,7641.25,7641.25,1
2026-06-18 13:35:00-04:00,7640.25,7642.0,7640.25,7641.75,19
2026-06-18 13:40:00-04:00,7639.5,7639.5,7638.25,7638.25,6
2026-06-18 13:45:00-04:00,7639.25,7639.5,7637.25,7637.25,5
2026-06-18 13:50:00-04:00,7637.5,7640.0,7637.5,7640.0,3
2026-06-18 13:55:00-04:00,7637.0,7637.0,7636.0,7637.0,7
2026-06-18 14:00:00-04:00,7632.75,7632.75,7632.75,7632.75,1
2026-06-18 14:20:00-04:00,7630.75,7630.75,7630.75,7630.75,1
2026-06-18 14:25:00-04:00,7634.25,7634.25,7634.0,7634.0,2
2026-06-18 14:30:00-04:00,7630.0,7630.0,7630.0,7630.0,1
2026-06-18 14:35:00-04:00,7629.75,7629.75,7629.75,7629.75,1
2026-06-18 14:45:00-04:00,7632.25,7632.5,7632.25,7632.5,2
2026-06-18 14:50:00-04:00,7633.25,7633.25,7633.25,7633.25,1
2026-06-18 15:00:00-04:00,7627.0,7627.0,7627.0,7627.0,5
2026-06-18 15:10:00-04:00,7624.5,7624.5,7618.25,7622.5,8
2026-06-18 15:15:00-04:00,7619.0,7621.0,7619.0,7621.0,7
2026-06-18 15:20:00-04:00,7626.0,7626.0,7626.0,7626.0,1
2026-06-18 15:25:00-04:00,7628.0,7628.0,7628.0,7628.0,1
2026-06-18 15:30:00-04:00,7623.0,7625.75,7623.0,7625.75,4
2026-06-18 15:35:00-04:00,7633.0,7633.0,7633.0,7633.0,1
2026-06-18 15:40:00-04:00,7637.5,7638.0,7637.5,7638.0,7
2026-06-18 15:45:00-04:00,7640.75,7641.75,7640.0,7640.0,16
2026-06-18 15:50:00-04:00,7645.0,7646.75,7643.5,7643.5,9
2026-06-18 15:55:00-04:00,7644.25,7649.5,7634.0,7634.0,45
2026-06-18 16:00:00-04:00,7635.0,7635.0,7635.0,7635.0,1
2026-06-18 16:05:00-04:00,7644.75,7644.75,7643.75,7643.75,3
2026-06-18 16:15:00-04:00,7646.25,7646.75,7646.0,7646.75,9
2026-06-18 16:20:00-04:00,7649.25,7649.25,7649.25,7649.25,1
2026-06-18 16:35:00-04:00,7646.75,7646.75,7646.75,7646.75,1
2026-06-18 16:40:00-04:00,7643.0,7643.0,7643.0,7643.0,1
2026-06-18 16:55:00-04:00,7641.75,7641.75,7641.75,7641.75,5
2026-06-18 18:15:00-04:00,7640.0,7640.0,7640.0,7640.0,1
2026-06-18 20:00:00-04:00,7631.75,7631.75,7631.75,7631.75,1
2026-06-18 21:05:00-04:00,7625.0,7625.0,7625.0,7625.0,1
2026-06-18 21:10:00-04:00,7621.0,7621.0,7621.0,7621.0,1
2026-06-18 21:55:00-04:00,7616.5,7616.5,7616.5,7616.5,1
2026-06-18 22:20:00-04:00,7613.0,7613.0,7613.0,7613.0,1
2026-06-18 23:45:00-04:00,7607.0,7607.0,7607.0,7607.0,1
2026-06-19 00:00:00-04:00,7605.0,7605.75,7605.0,7605.75,2
2026-06-19 00:05:00-04:00,7605.75,7605.75,7605.75,7605.75,1
2026-06-19 00:15:00-04:00,7606.25,7606.25,7606.25,7606.25,1
2026-06-19 00:30:00-04:00,7601.0,7601.0,7601.0,7601.0,1
2026-06-19 00:50:00-04:00,7598.0,7598.0,7597.0,7597.0,2
2026-06-19 01:00:00-04:00,7593.0,7593.0,7593.0,7593.0,1
2026-06-19 01:10:00-04:00,7592.25,7592.25,7592.25,7592.25,1
2026-06-19 01:20:00-04:00,7590.75,7590.75,7590.75,7590.75,1
2026-06-19 01:30:00-04:00,7598.5,7598.5,7598.5,7598.5,1
2026-06-19 01:40:00-04:00,7591.0,7591.0,7590.5,7590.5,2
2026-06-19 01:45:00-04:00,7593.0,7593.0,7593.0,7593.0,1
2026-06-19 02:00:00-04:00,7605.0,7605.0,7605.0,7605.0,1
2026-06-19 02:25:00-04:00,7605.0,7605.0,7605.0,7605.0,1
2026-06-19 02:30:00-04:00,7606.0,7606.0,7606.0,7606.0,1
2026-06-19 02:35:00-04:00,7605.25,7605.25,7605.25,7605.25,1
2026-06-19 03:00:00-04:00,7611.5,7614.0,7611.5,7614.0,2
2026-06-19 03:05:00-04:00,7614.5,7614.5,7614.5,7614.5,1
2026-06-19 03:10:00-04:00,7615.0,7615.0,7615.0,7615.0,1
2026-06-19 03:25:00-04:00,7617.75,7617.75,7617.75,7617.75,2
2026-06-19 03:30:00-04:00,7623.0,7623.0,7621.5,7621.5,6
2026-06-19 03:35:00-04:00,7621.5,7622.0,7621.5,7622.0,2
2026-06-19 03:40:00-04:00,7620.0,7620.0,7620.0,7620.0,1
2026-06-19 03:50:00-04:00,7620.25,7621.25,7620.0,7621.25,3
2026-06-19 03:55:00-04:00,7620.5,7620.5,7620.5,7620.5,1
2026-06-19 04:00:00-04:00,7622.0,7622.0,7622.0,7622.0,1
2026-06-19 04:05:00-04:00,7622.25,7622.25,7622.0,7622.0,2
2026-06-19 04:10:00-04:00,7622.25,7625.75,7622.25,7625.75,4
2026-06-19 04:15:00-04:00,7626.5,7626.5,7626.5,7626.5,1
2026-06-19 04:20:00-04:00,7627.0,7627.0,7626.5,7626.5,3
2026-06-19 04:25:00-04:00,7625.0,7625.0,7625.0,7625.0,1
2026-06-19 04:40:00-04:00,7627.0,7627.0,7627.0,7627.0,1
2026-06-19 04:45:00-04:00,7626.0,7627.0,7626.0,7627.0,2
2026-06-19 04:50:00-04:00,7629.0,7629.0,7628.5,7628.5,7
2026-06-19 04:55:00-04:00,7628.5,7628.5,7628.5,7628.5,1
2026-06-19 05:00:00-04:00,7629.0,7631.0,7629.0,7629.0,5
2026-06-19 05:05:00-04:00,7627.75,7627.75,7627.75,7627.75,1
2026-06-19 05:10:00-04:00,7624.5,7625.0,7624.5,7625.0,2
2026-06-19 05:25:00-04:00,7623.0,7623.0,7623.0,7623.0,1
2026-06-19 05:30:00-04:00,7626.0,7626.0,7626.0,7626.0,1
2026-06-19 05:45:00-04:00,7625.75,7625.75,7625.75,7625.75,1
2026-06-19 06:10:00-04:00,7622.25,7622.25,7621.75,7621.75,2
2026-06-19 06:20:00-04:00,7620.0,7620.0,7620.0,7620.0,1
2026-06-19 06:25:00-04:00,7615.75,7615.75,7615.75,7615.75,1
2026-06-19 06:35:00-04:00,7610.0,7610.0,7610.0,7610.0,1
2026-06-19 07:00:00-04:00,7611.0,7611.0,7610.75,7610.75,2
2026-06-19 07:50:00-04:00,7611.0,7611.0,7611.0,7611.0,1
2026-06-19 08:35:00-04:00,7608.25,7608.75,7604.25,7608.75,11
2026-06-19 08:40:00-04:00,7606.25,7608.5,7606.25,7608.5,3
2026-06-19 08:45:00-04:00,7608.0,7608.0,7607.75,7607.75,2
2026-06-19 08:50:00-04:00,7620.0,7627.75,7620.0,7626.0,5
2026-06-19 08:55:00-04:00,7625.0,7630.25,7625.0,7630.25,3
2026-06-19 09:20:00-04:00,7624.75,7624.75,7624.75,7624.75,2
2026-06-19 09:35:00-04:00,7631.0,7631.0,7631.0,7631.0,1
2026-06-19 09:55:00-04:00,7630.0,7632.0,7630.0,7632.0,3
2026-06-19 10:00:00-04:00,7626.5,7626.5,7626.5,7626.5,1
2026-06-19 10:05:00-04:00,7628.0,7628.0,7628.0,7628.0,1
2026-06-19 10:10:00-04:00,7629.5,7629.5,7629.5,7629.5,1
2026-06-19 10:20:00-04:00,7629.5,7629.5,7629.5,7629.5,1
2026-06-19 10:35:00-04:00,7632.0,7632.75,7631.25,7632.25,7
2026-06-19 10:40:00-04:00,7632.0,7633.5,7631.0,7633.5,8
2026-06-19 10:45:00-04:00,7634.75,7634.75,7634.75,7634.75,1
2026-06-19 10:50:00-04:00,7634.25,7635.0,7634.25,7635.0,2
2026-06-19 10:55:00-04:00,7635.0,7635.0,7635.0,7635.0,2
2026-06-19 11:00:00-04:00,7636.25,7636.25,7636.25,7636.25,1
2026-06-19 11:05:00-04:00,7637.25,7637.25,7637.25,7637.25,1
2026-06-19 11:25:00-04:00,7635.25,7635.5,7635.25,7635.5,2
2026-06-19 11:30:00-04:00,7635.75,7635.75,7629.0,7635.0,12
2026-06-19 11:40:00-04:00,7630.0,7630.0,7630.0,7630.0,1
2026-06-19 11:55:00-04:00,7634.75,7634.75,7634.75,7634.75,1
2026-06-19 12:15:00-04:00,7631.75,7631.75,7631.75,7631.75,1
2026-06-19 12:30:00-04:00,7636.0,7636.0,7636.0,7636.0,1
2026-06-19 12:50:00-04:00,7628.5,7628.5,7628.5,7628.5,1
2026-06-19 12:55:00-04:00,7629.0,7629.0,7629.0,7629.0,1
2026-06-21 18:00:00-04:00,7615.5,7616.0,7615.5,7616.0,3
2026-06-21 18:05:00-04:00,7614.5,7619.0,7603.25,7605.25,8
2026-06-21 18:10:00-04:00,7601.0,7601.0,7599.25,7599.25,2
2026-06-21 18:20:00-04:00,7607.75,7608.0,7607.0,7607.0,3
2026-06-21 18:30:00-04:00,7607.5,7607.5,7606.0,7606.0,14
2026-06-21 18:50:00-04:00,7612.5,7612.5,7612.5,7612.5,1
2026-06-21 19:00:00-04:00,7606.75,7606.75,7597.5,7598.0,7
2026-06-21 19:05:00-04:00,7596.0,7596.0,7596.0,7596.0,1
2026-06-21 19:10:00-04:00,7599.5,7599.5,7595.0,7595.0,3
2026-06-21 19:15:00-04:00,7596.25,7596.25,7593.5,7595.5,7
2026-06-21 19:20:00-04:00,7594.0,7596.5,7594.0,7596.5,2
2026-06-21 19:25:00-04:00,7595.0,7595.0,7595.0,7595.0,1
2026-06-21 19:30:00-04:00,7593.0,7593.0,7592.5,7592.5,2
2026-06-21 19:35:00-04:00,7588.5,7588.5,7588.5,7588.5,1
2026-06-21 19:50:00-04:00,7583.5,7584.0,7583.5,7584.0,2
2026-06-21 19:55:00-04:00,7583.25,7583.25,7582.5,7582.5,3
2026-06-21 20:00:00-04:00,7589.0,7591.5,7589.0,7591.5,7
2026-06-21 20:05:00-04:00,7605.0,7605.0,7605.0,7605.0,1
2026-06-21 20:10:00-04:00,7602.5,7602.5,7600.0,7600.5,7
2026-06-21 20:15:00-04:00,7605.0,7605.0,7605.0,7605.0,1
2026-06-21 20:25:00-04:00,7608.0,7608.0,7608.0,7608.0,1
2026-06-21 20:55:00-04:00,7620.0,7620.0,7619.5,7619.5,2
2026-06-21 21:00:00-04:00,7622.0,7622.0,7622.0,7622.0,1
2026-06-21 21:15:00-04:00,7626.0,7626.0,7626.0,7626.0,1
2026-06-21 21:35:00-04:00,7627.0,7627.0,7627.0,7627.0,1
2026-06-21 22:05:00-04:00,7621.0,7621.0,7621.0,7621.0,1
2026-06-21 23:15:00-04:00,7611.75,7611.75,7611.75,7611.75,1
2026-06-21 23:30:00-04:00,7611.5,7611.5,7611.5,7611.5,1
2026-06-22 00:20:00-04:00,7603.0,7603.0,7603.0,7603.0,1
2026-06-22 00:35:00-04:00,7602.25,7602.25,7600.0,7600.0,2
2026-06-22 02:20:00-04:00,7627.25,7627.25,7627.25,7627.25,1
2026-06-22 02:35:00-04:00,7629.5,7630.0,7629.5,7630.0,12
2026-06-22 03:15:00-04:00,7636.25,7636.25,7635.75,7635.75,8
2026-06-22 03:30:00-04:00,7635.5,7635.5,7635.5,7635.5,1
2026-06-22 04:55:00-04:00,7630.0,7630.0,7630.0,7630.0,1
2026-06-22 05:55:00-04:00,7627.5,7627.5,7627.5,7627.5,1
2026-06-22 06:35:00-04:00,7630.0,7630.0,7630.0,7630.0,1
2026-06-22 07:00:00-04:00,7637.5,7638.0,7637.5,7638.0,2
2026-06-22 07:05:00-04:00,7641.0,7647.75,7640.25,7642.5,17
2026-06-22 07:10:00-04:00,7631.75,7633.25,7630.25,7633.25,4
2026-06-22 07:15:00-04:00,7631.5,7631.5,7631.5,7631.5,1
2026-06-22 07:25:00-04:00,7631.75,7631.75,7631.75,7631.75,1
2026-06-22 07:30:00-04:00,7635.0,7635.0,7633.25,7633.25,2
2026-06-22 07:35:00-04:00,7634.75,7635.0,7634.75,7635.0,2
2026-06-22 07:40:00-04:00,7633.0,7633.0,7633.0,7633.0,1
2026-06-22 07:45:00-04:00,7633.0,7633.0,7630.75,7632.75,10
2026-06-22 07:50:00-04:00,7630.5,7631.75,7630.25,7631.75,5
2026-06-22 07:55:00-04:00,7634.25,7634.5,7631.25,7631.25,4
2026-06-22 08:10:00-04:00,7640.25,7640.25,7640.25,7640.25,1
2026-06-22 08:15:00-04:00,7638.0,7638.0,7638.0,7638.0,2
2026-06-22 08:30:00-04:00,7644.5,7645.0,7644.5,7645.0,2
2026-06-22 09:00:00-04:00,7645.0,7645.0,7645.0,7645.0,1
2026-06-22 09:10:00-04:00,7640.25,7644.0,7640.25,7644.0,3
2026-06-22 09:20:00-04:00,7646.5,7646.5,7646.5,7646.5,1
2026-06-22 09:25:00-04:00,7642.75,7642.75,7642.75,7642.75,2
2026-06-22 09:30:00-04:00,7641.5,7658.25,7641.5,7647.0,40
2026-06-22 09:35:00-04:00,7658.25,7663.75,7658.25,7663.75,3
2026-06-22 09:40:00-04:00,7664.5,7664.5,7647.25,7651.25,8
2026-06-22 09:45:00-04:00,7649.25,7662.25,7649.25,7662.25,5
2026-06-22 09:50:00-04:00,7658.0,7660.75,7657.0,7660.75,4
2026-06-22 09:55:00-04:00,7656.0,7664.0,7650.0,7663.25,31
2026-06-22 10:00:00-04:00,7664.25,7664.5,7663.25,7663.25,3
2026-06-22 10:10:00-04:00,7661.25,7661.5,7659.25,7659.25,4
2026-06-22 10:15:00-04:00,7660.75,7660.75,7650.0,7653.0,24
2026-06-22 10:20:00-04:00,7650.0,7650.0,7646.5,7646.5,4
2026-06-22 10:25:00-04:00,7639.0,7643.75,7630.0,7630.0,13
2026-06-22 10:30:00-04:00,7630.0,7630.0,7617.5,7621.0,17
2026-06-22 10:35:00-04:00,7617.0,7619.0,7617.0,7618.0,3
2026-06-22 10:40:00-04:00,7621.25,7621.25,7614.25,7614.5,9
2026-06-22 10:45:00-04:00,7614.75,7617.25,7610.5,7610.5,15
2026-06-22 10:50:00-04:00,7615.25,7615.25,7602.25,7602.25,14
2026-06-22 10:55:00-04:00,7597.25,7611.25,7597.25,7611.25,9
2026-06-22 11:00:00-04:00,7614.5,7617.0,7614.5,7617.0,4
2026-06-22 11:05:00-04:00,7610.75,7610.75,7606.75,7610.25,17
2026-06-22 11:10:00-04:00,7606.25,7609.75,7606.25,7609.75,3
2026-06-22 11:15:00-04:00,7611.0,7612.75,7606.25,7606.25,16
2026-06-22 11:20:00-04:00,7605.25,7613.75,7605.25,7613.75,14
2026-06-22 11:25:00-04:00,7615.0,7615.0,7607.0,7608.75,17
2026-06-22 11:30:00-04:00,7609.25,7614.25,7608.5,7614.25,41
2026-06-22 11:40:00-04:00,7621.25,7624.0,7621.25,7624.0,5
2026-06-22 11:45:00-04:00,7627.25,7627.25,7609.0,7611.0,16
2026-06-22 11:50:00-04:00,7611.5,7614.0,7611.5,7612.0,14
2026-06-22 11:55:00-04:00,7613.0,7613.0,7611.0,7612.5,6
2026-06-22 12:00:00-04:00,7610.25,7610.25,7602.25,7602.75,15
2026-06-22 12:05:00-04:00,7604.75,7607.0,7602.25,7606.75,7
2026-06-22 12:10:00-04:00,7614.5,7615.75,7614.5,7615.0,4
2026-06-22 12:15:00-04:00,7613.0,7614.0,7613.0,7614.0,3
2026-06-22 12:20:00-04:00,7616.5,7616.5,7610.5,7610.5,6
2026-06-22 12:25:00-04:00,7612.5,7612.5,7609.5,7609.5,2
2026-06-22 12:30:00-04:00,7613.25,7613.25,7613.25,7613.25,1
2026-06-22 12:35:00-04:00,7610.0,7610.0,7607.25,7609.75,4
2026-06-22 12:40:00-04:00,7607.5,7611.5,7607.0,7608.75,15
2026-06-22 12:45:00-04:00,7608.0,7613.5,7608.0,7612.5,10
2026-06-22 12:50:00-04:00,7615.75,7616.5,7615.75,7616.5,4
2026-06-22 12:55:00-04:00,7614.25,7617.75,7613.75,7615.25,8
2026-06-22 13:00:00-04:00,7614.75,7614.75,7612.0,7612.0,3
2026-06-22 13:05:00-04:00,7609.75,7609.75,7607.5,7608.25,3
2026-06-22 13:10:00-04:00,7609.75,7609.75,7609.75,7609.75,1
2026-06-22 13:30:00-04:00,7610.0,7610.0,7610.0,7610.0,1
2026-06-22 13:35:00-04:00,7606.0,7608.25,7606.0,7608.25,2
2026-06-22 13:45:00-04:00,7608.0,7612.25,7608.0,7612.25,2
2026-06-22 13:50:00-04:00,7614.25,7614.25,7614.25,7614.25,1
2026-06-22 14:20:00-04:00,7622.5,7622.5,7620.5,7620.5,2
2026-06-22 14:25:00-04:00,7619.75,7619.75,7614.75,7614.75,3
2026-06-22 14:30:00-04:00,7618.0,7618.0,7617.5,7617.5,3
2026-06-22 14:40:00-04:00,7614.0,7614.0,7614.0,7614.0,1
2026-06-22 14:50:00-04:00,7609.75,7609.75,7603.0,7603.0,6
2026-06-22 14:55:00-04:00,7604.0,7605.0,7602.0,7602.0,4
2026-06-22 15:00:00-04:00,7607.25,7607.25,7607.25,7607.25,1
2026-06-22 15:05:00-04:00,7604.25,7604.25,7600.0,7600.0,2
2026-06-22 15:10:00-04:00,7605.0,7605.0,7605.0,7605.0,1
2026-06-22 15:15:00-04:00,7606.5,7606.5,7606.5,7606.5,1
2026-06-22 15:20:00-04:00,7602.5,7602.5,7602.5,7602.5,1
2026-06-22 15:25:00-04:00,7601.5,7601.5,7600.0,7600.0,2
2026-06-22 15:30:00-04:00,7603.75,7604.5,7603.75,7604.5,2
2026-06-22 15:35:00-04:00,7602.25,7602.25,7602.25,7602.25,1
2026-06-22 15:40:00-04:00,7600.0,7600.0,7600.0,7600.0,1
2026-06-22 15:50:00-04:00,7610.0,7612.75,7610.0,7612.75,2
2026-06-22 15:55:00-04:00,7614.25,7614.25,7606.5,7606.5,33
2026-06-22 16:00:00-04:00,7608.75,7615.25,7608.75,7615.25,15
2026-06-22 16:05:00-04:00,7612.75,7612.75,7612.75,7612.75,1
2026-06-22 16:10:00-04:00,7613.75,7615.0,7613.75,7615.0,4
2026-06-22 16:15:00-04:00,7616.25,7616.25,7616.25,7616.25,1
2026-06-22 16:55:00-04:00,7610.25,7610.25,7610.25,7610.25,1
2026-06-22 18:00:00-04:00,7616.25,7617.25,7616.25,7617.25,2
2026-06-22 18:15:00-04:00,7611.0,7611.0,7611.0,7611.0,5
2026-06-22 18:25:00-04:00,7610.0,7610.0,7610.0,7610.0,1
2026-06-22 18:40:00-04:00,7602.0,7602.0,7600.0,7600.0,2
2026-06-22 18:50:00-04:00,7601.0,7601.0,7601.0,7601.0,5
2026-06-22 19:05:00-04:00,7600.5,7600.5,7600.5,7600.5,4
2026-06-22 19:15:00-04:00,7596.5,7596.5,7596.5,7596.5,1
2026-06-22 19:20:00-04:00,7598.75,7598.75,7598.75,7598.75,3
2026-06-22 20:00:00-04:00,7604.0,7604.0,7601.5,7601.5,3
2026-06-22 20:10:00-04:00,7595.0,7595.0,7594.25,7594.25,2
2026-06-22 20:40:00-04:00,7606.5,7606.5,7606.5,7606.5,1
2026-06-22 20:45:00-04:00,7610.5,7614.0,7610.0,7610.75,4
2026-06-22 21:25:00-04:00,7605.0,7605.0,7605.0,7605.0,1
2026-06-22 21:35:00-04:00,7593.5,7593.5,7593.5,7593.5,1
2026-06-22 21:40:00-04:00,7598.25,7598.25,7598.25,7598.25,2
2026-06-22 21:45:00-04:00,7590.0,7590.0,7590.0,7590.0,1
2026-06-22 21:50:00-04:00,7584.0,7584.0,7584.0,7584.0,1
2026-06-22 22:05:00-04:00,7586.0,7586.0,7586.0,7586.0,1
2026-06-22 22:40:00-04:00,7587.25,7587.25,7587.25,7587.25,1
2026-06-22 22:45:00-04:00,7586.75,7586.75,7582.25,7582.25,4
2026-06-22 22:50:00-04:00,7586.0,7586.0,7586.0,7586.0,1
2026-06-22 22:55:00-04:00,7580.5,7580.5,7580.5,7580.5,1
2026-06-22 23:05:00-04:00,7580.0,7580.0,7580.0,7580.0,1
2026-06-22 23:10:00-04:00,7576.0,7576.0,7576.0,7576.0,2
2026-06-22 23:15:00-04:00,7576.5,7576.5,7576.5,7576.5,1
2026-06-22 23:25:00-04:00,7577.25,7577.25,7577.25,7577.25,1
2026-06-22 23:30:00-04:00,7576.5,7576.5,7576.5,7576.5,1
2026-06-22 23:35:00-04:00,7572.0,7572.0,7570.0,7570.0,2
2026-06-22 23:40:00-04:00,7568.0,7569.0,7568.0,7569.0,2
2026-06-22 23:55:00-04:00,7574.0,7574.0,7574.0,7574.0,1
2026-06-23 00:00:00-04:00,7577.25,7577.25,7577.25,7577.25,1
2026-06-23 00:15:00-04:00,7566.25,7566.25,7566.25,7566.25,1
2026-06-23 00:40:00-04:00,7562.5,7562.5,7561.0,7561.0,2
2026-06-23 00:50:00-04:00,7557.0,7557.0,7556.0,7556.0,3
2026-06-23 01:10:00-04:00,7552.5,7552.5,7552.5,7552.5,1
2026-06-23 01:15:00-04:00,7550.0,7550.0,7549.5,7549.5,2
2026-06-23 01:25:00-04:00,7548.0,7548.0,7546.0,7546.0,4
2026-06-23 01:30:00-04:00,7543.0,7543.0,7543.0,7543.0,1
2026-06-23 01:40:00-04:00,7539.5,7542.5,7538.0,7542.5,6
2026-06-23 01:45:00-04:00,7542.5,7542.5,7542.5,7542.5,1
2026-06-23 02:15:00-04:00,7535.0,7535.0,7535.0,7535.0,1
2026-06-23 02:20:00-04:00,7528.75,7528.75,7527.75,7527.75,3
2026-06-23 02:25:00-04:00,7526.0,7526.0,7526.0,7526.0,1
2026-06-23 02:30:00-04:00,7523.25,7523.25,7523.25,7523.25,1
2026-06-23 02:35:00-04:00,7524.75,7524.75,7524.75,7524.75,4
2026-06-23 02:45:00-04:00,7523.75,7523.75,7520.0,7521.75,3
2026-06-23 02:55:00-04:00,7518.25,7518.25,7515.0,7515.0,2
2026-06-23 03:00:00-04:00,7513.0,7513.0,7513.0,7513.0,1
2026-06-23 03:25:00-04:00,7512.5,7515.5,7512.5,7515.5,11
2026-06-23 03:30:00-04:00,7507.5,7507.5,7507.5,7507.5,2
2026-06-23 03:45:00-04:00,7509.25,7509.25,7509.25,7509.25,1
2026-06-23 03:55:00-04:00,7499.25,7499.25,7499.25,7499.25,1
2026-06-23 04:00:00-04:00,7499.25,7499.25,7499.25,7499.25,7
2026-06-23 04:05:00-04:00,7501.25,7501.25,7498.5,7498.5,4
2026-06-23 04:10:00-04:00,7501.5,7501.75,7498.0,7498.0,6
2026-06-23 04:15:00-04:00,7494.75,7494.75,7494.75,7494.75,1
2026-06-23 04:20:00-04:00,7493.75,7493.75,7491.25,7491.25,3
2026-06-23 04:25:00-04:00,7492.75,7492.75,7492.25,7492.25,6
2026-06-23 04:30:00-04:00,7492.5,7500.0,7492.5,7500.0,7
2026-06-23 04:35:00-04:00,7500.75,7500.75,7500.75,7500.75,1
2026-06-23 04:40:00-04:00,7502.0,7502.0,7502.0,7502.0,2
2026-06-23 04:45:00-04:00,7495.75,7495.75,7491.75,7491.75,4
2026-06-23 04:55:00-04:00,7495.5,7495.5,7495.5,7495.5,1
2026-06-23 05:50:00-04:00,7508.25,7510.0,7508.25,7510.0,5
2026-06-23 05:55:00-04:00,7511.0,7511.0,7510.5,7510.5,6
2026-06-23 06:05:00-04:00,7515.0,7515.0,7515.0,7515.0,1
2026-06-23 06:25:00-04:00,7509.25,7509.25,7509.25,7509.25,1
2026-06-23 06:30:00-04:00,7505.75,7505.75,7505.75,7505.75,2
2026-06-23 06:40:00-04:00,7498.0,7498.0,7498.0,7498.0,1
2026-06-23 06:45:00-04:00,7500.0,7500.0,7500.0,7500.0,1
2026-06-23 06:55:00-04:00,7502.5,7502.5,7502.5,7502.5,1
2026-06-23 07:00:00-04:00,7507.75,7507.75,7506.0,7506.0,2
2026-06-23 07:10:00-04:00,7510.5,7510.5,7510.5,7510.5,1
2026-06-23 07:30:00-04:00,7510.25,7510.75,7508.5,7508.5,5
2026-06-23 07:35:00-04:00,7512.25,7512.25,7512.25,7512.25,1
2026-06-23 07:45:00-04:00,7514.0,7515.25,7514.0,7515.25,2
2026-06-23 07:55:00-04:00,7520.5,7520.5,7518.5,7518.5,2
2026-06-23 08:00:00-04:00,7517.0,7517.0,7517.0,7517.0,1
2026-06-23 08:05:00-04:00,7514.75,7514.75,7514.5,7514.5,9
2026-06-23 08:10:00-04:00,7511.75,7512.0,7511.75,7512.0,2
2026-06-23 08:25:00-04:00,7501.5,7501.5,7501.5,7501.5,1
2026-06-23 08:30:00-04:00,7500.0,7500.5,7495.75,7495.75,5
2026-06-23 08:35:00-04:00,7497.0,7497.5,7497.0,7497.5,21
2026-06-23 08:40:00-04:00,7502.0,7504.0,7501.0,7501.0,8
2026-06-23 08:50:00-04:00,7501.5,7501.5,7501.5,7501.5,1
2026-06-23 09:00:00-04:00,7499.75,7499.75,7499.75,7499.75,1
2026-06-23 09:05:00-04:00,7501.25,7501.25,7500.0,7500.0,2
2026-06-23 09:20:00-04:00,7498.0,7498.75,7498.0,7498.5,4
2026-06-23 09:30:00-04:00,7492.25,7500.0,7485.0,7493.5,39
2026-06-23 09:35:00-04:00,7493.25,7505.75,7488.5,7505.75,17
2026-06-23 09:40:00-04:00,7499.75,7513.25,7499.75,7508.25,12
2026-06-23 09:45:00-04:00,7513.25,7529.25,7513.25,7529.0,10
2026-06-23 09:50:00-04:00,7531.75,7531.75,7531.75,7531.75,2
2026-06-23 09:55:00-04:00,7523.0,7532.25,7523.0,7532.25,2
2026-06-23 10:00:00-04:00,7540.0,7545.5,7540.0,7545.25,9
2026-06-23 10:05:00-04:00,7542.0,7546.75,7540.0,7546.75,9
2026-06-23 10:10:00-04:00,7549.25,7551.75,7545.0,7551.75,22
2026-06-23 10:15:00-04:00,7553.25,7554.25,7549.75,7549.75,5
2026-06-23 10:20:00-04:00,7555.0,7555.5,7548.0,7555.25,10
2026-06-23 10:25:00-04:00,7549.0,7551.0,7544.75,7551.0,13
2026-06-23 10:30:00-04:00,7552.0,7552.0,7541.0,7544.25,8
2026-06-23 10:35:00-04:00,7540.0,7548.75,7539.25,7539.25,8
2026-06-23 10:40:00-04:00,7535.25,7537.25,7535.25,7535.25,3
2026-06-23 10:45:00-04:00,7535.5,7535.5,7531.0,7534.25,9
2026-06-23 10:50:00-04:00,7533.5,7538.0,7532.75,7538.0,4
2026-06-23 10:55:00-04:00,7530.0,7532.25,7530.0,7532.25,4
2026-06-23 11:00:00-04:00,7532.25,7533.5,7532.25,7532.25,4
2026-06-23 11:05:00-04:00,7526.0,7526.0,7518.5,7521.25,7
2026-06-23 11:10:00-04:00,7522.25,7522.25,7521.0,7521.0,4
2026-06-23 11:15:00-04:00,7518.25,7518.25,7515.0,7515.0,4
2026-06-23 11:20:00-04:00,7512.75,7513.0,7511.75,7513.0,6
2026-06-23 11:25:00-04:00,7505.0,7506.25,7505.0,7506.25,2
2026-06-23 11:30:00-04:00,7511.0,7511.5,7511.0,7511.5,2
2026-06-23 11:35:00-04:00,7514.75,7514.75,7509.75,7509.75,5
2026-06-23 11:40:00-04:00,7509.25,7509.25,7508.25,7508.25,3
2026-06-23 11:45:00-04:00,7512.0,7515.0,7511.25,7515.0,10
2026-06-23 11:50:00-04:00,7518.25,7520.75,7518.25,7520.75,3
2026-06-23 11:55:00-04:00,7519.0,7521.5,7519.0,7521.5,3
2026-06-23 12:00:00-04:00,7528.75,7529.0,7528.75,7529.0,2
2026-06-23 12:05:00-04:00,7532.5,7532.5,7530.0,7531.5,3
2026-06-23 12:20:00-04:00,7529.5,7529.5,7529.5,7529.5,1
2026-06-23 12:25:00-04:00,7538.25,7538.25,7538.25,7538.25,1
2026-06-23 12:30:00-04:00,7537.0,7537.0,7533.5,7533.5,5
2026-06-23 12:40:00-04:00,7539.25,7542.25,7539.25,7540.0,4
2026-06-23 12:45:00-04:00,7539.5,7539.5,7535.5,7535.75,4
2026-06-23 12:50:00-04:00,7536.5,7536.5,7533.5,7533.75,7
2026-06-23 12:55:00-04:00,7539.0,7539.25,7539.0,7539.25,2
2026-06-23 13:10:00-04:00,7538.25,7538.25,7537.0,7537.0,2
2026-06-23 13:15:00-04:00,7536.75,7536.75,7536.75,7536.75,1
2026-06-23 13:20:00-04:00,7534.0,7534.0,7534.0,7534.0,1
2026-06-23 13:30:00-04:00,7534.75,7538.0,7534.25,7538.0,3
2026-06-23 13:50:00-04:00,7528.75,7528.75,7528.75,7528.75,1
2026-06-23 13:55:00-04:00,7524.75,7524.75,7520.5,7520.5,3
2026-06-23 14:00:00-04:00,7523.5,7526.25,7523.5,7526.25,2
2026-06-23 14:10:00-04:00,7522.75,7522.75,7522.75,7522.75,1
2026-06-23 14:15:00-04:00,7520.0,7520.0,7519.0,7519.0,2
2026-06-23 14:25:00-04:00,7520.0,7520.0,7517.5,7518.5,5
2026-06-23 14:30:00-04:00,7515.0,7515.25,7514.75,7514.75,3
2026-06-23 14:40:00-04:00,7512.0,7512.0,7501.0,7502.0,4
2026-06-23 14:45:00-04:00,7501.0,7501.0,7500.0,7500.0,4
2026-06-23 14:50:00-04:00,7507.0,7507.5,7505.25,7505.5,7
2026-06-23 14:55:00-04:00,7497.75,7504.75,7497.75,7504.75,4
2026-06-23 15:00:00-04:00,7504.0,7509.5,7502.0,7508.0,5
2026-06-23 15:05:00-04:00,7517.5,7517.5,7513.5,7513.5,4
2026-06-23 15:10:00-04:00,7507.5,7507.5,7507.5,7507.5,1
2026-06-23 15:20:00-04:00,7503.5,7514.25,7503.0,7514.25,7
2026-06-23 15:25:00-04:00,7513.25,7514.25,7513.25,7514.25,4
2026-06-23 15:30:00-04:00,7517.25,7517.25,7509.0,7516.25,18
2026-06-23 15:35:00-04:00,7514.5,7516.0,7512.0,7512.0,5
2026-06-23 15:40:00-04:00,7512.0,7512.0,7508.0,7512.0,3
2026-06-23 15:45:00-04:00,7512.0,7512.25,7509.0,7512.25,7
2026-06-23 15:50:00-04:00,7516.5,7516.5,7514.25,7515.0,10
2026-06-23 15:55:00-04:00,7518.5,7518.5,7504.0,7504.0,11
2026-06-23 16:00:00-04:00,7503.75,7504.5,7503.0,7504.0,20
2026-06-23 16:50:00-04:00,7509.5,7509.5,7509.5,7509.5,1
2026-06-23 18:00:00-04:00,7516.5,7519.0,7511.75,7515.25,7
2026-06-23 18:25:00-04:00,7506.0,7506.0,7506.0,7506.0,1
2026-06-23 18:35:00-04:00,7500.75,7500.75,7500.75,7500.75,1
2026-06-23 18:40:00-04:00,7500.25,7501.25,7497.75,7497.75,4
2026-06-23 18:50:00-04:00,7501.75,7501.75,7501.75,7501.75,1
2026-06-23 19:05:00-04:00,7489.25,7489.25,7489.25,7489.25,1
2026-06-23 20:00:00-04:00,7521.0,7521.0,7520.25,7520.25,3
2026-06-23 20:05:00-04:00,7519.25,7519.25,7519.25,7519.25,1
2026-06-23 20:10:00-04:00,7523.25,7526.0,7523.25,7526.0,3
2026-06-23 20:20:00-04:00,7519.0,7519.0,7519.0,7519.0,1
2026-06-23 20:30:00-04:00,7525.0,7525.0,7525.0,7525.0,1
2026-06-23 21:05:00-04:00,7518.0,7518.0,7518.0,7518.0,3
2026-06-23 22:35:00-04:00,7510.75,7510.75,7510.75,7510.75,1
2026-06-23 22:40:00-04:00,7509.25,7509.25,7509.25,7509.25,1
2026-06-23 22:50:00-04:00,7501.5,7501.5,7501.5,7501.5,1
2026-06-23 23:00:00-04:00,7500.25,7500.75,7500.25,7500.75,2
2026-06-23 23:05:00-04:00,7498.0,7498.0,7498.0,7498.0,1
2026-06-23 23:10:00-04:00,7513.0,7513.0,7513.0,7513.0,1
2026-06-24 00:55:00-04:00,7520.25,7520.25,7520.25,7520.25,1
2026-06-24 01:00:00-04:00,7520.0,7520.0,7520.0,7520.0,1
2026-06-24 01:05:00-04:00,7521.25,7521.25,7521.25,7521.25,1
2026-06-24 02:10:00-04:00,7520.75,7520.75,7520.75,7520.75,1
2026-06-24 02:15:00-04:00,7516.75,7516.75,7516.75,7516.75,1
2026-06-24 03:25:00-04:00,7514.25,7514.25,7514.25,7514.25,1
2026-06-24 04:10:00-04:00,7517.25,7517.25,7517.25,7517.25,1
2026-06-24 05:40:00-04:00,7509.5,7509.5,7508.75,7508.75,5
2026-06-24 06:05:00-04:00,7514.25,7514.25,7514.25,7514.25,2
2026-06-24 07:10:00-04:00,7518.5,7518.5,7518.5,7518.5,1
2026-06-24 07:15:00-04:00,7516.5,7516.5,7516.5,7516.5,1
2026-06-24 07:40:00-04:00,7522.75,7522.75,7522.75,7522.75,1
2026-06-24 07:45:00-04:00,7527.5,7528.0,7527.5,7528.0,4
2026-06-24 07:50:00-04:00,7531.0,7531.0,7531.0,7531.0,1
2026-06-24 07:55:00-04:00,7530.0,7530.5,7530.0,7530.5,3
2026-06-24 08:00:00-04:00,7527.0,7531.5,7527.0,7531.5,11
2026-06-24 08:05:00-04:00,7530.25,7530.25,7528.5,7528.5,4
2026-06-24 08:15:00-04:00,7525.5,7530.0,7525.5,7530.0,2
2026-06-24 08:25:00-04:00,7532.0,7533.0,7531.75,7531.75,6
2026-06-24 08:30:00-04:00,7534.25,7534.5,7532.25,7532.25,7
2026-06-24 08:35:00-04:00,7524.25,7524.25,7524.0,7524.0,2
2026-06-24 08:40:00-04:00,7522.25,7522.25,7522.25,7522.25,1
2026-06-24 08:50:00-04:00,7519.75,7519.75,7519.75,7519.75,1
2026-06-24 09:00:00-04:00,7522.0,7523.25,7522.0,7523.25,2
2026-06-24 09:05:00-04:00,7518.25,7518.25,7516.25,7516.75,4
2026-06-24 09:10:00-04:00,7512.0,7512.0,7512.0,7512.0,1
2026-06-24 09:20:00-04:00,7509.0,7511.25,7508.25,7511.25,17
2026-06-24 09:25:00-04:00,7514.5,7514.5,7514.25,7514.25,2
2026-06-24 09:30:00-04:00,7515.75,7534.0,7506.75,7534.0,101
2026-06-24 09:35:00-04:00,7533.5,7533.5,7524.75,7527.0,8
2026-06-24 09:40:00-04:00,7522.0,7522.5,7510.0,7520.75,15
2026-06-24 09:45:00-04:00,7519.0,7523.25,7506.75,7518.5,32
2026-06-24 09:50:00-04:00,7522.5,7538.75,7522.5,7537.5,19
2026-06-24 09:55:00-04:00,7526.25,7526.25,7526.0,7526.0,2
2026-06-24 10:00:00-04:00,7520.0,7523.25,7516.0,7516.0,3
2026-06-24 10:05:00-04:00,7523.25,7526.0,7516.0,7516.0,18
2026-06-24 10:10:00-04:00,7520.75,7523.75,7516.75,7517.75,12
2026-06-24 10:15:00-04:00,7516.75,7517.0,7516.75,7517.0,2
2026-06-24 10:20:00-04:00,7509.75,7524.5,7507.75,7524.5,13
2026-06-24 10:25:00-04:00,7529.5,7534.0,7524.75,7531.25,14
2026-06-24 10:30:00-04:00,7534.0,7536.75,7532.5,7532.5,8
2026-06-24 10:35:00-04:00,7534.5,7534.5,7533.0,7533.0,2
2026-06-24 10:40:00-04:00,7528.0,7536.25,7528.0,7536.25,2
2026-06-24 10:45:00-04:00,7542.0,7553.5,7542.0,7548.25,17
2026-06-24 10:50:00-04:00,7551.25,7553.25,7550.5,7551.25,9
2026-06-24 10:55:00-04:00,7548.0,7563.5,7548.0,7562.0,19
2026-06-24 11:00:00-04:00,7565.5,7565.5,7563.25,7563.25,2
2026-06-24 11:05:00-04:00,7556.75,7556.75,7549.5,7549.5,12
2026-06-24 11:10:00-04:00,7550.75,7550.75,7546.5,7550.75,9
2026-06-24 11:15:00-04:00,7550.5,7556.0,7550.0,7556.0,3
2026-06-24 11:20:00-04:00,7555.5,7555.5,7555.5,7555.5,1
2026-06-24 11:25:00-04:00,7552.0,7561.75,7552.0,7561.75,8
2026-06-24 11:30:00-04:00,7563.0,7563.0,7555.25,7555.25,6
2026-06-24 11:40:00-04:00,7555.0,7555.0,7547.75,7547.75,8
2026-06-24 11:45:00-04:00,7545.25,7545.75,7545.25,7545.75,4
2026-06-24 11:50:00-04:00,7555.0,7555.75,7553.75,7554.0,7
2026-06-24 11:55:00-04:00,7552.25,7552.25,7549.0,7549.0,4
2026-06-24 12:00:00-04:00,7545.5,7545.5,7545.5,7545.5,1
2026-06-24 12:05:00-04:00,7543.5,7548.5,7543.5,7548.5,3
2026-06-24 12:20:00-04:00,7545.5,7551.75,7545.5,7550.25,4
2026-06-24 12:30:00-04:00,7545.0,7545.0,7541.0,7541.0,11
2026-06-24 12:35:00-04:00,7540.5,7540.5,7531.0,7531.25,13
2026-06-24 12:40:00-04:00,7529.75,7529.75,7527.0,7527.0,10
2026-06-24 12:45:00-04:00,7525.25,7528.0,7525.25,7528.0,11
2026-06-24 12:50:00-04:00,7531.0,7531.0,7528.5,7528.5,3
2026-06-24 12:55:00-04:00,7522.0,7522.25,7520.75,7522.25,4
2026-06-24 13:00:00-04:00,7523.25,7523.25,7523.25,7523.25,1
2026-06-24 13:05:00-04:00,7528.25,7528.25,7512.75,7512.75,2
2026-06-24 13:15:00-04:00,7505.5,7505.5,7502.5,7502.5,3
2026-06-24 13:20:00-04:00,7497.0,7499.0,7494.75,7494.75,12
2026-06-24 13:25:00-04:00,7494.5,7494.5,7487.0,7487.0,3
2026-06-24 13:30:00-04:00,7483.0,7483.0,7476.75,7482.5,17
2026-06-24 13:35:00-04:00,7481.5,7486.0,7481.5,7484.75,11
2026-06-24 13:40:00-04:00,7481.75,7481.75,7481.75,7481.75,1
2026-06-24 13:45:00-04:00,7482.0,7489.0,7479.75,7489.0,11
2026-06-24 13:50:00-04:00,7486.25,7486.25,7485.75,7485.75,2
2026-06-24 13:55:00-04:00,7485.5,7485.5,7481.0,7482.5,16
2026-06-24 14:00:00-04:00,7482.0,7490.25,7482.0,7489.25,5
2026-06-24 14:10:00-04:00,7492.75,7492.75,7492.75,7492.75,1
2026-06-24 14:15:00-04:00,7497.0,7499.5,7494.0,7494.0,4
2026-06-24 14:20:00-04:00,7500.5,7507.25,7500.5,7506.75,6
2026-06-24 14:35:00-04:00,7505.5,7505.5,7502.5,7502.5,2
2026-06-24 14:40:00-04:00,7495.0,7495.0,7494.0,7494.0,2
2026-06-24 14:45:00-04:00,7491.0,7491.0,7480.5,7481.0,15
2026-06-24 14:50:00-04:00,7478.5,7485.0,7478.5,7484.0,6
2026-06-24 15:00:00-04:00,7480.0,7488.5,7480.0,7488.5,7
2026-06-24 15:05:00-04:00,7474.25,7478.5,7473.5,7478.5,14
2026-06-24 15:10:00-04:00,7476.0,7476.75,7476.0,7476.75,4
2026-06-24 15:15:00-04:00,7479.5,7479.5,7479.5,7479.5,3
2026-06-24 15:20:00-04:00,7479.25,7479.25,7479.25,7479.25,2
2026-06-24 15:25:00-04:00,7486.25,7486.25,7486.25,7486.25,1
2026-06-24 15:30:00-04:00,7484.0,7484.0,7479.75,7481.0,13
2026-06-24 15:35:00-04:00,7482.5,7482.5,7478.75,7478.75,2
2026-06-24 15:40:00-04:00,7474.75,7479.25,7474.75,7479.25,2
2026-06-24 15:45:00-04:00,7482.25,7483.0,7482.25,7482.25,6
2026-06-24 15:50:00-04:00,7484.0,7490.25,7482.75,7489.5,19
2026-06-24 15:55:00-04:00,7492.0,7492.0,7490.0,7490.75,8
2026-06-24 16:00:00-04:00,7495.25,7518.25,7495.0,7517.75,15
2026-06-24 16:05:00-04:00,7518.25,7529.5,7518.25,7526.5,6
2026-06-24 16:10:00-04:00,7528.25,7531.0,7528.25,7531.0,3
2026-06-24 16:20:00-04:00,7540.0,7540.0,7540.0,7540.0,1
2026-06-24 16:25:00-04:00,7542.0,7542.0,7540.0,7540.0,11
2026-06-24 16:30:00-04:00,7539.75,7541.0,7539.0,7539.5,4
2026-06-24 16:35:00-04:00,7541.25,7541.75,7541.25,7541.75,2
2026-06-24 16:40:00-04:00,7543.75,7543.75,7543.75,7543.75,3
2026-06-24 16:45:00-04:00,7548.75,7548.75,7548.75,7548.75,1
2026-06-24 16:50:00-04:00,7547.0,7547.0,7547.0,7547.0,2
2026-06-24 18:00:00-04:00,7552.5,7552.5,7549.25,7551.5,6
2026-06-24 18:05:00-04:00,7543.25,7543.25,7539.75,7539.75,6
2026-06-24 18:30:00-04:00,7537.0,7537.0,7537.0,7537.0,1
2026-06-24 19:05:00-04:00,7536.25,7536.25,7536.25,7536.25,3
2026-06-24 19:45:00-04:00,7546.5,7546.5,7546.5,7546.5,1
2026-06-24 20:00:00-04:00,7536.75,7536.75,7536.75,7536.75,1
2026-06-24 20:45:00-04:00,7523.25,7523.25,7523.25,7523.25,1
2026-06-24 20:50:00-04:00,7526.25,7526.25,7526.25,7526.25,1
2026-06-24 21:05:00-04:00,7521.0,7521.0,7521.0,7521.0,1
2026-06-24 21:15:00-04:00,7526.0,7526.0,7526.0,7526.0,1
2026-06-24 21:35:00-04:00,7533.25,7533.25,7533.25,7533.25,2
2026-06-24 21:40:00-04:00,7530.5,7530.5,7530.5,7530.5,1
2026-06-24 22:35:00-04:00,7532.0,7532.0,7532.0,7532.0,1
2026-06-24 23:00:00-04:00,7535.0,7535.0,7535.0,7535.0,1
2026-06-24 23:15:00-04:00,7532.25,7535.25,7531.75,7535.25,12
2026-06-25 01:00:00-04:00,7536.0,7536.0,7536.0,7536.0,1
2026-06-25 01:05:00-04:00,7539.5,7539.5,7539.5,7539.5,1
2026-06-25 01:20:00-04:00,7539.75,7539.75,7539.75,7539.75,1
2026-06-25 02:00:00-04:00,7540.75,7540.75,7540.75,7540.75,2
2026-06-25 02:10:00-04:00,7547.0,7547.0,7547.0,7547.0,1
2026-06-25 02:15:00-04:00,7547.75,7547.75,7547.75,7547.75,1
2026-06-25 02:25:00-04:00,7550.0,7550.0,7550.0,7550.0,1
2026-06-25 02:55:00-04:00,7546.75,7546.75,7546.75,7546.75,5
2026-06-25 03:15:00-04:00,7553.25,7553.25,7553.25,7553.25,1
2026-06-25 03:35:00-04:00,7555.0,7555.0,7555.0,7555.0,1
2026-06-25 03:45:00-04:00,7555.0,7555.0,7555.0,7555.0,1
2026-06-25 04:00:00-04:00,7559.25,7559.25,7559.25,7559.25,1
2026-06-25 04:30:00-04:00,7553.25,7553.25,7553.25,7553.25,2
2026-06-25 04:45:00-04:00,7549.0,7549.0,7548.75,7548.75,2
2026-06-25 04:50:00-04:00,7549.0,7549.0,7549.0,7549.0,5
2026-06-25 05:40:00-04:00,7550.5,7550.5,7550.5,7550.5,1
2026-06-25 05:50:00-04:00,7552.5,7552.75,7552.5,7552.75,2
2026-06-25 06:20:00-04:00,7553.25,7553.25,7553.25,7553.25,1
2026-06-25 06:30:00-04:00,7554.25,7554.25,7554.25,7554.25,1
2026-06-25 06:55:00-04:00,7551.5,7551.5,7551.5,7551.5,3
2026-06-25 07:15:00-04:00,7548.5,7548.5,7548.5,7548.5,1
2026-06-25 07:20:00-04:00,7545.75,7545.75,7544.75,7544.75,7
2026-06-25 08:10:00-04:00,7548.25,7548.25,7548.25,7548.25,1
2026-06-25 08:30:00-04:00,7555.0,7568.5,7555.0,7557.25,41
2026-06-25 08:45:00-04:00,7556.0,7556.0,7556.0,7556.0,1
2026-06-25 09:00:00-04:00,7555.0,7555.0,7555.0,7555.0,1
2026-06-25 09:20:00-04:00,7550.25,7550.25,7550.0,7550.0,3
2026-06-25 09:25:00-04:00,7554.25,7554.25,7554.25,7554.25,1
2026-06-25 09:30:00-04:00,7557.75,7558.0,7533.5,7538.0,34
2026-06-25 09:35:00-04:00,7540.5,7543.0,7534.75,7537.5,25
2026-06-25 09:40:00-04:00,7528.25,7528.25,7505.5,7505.5,54
2026-06-25 09:45:00-04:00,7509.5,7509.5,7480.5,7490.0,24
2026-06-25 09:50:00-04:00,7493.5,7496.0,7468.5,7468.5,20
2026-06-25 09:55:00-04:00,7467.75,7473.0,7458.25,7458.25,31
2026-06-25 10:00:00-04:00,7466.75,7496.5,7466.75,7495.25,14
2026-06-25 10:05:00-04:00,7504.0,7513.5,7500.0,7512.5,22
2026-06-25 10:10:00-04:00,7521.0,7521.75,7510.0,7510.0,15
2026-06-25 10:15:00-04:00,7504.25,7513.75,7497.25,7513.75,19
2026-06-25 10:20:00-04:00,7521.5,7529.0,7513.75,7513.75,12
2026-06-25 10:25:00-04:00,7518.0,7521.0,7513.25,7517.75,9
2026-06-25 10:30:00-04:00,7521.25,7534.0,7521.25,7522.5,10
2026-06-25 10:35:00-04:00,7532.5,7532.5,7522.5,7532.5,6
2026-06-25 10:40:00-04:00,7531.0,7531.0,7513.5,7516.5,8
2026-06-25 10:45:00-04:00,7520.0,7529.25,7520.0,7529.0,4
2026-06-25 10:50:00-04:00,7531.5,7543.75,7531.5,7542.5,8
2026-06-25 10:55:00-04:00,7535.0,7535.0,7516.25,7516.25,49
2026-06-25 11:00:00-04:00,7517.5,7523.0,7517.5,7518.75,4
2026-06-25 11:05:00-04:00,7526.75,7526.75,7511.0,7513.0,29
2026-06-25 11:10:00-04:00,7505.5,7505.5,7491.0,7493.5,22
2026-06-25 11:15:00-04:00,7490.0,7500.25,7483.25,7500.0,15
2026-06-25 11:20:00-04:00,7498.5,7512.25,7496.0,7510.25,19
2026-06-25 11:25:00-04:00,7508.0,7508.0,7504.75,7504.75,10
2026-06-25 11:30:00-04:00,7507.5,7517.25,7507.25,7514.0,7
2026-06-25 11:35:00-04:00,7511.5,7511.5,7510.25,7510.25,3
2026-06-25 11:45:00-04:00,7517.75,7520.0,7513.0,7513.0,7
2026-06-25 11:50:00-04:00,7509.0,7509.0,7508.0,7508.0,2
2026-06-25 12:00:00-04:00,7505.25,7505.25,7504.0,7504.0,2
2026-06-25 12:05:00-04:00,7514.5,7514.5,7512.5,7512.5,2
2026-06-25 12:10:00-04:00,7525.0,7525.0,7520.0,7521.75,5
2026-06-25 12:15:00-04:00,7524.5,7524.75,7520.5,7520.5,3
2026-06-25 12:20:00-04:00,7516.75,7516.75,7509.5,7509.5,3
2026-06-25 12:25:00-04:00,7507.25,7507.25,7507.0,7507.0,2
2026-06-25 12:30:00-04:00,7503.0,7503.25,7494.75,7494.75,21
2026-06-25 12:35:00-04:00,7493.0,7493.0,7493.0,7493.0,1
2026-06-25 12:40:00-04:00,7489.75,7490.75,7487.5,7487.5,16
2026-06-25 12:45:00-04:00,7481.25,7490.5,7481.25,7490.0,9
2026-06-25 12:50:00-04:00,7488.5,7489.25,7488.5,7489.25,2
2026-06-25 12:55:00-04:00,7486.25,7486.5,7486.25,7486.5,2
2026-06-25 13:00:00-04:00,7489.5,7491.25,7489.5,7491.25,3
2026-06-25 13:05:00-04:00,7489.75,7489.75,7489.75,7489.75,3
2026-06-25 13:10:00-04:00,7493.75,7493.75,7493.75,7493.75,1
2026-06-25 13:15:00-04:00,7501.75,7503.75,7501.75,7503.75,5
2026-06-25 13:20:00-04:00,7485.0,7491.25,7485.0,7489.0,21
2026-06-25 13:25:00-04:00,7495.5,7495.5,7494.25,7494.25,5
2026-06-25 13:30:00-04:00,7494.5,7494.75,7489.5,7489.5,6
2026-06-25 13:35:00-04:00,7493.75,7493.75,7493.75,7493.75,1
2026-06-25 13:40:00-04:00,7498.5,7499.0,7489.75,7489.75,4
2026-06-25 13:45:00-04:00,7486.25,7486.25,7480.0,7480.0,6
2026-06-25 13:50:00-04:00,7490.25,7490.25,7489.25,7489.25,2
2026-06-25 13:55:00-04:00,7487.0,7497.25,7487.0,7497.25,7
2026-06-25 14:00:00-04:00,7496.0,7496.0,7477.5,7481.5,22
2026-06-25 14:05:00-04:00,7482.75,7499.0,7482.75,7499.0,13
2026-06-25 14:10:00-04:00,7499.0,7500.5,7493.5,7494.5,15
2026-06-25 14:15:00-04:00,7497.0,7506.5,7497.0,7506.5,14
2026-06-25 14:20:00-04:00,7514.0,7514.0,7509.25,7513.5,24
2026-06-25 14:25:00-04:00,7515.0,7517.25,7515.0,7517.25,5
2026-06-25 14:35:00-04:00,7505.0,7506.5,7505.0,7506.5,7
2026-06-25 14:40:00-04:00,7508.0,7508.0,7504.0,7504.0,3
2026-06-25 14:45:00-04:00,7496.5,7498.0,7491.0,7498.0,8
2026-06-25 15:00:00-04:00,7494.5,7494.5,7491.5,7491.5,2
2026-06-25 15:05:00-04:00,7492.75,7494.0,7492.75,7494.0,7
2026-06-25 15:10:00-04:00,7488.0,7488.0,7488.0,7488.0,1
2026-06-25 15:15:00-04:00,7483.5,7484.25,7483.5,7484.25,3
2026-06-25 15:20:00-04:00,7487.5,7487.5,7487.0,7487.0,2
2026-06-25 15:25:00-04:00,7492.0,7492.0,7492.0,7492.0,2
2026-06-25 15:40:00-04:00,7485.5,7485.75,7480.0,7480.0,5
2026-06-25 15:45:00-04:00,7480.0,7482.5,7479.0,7481.25,5
2026-06-25 15:50:00-04:00,7480.0,7486.75,7480.0,7486.75,7
2026-06-25 15:55:00-04:00,7485.0,7497.25,7485.0,7497.25,6
2026-06-25 16:00:00-04:00,7495.75,7519.0,7495.75,7507.5,42
2026-06-25 16:05:00-04:00,7509.75,7511.0,7509.5,7509.75,4
2026-06-25 16:10:00-04:00,7504.5,7504.5,7504.5,7504.5,1
2026-06-25 16:15:00-04:00,7511.25,7511.25,7511.25,7511.25,1
2026-06-25 16:20:00-04:00,7521.75,7521.75,7521.75,7521.75,1
2026-06-25 16:25:00-04:00,7515.5,7515.5,7515.5,7515.5,1
2026-06-25 16:30:00-04:00,7513.0,7513.0,7511.0,7511.0,76
2026-06-25 16:40:00-04:00,7509.0,7509.0,7509.0,7509.0,1
2026-06-25 18:00:00-04:00,7494.5,7494.5,7494.5,7494.5,1
2026-06-25 18:05:00-04:00,7493.75,7494.0,7493.75,7494.0,3
2026-06-25 18:10:00-04:00,7487.25,7487.25,7486.25,7487.0,4
2026-06-25 18:15:00-04:00,7490.0,7492.0,7490.0,7492.0,2
2026-06-25 18:25:00-04:00,7489.5,7489.5,7489.25,7489.25,2
2026-06-25 18:55:00-04:00,7494.0,7494.0,7494.0,7494.0,1
2026-06-25 19:10:00-04:00,7495.25,7501.25,7495.25,7501.25,6
2026-06-25 19:15:00-04:00,7500.5,7515.0,7500.5,7515.0,6
2026-06-25 19:20:00-04:00,7518.5,7520.75,7518.5,7519.0,8
2026-06-25 19:25:00-04:00,7520.0,7521.75,7518.75,7518.75,4
2026-06-25 19:30:00-04:00,7519.25,7519.25,7514.0,7514.0,4
2026-06-25 19:45:00-04:00,7496.5,7496.5,7490.75,7490.75,4
2026-06-25 19:50:00-04:00,7487.5,7487.75,7487.5,7487.75,3
2026-06-25 19:55:00-04:00,7490.0,7491.5,7490.0,7491.5,4
2026-06-25 20:00:00-04:00,7493.5,7493.5,7493.5,7493.5,2
2026-06-25 20:05:00-04:00,7500.75,7501.5,7500.75,7501.5,4
2026-06-25 20:10:00-04:00,7496.5,7496.5,7496.5,7496.5,1
2026-06-25 20:15:00-04:00,7497.5,7497.5,7497.5,7497.5,1
2026-06-25 20:25:00-04:00,7493.5,7494.25,7491.0,7491.75,7
2026-06-25 20:30:00-04:00,7496.0,7496.0,7496.0,7496.0,5
2026-06-25 20:40:00-04:00,7494.0,7497.5,7493.25,7496.75,8
2026-06-25 20:45:00-04:00,7496.0,7496.5,7496.0,7496.5,3
2026-06-25 21:00:00-04:00,7492.25,7492.25,7492.25,7492.25,1
2026-06-25 21:05:00-04:00,7484.25,7486.0,7482.5,7486.0,6
2026-06-25 21:10:00-04:00,7489.0,7492.75,7489.0,7489.5,4
2026-06-25 21:25:00-04:00,7490.5,7490.5,7490.5,7490.5,1
2026-06-25 21:30:00-04:00,7484.0,7484.0,7475.5,7475.5,5
2026-06-25 21:35:00-04:00,7476.0,7478.25,7475.25,7478.25,5
2026-06-25 21:40:00-04:00,7474.75,7474.75,7474.75,7474.75,1
2026-06-25 21:45:00-04:00,7474.75,7474.75,7474.75,7474.75,1
2026-06-25 21:55:00-04:00,7471.0,7471.0,7471.0,7471.0,2
2026-06-25 22:00:00-04:00,7466.75,7466.75,7463.75,7463.75,4
2026-06-25 22:05:00-04:00,7465.25,7465.25,7463.75,7463.75,2
2026-06-25 22:10:00-04:00,7464.5,7464.5,7464.5,7464.5,1
2026-06-25 22:20:00-04:00,7460.0,7460.0,7459.0,7459.0,2
2026-06-25 22:30:00-04:00,7452.5,7452.5,7452.5,7452.5,1
2026-06-25 22:35:00-04:00,7452.0,7452.0,7452.0,7452.0,1
2026-06-25 22:40:00-04:00,7451.0,7451.0,7446.0,7449.0,11
2026-06-25 22:45:00-04:00,7441.75,7441.75,7441.0,7441.5,3
2026-06-25 22:50:00-04:00,7439.5,7439.5,7437.75,7437.75,3
2026-06-25 22:55:00-04:00,7433.75,7437.75,7433.75,7437.75,4
2026-06-25 23:00:00-04:00,7437.5,7437.5,7434.75,7434.75,2
2026-06-25 23:05:00-04:00,7433.0,7433.0,7432.75,7432.75,2
2026-06-25 23:10:00-04:00,7432.25,7433.5,7432.25,7433.5,2
2026-06-25 23:15:00-04:00,7436.5,7436.75,7434.75,7434.75,3
2026-06-25 23:25:00-04:00,7436.0,7436.25,7433.5,7433.5,4
2026-06-25 23:30:00-04:00,7430.0,7430.0,7430.0,7430.0,1
2026-06-25 23:35:00-04:00,7426.0,7426.0,7425.5,7425.5,3
2026-06-25 23:55:00-04:00,7451.25,7451.25,7451.25,7451.25,1
2026-06-26 00:00:00-04:00,7452.0,7452.75,7450.25,7452.5,4
2026-06-26 00:10:00-04:00,7449.0,7450.0,7449.0,7450.0,2
2026-06-26 00:15:00-04:00,7449.25,7449.25,7449.25,7449.25,1
2026-06-26 00:20:00-04:00,7447.75,7447.75,7445.75,7445.75,4
2026-06-26 00:25:00-04:00,7439.25,7444.5,7439.25,7444.5,3
2026-06-26 00:30:00-04:00,7446.5,7446.5,7439.5,7439.5,8
2026-06-26 00:35:00-04:00,7439.0,7439.0,7439.0,7439.0,1
2026-06-26 00:45:00-04:00,7436.75,7436.75,7436.75,7436.75,1
2026-06-26 01:40:00-04:00,7438.75,7438.75,7436.25,7436.5,4
2026-06-26 01:45:00-04:00,7433.5,7433.5,7433.0,7433.0,3
2026-06-26 01:50:00-04:00,7441.25,7441.75,7441.25,7441.75,2
2026-06-26 01:55:00-04:00,7441.5,7441.5,7441.5,7441.5,1
2026-06-26 02:00:00-04:00,7439.75,7440.75,7439.75,7440.75,3
2026-06-26 02:05:00-04:00,7439.75,7439.75,7439.75,7439.75,1
2026-06-26 02:10:00-04:00,7438.0,7441.5,7438.0,7441.5,2
2026-06-26 02:15:00-04:00,7443.5,7445.75,7443.5,7444.25,9
2026-06-26 02:20:00-04:00,7446.5,7446.5,7446.5,7446.5,2
2026-06-26 02:30:00-04:00,7454.25,7457.25,7454.25,7456.75,6
2026-06-26 02:35:00-04:00,7457.5,7459.5,7457.5,7458.75,8
2026-06-26 02:40:00-04:00,7458.0,7460.75,7458.0,7460.75,7
2026-06-26 02:45:00-04:00,7467.25,7470.0,7467.25,7467.75,6
2026-06-26 02:55:00-04:00,7471.5,7471.5,7471.5,7471.5,1
2026-06-26 03:00:00-04:00,7466.5,7466.5,7466.5,7466.5,1
2026-06-26 03:10:00-04:00,7469.5,7469.5,7469.5,7469.5,1
2026-06-26 03:35:00-04:00,7476.0,7477.5,7476.0,7477.5,3
2026-06-26 03:50:00-04:00,7475.5,7475.5,7475.5,7475.5,1
2026-06-26 04:00:00-04:00,7472.5,7473.5,7472.5,7473.5,2
2026-06-26 04:05:00-04:00,7472.0,7472.0,7472.0,7472.0,1
2026-06-26 04:40:00-04:00,7465.5,7465.5,7465.5,7465.5,1
2026-06-26 04:45:00-04:00,7462.0,7462.0,7462.0,7462.0,1
2026-06-26 04:50:00-04:00,7454.0,7454.0,7454.0,7454.0,2
2026-06-26 04:55:00-04:00,7450.75,7450.75,7450.5,7450.5,2
2026-06-26 05:00:00-04:00,7450.75,7450.75,7450.75,7450.75,1
2026-06-26 05:10:00-04:00,7450.5,7450.5,7450.5,7450.5,1
2026-06-26 05:30:00-04:00,7449.75,7449.75,7449.75,7449.75,1
2026-06-26 05:50:00-04:00,7460.75,7460.75,7460.0,7460.0,2
2026-06-26 06:05:00-04:00,7452.0,7452.0,7452.0,7452.0,1
2026-06-26 06:20:00-04:00,7451.5,7451.5,7451.5,7451.5,1
2026-06-26 06:50:00-04:00,7454.0,7454.0,7454.0,7454.0,1
2026-06-26 06:55:00-04:00,7451.75,7451.75,7451.75,7451.75,1
2026-06-26 07:00:00-04:00,7452.25,7452.25,7452.25,7452.25,1
2026-06-26 07:05:00-04:00,7458.75,7458.75,7458.75,7458.75,1
2026-06-26 07:10:00-04:00,7457.25,7457.25,7457.25,7457.25,1
2026-06-26 07:25:00-04:00,7452.25,7452.25,7452.25,7452.25,1
2026-06-26 07:35:00-04:00,7454.75,7454.75,7454.75,7454.75,3
2026-06-26 07:50:00-04:00,7445.5,7445.5,7445.5,7445.5,1
2026-06-26 08:00:00-04:00,7456.5,7456.5,7456.5,7456.5,1
2026-06-26 08:10:00-04:00,7462.5,7462.5,7462.5,7462.5,1
2026-06-26 08:40:00-04:00,7451.5,7451.5,7451.25,7451.25,3
2026-06-26 08:45:00-04:00,7449.0,7449.75,7449.0,7449.75,2
2026-06-26 08:50:00-04:00,7451.5,7451.5,7451.5,7451.5,1
2026-06-26 09:05:00-04:00,7446.75,7446.75,7444.5,7444.5,39
2026-06-26 09:10:00-04:00,7444.25,7444.25,7444.25,7444.25,1
2026-06-26 09:20:00-04:00,7442.5,7447.0,7442.5,7446.25,10
2026-06-26 09:25:00-04:00,7448.25,7448.25,7446.5,7447.25,8
2026-06-26 09:30:00-04:00,7444.75,7454.5,7430.25,7433.25,25
2026-06-26 09:35:00-04:00,7437.5,7447.25,7437.5,7440.25,11
2026-06-26 09:40:00-04:00,7441.75,7453.5,7439.0,7450.0,8
2026-06-26 09:45:00-04:00,7445.5,7456.5,7438.25,7448.75,12
2026-06-26 09:50:00-04:00,7449.0,7455.0,7447.0,7447.0,7
2026-06-26 09:55:00-04:00,7457.5,7470.5,7457.5,7463.75,13
2026-06-26 10:00:00-04:00,7475.5,7481.0,7473.25,7481.0,18
2026-06-26 10:05:00-04:00,7486.25,7491.0,7485.25,7491.0,10
2026-06-26 10:10:00-04:00,7492.75,7494.0,7485.5,7493.0,12
2026-06-26 10:15:00-04:00,7491.25,7493.5,7486.25,7488.5,4
2026-06-26 10:20:00-04:00,7490.5,7502.0,7490.5,7495.0,24
2026-06-26 10:25:00-04:00,7498.0,7498.75,7494.25,7496.25,14
2026-06-26 10:30:00-04:00,7494.5,7496.5,7492.75,7493.0,9
2026-06-26 10:35:00-04:00,7492.0,7492.0,7483.25,7484.0,14
2026-06-26 10:40:00-04:00,7482.25,7482.25,7477.0,7477.0,7
2026-06-26 10:45:00-04:00,7484.25,7492.5,7484.25,7488.5,5
2026-06-26 10:50:00-04:00,7489.25,7491.75,7485.0,7485.0,7
2026-06-26 10:55:00-04:00,7483.25,7486.0,7483.25,7486.0,2
2026-06-26 11:00:00-04:00,7493.0,7493.75,7493.0,7493.75,3
2026-06-26 11:10:00-04:00,7482.0,7482.0,7482.0,7482.0,1
2026-06-26 11:15:00-04:00,7476.5,7485.0,7476.5,7485.0,2
2026-06-26 11:20:00-04:00,7492.25,7492.25,7492.25,7492.25,1
2026-06-26 11:25:00-04:00,7499.5,7503.25,7499.5,7503.25,5
2026-06-26 11:30:00-04:00,7509.75,7513.75,7506.25,7506.25,20
2026-06-26 11:35:00-04:00,7509.0,7520.0,7507.75,7519.25,11
2026-06-26 11:40:00-04:00,7518.0,7525.0,7518.0,7524.25,11
2026-06-26 11:45:00-04:00,7520.25,7520.25,7517.5,7519.25,6
2026-06-26 11:50:00-04:00,7520.75,7520.75,7503.75,7506.5,57
2026-06-26 11:55:00-04:00,7508.25,7516.0,7508.25,7513.25,12
2026-06-26 12:00:00-04:00,7513.0,7514.0,7513.0,7514.0,2
2026-06-26 12:05:00-04:00,7508.25,7508.25,7502.75,7503.25,7
2026-06-26 12:10:00-04:00,7503.5,7504.0,7501.75,7501.75,6
2026-06-26 12:15:00-04:00,7501.25,7502.5,7500.0,7502.5,5
2026-06-26 12:20:00-04:00,7501.25,7501.5,7491.0,7494.0,24
2026-06-26 12:25:00-04:00,7492.5,7494.75,7492.5,7494.25,9
2026-06-26 12:30:00-04:00,7500.75,7500.75,7500.75,7500.75,1
2026-06-26 12:35:00-04:00,7507.5,7507.5,7507.5,7507.5,1
2026-06-26 12:45:00-04:00,7501.75,7502.5,7500.0,7502.5,3
2026-06-26 12:50:00-04:00,7505.0,7508.5,7505.0,7505.75,11
2026-06-26 13:00:00-04:00,7508.75,7509.75,7508.75,7509.75,4
2026-06-26 13:05:00-04:00,7512.0,7515.5,7510.0,7515.5,9
2026-06-26 13:10:00-04:00,7515.25,7515.25,7515.25,7515.25,1
2026-06-26 13:15:00-04:00,7506.0,7506.0,7506.0,7506.0,1
2026-06-26 13:20:00-04:00,7506.0,7506.0,7500.0,7500.0,3
2026-06-26 13:25:00-04:00,7506.5,7506.5,7506.5,7506.5,1
2026-06-26 13:30:00-04:00,7509.0,7510.0,7505.25,7505.75,5
2026-06-26 13:35:00-04:00,7500.75,7500.75,7499.75,7499.75,3
2026-06-26 13:40:00-04:00,7497.0,7504.5,7497.0,7504.5,2
2026-06-26 13:45:00-04:00,7502.75,7502.75,7502.75,7502.75,1
2026-06-26 13:50:00-04:00,7499.25,7499.25,7499.25,7499.25,1
2026-06-26 13:55:00-04:00,7494.75,7494.75,7494.75,7494.75,6
2026-06-26 14:00:00-04:00,7498.0,7498.0,7498.0,7498.0,2
2026-06-26 14:05:00-04:00,7504.75,7504.75,7504.75,7504.75,1
2026-06-26 14:10:00-04:00,7499.75,7499.75,7499.75,7499.75,1
2026-06-26 14:20:00-04:00,7494.5,7494.5,7494.5,7494.5,1
2026-06-26 14:25:00-04:00,7492.25,7492.5,7488.0,7488.0,5
2026-06-26 14:45:00-04:00,7481.25,7481.25,7476.75,7476.75,4
2026-06-26 14:50:00-04:00,7475.75,7476.75,7475.0,7476.25,4
2026-06-26 14:55:00-04:00,7476.25,7479.5,7474.75,7474.75,12
2026-06-26 15:05:00-04:00,7473.25,7483.0,7473.25,7483.0,2
2026-06-26 15:10:00-04:00,7482.25,7482.25,7480.25,7480.25,3
2026-06-26 15:15:00-04:00,7485.0,7485.0,7485.0,7485.0,1
2026-06-26 15:20:00-04:00,7479.25,7480.5,7479.25,7479.25,5
2026-06-26 15:25:00-04:00,7481.75,7481.75,7481.0,7481.0,4
2026-06-26 15:30:00-04:00,7480.0,7486.5,7480.0,7486.0,10
2026-06-26 15:35:00-04:00,7483.5,7483.75,7483.5,7483.75,2
2026-06-26 15:40:00-04:00,7483.25,7492.5,7483.25,7492.5,4
2026-06-26 15:45:00-04:00,7496.0,7496.0,7487.5,7487.5,6
2026-06-26 15:50:00-04:00,7492.25,7492.25,7488.5,7491.25,18
2026-06-26 15:55:00-04:00,7490.0,7495.25,7438.5,7438.75,102
2026-06-26 16:00:00-04:00,7444.25,7474.0,7439.25,7466.5,70
2026-06-26 16:05:00-04:00,7463.5,7467.0,7460.25,7465.5,17
2026-06-26 16:10:00-04:00,7467.5,7478.25,7467.25,7478.0,12
2026-06-26 16:15:00-04:00,7480.5,7480.5,7478.0,7479.75,4
2026-06-26 16:20:00-04:00,7478.25,7480.75,7476.5,7480.0,7
2026-06-26 16:25:00-04:00,7485.0,7486.0,7485.0,7486.0,4
2026-06-26 16:30:00-04:00,7470.0,7474.0,7468.0,7474.0,3
2026-06-26 16:35:00-04:00,7473.75,7474.75,7468.75,7468.75,42
2026-06-26 16:40:00-04:00,7466.5,7467.75,7466.5,7467.75,9
2026-06-26 16:55:00-04:00,7467.25,7467.25,7467.25,7467.25,1
2026-06-28 18:00:00-04:00,7470.75,7499.5,7470.75,7499.5,12
2026-06-28 18:10:00-04:00,7500.0,7500.0,7500.0,7500.0,1
2026-06-28 18:20:00-04:00,7494.0,7495.0,7494.0,7495.0,2
2026-06-28 18:25:00-04:00,7501.5,7501.5,7501.5,7501.5,6
2026-06-28 18:30:00-04:00,7502.0,7504.0,7502.0,7504.0,2
2026-06-28 19:10:00-04:00,7513.0,7514.5,7513.0,7514.5,2
2026-06-28 19:40:00-04:00,7519.0,7519.0,7519.0,7519.0,1
2026-06-28 19:45:00-04:00,7517.5,7517.5,7516.75,7516.75,2
2026-06-28 19:55:00-04:00,7516.75,7516.75,7516.75,7516.75,1
2026-06-28 20:00:00-04:00,7511.0,7511.0,7501.75,7501.75,5
2026-06-28 20:05:00-04:00,7500.25,7503.5,7500.25,7503.5,3
2026-06-28 20:10:00-04:00,7506.25,7506.25,7506.25,7506.25,1
2026-06-28 20:15:00-04:00,7498.0,7498.0,7496.0,7496.0,2
2026-06-28 20:20:00-04:00,7492.5,7492.5,7490.25,7490.25,3
2026-06-28 20:30:00-04:00,7494.0,7494.0,7494.0,7494.0,1
2026-06-28 20:35:00-04:00,7492.5,7494.5,7492.5,7494.5,3
2026-06-28 20:40:00-04:00,7497.75,7497.75,7497.75,7497.75,1
2026-06-28 20:55:00-04:00,7502.0,7502.0,7502.0,7502.0,1
2026-06-28 21:05:00-04:00,7504.5,7504.5,7501.0,7501.0,3
2026-06-28 21:15:00-04:00,7495.5,7495.5,7494.25,7494.25,2
2026-06-28 21:20:00-04:00,7498.0,7498.0,7498.0,7498.0,1
2026-06-28 21:25:00-04:00,7498.0,7498.0,7498.0,7498.0,1
2026-06-28 21:35:00-04:00,7498.5,7498.5,7498.5,7498.5,2
2026-06-28 21:55:00-04:00,7507.75,7507.75,7507.75,7507.75,1
2026-06-28 22:05:00-04:00,7496.0,7496.0,7496.0,7496.0,1
2026-06-28 22:30:00-04:00,7506.0,7506.0,7506.0,7506.0,1
2026-06-28 22:35:00-04:00,7506.75,7506.75,7506.75,7506.75,1
2026-06-29 00:00:00-04:00,7515.25,7515.25,7515.25,7515.25,2
2026-06-29 00:25:00-04:00,7510.0,7510.0,7510.0,7510.0,1
2026-06-29 01:10:00-04:00,7506.75,7511.0,7506.75,7511.0,3
2026-06-29 01:15:00-04:00,7512.5,7512.5,7512.5,7512.5,1
2026-06-29 02:25:00-04:00,7518.75,7518.75,7518.75,7518.75,1
2026-06-29 02:35:00-04:00,7519.0,7519.0,7519.0,7519.0,1
2026-06-29 03:10:00-04:00,7508.0,7508.0,7508.0,7508.0,1
2026-06-29 03:30:00-04:00,7517.5,7517.5,7514.75,7514.75,2
2026-06-29 03:35:00-04:00,7516.5,7516.5,7516.5,7516.5,1
2026-06-29 04:00:00-04:00,7520.0,7520.0,7520.0,7520.0,1
2026-06-29 04:05:00-04:00,7525.5,7525.5,7525.5,7525.5,1
2026-06-29 04:15:00-04:00,7528.0,7528.0,7528.0,7528.0,1
2026-06-29 04:25:00-04:00,7523.75,7523.75,7523.75,7523.75,1
2026-06-29 04:40:00-04:00,7522.5,7522.5,7522.5,7522.5,1
2026-06-29 05:20:00-04:00,7521.75,7521.75,7521.75,7521.75,1
2026-06-29 05:50:00-04:00,7520.75,7520.75,7517.0,7517.0,2
2026-06-29 06:05:00-04:00,7527.5,7527.5,7527.5,7527.5,1
2026-06-29 06:35:00-04:00,7530.0,7530.0,7530.0,7530.0,2
2026-06-29 06:45:00-04:00,7525.75,7527.75,7522.25,7527.75,4
2026-06-29 07:20:00-04:00,7527.5,7527.5,7527.5,7527.5,1
2026-06-29 07:30:00-04:00,7528.75,7539.25,7528.75,7534.25,15
2026-06-29 07:35:00-04:00,7532.75,7533.5,7531.0,7531.0,4
2026-06-29 07:40:00-04:00,7531.5,7532.75,7531.5,7532.0,5
2026-06-29 07:50:00-04:00,7533.75,7533.75,7533.75,7533.75,1
2026-06-29 08:10:00-04:00,7533.75,7533.75,7533.75,7533.75,1
2026-06-29 08:40:00-04:00,7524.0,7524.0,7524.0,7524.0,1
2026-06-29 08:45:00-04:00,7527.5,7527.75,7525.5,7525.5,3
2026-06-29 09:25:00-04:00,7523.5,7523.5,7521.75,7522.75,4
2026-06-29 09:30:00-04:00,7518.75,7539.0,7518.75,7539.0,28
2026-06-29 09:35:00-04:00,7541.75,7542.25,7533.75,7536.0,10
2026-06-29 09:40:00-04:00,7533.75,7547.75,7533.75,7547.75,12
2026-06-29 09:45:00-04:00,7551.75,7551.75,7545.75,7545.75,5
2026-06-29 09:50:00-04:00,7546.0,7553.0,7546.0,7553.0,3
2026-06-29 09:55:00-04:00,7537.5,7537.5,7527.0,7527.0,5
2026-06-29 10:00:00-04:00,7523.75,7524.75,7520.0,7520.0,4
2026-06-29 10:05:00-04:00,7514.75,7514.75,7503.5,7503.5,11
2026-06-29 10:10:00-04:00,7500.0,7501.0,7489.0,7489.0,10
2026-06-29 10:15:00-04:00,7477.75,7491.75,7477.25,7487.25,57
2026-06-29 10:20:00-04:00,7496.5,7498.75,7489.5,7493.0,5
2026-06-29 10:25:00-04:00,7502.75,7511.75,7502.75,7509.5,9
2026-06-29 10:30:00-04:00,7518.5,7525.75,7518.5,7525.75,8
2026-06-29 10:35:00-04:00,7531.75,7532.0,7525.25,7527.0,5
2026-06-29 10:45:00-04:00,7520.5,7520.5,7520.5,7520.5,2
2026-06-29 10:50:00-04:00,7530.0,7538.25,7530.0,7536.5,9
2026-06-29 10:55:00-04:00,7533.75,7533.75,7528.5,7533.25,12
2026-06-29 11:00:00-04:00,7531.75,7533.0,7530.0,7530.0,5
2026-06-29 11:05:00-04:00,7529.0,7529.0,7529.0,7529.0,1
2026-06-29 11:10:00-04:00,7525.0,7525.75,7523.0,7523.0,3
2026-06-29 11:15:00-04:00,7531.25,7531.25,7527.0,7527.0,5
2026-06-29 11:20:00-04:00,7529.25,7529.25,7522.25,7522.25,2
2026-06-29 11:25:00-04:00,7530.75,7530.75,7530.75,7530.75,1
2026-06-29 11:30:00-04:00,7536.0,7536.0,7533.5,7533.5,3
2026-06-29 11:35:00-04:00,7531.25,7531.25,7531.25,7531.25,1
2026-06-29 11:40:00-04:00,7537.75,7537.75,7537.75,7537.75,1
2026-06-29 11:45:00-04:00,7537.75,7537.75,7537.75,7537.75,1
2026-06-29 11:50:00-04:00,7536.25,7538.0,7536.0,7536.0,4
2026-06-29 12:05:00-04:00,7547.0,7547.0,7547.0,7547.0,1
2026-06-29 12:10:00-04:00,7545.75,7545.75,7545.75,7545.75,1
2026-06-29 12:20:00-04:00,7545.0,7545.0,7545.0,7545.0,1
2026-06-29 12:25:00-04:00,7542.25,7542.25,7542.0,7542.0,4
2026-06-29 12:30:00-04:00,7537.75,7537.75,7537.75,7537.75,1
2026-06-29 12:35:00-04:00,7540.0,7540.0,7540.0,7540.0,1
2026-06-29 12:55:00-04:00,7544.75,7544.75,7544.25,7544.25,5
2026-06-29 13:00:00-04:00,7544.75,7544.75,7544.75,7544.75,1
2026-06-29 13:05:00-04:00,7549.25,7551.25,7549.25,7551.25,3
2026-06-29 13:10:00-04:00,7551.75,7558.25,7551.75,7558.0,5
2026-06-29 13:15:00-04:00,7558.0,7558.0,7558.0,7558.0,1
2026-06-29 13:20:00-04:00,7556.25,7556.25,7556.25,7556.25,1
2026-06-29 13:25:00-04:00,7558.75,7558.75,7558.75,7558.75,1
2026-06-29 13:30:00-04:00,7561.0,7562.5,7559.75,7559.75,4
2026-06-29 13:35:00-04:00,7557.75,7560.0,7557.75,7560.0,3
2026-06-29 13:45:00-04:00,7562.0,7562.0,7562.0,7562.0,1
2026-06-29 13:50:00-04:00,7565.0,7565.0,7564.5,7564.5,4
2026-06-29 14:00:00-04:00,7561.5,7563.5,7561.5,7563.5,4
2026-06-29 14:30:00-04:00,7559.25,7559.25,7558.75,7559.25,12
2026-06-29 14:40:00-04:00,7566.5,7566.75,7566.5,7566.75,2
2026-06-29 14:45:00-04:00,7569.0,7569.0,7569.0,7569.0,1
2026-06-29 14:50:00-04:00,7565.0,7565.0,7565.0,7565.0,1
2026-06-29 14:55:00-04:00,7563.25,7563.25,7563.25,7563.25,1
2026-06-29 15:40:00-04:00,7561.5,7562.5,7561.5,7562.5,5
2026-06-29 15:50:00-04:00,7562.75,7563.0,7560.25,7560.25,5
2026-06-29 15:55:00-04:00,7560.0,7569.75,7560.0,7569.75,5
2026-06-29 16:00:00-04:00,7560.75,7563.25,7560.75,7560.75,16
2026-06-29 16:05:00-04:00,7562.0,7563.5,7562.0,7563.5,2
2026-06-29 16:55:00-04:00,7560.75,7560.75,7560.75,7560.75,1
2026-06-29 18:00:00-04:00,7561.0,7562.75,7560.25,7560.25,7
2026-06-29 18:10:00-04:00,7563.75,7563.75,7563.75,7563.75,1
2026-06-29 18:15:00-04:00,7560.25,7560.25,7560.25,7560.25,1
2026-06-29 18:20:00-04:00,7562.5,7562.5,7561.75,7561.75,6
2026-06-29 18:25:00-04:00,7562.0,7562.0,7562.0,7562.0,1
2026-06-29 18:30:00-04:00,7560.0,7560.0,7559.75,7559.75,2
2026-06-29 18:40:00-04:00,7562.75,7562.75,7562.75,7562.75,1
2026-06-29 19:45:00-04:00,7559.5,7559.5,7559.5,7559.5,1
2026-06-29 19:55:00-04:00,7562.25,7562.25,7562.25,7562.25,1
2026-06-29 20:00:00-04:00,7558.75,7558.75,7558.75,7558.75,1
2026-06-29 20:05:00-04:00,7563.5,7567.5,7563.5,7567.5,8
2026-06-29 20:15:00-04:00,7565.5,7565.5,7565.5,7565.5,1
2026-06-29 20:25:00-04:00,7559.25,7559.25,7557.75,7557.75,3
2026-06-29 20:30:00-04:00,7557.75,7557.75,7553.5,7554.0,3
2026-06-29 20:35:00-04:00,7552.75,7552.75,7552.75,7552.75,1
2026-06-29 20:40:00-04:00,7555.5,7555.5,7555.0,7555.0,2
2026-06-29 20:45:00-04:00,7556.5,7556.5,7556.5,7556.5,1
2026-06-29 20:55:00-04:00,7558.5,7560.75,7558.5,7559.25,9
2026-06-29 21:00:00-04:00,7557.25,7557.25,7557.25,7557.25,1
2026-06-29 21:05:00-04:00,7554.75,7554.75,7554.25,7554.25,2
2026-06-29 21:10:00-04:00,7551.0,7551.0,7551.0,7551.0,1
2026-06-29 21:25:00-04:00,7561.5,7561.5,7561.5,7561.5,1
2026-06-29 21:45:00-04:00,7564.75,7564.75,7562.75,7562.75,2
2026-06-29 21:55:00-04:00,7565.25,7565.25,7565.25,7565.25,1
2026-06-29 22:00:00-04:00,7562.25,7562.25,7562.25,7562.25,1
2026-06-29 22:15:00-04:00,7557.25,7557.25,7555.0,7555.0,10
2026-06-29 22:20:00-04:00,7559.5,7559.5,7559.5,7559.5,1
2026-06-29 22:25:00-04:00,7562.5,7562.5,7562.5,7562.5,8
2026-06-29 23:00:00-04:00,7557.25,7558.75,7557.25,7558.75,2
2026-06-29 23:25:00-04:00,7564.0,7564.0,7564.0,7564.0,1
2026-06-29 23:35:00-04:00,7569.0,7569.0,7569.0,7569.0,1
2026-06-30 00:00:00-04:00,7570.0,7570.0,7570.0,7570.0,1
2026-06-30 00:05:00-04:00,7574.25,7574.5,7574.25,7574.5,2
2026-06-30 00:20:00-04:00,7575.5,7575.5,7575.5,7575.5,1
2026-06-30 00:35:00-04:00,7578.5,7578.5,7578.5,7578.5,1
2026-06-30 00:45:00-04:00,7580.0,7580.0,7580.0,7580.0,4
2026-06-30 00:55:00-04:00,7578.5,7578.5,7578.5,7578.5,2
2026-06-30 01:25:00-04:00,7579.0,7579.0,7579.0,7579.0,1
2026-06-30 01:30:00-04:00,7575.0,7575.0,7573.5,7573.5,2
2026-06-30 02:25:00-04:00,7574.5,7574.5,7574.5,7574.5,1
2026-06-30 02:45:00-04:00,7574.0,7574.0,7574.0,7574.0,1
2026-06-30 03:00:00-04:00,7578.5,7578.5,7578.5,7578.5,1
2026-06-30 03:15:00-04:00,7573.5,7573.5,7573.5,7573.5,1
2026-06-30 03:35:00-04:00,7577.0,7577.0,7577.0,7577.0,1
2026-06-30 03:45:00-04:00,7571.75,7571.75,7571.75,7571.75,1
2026-06-30 04:15:00-04:00,7569.0,7569.0,7569.0,7569.0,1
2026-06-30 04:40:00-04:00,7563.5,7563.5,7562.5,7562.5,2
2026-06-30 05:00:00-04:00,7570.5,7570.5,7569.25,7569.25,7
2026-06-30 05:10:00-04:00,7569.0,7569.0,7569.0,7569.0,1
2026-06-30 06:30:00-04:00,7574.0,7574.0,7574.0,7574.0,1
2026-06-30 06:45:00-04:00,7578.0,7578.0,7578.0,7578.0,1
2026-06-30 07:25:00-04:00,7578.5,7578.5,7578.5,7578.5,1
2026-06-30 07:35:00-04:00,7579.0,7579.0,7579.0,7579.0,1
2026-06-30 07:50:00-04:00,7583.0,7583.0,7582.75,7582.75,2
2026-06-30 07:55:00-04:00,7581.25,7581.25,7580.0,7580.0,2
2026-06-30 08:25:00-04:00,7564.25,7564.25,7564.25,7564.25,1
2026-06-30 08:30:00-04:00,7564.5,7564.5,7560.25,7560.25,8
2026-06-30 08:40:00-04:00,7566.5,7566.5,7566.5,7566.5,1
2026-06-30 09:00:00-04:00,7565.0,7565.0,7565.0,7565.0,1
2026-06-30 09:10:00-04:00,7565.5,7565.5,7564.0,7564.0,8
2026-06-30 09:20:00-04:00,7561.5,7561.5,7561.5,7561.5,1
2026-06-30 09:25:00-04:00,7566.5,7566.5,7566.5,7566.5,1
2026-06-30 09:30:00-04:00,7569.0,7569.0,7567.75,7567.75,11
2026-06-30 09:40:00-04:00,7571.5,7571.5,7571.5,7571.5,1
2026-06-30 09:50:00-04:00,7577.0,7588.75,7577.0,7587.5,19
2026-06-30 09:55:00-04:00,7591.0,7593.5,7591.0,7593.5,5
2026-06-30 10:00:00-04:00,7585.0,7600.0,7583.75,7600.0,9
2026-06-30 10:05:00-04:00,7597.0,7597.0,7589.5,7589.5,5
2026-06-30 10:15:00-04:00,7590.5,7590.5,7590.5,7590.5,1
2026-06-30 10:20:00-04:00,7591.0,7600.0,7591.0,7598.5,5
2026-06-30 10:25:00-04:00,7595.0,7598.0,7595.0,7597.5,4
2026-06-30 10:30:00-04:00,7605.0,7607.0,7605.0,7607.0,7
2026-06-30 10:35:00-04:00,7608.0,7608.0,7598.75,7598.75,6
2026-06-30 10:40:00-04:00,7598.0,7598.0,7598.0,7598.0,2
2026-06-30 10:45:00-04:00,7600.75,7600.75,7600.5,7600.5,2
2026-06-30 10:50:00-04:00,7588.5,7588.5,7588.25,7588.25,3
2026-06-30 10:55:00-04:00,7585.0,7585.0,7585.0,7585.0,1
2026-06-30 11:00:00-04:00,7592.5,7592.5,7592.5,7592.5,1
2026-06-30 11:05:00-04:00,7598.5,7598.5,7598.5,7598.5,4
2026-06-30 11:10:00-04:00,7600.0,7602.0,7600.0,7602.0,2
2026-06-30 11:25:00-04:00,7607.0,7608.0,7607.0,7608.0,2
2026-06-30 11:30:00-04:00,7607.0,7610.0,7607.0,7610.0,9
2026-06-30 11:35:00-04:00,7605.0,7605.0,7604.75,7605.0,4
2026-06-30 11:40:00-04:00,7607.0,7607.0,7605.0,7605.0,2
2026-06-30 11:45:00-04:00,7610.0,7612.0,7610.0,7612.0,2
2026-06-30 11:55:00-04:00,7612.25,7612.25,7612.25,7612.25,1
2026-06-30 12:00:00-04:00,7616.5,7617.0,7615.0,7615.0,9
2026-06-30 12:05:00-04:00,7619.25,7619.25,7619.25,7619.25,1
2026-06-30 12:10:00-04:00,7617.5,7617.5,7617.5,7617.5,5
2026-06-30 12:15:00-04:00,7618.5,7622.0,7618.5,7621.0,10
2026-06-30 12:25:00-04:00,7619.5,7620.0,7619.5,7620.0,2
2026-06-30 12:30:00-04:00,7618.0,7618.0,7618.0,7618.0,1
2026-06-30 12:35:00-04:00,7618.5,7619.75,7618.5,7619.75,2
2026-06-30 12:40:00-04:00,7621.0,7621.0,7621.0,7621.0,1
2026-06-30 12:45:00-04:00,7622.5,7622.75,7622.0,7622.75,5
2026-06-30 12:50:00-04:00,7624.75,7625.0,7624.75,7625.0,2
2026-06-30 12:55:00-04:00,7624.25,7624.25,7624.25,7624.25,1
2026-06-30 13:10:00-04:00,7624.0,7624.0,7624.0,7624.0,1
2026-06-30 13:30:00-04:00,7620.25,7620.25,7620.25,7620.25,1
2026-06-30 13:55:00-04:00,7619.75,7619.75,7619.75,7619.75,1
2026-06-30 14:05:00-04:00,7618.5,7621.5,7618.0,7621.5,4
2026-06-30 14:10:00-04:00,7622.0,7622.0,7622.0,7622.0,1
2026-06-30 14:20:00-04:00,7624.75,7625.25,7624.75,7625.25,2
2026-06-30 14:40:00-04:00,7625.0,7625.0,7625.0,7625.0,2
2026-06-30 14:45:00-04:00,7629.25,7629.25,7629.25,7629.25,1
2026-06-30 14:50:00-04:00,7628.0,7628.0,7628.0,7628.0,2
2026-06-30 14:55:00-04:00,7626.5,7626.75,7626.5,7626.75,3
2026-06-30 15:05:00-04:00,7627.5,7630.5,7627.5,7630.5,2
2026-06-30 15:10:00-04:00,7633.0,7633.0,7633.0,7633.0,1
2026-06-30 15:15:00-04:00,7632.0,7635.0,7632.0,7635.0,3
2026-06-30 15:20:00-04:00,7632.0,7632.0,7632.0,7632.0,1
2026-06-30 15:30:00-04:00,7628.5,7628.5,7628.5,7628.5,4
2026-06-30 15:35:00-04:00,7625.5,7625.5,7624.25,7624.25,2
2026-06-30 15:45:00-04:00,7624.0,7624.0,7624.0,7624.0,3
2026-06-30 15:50:00-04:00,7624.0,7628.0,7624.0,7627.5,4
2026-06-30 15:55:00-04:00,7630.0,7630.0,7612.75,7612.75,31
2026-06-30 16:00:00-04:00,7612.0,7618.75,7610.75,7617.75,48
2026-06-30 16:05:00-04:00,7617.5,7619.0,7617.5,7619.0,3
2026-06-30 16:10:00-04:00,7615.5,7615.5,7610.0,7610.75,9
2026-06-30 16:25:00-04:00,7610.0,7610.0,7610.0,7610.0,1
2026-06-30 16:40:00-04:00,7608.5,7608.5,7608.5,7608.5,1
2026-06-30 16:50:00-04:00,7607.5,7607.5,7607.5,7607.5,1
2026-06-30 16:55:00-04:00,7607.75,7607.75,7607.75,7607.75,3
2026-06-30 18:00:00-04:00,7608.75,7613.75,7608.75,7613.75,3
2026-06-30 18:15:00-04:00,7617.0,7617.0,7617.0,7617.0,1
2026-06-30 18:30:00-04:00,7616.25,7616.25,7616.25,7616.25,1
2026-06-30 20:20:00-04:00,7612.5,7612.5,7611.0,7611.0,2
2026-06-30 20:35:00-04:00,7615.0,7615.0,7615.0,7615.0,1
2026-06-30 20:45:00-04:00,7616.5,7616.5,7616.5,7616.5,1
2026-06-30 20:50:00-04:00,7615.0,7615.0,7614.5,7614.5,2
2026-06-30 21:35:00-04:00,7602.75,7602.75,7602.75,7602.75,1
2026-06-30 21:40:00-04:00,7603.5,7603.5,7603.5,7603.5,1
2026-06-30 21:45:00-04:00,7601.5,7601.5,7601.5,7601.5,1
2026-06-30 21:50:00-04:00,7601.0,7601.0,7601.0,7601.0,1
2026-06-30 22:00:00-04:00,7600.0,7600.0,7600.0,7600.0,1
2026-06-30 22:10:00-04:00,7594.25,7594.5,7594.25,7594.5,6
2026-06-30 22:15:00-04:00,7588.5,7588.5,7588.5,7588.5,1
2026-06-30 22:20:00-04:00,7594.5,7594.5,7594.5,7594.5,1
2026-06-30 23:05:00-04:00,7598.5,7598.5,7598.0,7598.0,2
2026-06-30 23:30:00-04:00,7596.0,7596.0,7596.0,7596.0,1
2026-06-30 23:35:00-04:00,7598.25,7598.25,7598.25,7598.25,1
2026-06-30 23:45:00-04:00,7600.0,7600.0,7600.0,7600.0,1
2026-07-01 02:20:00-04:00,7593.75,7593.75,7593.75,7593.75,1
2026-07-01 02:25:00-04:00,7590.75,7590.75,7590.75,7590.75,1
2026-07-01 03:00:00-04:00,7588.5,7590.0,7588.5,7590.0,2
2026-07-01 03:05:00-04:00,7587.0,7587.0,7587.0,7587.0,1
2026-07-01 03:15:00-04:00,7580.25,7580.25,7580.25,7580.25,1
2026-07-01 03:45:00-04:00,7587.75,7587.75,7587.75,7587.75,1
2026-07-01 03:50:00-04:00,7588.0,7588.25,7587.75,7587.75,3
2026-07-01 04:15:00-04:00,7593.5,7593.5,7593.5,7593.5,1
2026-07-01 05:25:00-04:00,7593.5,7593.5,7593.5,7593.5,1
2026-07-01 05:30:00-04:00,7593.5,7593.5,7593.5,7593.5,1
2026-07-01 06:20:00-04:00,7602.25,7602.25,7602.25,7602.25,1
2026-07-01 06:30:00-04:00,7603.0,7603.0,7603.0,7603.0,1
2026-07-01 06:40:00-04:00,7600.0,7600.0,7600.0,7600.0,1
2026-07-01 08:25:00-04:00,7604.5,7604.5,7604.5,7604.5,1
2026-07-01 08:30:00-04:00,7601.25,7605.5,7597.25,7597.25,9
2026-07-01 08:35:00-04:00,7595.0,7595.0,7595.0,7595.0,1
2026-07-01 08:50:00-04:00,7596.25,7596.25,7596.25,7596.25,1
2026-07-01 08:55:00-04:00,7598.5,7598.5,7597.0,7597.0,5
2026-07-01 09:15:00-04:00,7595.75,7606.75,7595.5,7605.75,8
2026-07-01 09:20:00-04:00,7606.5,7606.5,7606.5,7606.5,1
2026-07-01 09:30:00-04:00,7598.25,7598.75,7576.25,7576.25,41
2026-07-01 09:35:00-04:00,7579.25,7581.25,7576.75,7579.25,9
2026-07-01 09:40:00-04:00,7578.0,7586.5,7578.0,7582.25,6
2026-07-01 09:45:00-04:00,7589.0,7591.25,7588.5,7591.25,3
2026-07-01 09:50:00-04:00,7592.0,7599.5,7592.0,7599.5,5
2026-07-01 09:55:00-04:00,7597.25,7597.25,7597.25,7597.25,1
2026-07-01 10:00:00-04:00,7604.25,7605.25,7602.75,7602.75,3
2026-07-01 10:05:00-04:00,7612.0,7612.0,7612.0,7612.0,2
2026-07-01 10:10:00-04:00,7612.0,7619.0,7612.0,7617.0,15
2026-07-01 10:25:00-04:00,7620.0,7620.0,7620.0,7620.0,2
2026-07-01 10:30:00-04:00,7616.5,7616.5,7614.0,7614.5,13
2026-07-01 10:35:00-04:00,7613.5,7618.25,7613.5,7618.25,3
2026-07-01 10:40:00-04:00,7619.75,7619.75,7619.75,7619.75,1
2026-07-01 10:45:00-04:00,7610.75,7611.25,7610.5,7611.0,7
2026-07-01 10:50:00-04:00,7619.25,7620.5,7618.5,7618.5,5
2026-07-01 10:55:00-04:00,7619.0,7620.75,7617.5,7620.75,5
2026-07-01 11:00:00-04:00,7621.0,7628.5,7620.25,7628.5,6
2026-07-01 11:05:00-04:00,7630.25,7630.25,7629.25,7629.5,6
2026-07-01 11:10:00-04:00,7631.5,7631.5,7631.25,7631.25,4
2026-07-01 11:15:00-04:00,7634.0,7637.25,7632.0,7637.25,5
2026-07-01 11:20:00-04:00,7638.0,7641.5,7638.0,7641.25,6
2026-07-01 11:25:00-04:00,7641.75,7644.25,7641.25,7644.25,5
2026-07-01 11:30:00-04:00,7644.0,7644.0,7644.0,7644.0,2
2026-07-01 11:35:00-04:00,7637.5,7637.5,7637.5,7637.5,1
2026-07-01 11:45:00-04:00,7638.25,7638.25,7637.0,7637.0,2
2026-07-01 12:05:00-04:00,7641.0,7641.0,7641.0,7641.0,1
2026-07-01 12:20:00-04:00,7642.25,7646.25,7642.25,7645.5,4
2026-07-01 12:25:00-04:00,7643.25,7643.25,7643.25,7643.25,1
2026-07-01 12:30:00-04:00,7643.0,7643.0,7642.25,7642.25,2
2026-07-01 12:35:00-04:00,7641.75,7641.75,7639.0,7639.0,5
2026-07-01 12:40:00-04:00,7636.5,7636.5,7636.5,7636.5,2
2026-07-01 12:45:00-04:00,7639.75,7639.75,7635.75,7636.0,5
2026-07-01 12:50:00-04:00,7634.75,7635.75,7633.75,7633.75,4
2026-07-01 12:55:00-04:00,7632.0,7632.0,7630.0,7630.0,3
2026-07-01 13:05:00-04:00,7624.5,7625.5,7624.0,7625.25,9
2026-07-01 13:10:00-04:00,7630.25,7630.25,7630.25,7630.25,2
2026-07-01 13:20:00-04:00,7634.5,7634.75,7634.5,7634.75,2
2026-07-01 13:25:00-04:00,7635.25,7635.25,7633.25,7633.25,5
2026-07-01 13:45:00-04:00,7626.5,7626.5,7626.5,7626.5,1
2026-07-01 14:15:00-04:00,7621.5,7624.5,7621.5,7624.5,2
2026-07-01 14:35:00-04:00,7624.0,7625.0,7624.0,7625.0,6
2026-07-01 14:45:00-04:00,7620.0,7620.5,7620.0,7620.5,4
2026-07-01 14:50:00-04:00,7617.75,7620.0,7617.75,7619.75,12
2026-07-01 15:00:00-04:00,7623.75,7624.0,7623.75,7624.0,11
2026-07-01 15:05:00-04:00,7627.0,7627.0,7626.25,7626.25,6
2026-07-01 15:25:00-04:00,7622.5,7623.0,7621.75,7623.0,5
2026-07-01 15:30:00-04:00,7624.5,7624.5,7624.5,7624.5,1
2026-07-01 15:35:00-04:00,7622.0,7622.0,7619.75,7619.75,2
2026-07-01 15:40:00-04:00,7619.25,7619.25,7619.25,7619.25,1
2026-07-01 15:45:00-04:00,7615.75,7615.75,7615.75,7615.75,1
2026-07-01 15:50:00-04:00,7615.25,7615.25,7613.0,7614.25,3
2026-07-01 15:55:00-04:00,7613.25,7614.0,7608.25,7608.25,14
2026-07-01 16:00:00-04:00,7607.25,7607.25,7599.5,7599.5,14
2026-07-01 16:05:00-04:00,7599.25,7601.75,7599.0,7601.75,3
2026-07-01 16:10:00-04:00,7602.0,7602.0,7602.0,7602.0,1
2026-07-01 16:20:00-04:00,7599.5,7600.75,7599.5,7600.75,3
2026-07-01 16:25:00-04:00,7601.5,7601.75,7601.5,7601.75,2
2026-07-01 16:55:00-04:00,7600.0,7600.0,7600.0,7600.0,1
2026-07-01 18:00:00-04:00,7605.25,7605.25,7600.5,7600.5,2
2026-07-01 18:05:00-04:00,7605.5,7605.5,7604.5,7604.75,3
2026-07-01 18:20:00-04:00,7602.0,7605.5,7602.0,7605.5,3
2026-07-01 18:55:00-04:00,7607.75,7607.75,7607.75,7607.75,1
2026-07-01 19:05:00-04:00,7605.75,7605.75,7605.75,7605.75,1
2026-07-01 19:40:00-04:00,7605.25,7605.25,7605.25,7605.25,1
2026-07-01 19:50:00-04:00,7599.0,7601.75,7599.0,7601.5,4
2026-07-01 20:00:00-04:00,7597.5,7597.75,7590.75,7590.75,10
2026-07-01 20:05:00-04:00,7592.25,7592.25,7592.0,7592.0,2
2026-07-01 20:15:00-04:00,7597.5,7597.5,7597.5,7597.5,1
2026-07-01 20:20:00-04:00,7601.5,7601.5,7601.5,7601.5,1
2026-07-01 20:40:00-04:00,7596.5,7596.5,7596.5,7596.5,1
2026-07-01 20:45:00-04:00,7599.5,7599.5,7599.5,7599.5,1
2026-07-01 20:50:00-04:00,7607.5,7607.5,7607.5,7607.5,1
2026-07-01 20:55:00-04:00,7608.5,7608.5,7608.5,7608.5,1
2026-07-01 21:00:00-04:00,7609.5,7609.5,7609.5,7609.5,1
2026-07-01 21:05:00-04:00,7613.25,7613.25,7613.25,7613.25,1
2026-07-01 21:10:00-04:00,7617.25,7617.25,7617.25,7617.25,1
2026-07-01 21:15:00-04:00,7615.0,7615.0,7615.0,7615.0,1
2026-07-01 21:25:00-04:00,7618.25,7618.25,7618.25,7618.25,1
2026-07-01 21:30:00-04:00,7619.0,7619.0,7619.0,7619.0,1
2026-07-01 22:00:00-04:00,7620.5,7620.5,7620.5,7620.5,1
2026-07-01 22:10:00-04:00,7623.25,7623.25,7623.25,7623.25,1
2026-07-01 22:15:00-04:00,7625.0,7625.0,7625.0,7625.0,2
2026-07-01 22:30:00-04:00,7622.0,7622.0,7622.0,7622.0,1
2026-07-01 22:55:00-04:00,7623.25,7623.25,7623.25,7623.25,1
2026-07-01 23:05:00-04:00,7622.75,7622.75,7621.5,7621.5,2
2026-07-01 23:25:00-04:00,7619.25,7619.25,7619.25,7619.25,1
2026-07-01 23:30:00-04:00,7621.5,7625.0,7621.5,7625.0,70
2026-07-01 23:35:00-04:00,7623.25,7625.0,7623.25,7625.0,3
2026-07-01 23:40:00-04:00,7619.5,7621.0,7619.5,7621.0,3
2026-07-02 01:00:00-04:00,7616.5,7616.5,7616.25,7616.25,3
2026-07-02 01:05:00-04:00,7620.75,7620.75,7620.75,7620.75,1
2026-07-02 01:15:00-04:00,7621.5,7621.5,7621.5,7621.5,1
2026-07-02 01:30:00-04:00,7615.75,7616.0,7615.75,7616.0,2
2026-07-02 01:40:00-04:00,7611.0,7611.0,7611.0,7611.0,1
2026-07-02 01:55:00-04:00,7611.0,7611.0,7611.0,7611.0,1
2026-07-02 02:05:00-04:00,7605.0,7605.0,7605.0,7605.0,1
2026-07-02 02:10:00-04:00,7604.0,7604.0,7602.0,7602.25,5
2026-07-02 02:30:00-04:00,7606.0,7606.0,7606.0,7606.0,1
2026-07-02 02:35:00-04:00,7607.0,7607.0,7607.0,7607.0,1
2026-07-02 02:40:00-04:00,7603.0,7603.0,7603.0,7603.0,1
2026-07-02 03:05:00-04:00,7593.25,7593.25,7593.25,7593.25,1
2026-07-02 03:10:00-04:00,7589.0,7589.75,7588.75,7588.75,3
2026-07-02 03:20:00-04:00,7591.0,7591.0,7590.5,7590.5,2
2026-07-02 03:30:00-04:00,7594.25,7594.25,7594.25,7594.25,1
2026-07-02 03:35:00-04:00,7593.5,7593.5,7593.5,7593.5,1
2026-07-02 03:50:00-04:00,7600.75,7600.75,7600.75,7600.75,1
2026-07-02 04:10:00-04:00,7590.75,7590.75,7590.75,7590.75,1
2026-07-02 04:35:00-04:00,7609.75,7610.0,7608.75,7610.0,8
2026-07-02 05:00:00-04:00,7606.0,7606.0,7606.0,7606.0,1
2026-07-02 05:30:00-04:00,7607.5,7607.5,7607.5,7607.5,1
2026-07-02 05:50:00-04:00,7607.0,7607.0,7607.0,7607.0,11
2026-07-02 06:40:00-04:00,7608.5,7608.5,7608.5,7608.5,1
2026-07-02 07:25:00-04:00,7611.0,7611.0,7611.0,7611.0,1
2026-07-02 07:40:00-04:00,7613.75,7613.75,7613.75,7613.75,5
2026-07-02 07:55:00-04:00,7613.0,7613.0,7613.0,7613.0,2
2026-07-02 08:00:00-04:00,7609.75,7612.0,7609.75,7612.0,2
2026-07-02 08:15:00-04:00,7620.75,7620.75,7620.75,7620.75,1
2026-07-02 08:20:00-04:00,7617.75,7619.0,7617.75,7619.0,2
2026-07-02 08:30:00-04:00,7629.75,7640.5,7629.5,7637.25,45
2026-07-02 08:35:00-04:00,7640.25,7640.5,7637.5,7638.5,10
2026-07-02 08:40:00-04:00,7638.75,7639.75,7635.5,7637.75,21
2026-07-02 08:45:00-04:00,7639.0,7639.25,7637.25,7638.25,24
2026-07-02 08:50:00-04:00,7638.0,7638.0,7633.25,7633.25,10
2026-07-02 08:55:00-04:00,7632.5,7632.5,7625.0,7627.25,10
2026-07-02 09:00:00-04:00,7630.0,7631.25,7625.0,7626.75,11
2026-07-02 09:05:00-04:00,7628.5,7628.5,7621.5,7621.5,10
2026-07-02 09:10:00-04:00,7624.0,7624.0,7621.5,7621.5,8
2026-07-02 09:15:00-04:00,7621.0,7626.25,7621.0,7626.25,6
2026-07-02 09:20:00-04:00,7625.75,7627.25,7625.25,7626.75,10
2026-07-02 09:25:00-04:00,7626.25,7627.75,7622.5,7622.75,7
2026-07-02 09:30:00-04:00,7624.5,7633.25,7620.5,7633.25,29
2026-07-02 09:35:00-04:00,7635.5,7635.5,7635.5,7635.5,1
2026-07-02 09:40:00-04:00,7639.5,7650.0,7639.5,7646.0,19
2026-07-02 09:45:00-04:00,7645.0,7655.0,7643.0,7655.0,31
2026-07-02 09:50:00-04:00,7650.0,7660.0,7650.0,7660.0,7
2026-07-02 09:55:00-04:00,7650.0,7654.75,7650.0,7654.75,3
2026-07-02 10:00:00-04:00,7653.75,7653.75,7652.5,7652.5,2
2026-07-02 10:05:00-04:00,7656.5,7657.5,7653.5,7653.5,4
2026-07-02 10:10:00-04:00,7660.5,7660.5,7660.5,7660.5,1
2026-07-02 10:15:00-04:00,7657.5,7660.0,7654.0,7654.0,4
2026-07-02 10:20:00-04:00,7651.5,7651.5,7644.25,7645.5,19
2026-07-02 10:25:00-04:00,7641.5,7642.5,7624.75,7627.5,11
2026-07-02 10:30:00-04:00,7627.0,7639.25,7627.0,7632.75,11
2026-07-02 10:35:00-04:00,7628.0,7634.75,7628.0,7634.75,4
2026-07-02 10:40:00-04:00,7630.0,7630.75,7612.0,7615.0,15
2026-07-02 10:45:00-04:00,7620.75,7623.75,7615.25,7623.75,5
2026-07-02 10:50:00-04:00,7619.5,7623.25,7608.75,7612.0,11
2026-07-02 10:55:00-04:00,7612.25,7619.25,7612.25,7618.5,9
2026-07-02 11:00:00-04:00,7623.75,7623.75,7612.5,7612.5,5
2026-07-02 11:05:00-04:00,7606.0,7606.0,7595.5,7597.5,11
2026-07-02 11:10:00-04:00,7606.75,7611.75,7606.75,7611.25,7
2026-07-02 11:15:00-04:00,7596.5,7597.75,7596.5,7597.75,2
2026-07-02 11:20:00-04:00,7605.0,7605.0,7605.0,7605.0,1
2026-07-02 11:25:00-04:00,7600.75,7605.5,7597.0,7597.0,13
2026-07-02 11:30:00-04:00,7596.0,7596.0,7595.75,7595.75,4
2026-07-02 11:35:00-04:00,7611.5,7613.0,7611.5,7613.0,3
2026-07-02 11:40:00-04:00,7609.75,7609.75,7605.75,7605.75,6
2026-07-02 11:45:00-04:00,7595.0,7595.5,7595.0,7595.5,3
2026-07-02 11:50:00-04:00,7591.0,7591.0,7589.25,7590.0,11
2026-07-02 11:55:00-04:00,7592.5,7594.0,7588.25,7594.0,9
2026-07-02 12:00:00-04:00,7595.0,7595.0,7586.25,7586.25,5
2026-07-02 12:10:00-04:00,7591.25,7591.25,7591.25,7591.25,1
2026-07-02 12:15:00-04:00,7589.25,7589.25,7589.25,7589.25,1
2026-07-02 12:20:00-04:00,7582.0,7582.0,7582.0,7582.0,1
2026-07-02 12:25:00-04:00,7584.0,7584.5,7583.0,7584.5,3
2026-07-02 12:30:00-04:00,7579.75,7579.75,7575.75,7575.75,5
2026-07-02 12:35:00-04:00,7575.0,7575.0,7568.75,7574.0,18
2026-07-02 12:40:00-04:00,7573.75,7580.5,7572.75,7578.5,25
2026-07-02 12:45:00-04:00,7577.75,7577.75,7574.75,7575.75,7
2026-07-02 12:50:00-04:00,7573.0,7577.5,7573.0,7575.5,6
2026-07-02 13:00:00-04:00,7561.75,7561.75,7555.0,7555.0,6
2026-07-02 13:05:00-04:00,7553.0,7563.25,7552.25,7563.25,5
2026-07-02 13:10:00-04:00,7563.0,7564.75,7563.0,7564.75,2
2026-07-02 13:15:00-04:00,7564.75,7564.75,7560.25,7560.25,2
2026-07-02 13:20:00-04:00,7561.75,7561.75,7559.25,7559.25,2
2026-07-02 13:25:00-04:00,7558.5,7561.25,7558.5,7561.25,2
2026-07-02 13:30:00-04:00,7562.5,7565.5,7562.5,7563.25,7
2026-07-02 13:35:00-04:00,7559.25,7559.25,7554.75,7554.75,4
2026-07-02 13:40:00-04:00,7550.0,7553.0,7550.0,7553.0,2
2026-07-02 13:45:00-04:00,7555.75,7555.75,7553.0,7553.0,2
2026-07-02 13:50:00-04:00,7554.5,7556.25,7554.5,7556.25,2
2026-07-02 13:55:00-04:00,7552.0,7552.0,7546.25,7546.75,7
2026-07-02 14:05:00-04:00,7559.0,7570.25,7559.0,7570.25,20
2026-07-02 14:10:00-04:00,7570.75,7572.25,7570.75,7572.25,2
2026-07-02 14:15:00-04:00,7567.0,7567.0,7561.75,7562.25,6
2026-07-02 14:25:00-04:00,7570.25,7570.75,7569.25,7569.25,4
2026-07-02 14:30:00-04:00,7575.25,7575.25,7575.25,7575.25,1
2026-07-02 14:35:00-04:00,7575.0,7577.0,7574.5,7577.0,4
2026-07-02 14:40:00-04:00,7577.0,7578.5,7577.0,7578.5,3
2026-07-02 14:45:00-04:00,7573.0,7578.0,7573.0,7578.0,3
2026-07-02 14:50:00-04:00,7575.0,7575.0,7575.0,7575.0,1
2026-07-02 14:55:00-04:00,7573.0,7573.0,7572.75,7572.75,2
2026-07-02 15:00:00-04:00,7570.75,7570.75,7561.0,7561.0,5
2026-07-02 15:05:00-04:00,7560.75,7565.25,7560.75,7565.25,31
2026-07-02 15:10:00-04:00,7564.75,7564.75,7564.75,7564.75,1
2026-07-02 15:20:00-04:00,7561.75,7561.75,7561.75,7561.75,1
2026-07-02 15:25:00-04:00,7566.75,7570.5,7566.75,7569.5,9
2026-07-02 15:30:00-04:00,7570.0,7571.5,7570.0,7571.5,3
2026-07-02 15:35:00-04:00,7574.5,7575.75,7574.5,7575.75,3
2026-07-02 15:40:00-04:00,7574.5,7574.5,7574.5,7574.5,1
2026-07-02 15:45:00-04:00,7576.75,7577.0,7576.25,7576.75,10
2026-07-02 15:50:00-04:00,7585.0,7588.0,7583.75,7588.0,12
2026-07-02 15:55:00-04:00,7591.25,7597.0,7591.25,7593.0,10
2026-07-02 16:00:00-04:00,7589.5,7591.75,7586.75,7587.0,33
2026-07-02 16:10:00-04:00,7589.5,7589.75,7589.5,7589.75,2
2026-07-02 16:15:00-04:00,7590.5,7590.5,7590.5,7590.5,1
2026-07-02 16:25:00-04:00,7588.75,7588.75,7588.75,7588.75,1
2026-07-02 16:30:00-04:00,7587.0,7588.0,7587.0,7588.0,2
2026-07-02 16:35:00-04:00,7590.0,7590.0,7590.0,7590.0,1
2026-07-02 16:55:00-04:00,7588.5,7589.5,7588.5,7589.5,2
2026-07-02 18:00:00-04:00,7592.0,7593.75,7591.5,7593.75,6
2026-07-02 18:05:00-04:00,7591.5,7595.25,7591.5,7595.25,3
2026-07-02 18:30:00-04:00,7595.0,7595.0,7595.0,7595.0,1
2026-07-02 18:55:00-04:00,7602.0,7602.0,7602.0,7602.0,1
2026-07-02 19:00:00-04:00,7601.0,7602.0,7601.0,7602.0,2
2026-07-02 19:15:00-04:00,7596.75,7596.75,7596.0,7596.0,8
2026-07-02 19:20:00-04:00,7597.0,7597.5,7597.0,7597.5,2
2026-07-02 19:25:00-04:00,7602.5,7602.5,7602.5,7602.5,4
2026-07-02 19:35:00-04:00,7603.5,7604.0,7603.5,7604.0,2
2026-07-02 19:45:00-04:00,7602.75,7602.75,7602.75,7602.75,1
2026-07-02 19:55:00-04:00,7602.5,7602.5,7602.5,7602.5,1
2026-07-02 20:00:00-04:00,7604.0,7604.0,7598.5,7598.5,3
2026-07-02 20:05:00-04:00,7599.0,7599.0,7599.0,7599.0,1
2026-07-02 20:10:00-04:00,7595.0,7604.25,7595.0,7604.25,2
2026-07-02 20:15:00-04:00,7601.0,7601.0,7601.0,7601.0,1
2026-07-02 20:25:00-04:00,7597.0,7597.0,7597.0,7597.0,1
2026-07-02 20:35:00-04:00,7603.0,7603.0,7603.0,7603.0,1
2026-07-02 21:00:00-04:00,7605.5,7605.5,7605.5,7605.5,1
2026-07-02 21:05:00-04:00,7610.5,7614.75,7610.5,7614.75,5
2026-07-02 21:20:00-04:00,7616.75,7616.75,7616.75,7616.75,1
2026-07-02 21:40:00-04:00,7617.5,7617.5,7617.5,7617.5,1
2026-07-02 21:50:00-04:00,7615.5,7615.5,7615.5,7615.5,1
2026-07-02 22:55:00-04:00,7619.25,7619.25,7619.25,7619.25,1
2026-07-02 23:25:00-04:00,7620.25,7620.25,7620.25,7620.25,1
2026-07-02 23:30:00-04:00,7620.75,7620.75,7620.75,7620.75,1
2026-07-02 23:35:00-04:00,7617.25,7617.25,7617.25,7617.25,1
2026-07-02 23:45:00-04:00,7617.25,7617.25,7617.25,7617.25,1
2026-07-03 00:55:00-04:00,7623.0,7623.0,7623.0,7623.0,1
2026-07-03 01:15:00-04:00,7618.75,7618.75,7618.75,7618.75,6
2026-07-03 01:20:00-04:00,7618.0,7618.0,7618.0,7618.0,1
2026-07-03 01:35:00-04:00,7621.25,7621.5,7621.25,7621.5,3
2026-07-03 02:00:00-04:00,7621.75,7621.75,7621.75,7621.75,1
2026-07-03 02:35:00-04:00,7629.5,7629.5,7629.5,7629.5,1
2026-07-03 02:40:00-04:00,7630.25,7630.25,7630.25,7630.25,1
2026-07-03 02:45:00-04:00,7629.75,7629.75,7627.5,7627.5,3
2026-07-03 03:05:00-04:00,7625.0,7626.0,7625.0,7626.0,2
2026-07-03 04:05:00-04:00,7619.25,7619.25,7619.25,7619.25,1
2026-07-03 04:10:00-04:00,7618.25,7618.25,7618.0,7618.0,4
2026-07-03 04:35:00-04:00,7617.5,7617.5,7617.5,7617.5,1
2026-07-03 05:10:00-04:00,7617.25,7617.25,7617.0,7617.0,2
2026-07-03 05:20:00-04:00,7618.25,7618.25,7618.25,7618.25,1
2026-07-03 05:25:00-04:00,7616.5,7616.5,7616.5,7616.5,1
2026-07-03 05:50:00-04:00,7616.0,7616.0,7616.0,7616.0,1
2026-07-03 07:55:00-04:00,7619.25,7619.25,7619.25,7619.25,1
2026-07-03 08:00:00-04:00,7620.5,7622.25,7620.5,7622.25,2
2026-07-03 08:05:00-04:00,7621.25,7621.25,7620.25,7620.25,2
2026-07-03 08:10:00-04:00,7619.5,7619.5,7618.0,7618.0,2
2026-07-03 08:15:00-04:00,7617.75,7618.25,7617.75,7618.25,3
2026-07-03 09:00:00-04:00,7620.0,7621.25,7619.75,7620.0,5
2026-07-03 09:20:00-04:00,7620.5,7620.5,7620.5,7620.5,1
2026-07-03 09:25:00-04:00,7619.5,7619.75,7619.5,7619.75,2
2026-07-03 09:55:00-04:00,7620.0,7620.0,7620.0,7620.0,1
2026-07-03 10:05:00-04:00,7618.0,7619.0,7618.0,7619.0,2
2026-07-03 10:15:00-04:00,7621.75,7621.75,7621.75,7621.75,2
2026-07-03 10:20:00-04:00,7619.75,7619.75,7618.5,7618.5,2
2026-07-03 10:25:00-04:00,7621.75,7621.75,7621.75,7621.75,1
2026-07-03 10:35:00-04:00,7622.25,7622.25,7622.25,7622.25,5
2026-07-03 10:40:00-04:00,7627.25,7627.25,7627.25,7627.25,1
2026-07-03 10:45:00-04:00,7627.0,7627.0,7627.0,7627.0,1
2026-07-03 10:50:00-04:00,7626.75,7627.75,7626.75,7627.75,3
2026-07-03 10:55:00-04:00,7627.75,7627.75,7627.75,7627.75,1
2026-07-03 11:00:00-04:00,7625.75,7625.75,7624.75,7624.75,3
2026-07-03 11:20:00-04:00,7623.5,7623.5,7623.5,7623.5,1
2026-07-03 12:15:00-04:00,7625.0,7625.0,7625.0,7625.0,1
2026-07-03 12:30:00-04:00,7622.5,7622.5,7622.5,7622.5,2
2026-07-03 12:35:00-04:00,7623.25,7623.25,7623.25,7623.25,1
2026-07-03 12:40:00-04:00,7624.5,7624.5,7624.5,7624.5,1
2026-07-03 12:55:00-04:00,7625.25,7625.25,7623.75,7623.75,2
2026-07-05 18:00:00-04:00,7633.0,7633.0,7624.5,7625.5,9
2026-07-05 18:05:00-04:00,7621.75,7621.75,7621.75,7621.75,1
2026-07-05 18:10:00-04:00,7622.5,7622.5,7622.5,7622.5,1
2026-07-05 18:15:00-04:00,7624.25,7624.75,7624.25,7624.75,2
2026-07-05 18:20:00-04:00,7624.5,7624.5,7624.5,7624.5,2
2026-07-05 18:30:00-04:00,7631.0,7631.0,7631.0,7631.0,1
2026-07-05 18:35:00-04:00,7631.75,7631.75,7631.25,7631.25,2
2026-07-05 18:45:00-04:00,7632.75,7633.5,7632.75,7633.5,2
2026-07-05 19:00:00-04:00,7629.0,7629.0,7629.0,7629.0,2
2026-07-05 19:10:00-04:00,7635.0,7635.0,7634.0,7634.0,2
2026-07-05 19:50:00-04:00,7634.75,7634.75,7634.75,7634.75,1
2026-07-05 19:55:00-04:00,7636.75,7636.75,7636.75,7636.75,1
2026-07-05 20:00:00-04:00,7630.5,7632.75,7630.5,7632.75,4
2026-07-05 20:05:00-04:00,7635.5,7635.5,7635.5,7635.5,2
2026-07-05 20:15:00-04:00,7636.75,7639.5,7636.75,7639.5,3
2026-07-05 20:20:00-04:00,7634.75,7634.75,7633.5,7633.5,3
2026-07-05 20:25:00-04:00,7631.5,7631.5,7630.0,7630.0,3
2026-07-05 20:30:00-04:00,7626.25,7628.5,7626.25,7627.25,7
2026-07-05 20:35:00-04:00,7632.25,7632.25,7632.25,7632.25,1
2026-07-05 20:40:00-04:00,7632.75,7633.25,7632.75,7633.25,2
2026-07-05 20:45:00-04:00,7635.75,7636.25,7635.75,7636.25,2
2026-07-05 20:50:00-04:00,7634.0,7635.75,7634.0,7634.0,10
2026-07-05 21:00:00-04:00,7631.5,7631.5,7631.5,7631.5,3
2026-07-05 21:05:00-04:00,7629.5,7630.0,7629.5,7630.0,2
2026-07-05 21:10:00-04:00,7627.5,7629.0,7627.5,7629.0,4
2026-07-05 21:25:00-04:00,7621.25,7621.25,7621.25,7621.25,1
2026-07-05 21:30:00-04:00,7623.75,7623.75,7623.75,7623.75,1
2026-07-05 21:45:00-04:00,7622.25,7622.25,7622.25,7622.25,1
2026-07-05 21:50:00-04:00,7618.0,7619.0,7617.5,7619.0,3
2026-07-05 21:55:00-04:00,7617.25,7617.25,7617.25,7617.25,2
2026-07-05 22:00:00-04:00,7621.25,7621.25,7619.5,7619.5,3
2026-07-05 22:15:00-04:00,7614.0,7614.75,7614.0,7614.75,3
2026-07-05 22:40:00-04:00,7610.0,7610.0,7609.5,7609.5,2
2026-07-05 23:10:00-04:00,7610.25,7610.25,7610.25,7610.25,1
2026-07-05 23:45:00-04:00,7608.0,7608.0,7608.0,7608.0,1
2026-07-05 23:50:00-04:00,7606.5,7607.0,7606.0,7606.0,3
2026-07-06 00:05:00-04:00,7610.5,7610.5,7610.5,7610.5,1
2026-07-06 00:55:00-04:00,7618.0,7618.0,7618.0,7618.0,1
2026-07-06 01:05:00-04:00,7619.25,7619.25,7619.25,7619.25,1
2026-07-06 01:20:00-04:00,7617.5,7617.5,7617.5,7617.5,1
2026-07-06 02:15:00-04:00,7614.25,7614.25,7614.25,7614.25,1
2026-07-06 02:50:00-04:00,7621.25,7621.25,7621.25,7621.25,1
2026-07-06 02:55:00-04:00,7620.5,7620.5,7620.5,7620.5,1
2026-07-06 03:00:00-04:00,7620.25,7620.25,7620.25,7620.25,2
2026-07-06 03:05:00-04:00,7622.75,7622.75,7622.75,7622.75,1
2026-07-06 03:10:00-04:00,7622.25,7622.25,7622.25,7622.25,1
2026-07-06 03:20:00-04:00,7625.0,7625.0,7622.5,7622.75,7
2026-07-06 03:25:00-04:00,7621.5,7621.5,7621.5,7621.5,1
2026-07-06 03:35:00-04:00,7624.5,7624.5,7624.5,7624.5,3
2026-07-06 03:55:00-04:00,7628.75,7628.75,7628.75,7628.75,1
2026-07-06 04:00:00-04:00,7630.5,7632.25,7630.5,7632.25,3
2026-07-06 04:05:00-04:00,7631.0,7631.0,7631.0,7631.0,1
2026-07-06 04:15:00-04:00,7624.0,7624.0,7624.0,7624.0,1
2026-07-06 04:20:00-04:00,7629.0,7629.0,7629.0,7629.0,1
2026-07-06 04:30:00-04:00,7627.0,7627.25,7627.0,7627.25,2
2026-07-06 04:40:00-04:00,7627.0,7628.0,7627.0,7628.0,3
2026-07-06 04:55:00-04:00,7629.5,7629.5,7629.5,7629.5,1
2026-07-06 05:20:00-04:00,7627.5,7627.5,7627.5,7627.5,6
2026-07-06 05:30:00-04:00,7627.5,7627.5,7627.5,7627.5,8
2026-07-06 05:45:00-04:00,7624.5,7624.5,7624.5,7624.5,1
2026-07-06 05:50:00-04:00,7631.5,7631.5,7631.5,7631.5,1
2026-07-06 06:20:00-04:00,7631.5,7631.5,7631.5,7631.5,1
2026-07-06 07:00:00-04:00,7627.0,7627.0,7627.0,7627.0,1
2026-07-06 07:15:00-04:00,7626.5,7626.5,7626.5,7626.5,1
2026-07-06 07:55:00-04:00,7623.5,7623.5,7623.5,7623.5,1
2026-07-06 08:00:00-04:00,7625.25,7629.0,7625.25,7629.0,6
2026-07-06 08:20:00-04:00,7629.0,7629.5,7629.0,7629.5,3
2026-07-06 09:10:00-04:00,7622.0,7622.0,7622.0,7622.0,10
2026-07-06 09:15:00-04:00,7621.5,7621.5,7619.75,7619.75,6
2026-07-06 09:20:00-04:00,7620.25,7620.25,7620.25,7620.25,1
2026-07-06 09:25:00-04:00,7621.5,7631.5,7621.5,7631.5,7
2026-07-06 09:30:00-04:00,7631.25,7639.5,7630.25,7635.75,31
2026-07-06 09:35:00-04:00,7634.25,7634.25,7625.75,7630.25,12
2026-07-06 09:40:00-04:00,7628.5,7632.5,7628.5,7632.5,3
2026-07-06 09:45:00-04:00,7632.0,7636.0,7629.5,7635.0,8
2026-07-06 09:50:00-04:00,7637.0,7638.25,7628.0,7628.0,11
2026-07-06 09:55:00-04:00,7632.0,7633.0,7631.0,7633.0,17
2026-07-06 10:00:00-04:00,7627.5,7634.5,7626.75,7633.0,11
2026-07-06 10:05:00-04:00,7626.75,7636.0,7626.5,7636.0,13
2026-07-06 10:10:00-04:00,7633.75,7638.75,7633.75,7638.75,5
2026-07-06 10:15:00-04:00,7638.25,7640.5,7635.0,7635.0,8
2026-07-06 10:20:00-04:00,7640.0,7644.0,7640.0,7644.0,3
2026-07-06 10:25:00-04:00,7645.0,7645.0,7644.25,7644.25,13
2026-07-06 10:30:00-04:00,7646.75,7646.75,7644.75,7644.75,4
2026-07-06 10:35:00-04:00,7644.25,7644.25,7642.5,7642.5,3
2026-07-06 10:40:00-04:00,7643.25,7643.5,7639.5,7641.5,12
2026-07-06 10:45:00-04:00,7645.0,7645.0,7645.0,7645.0,1
2026-07-06 10:50:00-04:00,7645.0,7645.0,7645.0,7645.0,1
2026-07-06 10:55:00-04:00,7644.5,7648.5,7644.25,7648.5,3
2026-07-06 11:00:00-04:00,7650.5,7650.5,7647.0,7649.25,4
2026-07-06 11:05:00-04:00,7647.0,7649.0,7647.0,7649.0,2
2026-07-06 11:10:00-04:00,7650.0,7650.0,7650.0,7650.0,1
2026-07-06 11:15:00-04:00,7644.0,7644.0,7644.0,7644.0,15
2026-07-06 11:20:00-04:00,7644.75,7648.5,7644.0,7648.5,4
2026-07-06 11:25:00-04:00,7650.5,7652.75,7649.25,7652.75,8
2026-07-06 11:30:00-04:00,7652.75,7654.25,7652.75,7654.25,2
2026-07-06 11:35:00-04:00,7652.25,7652.25,7650.5,7651.75,7
2026-07-06 11:40:00-04:00,7653.75,7654.5,7653.75,7654.5,4
2026-07-06 11:45:00-04:00,7654.5,7654.75,7653.5,7653.5,10
2026-07-06 11:50:00-04:00,7656.5,7656.5,7653.75,7654.0,5
2026-07-06 12:00:00-04:00,7653.75,7653.75,7653.75,7653.75,1
2026-07-06 12:05:00-04:00,7656.25,7656.25,7656.25,7656.25,1
2026-07-06 12:10:00-04:00,7656.75,7657.5,7656.75,7657.5,2
2026-07-06 12:20:00-04:00,7657.75,7657.75,7657.75,7657.75,1
2026-07-06 12:40:00-04:00,7653.25,7653.25,7653.25,7653.25,1
2026-07-06 12:45:00-04:00,7653.0,7657.0,7653.0,7657.0,19
2026-07-06 12:50:00-04:00,7656.5,7656.5,7653.0,7653.0,3
2026-07-06 13:00:00-04:00,7650.75,7653.0,7650.75,7653.0,4
2026-07-06 13:05:00-04:00,7658.0,7661.5,7658.0,7661.5,4
2026-07-06 13:10:00-04:00,7660.5,7660.5,7660.5,7660.5,1
2026-07-06 13:25:00-04:00,7656.75,7656.75,7656.0,7656.0,2
2026-07-06 13:30:00-04:00,7651.5,7651.5,7649.25,7649.25,3
2026-07-06 13:35:00-04:00,7648.5,7648.5,7648.5,7648.5,1
2026-07-06 13:40:00-04:00,7648.25,7648.25,7643.5,7647.5,7
2026-07-06 13:45:00-04:00,7649.75,7649.75,7649.75,7649.75,1
2026-07-06 13:50:00-04:00,7650.5,7651.0,7648.0,7648.0,3
2026-07-06 14:00:00-04:00,7653.25,7653.25,7653.0,7653.0,2
2026-07-06 14:05:00-04:00,7655.25,7656.0,7655.25,7656.0,2
2026-07-06 14:10:00-04:00,7656.0,7656.0,7656.0,7656.0,1
2026-07-06 14:15:00-04:00,7658.25,7660.75,7658.0,7658.0,8
2026-07-06 14:20:00-04:00,7660.0,7660.0,7660.0,7660.0,1
2026-07-06 14:25:00-04:00,7660.25,7660.25,7660.25,7660.25,1
2026-07-06 14:45:00-04:00,7662.5,7662.5,7662.5,7662.5,1
2026-07-06 14:50:00-04:00,7662.25,7664.25,7662.25,7662.25,12
2026-07-06 14:55:00-04:00,7663.75,7663.75,7663.75,7663.75,1
2026-07-06 15:00:00-04:00,7667.5,7667.5,7663.25,7664.25,10
2026-07-06 15:15:00-04:00,7666.75,7666.75,7666.75,7666.75,1
2026-07-06 15:20:00-04:00,7668.0,7669.0,7668.0,7669.0,3
2026-07-06 15:25:00-04:00,7666.75,7667.0,7666.75,7667.0,2
2026-07-06 15:35:00-04:00,7664.25,7665.0,7664.25,7665.0,6
2026-07-06 15:40:00-04:00,7663.75,7663.75,7663.75,7663.75,1
2026-07-06 15:45:00-04:00,7666.75,7666.75,7666.75,7666.75,1
2026-07-06 15:50:00-04:00,7664.25,7664.25,7659.0,7659.75,5
2026-07-06 15:55:00-04:00,7656.0,7659.0,7656.0,7657.25,8
2026-07-06 16:00:00-04:00,7661.0,7662.25,7660.0,7660.0,11
2026-07-06 16:05:00-04:00,7662.75,7662.75,7662.75,7662.75,1
2026-07-06 16:30:00-04:00,7664.0,7664.0,7664.0,7664.0,1
2026-07-06 16:45:00-04:00,7662.5,7662.5,7662.5,7662.5,5
2026-07-06 18:00:00-04:00,7665.25,7666.5,7665.25,7666.5,2
2026-07-06 18:55:00-04:00,7661.0,7661.0,7661.0,7661.0,2
2026-07-06 19:00:00-04:00,7664.25,7664.25,7664.25,7664.25,1
2026-07-06 19:25:00-04:00,7662.25,7662.25,7662.25,7662.25,1
2026-07-06 19:35:00-04:00,7659.0,7659.0,7659.0,7659.0,2
2026-07-06 19:45:00-04:00,7654.75,7655.5,7654.75,7654.75,3
2026-07-06 19:50:00-04:00,7654.0,7654.0,7653.0,7653.0,2
2026-07-06 19:55:00-04:00,7652.5,7652.5,7652.5,7652.5,1
2026-07-06 20:00:00-04:00,7654.0,7654.0,7654.0,7654.0,1
2026-07-06 20:05:00-04:00,7656.0,7656.0,7656.0,7656.0,1
2026-07-06 20:10:00-04:00,7653.0,7653.0,7653.0,7653.0,1
2026-07-06 20:15:00-04:00,7654.0,7654.0,7654.0,7654.0,1
2026-07-06 20:25:00-04:00,7662.0,7662.0,7660.75,7661.75,7
2026-07-06 20:35:00-04:00,7651.75,7651.75,7651.75,7651.75,1
2026-07-06 20:45:00-04:00,7655.5,7655.5,7655.5,7655.5,1
2026-07-06 20:50:00-04:00,7656.0,7656.0,7656.0,7656.0,1
2026-07-06 20:55:00-04:00,7653.5,7653.5,7653.5,7653.5,2
2026-07-06 21:10:00-04:00,7653.0,7653.0,7653.0,7653.0,1
2026-07-06 21:20:00-04:00,7650.5,7650.5,7650.5,7650.5,2
2026-07-06 21:25:00-04:00,7649.5,7649.5,7649.5,7649.5,4
2026-07-06 21:35:00-04:00,7652.0,7652.0,7650.75,7650.75,2
2026-07-06 21:40:00-04:00,7653.25,7653.25,7653.25,7653.25,1
2026-07-06 21:45:00-04:00,7655.0,7655.0,7655.0,7655.0,1
2026-07-06 22:30:00-04:00,7647.25,7647.25,7647.25,7647.25,1
2026-07-06 23:10:00-04:00,7647.75,7647.75,7647.75,7647.75,1
2026-07-06 23:40:00-04:00,7642.5,7642.5,7642.5,7642.5,1
2026-07-07 00:15:00-04:00,7638.25,7638.25,7638.0,7638.0,2
2026-07-07 00:20:00-04:00,7636.75,7636.75,7636.75,7636.75,1
2026-07-07 00:30:00-04:00,7638.75,7639.75,7638.75,7639.75,2
2026-07-07 00:35:00-04:00,7636.0,7636.0,7636.0,7636.0,1
2026-07-07 01:05:00-04:00,7632.75,7632.75,7632.75,7632.75,1
2026-07-07 01:20:00-04:00,7632.5,7632.5,7632.5,7632.5,1
2026-07-07 01:25:00-04:00,7631.25,7631.25,7631.25,7631.25,1
2026-07-07 01:30:00-04:00,7634.5,7638.0,7634.5,7638.0,2
2026-07-07 01:55:00-04:00,7642.25,7642.25,7642.25,7642.25,1
2026-07-07 02:05:00-04:00,7639.0,7639.0,7639.0,7639.0,1
2026-07-07 02:10:00-04:00,7635.25,7635.25,7635.25,7635.25,1
2026-07-07 02:20:00-04:00,7636.0,7638.0,7636.0,7637.5,8
2026-07-07 02:40:00-04:00,7641.0,7641.0,7641.0,7641.0,2
2026-07-07 02:45:00-04:00,7637.75,7637.75,7637.5,7637.5,2
2026-07-07 03:15:00-04:00,7644.5,7644.5,7644.5,7644.5,1
2026-07-07 03:35:00-04:00,7644.25,7644.25,7644.25,7644.25,1
2026-07-07 03:50:00-04:00,7641.5,7641.5,7641.5,7641.5,1
2026-07-07 03:55:00-04:00,7640.0,7640.0,7640.0,7640.0,1
2026-07-07 04:10:00-04:00,7645.75,7645.75,7645.75,7645.75,1
2026-07-07 04:15:00-04:00,7647.25,7647.25,7647.25,7647.25,1
2026-07-07 05:30:00-04:00,7648.0,7648.0,7648.0,7648.0,1
2026-07-07 05:55:00-04:00,7649.25,7649.25,7649.25,7649.25,1
2026-07-07 06:00:00-04:00,7651.0,7651.5,7651.0,7651.5,2
2026-07-07 06:10:00-04:00,7647.5,7647.5,7646.25,7646.25,75
2026-07-07 06:15:00-04:00,7649.5,7650.0,7649.5,7650.0,2
2026-07-07 06:25:00-04:00,7649.25,7649.25,7649.25,7649.25,1
2026-07-07 06:45:00-04:00,7646.0,7646.0,7646.0,7646.0,1
2026-07-07 06:50:00-04:00,7642.0,7642.0,7641.25,7641.25,2
2026-07-07 06:55:00-04:00,7644.0,7644.0,7644.0,7644.0,1
2026-07-07 07:00:00-04:00,7643.25,7643.25,7643.25,7643.25,1
2026-07-07 07:15:00-04:00,7644.5,7644.5,7644.25,7644.25,2
2026-07-07 07:55:00-04:00,7646.0,7646.0,7646.0,7646.0,1
2026-07-07 08:05:00-04:00,7648.25,7649.0,7648.25,7648.75,3
2026-07-07 08:10:00-04:00,7652.0,7652.25,7650.5,7650.5,4
2026-07-07 08:30:00-04:00,7650.0,7650.0,7650.0,7650.0,1
2026-07-07 08:40:00-04:00,7652.75,7652.75,7652.75,7652.75,1
2026-07-07 08:45:00-04:00,7649.0,7649.0,7649.0,7649.0,1
2026-07-07 09:00:00-04:00,7646.0,7646.0,7646.0,7646.0,2
2026-07-07 09:15:00-04:00,7649.25,7650.0,7649.25,7650.0,3
2026-07-07 09:30:00-04:00,7644.5,7651.5,7644.5,7649.75,9
2026-07-07 09:35:00-04:00,7638.25,7639.75,7638.25,7639.75,2
2026-07-07 09:40:00-04:00,7639.75,7647.25,7639.75,7645.75,6
2026-07-07 09:50:00-04:00,7642.5,7642.5,7634.75,7636.5,12
2026-07-07 09:55:00-04:00,7632.5,7634.0,7630.0,7630.0,16
2026-07-07 10:00:00-04:00,7635.0,7635.0,7626.75,7627.75,8
2026-07-07 10:05:00-04:00,7626.75,7626.75,7626.75,7626.75,1
2026-07-07 10:10:00-04:00,7625.0,7625.0,7615.0,7615.0,7
2026-07-07 10:15:00-04:00,7615.0,7617.0,7610.0,7617.0,6
2026-07-07 10:20:00-04:00,7612.25,7612.75,7612.25,7612.75,8
2026-07-07 10:25:00-04:00,7608.0,7610.25,7608.0,7610.25,4
2026-07-07 10:30:00-04:00,7614.5,7614.5,7614.5,7614.5,1
2026-07-07 10:35:00-04:00,7606.5,7606.5,7605.0,7606.5,6
2026-07-07 10:40:00-04:00,7602.25,7602.25,7600.0,7601.0,11
2026-07-07 10:45:00-04:00,7606.5,7606.5,7606.5,7606.5,2
2026-07-07 11:00:00-04:00,7606.0,7609.5,7606.0,7609.5,3
2026-07-07 11:05:00-04:00,7610.0,7610.0,7606.5,7606.5,3
2026-07-07 11:10:00-04:00,7611.0,7611.0,7611.0,7611.0,1
2026-07-07 11:20:00-04:00,7603.5,7604.0,7603.5,7604.0,2
2026-07-07 11:30:00-04:00,7605.0,7605.0,7604.0,7604.0,2
2026-07-07 11:35:00-04:00,7602.25,7602.25,7602.25,7602.25,1
2026-07-07 11:40:00-04:00,7600.0,7600.0,7599.75,7599.75,2
2026-07-07 11:45:00-04:00,7610.5,7613.5,7610.5,7613.0,7
2026-07-07 11:50:00-04:00,7614.75,7617.25,7614.5,7617.0,7
2026-07-07 11:55:00-04:00,7613.5,7613.5,7613.5,7613.5,1
2026-07-07 12:05:00-04:00,7620.0,7622.75,7617.0,7617.0,7
2026-07-07 12:10:00-04:00,7621.5,7625.5,7621.5,7625.5,5
2026-07-07 12:15:00-04:00,7624.0,7624.0,7622.75,7622.75,6
2026-07-07 12:20:00-04:00,7629.0,7631.75,7629.0,7631.75,10
2026-07-07 12:25:00-04:00,7632.75,7632.75,7632.75,7632.75,1
2026-07-07 12:35:00-04:00,7632.0,7632.0,7632.0,7632.0,1
2026-07-07 12:40:00-04:00,7631.75,7631.75,7629.75,7629.75,6
2026-07-07 12:45:00-04:00,7634.5,7635.0,7634.0,7634.0,5
2026-07-07 12:55:00-04:00,7631.25,7631.25,7631.25,7631.25,1
2026-07-07 13:00:00-04:00,7635.25,7635.25,7635.25,7635.25,1
2026-07-07 13:05:00-04:00,7637.75,7637.75,7637.75,7637.75,1
2026-07-07 13:20:00-04:00,7633.25,7636.75,7633.25,7636.75,2
2026-07-07 13:30:00-04:00,7636.25,7636.25,7636.25,7636.25,1
2026-07-07 13:35:00-04:00,7635.0,7635.0,7635.0,7635.0,1
2026-07-07 13:40:00-04:00,7636.0,7636.0,7636.0,7636.0,4
2026-07-07 13:50:00-04:00,7632.75,7633.75,7632.75,7633.75,2
2026-07-07 13:55:00-04:00,7635.25,7635.25,7635.25,7635.25,1
2026-07-07 14:05:00-04:00,7634.0,7634.0,7634.0,7634.0,1
2026-07-07 14:10:00-04:00,7635.5,7635.5,7635.5,7635.5,1
2026-07-07 14:15:00-04:00,7635.5,7635.5,7634.25,7634.25,169
2026-07-07 14:20:00-04:00,7635.0,7636.0,7635.0,7636.0,2
2026-07-07 14:25:00-04:00,7635.25,7635.25,7635.25,7635.25,1
2026-07-07 14:30:00-04:00,7633.75,7634.25,7632.5,7634.25,3
2026-07-07 14:35:00-04:00,7633.5,7633.5,7633.5,7633.5,1
2026-07-07 14:45:00-04:00,7632.0,7632.0,7624.0,7624.0,5
2026-07-07 14:50:00-04:00,7625.75,7625.75,7621.5,7621.5,22
2026-07-07 14:55:00-04:00,7622.5,7622.5,7622.25,7622.25,20
2026-07-07 15:00:00-04:00,7616.0,7617.25,7613.0,7617.25,5
2026-07-07 15:05:00-04:00,7611.5,7611.5,7611.5,7611.5,2
2026-07-07 15:10:00-04:00,7610.0,7612.25,7610.0,7612.25,5
2026-07-07 15:15:00-04:00,7609.75,7609.75,7605.25,7609.25,21
2026-07-07 15:20:00-04:00,7611.75,7614.0,7611.75,7614.0,3
2026-07-07 15:30:00-04:00,7614.0,7614.0,7614.0,7614.0,1
2026-07-07 15:40:00-04:00,7610.5,7610.5,7610.5,7610.5,2
2026-07-07 15:50:00-04:00,7615.25,7620.0,7615.0,7620.0,7
2026-07-07 15:55:00-04:00,7621.25,7622.0,7615.75,7619.75,8
2026-07-07 16:00:00-04:00,7619.5,7619.75,7619.5,7619.5,5
2026-07-07 16:05:00-04:00,7619.75,7620.5,7619.75,7620.5,10
2026-07-07 16:15:00-04:00,7618.0,7618.0,7616.75,7617.0,4
2026-07-07 16:25:00-04:00,7617.5,7617.5,7617.5,7617.5,1
2026-07-07 18:00:00-04:00,7606.75,7613.5,7606.0,7613.5,5
2026-07-07 18:05:00-04:00,7610.75,7610.75,7610.75,7610.75,1
2026-07-07 18:20:00-04:00,7614.25,7614.5,7613.75,7613.75,5
2026-07-07 18:25:00-04:00,7613.5,7613.5,7612.5,7612.5,5
2026-07-07 18:35:00-04:00,7614.75,7614.75,7614.25,7614.25,2
2026-07-07 18:40:00-04:00,7613.5,7613.5,7613.25,7613.25,3
2026-07-07 18:45:00-04:00,7615.5,7615.5,7615.0,7615.0,3
2026-07-07 18:50:00-04:00,7614.75,7614.75,7614.25,7614.25,3
2026-07-07 19:00:00-04:00,7612.5,7613.5,7612.5,7613.5,2
2026-07-07 19:05:00-04:00,7616.25,7616.25,7613.75,7613.75,8
2026-07-07 19:10:00-04:00,7614.5,7614.5,7613.0,7613.75,4
2026-07-07 19:15:00-04:00,7615.25,7615.5,7615.25,7615.5,2
2026-07-07 19:25:00-04:00,7618.75,7618.75,7618.75,7618.75,1
2026-07-07 19:35:00-04:00,7616.25,7616.25,7615.5,7615.5,2
2026-07-07 19:50:00-04:00,7609.0,7609.0,7609.0,7609.0,1
2026-07-07 20:00:00-04:00,7602.0,7603.0,7602.0,7603.0,2
2026-07-07 20:05:00-04:00,7610.0,7615.25,7610.0,7615.25,3
2026-07-07 20:10:00-04:00,7615.5,7615.5,7615.5,7615.5,1
2026-07-07 20:15:00-04:00,7617.25,7617.25,7617.25,7617.25,1
2026-07-07 20:25:00-04:00,7623.0,7623.0,7620.0,7620.0,7
2026-07-07 20:30:00-04:00,7619.75,7619.75,7619.5,7619.5,2
2026-07-07 20:35:00-04:00,7620.0,7620.0,7620.0,7620.0,1
2026-07-07 20:40:00-04:00,7623.5,7626.0,7623.5,7626.0,2
2026-07-07 20:45:00-04:00,7628.0,7628.0,7627.0,7627.25,3
2026-07-07 20:55:00-04:00,7629.25,7629.25,7629.25,7629.25,4
2026-07-07 21:00:00-04:00,7630.0,7630.0,7628.25,7628.25,2
2026-07-07 21:05:00-04:00,7625.25,7625.25,7624.75,7624.75,4
2026-07-07 21:10:00-04:00,7626.5,7626.5,7626.5,7626.5,1
2026-07-07 21:20:00-04:00,7626.5,7626.5,7625.0,7625.0,3
2026-07-07 21:25:00-04:00,7623.75,7623.75,7623.75,7623.75,1
2026-07-07 21:30:00-04:00,7622.75,7622.75,7621.75,7621.75,2
2026-07-07 21:35:00-04:00,7620.75,7620.75,7618.75,7618.75,3
2026-07-07 22:05:00-04:00,7616.5,7616.5,7615.25,7615.25,2
2026-07-07 22:25:00-04:00,7619.0,7619.0,7617.5,7617.5,9
2026-07-07 22:40:00-04:00,7616.0,7616.0,7616.0,7616.0,1
2026-07-07 23:25:00-04:00,7627.25,7627.25,7627.25,7627.25,1
2026-07-08 00:55:00-04:00,7614.75,7614.75,7614.75,7614.75,1
2026-07-08 01:30:00-04:00,7613.75,7613.75,7610.25,7610.25,4
2026-07-08 01:40:00-04:00,7611.5,7611.5,7611.5,7611.5,1
2026-07-08 01:45:00-04:00,7609.25,7609.25,7607.0,7607.0,2
2026-07-08 02:30:00-04:00,7605.0,7605.0,7604.5,7604.5,4
2026-07-08 03:05:00-04:00,7600.0,7600.0,7600.0,7600.0,1
2026-07-08 03:15:00-04:00,7599.75,7599.75,7599.75,7599.75,1
2026-07-08 03:30:00-04:00,7612.0,7612.0,7612.0,7612.0,1
2026-07-08 03:40:00-04:00,7609.0,7609.0,7609.0,7609.0,1
2026-07-08 03:45:00-04:00,7612.0,7612.0,7611.0,7611.0,4
2026-07-08 03:50:00-04:00,7610.25,7610.25,7607.75,7608.75,9
2026-07-08 04:00:00-04:00,7608.0,7608.0,7606.75,7606.75,2
2026-07-08 04:05:00-04:00,7605.5,7606.25,7605.5,7606.25,2
2026-07-08 04:10:00-04:00,7611.5,7612.75,7611.5,7612.75,3
2026-07-08 04:15:00-04:00,7611.0,7611.0,7585.25,7590.0,40
2026-07-08 04:20:00-04:00,7590.75,7591.25,7573.5,7573.5,16
2026-07-08 04:25:00-04:00,7570.0,7570.25,7566.75,7566.75,10
2026-07-08 04:30:00-04:00,7560.5,7563.0,7557.75,7563.0,19
2026-07-08 04:35:00-04:00,7563.75,7563.75,7548.75,7548.75,12
2026-07-08 04:40:00-04:00,7545.75,7554.0,7545.75,7552.75,6
2026-07-08 04:45:00-04:00,7554.25,7558.25,7554.25,7554.5,11
2026-07-08 04:50:00-04:00,7557.5,7557.5,7557.5,7557.5,1
2026-07-08 04:55:00-04:00,7556.25,7556.25,7548.25,7548.25,6
2026-07-08 05:00:00-04:00,7546.5,7550.0,7545.75,7545.75,8
2026-07-08 05:05:00-04:00,7546.5,7546.5,7543.0,7543.0,3
2026-07-08 05:10:00-04:00,7542.5,7542.5,7540.0,7540.25,7
2026-07-08 05:15:00-04:00,7541.25,7542.25,7539.25,7542.25,10
2026-07-08 05:20:00-04:00,7541.5,7541.75,7541.5,7541.75,3
2026-07-08 05:25:00-04:00,7540.5,7540.5,7540.5,7540.5,1
2026-07-08 05:35:00-04:00,7548.0,7548.0,7544.25,7544.25,2
2026-07-08 05:55:00-04:00,7542.0,7542.0,7541.0,7541.0,2
2026-07-08 06:00:00-04:00,7543.75,7544.0,7542.75,7542.75,10
2026-07-08 06:05:00-04:00,7538.5,7538.5,7536.75,7537.5,4
2026-07-08 06:10:00-04:00,7538.25,7538.75,7537.5,7538.0,10
2026-07-08 06:15:00-04:00,7538.5,7542.0,7538.5,7542.0,3
2026-07-08 06:25:00-04:00,7546.0,7546.0,7546.0,7546.0,2
2026-07-08 06:30:00-04:00,7550.25,7550.25,7550.25,7550.25,1
2026-07-08 06:35:00-04:00,7552.5,7553.75,7552.5,7553.75,3
2026-07-08 06:45:00-04:00,7556.0,7556.75,7552.5,7552.5,3
2026-07-08 06:50:00-04:00,7555.5,7555.5,7555.0,7555.25,3
2026-07-08 06:55:00-04:00,7555.0,7555.0,7553.0,7553.0,3
2026-07-08 07:00:00-04:00,7553.0,7553.0,7550.25,7551.25,8
2026-07-08 07:05:00-04:00,7554.5,7555.5,7554.25,7555.5,4
2026-07-08 07:10:00-04:00,7551.75,7551.75,7549.0,7549.0,2
2026-07-08 07:15:00-04:00,7551.5,7551.75,7550.0,7550.0,6
2026-07-08 07:20:00-04:00,7550.5,7550.5,7547.75,7547.75,6
2026-07-08 07:25:00-04:00,7549.5,7549.5,7549.5,7549.5,1
2026-07-08 07:35:00-04:00,7555.25,7555.25,7555.25,7555.25,1
2026-07-08 07:40:00-04:00,7562.5,7573.25,7562.5,7566.25,57
2026-07-08 07:45:00-04:00,7565.0,7568.0,7563.75,7568.0,4
2026-07-08 07:50:00-04:00,7563.0,7565.5,7562.0,7565.5,5
2026-07-08 07:55:00-04:00,7570.0,7570.75,7570.0,7570.75,2
2026-07-08 08:00:00-04:00,7564.75,7564.75,7560.5,7560.5,4
2026-07-08 08:05:00-04:00,7569.0,7577.0,7569.0,7577.0,4
2026-07-08 08:10:00-04:00,7575.5,7577.5,7575.25,7577.5,3
2026-07-08 08:15:00-04:00,7573.5,7573.5,7573.5,7573.5,1
2026-07-08 08:20:00-04:00,7572.5,7572.5,7572.5,7572.5,1
2026-07-08 08:30:00-04:00,7581.0,7581.0,7580.0,7580.0,4
2026-07-08 08:40:00-04:00,7577.75,7577.75,7576.25,7576.25,3
2026-07-08 08:55:00-04:00,7575.75,7575.75,7573.0,7573.0,6
2026-07-08 09:05:00-04:00,7577.0,7577.0,7574.75,7574.75,2
2026-07-08 09:10:00-04:00,7574.5,7580.75,7574.5,7580.75,6
2026-07-08 09:15:00-04:00,7579.0,7579.0,7578.75,7578.75,2
2026-07-08 09:25:00-04:00,7573.5,7573.5,7573.5,7573.5,1
2026-07-08 09:30:00-04:00,7575.0,7578.5,7575.0,7578.0,9
2026-07-08 09:35:00-04:00,7573.5,7582.5,7573.5,7582.5,7
2026-07-08 09:40:00-04:00,7581.5,7590.0,7581.5,7583.25,8
2026-07-08 09:45:00-04:00,7588.75,7588.75,7588.75,7588.75,2
2026-07-08 09:55:00-04:00,7575.0,7587.0,7575.0,7587.0,4
2026-07-08 10:00:00-04:00,7585.0,7585.0,7585.0,7585.0,1
2026-07-08 10:05:00-04:00,7586.75,7586.75,7583.25,7583.25,5
2026-07-08 10:10:00-04:00,7580.0,7580.5,7580.0,7580.5,2
2026-07-08 10:15:00-04:00,7573.25,7575.0,7570.0,7572.0,5
2026-07-08 10:25:00-04:00,7581.0,7581.0,7574.25,7574.25,5
2026-07-08 10:30:00-04:00,7574.5,7574.75,7571.5,7574.75,6
2026-07-08 10:35:00-04:00,7568.75,7568.75,7564.25,7564.25,4
2026-07-08 10:40:00-04:00,7564.0,7568.0,7564.0,7568.0,2
2026-07-08 10:45:00-04:00,7561.75,7561.75,7558.25,7558.25,5
2026-07-08 10:50:00-04:00,7553.0,7560.25,7551.75,7559.25,6
2026-07-08 10:55:00-04:00,7563.5,7563.5,7559.0,7559.0,2
2026-07-08 11:00:00-04:00,7556.5,7556.5,7556.5,7556.5,1
2026-07-08 11:05:00-04:00,7560.0,7560.0,7560.0,7560.0,1
2026-07-08 11:15:00-04:00,7549.75,7555.25,7549.75,7555.25,3
2026-07-08 11:20:00-04:00,7548.5,7548.5,7548.5,7548.5,1
2026-07-08 11:25:00-04:00,7540.0,7540.25,7537.75,7540.25,4
2026-07-08 11:30:00-04:00,7540.25,7540.25,7538.75,7538.75,2
2026-07-08 11:35:00-04:00,7550.0,7550.0,7548.0,7548.0,2
2026-07-08 11:40:00-04:00,7549.75,7549.75,7549.25,7549.25,3
2026-07-08 11:45:00-04:00,7546.0,7549.75,7546.0,7549.75,4
2026-07-08 11:50:00-04:00,7543.75,7543.75,7543.75,7543.75,1
2026-07-08 11:55:00-04:00,7543.75,7548.0,7543.75,7548.0,4
2026-07-08 12:00:00-04:00,7548.5,7552.5,7548.5,7551.5,8
2026-07-08 12:05:00-04:00,7558.25,7558.25,7554.0,7554.0,3
2026-07-08 12:10:00-04:00,7561.25,7565.0,7561.25,7565.0,4
2026-07-08 12:15:00-04:00,7563.5,7567.75,7561.5,7565.75,12
2026-07-08 12:20:00-04:00,7570.75,7573.5,7570.75,7572.75,7
2026-07-08 12:25:00-04:00,7570.0,7570.0,7570.0,7570.0,1
2026-07-08 12:30:00-04:00,7575.5,7579.0,7573.75,7573.75,9
2026-07-08 12:35:00-04:00,7571.75,7576.0,7566.5,7571.75,11
2026-07-08 12:40:00-04:00,7571.75,7582.0,7571.75,7582.0,9
2026-07-08 12:45:00-04:00,7579.5,7579.5,7579.5,7579.5,1
2026-07-08 12:50:00-04:00,7585.0,7587.0,7585.0,7586.0,4
2026-07-08 13:00:00-04:00,7584.25,7585.0,7584.25,7585.0,3
2026-07-08 13:10:00-04:00,7586.0,7586.0,7586.0,7586.0,1
2026-07-08 13:20:00-04:00,7592.25,7593.25,7592.25,7593.25,2
2026-07-08 13:25:00-04:00,7598.0,7599.25,7597.0,7599.25,3
2026-07-08 13:30:00-04:00,7600.75,7600.75,7600.75,7600.75,1
2026-07-08 13:35:00-04:00,7597.25,7598.75,7597.25,7598.75,2
2026-07-08 13:40:00-04:00,7594.0,7594.0,7590.75,7590.75,2
2026-07-08 13:45:00-04:00,7587.75,7587.75,7585.5,7585.5,5
2026-07-08 13:50:00-04:00,7585.5,7585.5,7585.5,7585.5,1
2026-07-08 14:00:00-04:00,7585.0,7594.75,7585.0,7594.25,7
2026-07-08 14:10:00-04:00,7595.0,7595.0,7594.0,7594.0,3
2026-07-08 14:15:00-04:00,7594.0,7594.0,7590.0,7590.0,6
2026-07-08 14:30:00-04:00,7584.75,7586.25,7584.75,7586.25,7
2026-07-08 14:40:00-04:00,7591.25,7591.25,7591.25,7591.25,1
2026-07-08 14:50:00-04:00,7594.25,7594.25,7594.25,7594.25,1
2026-07-08 14:55:00-04:00,7591.0,7591.75,7591.0,7591.75,2
2026-07-08 15:00:00-04:00,7599.25,7599.25,7594.0,7594.25,3
2026-07-08 15:15:00-04:00,7589.5,7590.5,7589.5,7590.5,4
2026-07-08 15:20:00-04:00,7593.75,7593.75,7593.75,7593.75,1
2026-07-08 15:35:00-04:00,7594.25,7594.5,7594.25,7594.5,3
2026-07-08 15:45:00-04:00,7592.75,7592.75,7592.75,7592.75,1
2026-07-08 15:50:00-04:00,7588.25,7588.25,7588.0,7588.0,2
2026-07-08 15:55:00-04:00,7595.5,7595.5,7593.75,7593.75,13
2026-07-08 16:00:00-04:00,7594.0,7594.25,7590.25,7590.25,9
2026-07-08 16:05:00-04:00,7592.0,7592.0,7591.75,7591.75,2
2026-07-08 16:10:00-04:00,7587.75,7588.5,7587.75,7588.5,4
2026-07-08 16:20:00-04:00,7585.0,7585.0,7585.0,7585.0,1
2026-07-08 16:25:00-04:00,7583.75,7584.0,7583.75,7584.0,2
2026-07-08 16:30:00-04:00,7580.0,7580.0,7580.0,7580.0,2
2026-07-08 16:35:00-04:00,7578.0,7578.0,7578.0,7578.0,2
2026-07-08 16:40:00-04:00,7583.5,7583.5,7583.5,7583.5,1
2026-07-08 16:45:00-04:00,7581.75,7581.75,7581.75,7581.75,1
2026-07-08 16:55:00-04:00,7584.25,7584.25,7583.5,7583.5,2
2026-07-08 18:00:00-04:00,7586.0,7586.0,7586.0,7586.0,1
2026-07-08 18:10:00-04:00,7587.0,7587.0,7587.0,7587.0,3
2026-07-08 18:15:00-04:00,7587.25,7588.5,7587.25,7588.5,2
2026-07-08 18:25:00-04:00,7584.75,7584.75,7584.75,7584.75,1
2026-07-08 18:50:00-04:00,7583.5,7583.5,7583.5,7583.5,1
2026-07-08 19:05:00-04:00,7587.5,7587.5,7587.5,7587.5,1
2026-07-08 19:20:00-04:00,7583.5,7583.5,7583.5,7583.5,1
2026-07-08 19:30:00-04:00,7588.5,7588.5,7587.5,7587.5,2
2026-07-08 20:00:00-04:00,7596.5,7596.5,7596.25,7596.25,2
2026-07-08 20:20:00-04:00,7594.5,7595.5,7594.5,7595.5,4
2026-07-08 20:25:00-04:00,7600.5,7600.5,7600.0,7600.0,3
2026-07-08 20:45:00-04:00,7601.25,7601.25,7601.25,7601.25,2
2026-07-08 21:35:00-04:00,7601.5,7601.5,7601.5,7601.5,1
2026-07-08 21:45:00-04:00,7601.5,7601.5,7601.5,7601.5,1
2026-07-08 21:50:00-04:00,7602.0,7602.0,7600.5,7600.5,2
2026-07-08 21:55:00-04:00,7596.25,7596.25,7596.25,7596.25,1
2026-07-08 22:05:00-04:00,7603.75,7603.75,7603.75,7603.75,1
2026-07-08 22:35:00-04:00,7599.5,7599.5,7599.5,7599.5,1
2026-07-08 23:30:00-04:00,7605.25,7605.25,7605.25,7605.25,1
2026-07-09 00:30:00-04:00,7607.25,7607.25,7607.25,7607.25,1
2026-07-09 00:35:00-04:00,7610.0,7610.0,7610.0,7610.0,1
2026-07-09 00:40:00-04:00,7610.0,7610.0,7610.0,7610.0,1
2026-07-09 00:55:00-04:00,7613.5,7614.25,7613.5,7614.25,2
2026-07-09 01:10:00-04:00,7610.5,7619.5,7610.5,7619.5,42
2026-07-09 01:15:00-04:00,7616.25,7616.5,7611.0,7611.0,62
2026-07-09 01:45:00-04:00,7613.75,7614.0,7613.0,7613.0,7
2026-07-09 02:20:00-04:00,7619.5,7619.5,7619.5,7619.5,1
2026-07-09 02:55:00-04:00,7615.0,7615.0,7615.0,7615.0,1
2026-07-09 03:50:00-04:00,7624.0,7624.0,7624.0,7624.0,1
2026-07-09 04:05:00-04:00,7622.25,7622.75,7621.75,7622.75,5
2026-07-09 04:15:00-04:00,7624.0,7624.0,7624.0,7624.0,1
2026-07-09 04:30:00-04:00,7613.75,7613.75,7613.75,7613.75,1
2026-07-09 04:45:00-04:00,7609.75,7609.75,7609.75,7609.75,1
2026-07-09 05:05:00-04:00,7609.25,7609.25,7609.25,7609.25,1
2026-07-09 05:10:00-04:00,7609.0,7609.5,7609.0,7609.5,2
2026-07-09 05:30:00-04:00,7609.25,7609.75,7609.25,7609.75,2
2026-07-09 05:35:00-04:00,7604.75,7604.75,7604.75,7604.75,1
2026-07-09 05:40:00-04:00,7604.75,7604.75,7604.5,7604.5,2
2026-07-09 06:30:00-04:00,7603.25,7603.25,7603.25,7603.25,1
2026-07-09 06:50:00-04:00,7595.5,7595.5,7595.5,7595.5,1
2026-07-09 07:05:00-04:00,7598.25,7598.25,7598.25,7598.25,2
2026-07-09 07:30:00-04:00,7605.0,7605.0,7605.0,7605.0,1
2026-07-09 07:45:00-04:00,7607.5,7610.25,7607.5,7610.25,3
2026-07-09 07:50:00-04:00,7609.75,7609.75,7609.75,7609.75,1
2026-07-09 08:05:00-04:00,7610.25,7610.25,7610.25,7610.25,1
2026-07-09 08:20:00-04:00,7613.75,7613.75,7613.75,7613.75,1
2026-07-09 08:25:00-04:00,7617.0,7617.0,7616.75,7616.75,2
2026-07-09 08:35:00-04:00,7619.0,7620.0,7619.0,7620.0,2
2026-07-09 08:40:00-04:00,7617.5,7617.5,7615.25,7615.25,4
2026-07-09 08:45:00-04:00,7612.25,7614.0,7611.25,7614.0,3
2026-07-09 08:50:00-04:00,7613.75,7613.75,7613.75,7613.75,1
2026-07-09 09:00:00-04:00,7613.75,7613.75,7613.75,7613.75,1
2026-07-09 09:25:00-04:00,7611.75,7611.75,7611.75,7611.75,1
2026-07-09 09:30:00-04:00,7613.0,7613.0,7599.0,7611.25,13
2026-07-09 09:35:00-04:00,7617.25,7623.0,7617.25,7623.0,2
2026-07-09 09:40:00-04:00,7616.5,7625.0,7616.5,7623.0,9
2026-07-09 09:45:00-04:00,7625.75,7627.25,7621.5,7621.5,3
2026-07-09 09:50:00-04:00,7619.25,7629.25,7619.25,7629.25,3
2026-07-09 09:55:00-04:00,7632.25,7632.25,7628.0,7628.0,5
2026-07-09 10:10:00-04:00,7616.5,7616.5,7616.5,7616.5,1
2026-07-09 10:15:00-04:00,7612.5,7612.5,7600.0,7600.0,9
2026-07-09 10:20:00-04:00,7599.75,7601.75,7596.0,7601.75,5
2026-07-09 10:25:00-04:00,7616.5,7621.25,7616.5,7621.25,3
2026-07-09 10:35:00-04:00,7619.0,7625.0,7619.0,7625.0,2
2026-07-09 10:45:00-04:00,7621.0,7621.0,7621.0,7621.0,1
2026-07-09 10:50:00-04:00,7615.25,7615.25,7615.0,7615.0,2
2026-07-09 10:55:00-04:00,7622.25,7622.25,7622.25,7622.25,1
2026-07-09 11:00:00-04:00,7629.25,7630.5,7629.25,7630.5,2
2026-07-09 11:05:00-04:00,7631.75,7635.75,7631.75,7635.75,9
2026-07-09 11:10:00-04:00,7633.75,7633.75,7633.75,7633.75,1
2026-07-09 11:20:00-04:00,7637.75,7640.0,7637.75,7640.0,2
2026-07-09 11:40:00-04:00,7641.0,7642.0,7641.0,7642.0,2
2026-07-09 11:45:00-04:00,7642.0,7642.0,7642.0,7642.0,1
2026-07-09 11:50:00-04:00,7642.5,7642.5,7642.5,7642.5,1
2026-07-09 11:55:00-04:00,7641.5,7641.5,7640.75,7640.75,2
2026-07-09 12:00:00-04:00,7644.75,7644.75,7644.75,7644.75,1
2026-07-09 12:15:00-04:00,7647.75,7647.75,7647.75,7647.75,1
2026-07-09 12:20:00-04:00,7650.0,7650.0,7650.0,7650.0,2
2026-07-09 12:30:00-04:00,7649.5,7649.5,7649.5,7649.5,1
2026-07-09 12:35:00-04:00,7647.0,7647.0,7647.0,7647.0,2
2026-07-09 12:40:00-04:00,7648.5,7648.5,7648.5,7648.5,1
2026-07-09 12:45:00-04:00,7646.25,7646.25,7646.25,7646.25,1
2026-07-09 13:00:00-04:00,7646.75,7646.75,7646.75,7646.75,1
2026-07-09 13:05:00-04:00,7653.0,7653.0,7653.0,7653.0,1
2026-07-09 13:10:00-04:00,7656.0,7656.0,7656.0,7656.0,1
2026-07-09 13:15:00-04:00,7656.5,7656.5,7656.5,7656.5,1
2026-07-09 13:20:00-04:00,7657.25,7657.25,7656.75,7656.75,2
2026-07-09 13:25:00-04:00,7658.5,7660.0,7658.5,7660.0,12
2026-07-09 13:30:00-04:00,7660.0,7660.0,7658.5,7659.5,13
2026-07-09 13:35:00-04:00,7661.0,7661.0,7658.75,7658.75,3
2026-07-09 13:45:00-04:00,7661.0,7661.5,7660.25,7660.25,3
2026-07-09 13:50:00-04:00,7660.25,7660.25,7659.25,7659.25,5
2026-07-09 13:55:00-04:00,7658.25,7658.25,7655.25,7656.0,21
2026-07-09 14:00:00-04:00,7657.25,7657.25,7657.25,7657.25,1
2026-07-09 14:05:00-04:00,7660.0,7660.25,7660.0,7660.25,2
2026-07-09 14:10:00-04:00,7660.0,7660.0,7659.0,7659.0,5
2026-07-09 14:35:00-04:00,7653.5,7654.75,7653.5,7653.75,3
2026-07-09 14:40:00-04:00,7653.0,7654.0,7653.0,7654.0,2
2026-07-09 14:50:00-04:00,7653.75,7653.75,7653.75,7653.75,1
2026-07-09 15:05:00-04:00,7648.0,7648.0,7648.0,7648.0,1
2026-07-09 15:15:00-04:00,7653.75,7654.75,7653.75,7654.75,3
2026-07-09 15:20:00-04:00,7654.75,7654.75,7654.75,7654.75,1
2026-07-09 15:25:00-04:00,7653.0,7653.0,7653.0,7653.0,1
2026-07-09 15:30:00-04:00,7652.0,7652.0,7650.75,7650.75,3
2026-07-09 15:35:00-04:00,7653.25,7653.25,7653.25,7653.25,1
2026-07-09 15:40:00-04:00,7653.75,7653.75,7653.75,7653.75,1
2026-07-09 15:45:00-04:00,7654.75,7654.75,7653.75,7653.75,2
2026-07-09 15:50:00-04:00,7652.5,7652.5,7650.0,7650.75,5
2026-07-09 15:55:00-04:00,7653.5,7657.0,7652.5,7657.0,12
2026-07-09 16:00:00-04:00,7655.75,7656.0,7653.0,7656.0,10
2026-07-09 16:05:00-04:00,7658.0,7658.0,7658.0,7658.0,1
2026-07-09 16:10:00-04:00,7657.0,7657.0,7656.0,7656.0,2
2026-07-09 16:25:00-04:00,7654.0,7654.0,7654.0,7654.0,1
2026-07-09 16:30:00-04:00,7654.0,7654.0,7654.0,7654.0,4
2026-07-09 16:40:00-04:00,7655.5,7655.5,7655.5,7655.5,1
2026-07-09 18:00:00-04:00,7652.25,7654.0,7652.25,7653.5,6
2026-07-09 18:05:00-04:00,7655.25,7655.25,7655.25,7655.25,1
2026-07-09 18:10:00-04:00,7650.75,7650.75,7650.75,7650.75,1
2026-07-09 18:50:00-04:00,7654.25,7654.25,7653.0,7653.0,7
2026-07-09 20:00:00-04:00,7651.0,7651.0,7651.0,7651.0,1
2026-07-09 20:05:00-04:00,7649.75,7649.75,7649.75,7649.75,1
2026-07-09 20:10:00-04:00,7648.5,7648.5,7648.5,7648.5,1
2026-07-09 20:20:00-04:00,7649.25,7649.25,7647.5,7647.5,4
2026-07-09 20:25:00-04:00,7645.25,7645.25,7645.25,7645.25,2
2026-07-09 20:30:00-04:00,7645.0,7645.0,7644.0,7644.0,2
2026-07-09 20:45:00-04:00,7642.0,7642.0,7642.0,7642.0,2
2026-07-09 20:55:00-04:00,7646.0,7646.0,7646.0,7646.0,1
2026-07-09 21:10:00-04:00,7644.0,7644.0,7644.0,7644.0,1
2026-07-09 21:15:00-04:00,7645.0,7645.25,7645.0,7645.0,3
2026-07-09 21:30:00-04:00,7645.0,7645.0,7645.0,7645.0,1
2026-07-09 21:45:00-04:00,7649.5,7649.5,7649.5,7649.5,2
2026-07-09 22:35:00-04:00,7646.0,7646.0,7646.0,7646.0,1
2026-07-09 22:45:00-04:00,7650.0,7650.0,7649.5,7649.5,3
2026-07-09 23:05:00-04:00,7655.0,7655.0,7655.0,7655.0,1
2026-07-09 23:10:00-04:00,7653.5,7653.5,7653.5,7653.5,1
2026-07-09 23:45:00-04:00,7649.0,7649.0,7649.0,7649.0,1
2026-07-10 00:00:00-04:00,7651.0,7651.0,7651.0,7651.0,1
2026-07-10 00:30:00-04:00,7646.5,7646.5,7646.5,7646.5,1
2026-07-10 00:55:00-04:00,7645.0,7645.0,7645.0,7645.0,1
2026-07-10 01:00:00-04:00,7644.0,7644.0,7644.0,7644.0,1
2026-07-10 01:15:00-04:00,7646.0,7646.0,7646.0,7646.0,1
2026-07-10 02:20:00-04:00,7642.0,7642.0,7642.0,7642.0,2
2026-07-10 03:50:00-04:00,7637.75,7637.75,7637.75,7637.75,1
2026-07-10 03:55:00-04:00,7638.5,7638.5,7638.5,7638.5,1
2026-07-10 04:10:00-04:00,7643.5,7643.5,7643.5,7643.5,1
2026-07-10 04:20:00-04:00,7642.25,7642.25,7642.25,7642.25,1
2026-07-10 05:00:00-04:00,7636.0,7636.0,7635.5,7635.5,2
2026-07-10 05:20:00-04:00,7647.5,7647.5,7647.5,7647.5,2
2026-07-10 06:00:00-04:00,7649.75,7649.75,7649.75,7649.75,1
2026-07-10 06:20:00-04:00,7652.75,7652.75,7650.5,7650.5,213
2026-07-10 06:30:00-04:00,7654.75,7657.0,7654.75,7657.0,15
2026-07-10 06:35:00-04:00,7654.75,7654.75,7654.75,7654.75,1
2026-07-10 06:55:00-04:00,7656.5,7656.5,7656.5,7656.5,1
2026-07-10 07:00:00-04:00,7658.0,7658.0,7657.0,7657.75,3
2026-07-10 07:25:00-04:00,7657.75,7657.75,7653.5,7653.5,4
2026-07-10 07:30:00-04:00,7650.5,7650.5,7650.5,7650.5,1
2026-07-10 07:35:00-04:00,7650.0,7650.25,7647.25,7647.25,12
2026-07-10 07:45:00-04:00,7651.0,7651.0,7651.0,7651.0,1
2026-07-10 08:10:00-04:00,7646.25,7660.0,7646.25,7660.0,7
2026-07-10 08:35:00-04:00,7653.0,7653.0,7653.0,7653.0,3
2026-07-10 09:25:00-04:00,7660.0,7660.0,7659.25,7659.25,2
2026-07-10 09:30:00-04:00,7660.5,7666.5,7659.25,7666.5,14
2026-07-10 09:35:00-04:00,7664.0,7670.25,7664.0,7665.0,9
2026-07-10 09:40:00-04:00,7659.75,7661.5,7657.5,7661.5,11
2026-07-10 09:45:00-04:00,7665.5,7669.5,7665.0,7669.5,21
2026-07-10 09:50:00-04:00,7668.0,7669.5,7668.0,7669.5,4
2026-07-10 10:00:00-04:00,7667.25,7672.25,7667.0,7672.25,7
2026-07-10 10:10:00-04:00,7670.5,7670.5,7667.25,7667.25,2
2026-07-10 10:15:00-04:00,7666.25,7666.75,7666.25,7666.75,2
2026-07-10 10:20:00-04:00,7666.25,7666.25,7662.0,7662.0,3
2026-07-10 10:25:00-04:00,7660.75,7669.75,7660.75,7669.75,3
2026-07-10 10:30:00-04:00,7667.75,7667.75,7621.5,7647.0,133
2026-07-10 10:35:00-04:00,7650.25,7656.25,7648.0,7656.25,26
2026-07-10 10:40:00-04:00,7655.0,7660.0,7654.0,7660.0,8
2026-07-10 10:45:00-04:00,7660.5,7660.5,7660.5,7660.5,1
2026-07-10 10:55:00-04:00,7657.25,7657.25,7649.75,7649.75,4
2026-07-10 11:00:00-04:00,7652.0,7652.0,7651.75,7651.75,2
2026-07-10 11:05:00-04:00,7654.0,7655.75,7654.0,7655.75,5
2026-07-10 11:10:00-04:00,7656.75,7658.0,7655.5,7657.25,5
2026-07-10 11:15:00-04:00,7658.5,7670.0,7658.5,7664.75,6
2026-07-10 11:20:00-04:00,7665.5,7670.0,7665.5,7669.0,5
2026-07-10 11:25:00-04:00,7671.0,7672.0,7671.0,7672.0,3
2026-07-10 11:30:00-04:00,7670.75,7670.75,7668.5,7669.25,3
2026-07-10 11:35:00-04:00,7665.75,7666.75,7665.75,7666.75,3
2026-07-10 11:40:00-04:00,7661.5,7663.25,7656.25,7656.75,7
2026-07-10 11:50:00-04:00,7662.75,7663.5,7662.75,7662.75,3
2026-07-10 12:00:00-04:00,7667.0,7672.0,7667.0,7669.25,5
2026-07-10 12:05:00-04:00,7669.5,7669.5,7669.5,7669.5,1
2026-07-10 12:10:00-04:00,7668.25,7668.25,7668.0,7668.0,2
2026-07-10 12:15:00-04:00,7672.0,7675.75,7672.0,7673.5,8
2026-07-10 12:20:00-04:00,7671.0,7671.0,7671.0,7671.0,1
2026-07-10 12:25:00-04:00,7671.5,7672.5,7671.5,7672.5,3
2026-07-10 12:30:00-04:00,7674.75,7674.75,7674.75,7674.75,1
2026-07-10 12:35:00-04:00,7670.0,7670.75,7669.5,7670.75,5
2026-07-10 12:40:00-04:00,7673.0,7675.0,7673.0,7675.0,7
2026-07-10 12:45:00-04:00,7677.75,7677.75,7677.0,7677.0,2
2026-07-10 12:50:00-04:00,7680.0,7680.0,7680.0,7680.0,1
2026-07-10 12:55:00-04:00,7681.0,7681.0,7681.0,7681.0,2
2026-07-10 13:00:00-04:00,7680.0,7680.0,7677.0,7677.75,7
2026-07-10 13:10:00-04:00,7674.75,7674.75,7674.75,7674.75,1
2026-07-10 13:15:00-04:00,7678.0,7678.0,7678.0,7678.0,1
2026-07-10 13:35:00-04:00,7681.0,7684.0,7681.0,7684.0,3
2026-07-10 13:40:00-04:00,7681.75,7681.75,7681.75,7681.75,1
2026-07-10 13:50:00-04:00,7684.25,7684.25,7684.25,7684.25,1
2026-07-10 14:00:00-04:00,7680.5,7680.5,7680.5,7680.5,2
2026-07-10 14:05:00-04:00,7683.0,7683.0,7683.0,7683.0,1
2026-07-10 14:10:00-04:00,7683.5,7686.5,7683.0,7683.0,30
2026-07-10 14:15:00-04:00,7682.5,7683.0,7682.5,7682.5,3
2026-07-10 14:20:00-04:00,7683.25,7683.25,7682.0,7682.0,4
2026-07-10 14:25:00-04:00,7684.75,7686.5,7684.75,7685.5,18
2026-07-10 14:30:00-04:00,7686.25,7686.25,7686.25,7686.25,3
2026-07-10 14:45:00-04:00,7685.75,7685.75,7685.75,7685.75,1
2026-07-10 14:50:00-04:00,7687.25,7687.25,7687.25,7687.25,1
2026-07-10 14:55:00-04:00,7688.0,7688.0,7688.0,7688.0,1
2026-07-10 15:00:00-04:00,7689.0,7691.75,7689.0,7691.75,5
2026-07-10 15:15:00-04:00,7693.0,7693.0,7692.25,7692.25,2
2026-07-10 15:20:00-04:00,7691.0,7691.0,7691.0,7691.0,1
2026-07-10 15:25:00-04:00,7691.5,7691.5,7691.5,7691.5,1
2026-07-10 15:35:00-04:00,7690.75,7690.75,7690.75,7690.75,1
2026-07-10 15:45:00-04:00,7692.0,7692.0,7692.0,7692.0,1
2026-07-10 15:50:00-04:00,7692.25,7694.0,7692.25,7694.0,6
2026-07-10 15:55:00-04:00,7690.0,7690.25,7687.0,7689.0,8
2026-07-10 16:00:00-04:00,7689.5,7691.5,7689.5,7691.5,2
2026-07-10 16:05:00-04:00,7690.0,7690.0,7688.25,7689.25,5
2026-07-10 16:10:00-04:00,7690.0,7690.0,7690.0,7690.0,1
2026-07-10 16:20:00-04:00,7689.75,7689.75,7689.75,7689.75,1
2026-07-10 16:25:00-04:00,7691.5,7691.5,7691.5,7691.5,1
2026-07-10 16:30:00-04:00,7692.5,7692.5,7692.5,7692.5,1
2026-07-10 16:35:00-04:00,7692.5,7692.5,7692.5,7692.5,1
2026-07-10 16:45:00-04:00,7694.25,7694.25,7693.5,7693.5,3
2026-07-12 18:00:00-04:00,7674.0,7678.75,7669.75,7669.75,21
2026-07-12 18:05:00-04:00,7668.5,7670.25,7666.75,7669.0,12
2026-07-12 18:10:00-04:00,7666.0,7666.5,7663.25,7663.25,5
2026-07-12 18:15:00-04:00,7662.5,7662.5,7661.25,7661.25,6
2026-07-12 18:20:00-04:00,7663.25,7663.25,7663.25,7663.25,1
2026-07-12 18:35:00-04:00,7667.0,7667.0,7664.25,7664.5,5
2026-07-12 18:40:00-04:00,7665.25,7667.0,7665.25,7667.0,2
2026-07-12 18:45:00-04:00,7665.75,7665.75,7665.75,7665.75,1
2026-07-12 18:50:00-04:00,7668.0,7668.0,7668.0,7668.0,1
2026-07-12 19:00:00-04:00,7667.25,7667.25,7667.25,7667.25,2
2026-07-12 19:45:00-04:00,7663.0,7663.0,7661.5,7662.0,4
2026-07-12 19:50:00-04:00,7665.0,7665.0,7664.0,7664.0,2
2026-07-12 20:05:00-04:00,7676.25,7676.25,7676.25,7676.25,1
2026-07-12 20:10:00-04:00,7681.25,7681.25,7681.25,7681.25,1
2026-07-12 20:15:00-04:00,7675.0,7675.0,7675.0,7675.0,1
2026-07-12 20:25:00-04:00,7678.0,7678.0,7678.0,7678.0,1
2026-07-12 20:30:00-04:00,7672.75,7672.75,7672.25,7672.25,5
2026-07-12 20:40:00-04:00,7666.0,7666.0,7666.0,7666.0,1
2026-07-12 20:45:00-04:00,7670.0,7670.0,7670.0,7670.0,1
2026-07-12 21:00:00-04:00,7663.0,7663.75,7662.0,7663.75,3
2026-07-12 21:05:00-04:00,7660.0,7660.0,7659.25,7659.25,5
2026-07-12 21:10:00-04:00,7660.5,7660.5,7660.5,7660.5,1
2026-07-12 21:15:00-04:00,7665.5,7665.5,7663.75,7663.75,2
2026-07-12 21:25:00-04:00,7660.25,7660.25,7660.0,7660.0,3
2026-07-12 21:30:00-04:00,7663.25,7663.25,7663.25,7663.25,1
2026-07-12 21:45:00-04:00,7660.5,7660.5,7660.5,7660.5,1
2026-07-12 21:50:00-04:00,7658.0,7658.0,7658.0,7658.0,2
2026-07-12 22:00:00-04:00,7655.0,7655.0,7655.0,7655.0,1
2026-07-12 22:05:00-04:00,7656.25,7657.5,7656.25,7657.5,2
2026-07-12 22:10:00-04:00,7657.75,7657.75,7657.75,7657.75,1
2026-07-12 22:20:00-04:00,7660.0,7660.0,7660.0,7660.0,1
2026-07-12 22:30:00-04:00,7657.0,7657.0,7657.0,7657.0,1
2026-07-12 22:50:00-04:00,7656.0,7656.0,7656.0,7656.0,1
2026-07-12 22:55:00-04:00,7655.0,7655.0,7654.0,7654.0,3
2026-07-12 23:00:00-04:00,7652.5,7652.75,7652.5,7652.75,2
2026-07-12 23:05:00-04:00,7652.25,7652.25,7651.25,7651.25,3
2026-07-12 23:20:00-04:00,7651.25,7651.25,7651.25,7651.25,1
2026-07-12 23:30:00-04:00,7651.75,7651.75,7651.75,7651.75,3
2026-07-12 23:40:00-04:00,7653.25,7653.25,7653.25,7653.25,1
2026-07-12 23:50:00-04:00,7651.75,7651.75,7651.75,7651.75,2
2026-07-12 23:55:00-04:00,7650.75,7650.75,7650.25,7650.25,4
2026-07-13 00:00:00-04:00,7650.0,7650.0,7648.0,7648.0,7
2026-07-13 00:15:00-04:00,7648.0,7648.0,7648.0,7648.0,3
2026-07-13 00:25:00-04:00,7646.75,7646.75,7646.75,7646.75,1
2026-07-13 00:35:00-04:00,7645.5,7645.5,7645.0,7645.0,3
2026-07-13 00:50:00-04:00,7643.25,7643.25,7643.25,7643.25,1
2026-07-13 01:00:00-04:00,7644.5,7644.5,7644.25,7644.25,2
2026-07-13 01:05:00-04:00,7643.5,7647.25,7643.5,7647.25,4
2026-07-13 01:20:00-04:00,7642.75,7642.75,7641.0,7641.0,4
2026-07-13 01:25:00-04:00,7640.0,7640.0,7640.0,7640.0,3
2026-07-13 01:30:00-04:00,7637.0,7637.25,7635.0,7637.25,5
2026-07-13 02:00:00-04:00,7647.5,7647.5,7647.5,7647.5,1
2026-07-13 02:10:00-04:00,7644.0,7644.0,7642.5,7642.5,4
2026-07-13 02:30:00-04:00,7649.5,7649.5,7649.5,7649.5,1
2026-07-13 02:50:00-04:00,7652.5,7652.5,7652.0,7652.0,2
2026-07-13 02:55:00-04:00,7650.5,7652.0,7650.25,7652.0,4
2026-07-13 03:00:00-04:00,7654.0,7654.0,7650.75,7650.75,3
2026-07-13 03:10:00-04:00,7658.5,7658.5,7658.5,7658.5,1
2026-07-13 04:00:00-04:00,7657.0,7658.75,7657.0,7658.75,3
2026-07-13 04:05:00-04:00,7655.75,7660.0,7655.75,7660.0,3
2026-07-13 04:10:00-04:00,7661.75,7663.25,7661.75,7663.25,14
2026-07-13 04:20:00-04:00,7664.25,7664.5,7664.25,7664.5,2
2026-07-13 04:40:00-04:00,7664.25,7664.25,7664.25,7664.25,1
2026-07-13 04:45:00-04:00,7665.0,7665.25,7665.0,7665.25,2
2026-07-13 05:25:00-04:00,7670.0,7670.0,7670.0,7670.0,1
2026-07-13 05:50:00-04:00,7668.75,7668.75,7668.75,7668.75,1
2026-07-13 06:05:00-04:00,7667.75,7667.75,7667.75,7667.75,1
2026-07-13 07:30:00-04:00,7668.25,7669.0,7666.5,7669.0,3
2026-07-13 07:45:00-04:00,7665.75,7665.75,7662.5,7662.5,2
2026-07-13 08:00:00-04:00,7660.0,7660.0,7660.0,7660.0,1
2026-07-13 08:05:00-04:00,7660.75,7660.75,7660.5,7660.5,2
2026-07-13 08:10:00-04:00,7665.0,7665.0,7658.5,7660.25,7
2026-07-13 08:15:00-04:00,7659.75,7659.75,7659.75,7659.75,1
2026-07-13 08:25:00-04:00,7659.0,7659.0,7657.5,7657.5,2
2026-07-13 08:30:00-04:00,7655.0,7655.5,7655.0,7655.5,2
2026-07-13 08:40:00-04:00,7658.25,7659.0,7658.25,7659.0,2
2026-07-13 08:45:00-04:00,7663.0,7663.0,7663.0,7663.0,1
2026-07-13 08:50:00-04:00,7662.5,7662.5,7662.5,7662.5,1
2026-07-13 08:55:00-04:00,7665.5,7665.5,7665.5,7665.5,1
2026-07-13 09:30:00-04:00,7665.0,7676.5,7665.0,7671.5,12
2026-07-13 09:35:00-04:00,7669.25,7672.0,7669.25,7672.0,2
2026-07-13 09:40:00-04:00,7667.5,7669.5,7665.25,7669.5,7
2026-07-13 09:45:00-04:00,7664.0,7669.25,7664.0,7669.25,5
2026-07-13 09:50:00-04:00,7662.0,7662.75,7659.75,7662.75,6
2026-07-13 09:55:00-04:00,7665.25,7674.25,7665.25,7674.25,8
2026-07-13 10:00:00-04:00,7672.75,7672.75,7667.75,7668.75,20
2026-07-13 10:05:00-04:00,7665.0,7665.0,7665.0,7665.0,1
2026-07-13 10:10:00-04:00,7670.25,7670.25,7670.0,7670.0,3
2026-07-13 10:15:00-04:00,7670.5,7670.5,7642.5,7656.0,51
2026-07-13 10:20:00-04:00,7657.5,7665.5,7654.75,7665.5,12
2026-07-13 10:25:00-04:00,7665.5,7670.5,7665.5,7670.5,11
2026-07-13 10:30:00-04:00,7670.0,7670.0,7664.5,7664.5,4
2026-07-13 10:35:00-04:00,7661.0,7661.25,7660.5,7660.75,5
2026-07-13 10:40:00-04:00,7655.0,7655.0,7655.0,7655.0,1
2026-07-13 10:45:00-04:00,7651.25,7662.5,7650.0,7662.25,9
2026-07-13 10:50:00-04:00,7661.5,7661.5,7661.5,7661.5,1
2026-07-13 10:55:00-04:00,7661.25,7665.0,7661.25,7665.0,2
2026-07-13 11:00:00-04:00,7668.0,7668.0,7665.0,7665.25,4
2026-07-13 11:15:00-04:00,7660.0,7660.0,7660.0,7660.0,2
2026-07-13 11:20:00-04:00,7662.5,7662.5,7662.5,7662.5,1
2026-07-13 11:30:00-04:00,7662.25,7662.25,7662.25,7662.25,1
2026-07-13 11:35:00-04:00,7658.0,7660.25,7658.0,7660.25,2
2026-07-13 11:40:00-04:00,7656.75,7656.75,7656.75,7656.75,2
2026-07-13 11:45:00-04:00,7655.0,7655.0,7655.0,7655.0,1
2026-07-13 11:50:00-04:00,7655.25,7655.25,7653.0,7653.0,3
2026-07-13 11:55:00-04:00,7651.5,7651.5,7650.0,7650.0,4
2026-07-13 12:00:00-04:00,7651.75,7652.25,7651.75,7652.25,2
2026-07-13 12:05:00-04:00,7652.0,7653.25,7652.0,7653.25,2
2026-07-13 12:10:00-04:00,7654.5,7654.5,7652.5,7652.5,5
2026-07-13 12:15:00-04:00,7647.5,7647.5,7646.25,7646.25,2
2026-07-13 12:20:00-04:00,7647.5,7647.5,7645.0,7645.0,3
2026-07-13 12:25:00-04:00,7643.5,7643.5,7640.0,7640.0,20
2026-07-13 12:30:00-04:00,7640.0,7640.25,7634.75,7634.75,15
2026-07-13 12:35:00-04:00,7630.0,7633.75,7630.0,7632.0,10
2026-07-13 12:40:00-04:00,7643.0,7643.0,7642.0,7642.0,2
2026-07-13 12:50:00-04:00,7632.5,7638.0,7632.5,7635.25,3
2026-07-13 12:55:00-04:00,7633.0,7639.25,7633.0,7639.25,7
2026-07-13 13:00:00-04:00,7638.75,7638.75,7638.75,7638.75,1
2026-07-13 13:05:00-04:00,7640.75,7642.5,7640.75,7642.5,2
2026-07-13 13:25:00-04:00,7635.25,7635.25,7635.25,7635.25,1
2026-07-13 13:30:00-04:00,7638.5,7638.5,7638.5,7638.5,1
2026-07-13 13:45:00-04:00,7640.75,7641.0,7638.25,7638.25,3
2026-07-13 13:55:00-04:00,7631.25,7631.25,7631.25,7631.25,1
2026-07-13 14:10:00-04:00,7632.0,7632.0,7632.0,7632.0,1
2026-07-13 14:15:00-04:00,7633.5,7633.5,7629.5,7629.5,8
2026-07-13 14:20:00-04:00,7631.25,7631.25,7631.25,7631.25,1
2026-07-13 14:25:00-04:00,7635.0,7635.0,7635.0,7635.0,1
2026-07-13 14:30:00-04:00,7630.0,7630.0,7630.0,7630.0,1
2026-07-13 14:40:00-04:00,7637.5,7638.5,7637.5,7637.75,5
2026-07-13 14:45:00-04:00,7637.25,7637.25,7635.5,7635.5,2
2026-07-13 14:50:00-04:00,7636.75,7640.0,7636.75,7640.0,2
2026-07-13 14:55:00-04:00,7637.25,7637.25,7635.0,7635.0,2
2026-07-13 15:00:00-04:00,7634.0,7634.0,7631.5,7631.5,3
2026-07-13 15:05:00-04:00,7637.75,7638.5,7635.5,7635.5,4
2026-07-13 15:15:00-04:00,7631.25,7631.25,7630.75,7630.75,3
2026-07-13 15:20:00-04:00,7630.25,7630.5,7627.0,7628.0,14
2026-07-13 15:25:00-04:00,7626.0,7626.25,7621.0,7621.75,29
2026-07-13 15:30:00-04:00,7624.75,7627.5,7624.5,7624.75,14
2026-07-13 15:35:00-04:00,7622.25,7622.25,7620.0,7621.5,14
2026-07-13 15:40:00-04:00,7629.0,7629.0,7629.0,7629.0,1
2026-07-13 15:50:00-04:00,7629.0,7633.5,7629.0,7630.0,21
2026-07-13 15:55:00-04:00,7635.0,7635.5,7630.0,7630.5,13
2026-07-13 16:10:00-04:00,7626.0,7626.0,7626.0,7626.0,1
2026-07-13 16:15:00-04:00,7625.75,7625.75,7618.0,7618.0,12
2026-07-13 16:30:00-04:00,7620.75,7620.75,7620.75,7620.75,2
2026-07-13 16:55:00-04:00,7622.0,7622.0,7622.0,7622.0,1
2026-07-13 18:00:00-04:00,7626.0,7629.5,7626.0,7628.0,5
2026-07-13 18:05:00-04:00,7627.0,7627.0,7627.0,7627.0,1
2026-07-13 18:30:00-04:00,7623.0,7623.0,7623.0,7623.0,1
2026-07-13 18:40:00-04:00,7625.75,7625.75,7625.75,7625.75,1
2026-07-13 19:00:00-04:00,7618.0,7618.0,7618.0,7618.0,1
2026-07-13 19:05:00-04:00,7616.75,7616.75,7615.75,7615.75,4
2026-07-13 19:45:00-04:00,7610.0,7611.25,7610.0,7611.25,3
2026-07-13 20:00:00-04:00,7611.75,7612.5,7611.75,7612.5,3
2026-07-13 20:05:00-04:00,7613.75,7613.75,7609.75,7609.75,3
2026-07-13 20:10:00-04:00,7619.25,7619.25,7619.25,7619.25,1
2026-07-13 20:20:00-04:00,7613.5,7613.5,7613.5,7613.5,1
2026-07-13 20:35:00-04:00,7618.0,7618.0,7618.0,7618.0,2
2026-07-13 20:40:00-04:00,7620.75,7621.0,7620.75,7621.0,3
2026-07-13 20:45:00-04:00,7616.5,7618.0,7616.5,7618.0,2
2026-07-13 20:50:00-04:00,7624.5,7625.5,7624.5,7625.5,2
2026-07-13 20:55:00-04:00,7625.75,7627.0,7625.75,7627.0,2
2026-07-13 21:00:00-04:00,7626.0,7626.0,7626.0,7626.0,1
2026-07-13 21:20:00-04:00,7626.0,7626.0,7626.0,7626.0,2
2026-07-13 21:35:00-04:00,7618.5,7619.5,7617.5,7619.5,3
2026-07-13 21:40:00-04:00,7615.5,7617.5,7615.5,7617.5,2
2026-07-13 21:55:00-04:00,7616.0,7616.0,7616.0,7616.0,1
2026-07-13 22:00:00-04:00,7615.0,7618.0,7615.0,7618.0,2
2026-07-13 22:05:00-04:00,7620.25,7621.25,7620.25,7621.25,2
2026-07-13 22:10:00-04:00,7614.5,7614.5,7614.5,7614.5,1
2026-07-13 22:15:00-04:00,7614.5,7614.5,7614.0,7614.0,2
2026-07-13 22:20:00-04:00,7608.0,7608.0,7608.0,7608.0,1
2026-07-13 22:25:00-04:00,7608.0,7609.0,7608.0,7609.0,2
2026-07-13 22:40:00-04:00,7618.0,7618.0,7618.0,7618.0,1
2026-07-13 23:00:00-04:00,7606.0,7606.0,7606.0,7606.0,1
2026-07-13 23:10:00-04:00,7604.5,7604.5,7604.0,7604.0,2
2026-07-13 23:15:00-04:00,7602.0,7602.0,7600.0,7600.0,5
2026-07-13 23:40:00-04:00,7605.25,7605.25,7605.25,7605.25,1
2026-07-13 23:55:00-04:00,7611.0,7611.0,7611.0,7611.0,1
2026-07-14 00:05:00-04:00,7611.0,7611.0,7611.0,7611.0,1
2026-07-14 00:20:00-04:00,7613.0,7613.0,7613.0,7613.0,1
2026-07-14 00:40:00-04:00,7623.0,7625.5,7622.5,7623.75,10
2026-07-14 00:45:00-04:00,7627.5,7627.75,7627.5,7627.75,2
2026-07-14 00:55:00-04:00,7628.25,7628.25,7628.25,7628.25,2
2026-07-14 01:20:00-04:00,7632.75,7632.75,7632.5,7632.5,2
2026-07-14 01:25:00-04:00,7636.75,7636.75,7636.5,7636.5,2
2026-07-14 01:30:00-04:00,7638.25,7639.25,7638.25,7639.25,2
2026-07-14 01:55:00-04:00,7638.0,7638.0,7635.75,7635.75,2
2026-07-14 02:05:00-04:00,7639.75,7639.75,7639.75,7639.75,1
2026-07-14 02:10:00-04:00,7640.75,7640.75,7640.75,7640.75,1
2026-07-14 02:15:00-04:00,7640.75,7640.75,7640.75,7640.75,1
2026-07-14 02:30:00-04:00,7638.25,7638.25,7638.0,7638.0,3
2026-07-14 02:40:00-04:00,7634.25,7634.25,7634.25,7634.25,1
2026-07-14 02:45:00-04:00,7631.0,7631.0,7631.0,7631.0,1
2026-07-14 03:30:00-04:00,7626.25,7626.25,7626.25,7626.25,1
2026-07-14 03:55:00-04:00,7626.75,7626.75,7626.0,7626.0,5
2026-07-14 04:35:00-04:00,7629.5,7629.5,7629.5,7629.5,1
2026-07-14 05:10:00-04:00,7631.5,7631.5,7631.5,7631.5,1
2026-07-14 05:45:00-04:00,7626.0,7626.0,7626.0,7626.0,1
2026-07-14 06:05:00-04:00,7628.0,7628.0,7628.0,7628.0,1
2026-07-14 06:30:00-04:00,7626.75,7628.0,7626.75,7628.0,5
2026-07-14 06:35:00-04:00,7628.5,7628.5,7628.5,7628.5,1
2026-07-14 07:00:00-04:00,7625.75,7625.75,7615.75,7615.75,3
2026-07-14 07:05:00-04:00,7614.25,7614.25,7614.25,7614.25,1
2026-07-14 07:10:00-04:00,7615.0,7615.0,7615.0,7615.0,1
2026-07-14 07:15:00-04:00,7622.75,7622.75,7622.25,7622.25,2
2026-07-14 07:20:00-04:00,7626.0,7630.0,7626.0,7630.0,4
2026-07-14 07:25:00-04:00,7630.25,7630.75,7627.75,7629.0,4
2026-07-14 07:30:00-04:00,7628.5,7628.5,7628.5,7628.5,1
2026-07-14 07:50:00-04:00,7625.75,7625.75,7625.75,7625.75,1
2026-07-14 08:00:00-04:00,7621.5,7622.0,7617.5,7617.5,8
2026-07-14 08:25:00-04:00,7625.25,7625.25,7625.25,7625.25,1
2026-07-14 08:30:00-04:00,7642.25,7680.0,7642.25,7664.5,86
2026-07-14 08:35:00-04:00,7660.0,7660.0,7651.0,7654.25,46
2026-07-14 08:40:00-04:00,7654.0,7654.75,7650.5,7654.75,9
2026-07-14 08:45:00-04:00,7652.25,7656.75,7652.25,7656.75,2
2026-07-14 08:50:00-04:00,7646.0,7646.75,7645.25,7645.25,6
2026-07-14 09:00:00-04:00,7649.5,7649.5,7646.5,7646.5,3
2026-07-14 09:15:00-04:00,7644.0,7644.0,7644.0,7644.0,2
2026-07-14 09:20:00-04:00,7639.5,7648.75,7638.5,7648.75,4
2026-07-14 09:25:00-04:00,7649.0,7650.5,7649.0,7650.5,3
2026-07-14 09:30:00-04:00,7643.0,7643.5,7634.0,7634.0,20
2026-07-14 09:35:00-04:00,7633.0,7650.25,7633.0,7650.25,10
2026-07-14 09:40:00-04:00,7648.5,7650.25,7645.5,7650.25,4
2026-07-14 09:45:00-04:00,7654.75,7654.75,7644.75,7647.0,4
2026-07-14 09:50:00-04:00,7648.75,7653.0,7648.0,7653.0,5
2026-07-14 10:00:00-04:00,7645.0,7645.75,7645.0,7645.75,2
2026-07-14 10:05:00-04:00,7638.0,7641.75,7637.0,7637.75,7
2026-07-14 10:10:00-04:00,7640.25,7641.25,7635.75,7635.75,3
2026-07-14 10:15:00-04:00,7630.0,7633.25,7625.0,7632.75,10
2026-07-14 10:20:00-04:00,7636.5,7645.5,7636.5,7642.5,8
2026-07-14 10:25:00-04:00,7639.25,7645.0,7639.25,7645.0,2
2026-07-14 10:30:00-04:00,7649.0,7667.75,7649.0,7657.75,25
2026-07-14 10:35:00-04:00,7656.0,7658.5,7653.25,7653.25,12
2026-07-14 10:40:00-04:00,7658.25,7658.25,7649.0,7649.0,5
2026-07-14 10:50:00-04:00,7648.75,7651.25,7648.75,7651.25,2
2026-07-14 10:55:00-04:00,7655.5,7655.5,7654.5,7655.0,6
2026-07-14 11:00:00-04:00,7653.25,7665.5,7652.5,7661.25,18
2026-07-14 11:05:00-04:00,7660.0,7665.5,7660.0,7665.5,4
2026-07-14 11:10:00-04:00,7667.75,7667.75,7663.0,7663.0,3
2026-07-14 11:15:00-04:00,7658.5,7658.5,7656.75,7656.75,2
2026-07-14 11:25:00-04:00,7661.75,7661.75,7661.75,7661.75,1
2026-07-14 11:30:00-04:00,7666.0,7666.75,7662.75,7663.5,6
2026-07-14 11:35:00-04:00,7654.0,7656.75,7654.0,7656.75,5
2026-07-14 11:40:00-04:00,7652.5,7653.75,7647.5,7653.75,9
2026-07-14 11:45:00-04:00,7654.5,7657.0,7654.25,7656.0,7
2026-07-14 12:10:00-04:00,7642.25,7642.25,7642.25,7642.25,1
2026-07-14 12:15:00-04:00,7643.25,7643.25,7641.0,7641.0,2
2026-07-14 12:20:00-04:00,7639.5,7639.5,7637.5,7637.5,2
2026-07-14 12:25:00-04:00,7640.5,7646.0,7640.5,7645.5,8
2026-07-14 12:30:00-04:00,7645.75,7646.75,7645.75,7646.75,2
2026-07-14 12:35:00-04:00,7648.5,7648.5,7648.5,7648.5,1
2026-07-14 12:40:00-04:00,7654.25,7655.0,7652.5,7652.5,6
2026-07-14 12:45:00-04:00,7652.5,7652.5,7648.25,7649.25,7
2026-07-14 12:50:00-04:00,7650.75,7652.75,7650.75,7652.75,2
2026-07-14 12:55:00-04:00,7652.75,7655.0,7652.25,7655.0,4
2026-07-14 13:15:00-04:00,7655.5,7656.25,7655.5,7656.25,2
2026-07-14 13:20:00-04:00,7660.0,7661.25,7660.0,7661.25,3
2026-07-14 13:25:00-04:00,7663.75,7663.75,7661.75,7661.75,2
2026-07-14 13:30:00-04:00,7662.75,7662.75,7662.75,7662.75,1
2026-07-14 13:35:00-04:00,7656.5,7658.25,7656.5,7658.25,5
2026-07-14 13:40:00-04:00,7659.5,7659.5,7658.0,7658.0,2
2026-07-14 13:45:00-04:00,7660.25,7660.25,7660.25,7660.25,1
2026-07-14 13:50:00-04:00,7659.25,7661.0,7659.25,7661.0,3
2026-07-14 13:55:00-04:00,7660.25,7660.25,7660.25,7660.25,1
2026-07-14 14:00:00-04:00,7662.25,7662.25,7662.25,7662.25,1
2026-07-14 14:05:00-04:00,7662.5,7662.5,7662.5,7662.5,1
2026-07-14 14:10:00-04:00,7663.5,7663.5,7663.5,7663.5,1
2026-07-14 14:30:00-04:00,7662.0,7662.0,7662.0,7662.0,1
2026-07-14 14:35:00-04:00,7661.5,7661.5,7660.25,7661.5,4
2026-07-14 14:40:00-04:00,7660.0,7660.0,7656.75,7656.75,19
2026-07-14 14:45:00-04:00,7659.0,7659.25,7659.0,7659.25,2
2026-07-14 14:50:00-04:00,7657.0,7659.0,7657.0,7659.0,2
2026-07-14 15:00:00-04:00,7657.25,7658.0,7657.25,7658.0,2
2026-07-14 15:05:00-04:00,7657.5,7657.5,7657.5,7657.5,1
2026-07-14 15:15:00-04:00,7659.25,7659.25,7657.25,7657.25,3
2026-07-14 15:20:00-04:00,7659.25,7659.25,7659.25,7659.25,1
2026-07-14 15:25:00-04:00,7659.75,7659.75,7659.5,7659.5,3
2026-07-14 15:30:00-04:00,7658.5,7658.5,7654.75,7656.0,6
2026-07-14 15:40:00-04:00,7661.0,7661.0,7661.0,7661.0,1
2026-07-14 15:45:00-04:00,7660.75,7660.75,7660.75,7660.75,1
2026-07-14 15:50:00-04:00,7662.75,7662.75,7660.5,7662.0,5
2026-07-14 15:55:00-04:00,7661.25,7661.25,7658.75,7658.75,4
2026-07-14 16:00:00-04:00,7657.0,7658.5,7657.0,7658.0,5
2026-07-14 16:20:00-04:00,7654.75,7654.75,7654.75,7654.75,1
2026-07-14 16:25:00-04:00,7654.5,7654.5,7654.5,7654.5,1
2026-07-14 16:45:00-04:00,7656.75,7656.75,7656.75,7656.75,1
2026-07-14 16:55:00-04:00,7658.25,7658.25,7658.25,7658.25,1
2026-07-14 18:10:00-04:00,7654.5,7654.5,7654.5,7654.5,1
2026-07-14 18:55:00-04:00,7655.75,7655.75,7655.0,7655.0,3
2026-07-14 19:25:00-04:00,7661.25,7666.5,7661.25,7666.5,7
2026-07-14 19:35:00-04:00,7668.0,7668.0,7668.0,7668.0,1
2026-07-14 19:45:00-04:00,7670.0,7670.0,7670.0,7670.0,1
2026-07-14 20:00:00-04:00,7667.5,7667.5,7667.5,7667.5,1
2026-07-14 20:10:00-04:00,7669.5,7669.5,7669.5,7669.5,1
2026-07-14 20:25:00-04:00,7668.5,7668.5,7668.5,7668.5,1
2026-07-14 20:40:00-04:00,7664.5,7664.5,7660.0,7660.0,2
2026-07-14 20:45:00-04:00,7662.75,7662.75,7662.75,7662.75,1
2026-07-14 20:50:00-04:00,7666.5,7666.5,7666.5,7666.5,1
2026-07-14 21:00:00-04:00,7666.25,7666.25,7666.25,7666.25,1
2026-07-14 21:15:00-04:00,7669.0,7669.0,7669.0,7669.0,1
2026-07-14 21:25:00-04:00,7670.0,7670.0,7670.0,7670.0,1
2026-07-14 21:40:00-04:00,7667.0,7667.0,7667.0,7667.0,1
2026-07-14 21:50:00-04:00,7667.0,7668.0,7667.0,7668.0,2
2026-07-14 22:05:00-04:00,7672.25,7672.25,7672.25,7672.25,2
2026-07-14 22:15:00-04:00,7671.5,7671.5,7671.5,7671.5,1
2026-07-14 22:55:00-04:00,7671.0,7671.0,7671.0,7671.0,1
2026-07-14 23:30:00-04:00,7673.25,7673.25,7673.25,7673.25,1
2026-07-14 23:45:00-04:00,7673.0,7673.0,7673.0,7673.0,1
2026-07-14 23:50:00-04:00,7675.0,7675.25,7675.0,7675.25,6
2026-07-15 00:35:00-04:00,7674.5,7674.5,7674.5,7674.5,1
2026-07-15 01:00:00-04:00,7676.75,7680.0,7676.75,7680.0,2
2026-07-15 01:50:00-04:00,7674.75,7674.75,7674.75,7674.75,1
2026-07-15 03:20:00-04:00,7671.5,7671.5,7671.5,7671.5,1
2026-07-15 03:25:00-04:00,7666.0,7666.0,7664.25,7664.25,7
2026-07-15 05:00:00-04:00,7674.25,7674.25,7674.25,7674.25,1
2026-07-15 05:10:00-04:00,7676.5,7676.5,7676.5,7676.5,1
2026-07-15 06:15:00-04:00,7673.75,7674.0,7673.75,7674.0,3
2026-07-15 06:20:00-04:00,7672.0,7672.0,7672.0,7672.0,1
2026-07-15 06:25:00-04:00,7665.0,7665.0,7665.0,7665.0,1
2026-07-15 06:30:00-04:00,7665.0,7665.0,7665.0,7665.0,1
2026-07-15 06:55:00-04:00,7669.25,7669.5,7669.25,7669.5,6
2026-07-15 07:00:00-04:00,7669.0,7669.0,7669.0,7669.0,1
2026-07-15 07:10:00-04:00,7667.25,7667.25,7667.25,7667.25,1
2026-07-15 07:30:00-04:00,7666.75,7666.75,7666.75,7666.75,1
2026-07-15 07:35:00-04:00,7668.0,7668.0,7668.0,7668.0,1
2026-07-15 07:45:00-04:00,7667.5,7667.5,7667.5,7667.5,1
2026-07-15 07:50:00-04:00,7667.5,7667.5,7667.5,7667.5,1
2026-07-15 08:00:00-04:00,7665.75,7665.75,7665.75,7665.75,1
2026-07-15 08:20:00-04:00,7660.0,7660.75,7660.0,7660.25,3
2026-07-15 08:25:00-04:00,7661.5,7661.5,7661.25,7661.25,2
2026-07-15 08:30:00-04:00,7670.0,7672.5,7670.0,7671.75,15
2026-07-15 08:35:00-04:00,7675.0,7675.25,7675.0,7675.25,3
2026-07-15 08:40:00-04:00,7676.75,7680.0,7676.75,7678.25,8
2026-07-15 08:45:00-04:00,7678.75,7678.75,7678.75,7678.75,1
2026-07-15 08:50:00-04:00,7681.25,7681.25,7681.25,7681.25,1
2026-07-15 08:55:00-04:00,7680.5,7680.5,7680.5,7680.5,1
2026-07-15 09:00:00-04:00,7679.5,7679.5,7679.5,7679.5,1
2026-07-15 09:25:00-04:00,7675.0,7678.75,7675.0,7678.75,4
2026-07-15 09:30:00-04:00,7681.75,7688.5,7680.25,7688.5,21
2026-07-15 09:35:00-04:00,7688.25,7691.0,7682.75,7682.75,13
2026-07-15 09:40:00-04:00,7683.75,7683.75,7681.0,7681.0,2
2026-07-15 09:45:00-04:00,7680.0,7680.0,7671.75,7671.75,9
2026-07-15 09:50:00-04:00,7670.75,7673.25,7670.75,7671.5,3
2026-07-15 09:55:00-04:00,7678.0,7683.5,7676.25,7678.5,13
2026-07-15 10:00:00-04:00,7682.75,7688.0,7682.75,7688.0,4
2026-07-15 10:05:00-04:00,7684.0,7688.0,7684.0,7688.0,3
2026-07-15 10:10:00-04:00,7687.25,7687.5,7684.5,7684.5,5
2026-07-15 10:15:00-04:00,7689.0,7691.5,7689.0,7691.25,5
2026-07-15 10:20:00-04:00,7685.0,7685.0,7672.75,7672.75,12
2026-07-15 10:25:00-04:00,7674.5,7683.75,7673.0,7683.75,11
2026-07-15 10:30:00-04:00,7680.0,7682.5,7678.5,7681.25,8
2026-07-15 10:35:00-04:00,7673.5,7673.5,7673.5,7673.5,1
2026-07-15 10:40:00-04:00,7674.5,7676.0,7666.0,7672.5,21
2026-07-15 10:45:00-04:00,7669.75,7674.25,7668.5,7674.25,7
2026-07-15 10:50:00-04:00,7667.5,7667.5,7665.75,7665.75,3
2026-07-15 10:55:00-04:00,7669.5,7669.5,7669.5,7669.5,1
2026-07-15 11:00:00-04:00,7673.5,7673.5,7670.25,7670.25,3
2026-07-15 11:05:00-04:00,7675.5,7678.0,7675.5,7678.0,2
2026-07-15 11:10:00-04:00,7674.75,7674.75,7674.75,7674.75,1
2026-07-15 11:15:00-04:00,7666.25,7669.5,7662.25,7669.5,9
2026-07-15 11:20:00-04:00,7669.25,7669.25,7668.25,7668.5,4
2026-07-15 11:25:00-04:00,7665.25,7672.25,7665.0,7672.25,16
2026-07-15 11:30:00-04:00,7669.5,7675.0,7669.5,7675.0,3
2026-07-15 11:35:00-04:00,7673.5,7673.5,7673.25,7673.25,2
2026-07-15 11:40:00-04:00,7672.0,7672.25,7670.75,7670.75,3
2026-07-15 11:50:00-04:00,7662.75,7662.75,7662.75,7662.75,1
2026-07-15 11:55:00-04:00,7660.0,7664.0,7660.0,7663.75,3
2026-07-15 12:00:00-04:00,7663.0,7663.0,7656.0,7657.75,6
2026-07-15 12:05:00-04:00,7654.75,7654.75,7651.0,7651.75,13
2026-07-15 12:10:00-04:00,7656.5,7656.75,7649.75,7649.75,5
2026-07-15 12:15:00-04:00,7648.0,7649.75,7647.0,7647.0,3
2026-07-15 12:20:00-04:00,7644.5,7644.5,7641.75,7642.0,10
2026-07-15 12:25:00-04:00,7644.5,7644.5,7644.5,7644.5,1
2026-07-15 12:30:00-04:00,7643.5,7643.5,7641.25,7641.25,2
2026-07-15 12:35:00-04:00,7640.75,7642.5,7640.75,7642.5,4
2026-07-15 12:40:00-04:00,7642.5,7642.5,7642.5,7642.5,1
2026-07-15 12:45:00-04:00,7657.0,7660.0,7648.75,7650.25,29
2026-07-15 12:50:00-04:00,7652.5,7654.75,7651.75,7653.25,6
2026-07-15 12:55:00-04:00,7651.25,7651.25,7646.75,7646.75,3
2026-07-15 13:00:00-04:00,7655.25,7657.25,7655.25,7657.25,3
2026-07-15 13:05:00-04:00,7658.0,7658.0,7658.0,7658.0,1
2026-07-15 13:15:00-04:00,7661.0,7661.0,7661.0,7661.0,1
2026-07-15 13:20:00-04:00,7662.0,7662.0,7660.5,7660.5,3
2026-07-15 13:25:00-04:00,7661.0,7665.0,7661.0,7665.0,4
2026-07-15 13:30:00-04:00,7665.75,7667.5,7665.75,7667.5,22
2026-07-15 13:35:00-04:00,7671.25,7671.25,7671.25,7671.25,1
2026-07-15 13:40:00-04:00,7671.5,7671.5,7670.0,7671.25,5
2026-07-15 13:45:00-04:00,7675.5,7677.0,7675.5,7677.0,2
2026-07-15 13:50:00-04:00,7677.75,7682.0,7676.25,7682.0,8
2026-07-15 13:55:00-04:00,7681.5,7681.5,7679.5,7679.5,6
2026-07-15 14:00:00-04:00,7680.75,7683.0,7680.75,7683.0,2
2026-07-15 14:05:00-04:00,7683.25,7684.0,7683.0,7683.0,4
2026-07-15 14:10:00-04:00,7684.5,7684.5,7683.0,7683.0,5
2026-07-15 14:15:00-04:00,7681.0,7681.0,7680.5,7680.5,2
2026-07-15 14:20:00-04:00,7683.5,7685.0,7683.5,7685.0,4
2026-07-15 14:25:00-04:00,7683.5,7684.5,7683.5,7684.5,3
2026-07-15 14:30:00-04:00,7683.5,7685.0,7683.5,7685.0,2
2026-07-15 14:35:00-04:00,7684.0,7684.0,7682.75,7682.75,3
2026-07-15 14:40:00-04:00,7680.25,7680.25,7678.75,7678.75,2
2026-07-15 14:45:00-04:00,7677.0,7677.0,7673.5,7676.25,16
2026-07-15 14:50:00-04:00,7673.0,7673.0,7669.25,7669.25,9
2026-07-15 14:55:00-04:00,7669.5,7669.5,7669.5,7669.5,3
2026-07-15 15:05:00-04:00,7674.5,7674.5,7674.5,7674.5,2
2026-07-15 15:10:00-04:00,7673.25,7674.75,7673.25,7674.75,12
2026-07-15 15:15:00-04:00,7674.5,7674.5,7674.5,7674.5,2
2026-07-15 15:20:00-04:00,7671.25,7671.25,7671.25,7671.25,1
2026-07-15 15:25:00-04:00,7674.0,7674.0,7674.0,7674.0,1
2026-07-15 15:30:00-04:00,7675.0,7675.0,7668.5,7668.5,5
2026-07-15 15:35:00-04:00,7669.25,7675.5,7669.25,7675.5,3
2026-07-15 15:40:00-04:00,7679.0,7679.0,7679.0,7679.0,25
2026-07-15 15:45:00-04:00,7676.0,7676.0,7674.0,7674.0,4
2026-07-15 15:50:00-04:00,7676.75,7678.25,7676.75,7677.75,3
2026-07-15 15:55:00-04:00,7680.75,7681.75,7680.75,7681.75,2
2026-07-15 16:00:00-04:00,7681.5,7681.5,7681.5,7681.5,1
2026-07-15 16:05:00-04:00,7684.5,7684.5,7677.5,7677.5,52
2026-07-15 16:20:00-04:00,7684.25,7684.25,7684.25,7684.25,1
2026-07-15 18:00:00-04:00,7687.5,7688.0,7687.25,7688.0,6
2026-07-15 18:10:00-04:00,7687.25,7687.25,7687.25,7687.25,1
2026-07-15 18:50:00-04:00,7683.0,7684.25,7682.0,7682.0,28
2026-07-15 18:55:00-04:00,7681.5,7685.5,7681.5,7685.5,2
2026-07-15 19:15:00-04:00,7685.0,7685.0,7685.0,7685.0,1
2026-07-15 19:25:00-04:00,7685.5,7685.75,7685.5,7685.75,2
2026-07-15 19:55:00-04:00,7684.75,7684.75,7683.0,7683.0,26
2026-07-15 20:00:00-04:00,7689.25,7689.25,7689.25,7689.25,1
2026-07-15 20:05:00-04:00,7689.75,7689.75,7689.75,7689.75,1
2026-07-15 20:25:00-04:00,7686.5,7687.0,7686.5,7687.0,3
2026-07-15 20:50:00-04:00,7684.0,7686.0,7684.0,7686.0,2
2026-07-15 21:00:00-04:00,7682.5,7682.5,7682.5,7682.5,1
2026-07-15 21:05:00-04:00,7683.5,7683.5,7683.5,7683.5,1
2026-07-15 21:10:00-04:00,7682.5,7682.5,7682.5,7682.5,1
2026-07-15 21:15:00-04:00,7679.75,7679.75,7677.75,7678.75,3
2026-07-15 21:20:00-04:00,7679.0,7680.5,7679.0,7679.0,3
2026-07-15 21:35:00-04:00,7681.25,7681.25,7681.25,7681.25,1
2026-07-15 21:45:00-04:00,7683.75,7683.75,7683.75,7683.75,1
2026-07-15 22:05:00-04:00,7680.0,7680.0,7680.0,7680.0,2
2026-07-15 22:15:00-04:00,7680.5,7680.5,7680.5,7680.5,1
2026-07-15 22:25:00-04:00,7685.5,7685.5,7685.5,7685.5,1
2026-07-15 22:30:00-04:00,7687.0,7687.0,7687.0,7687.0,2
2026-07-15 22:40:00-04:00,7685.75,7685.75,7684.75,7685.5,3
2026-07-15 22:55:00-04:00,7690.0,7691.5,7690.0,7691.5,8
2026-07-15 23:30:00-04:00,7690.75,7690.75,7690.75,7690.75,1
2026-07-16 00:00:00-04:00,7692.5,7692.5,7692.5,7692.5,1
2026-07-16 00:45:00-04:00,7688.5,7688.5,7688.5,7688.5,1
2026-07-16 01:05:00-04:00,7690.5,7690.5,7690.25,7690.25,2
2026-07-16 01:15:00-04:00,7696.0,7696.0,7696.0,7696.0,1
2026-07-16 01:30:00-04:00,7695.0,7697.75,7694.5,7694.5,36
2026-07-16 01:35:00-04:00,7685.5,7685.5,7685.5,7685.5,1
2026-07-16 01:40:00-04:00,7687.5,7687.5,7687.5,7687.5,2
2026-07-16 01:50:00-04:00,7683.5,7683.5,7683.5,7683.5,1
2026-07-16 02:00:00-04:00,7685.75,7687.5,7685.75,7687.5,3
2026-07-16 02:05:00-04:00,7683.0,7691.25,7683.0,7690.25,69
2026-07-16 02:15:00-04:00,7689.0,7689.0,7689.0,7689.0,1
2026-07-16 02:20:00-04:00,7686.5,7686.5,7686.5,7686.5,1
2026-07-16 02:35:00-04:00,7680.0,7680.0,7678.75,7678.75,4
2026-07-16 02:40:00-04:00,7681.5,7681.5,7681.5,7681.5,6
2026-07-16 03:15:00-04:00,7676.0,7676.0,7676.0,7676.0,1
2026-07-16 03:30:00-04:00,7675.5,7675.5,7675.5,7675.5,3
2026-07-16 03:40:00-04:00,7674.25,7674.25,7674.25,7674.25,3
2026-07-16 03:50:00-04:00,7671.5,7671.5,7670.5,7671.25,7
2026-07-16 04:05:00-04:00,7668.0,7668.0,7668.0,7668.0,1
2026-07-16 04:10:00-04:00,7663.0,7663.25,7661.25,7661.5,7
2026-07-16 04:15:00-04:00,7662.0,7665.0,7662.0,7665.0,2
2026-07-16 04:20:00-04:00,7670.5,7670.5,7670.5,7670.5,2
2026-07-16 04:35:00-04:00,7671.75,7671.75,7671.75,7671.75,2
2026-07-16 04:45:00-04:00,7675.0,7675.0,7675.0,7675.0,1
2026-07-16 04:50:00-04:00,7675.25,7675.25,7675.25,7675.25,3
2026-07-16 05:00:00-04:00,7677.25,7677.25,7677.25,7677.25,2
2026-07-16 05:40:00-04:00,7676.5,7676.5,7676.5,7676.5,1
2026-07-16 05:45:00-04:00,7674.75,7674.75,7674.75,7674.75,1
2026-07-16 05:55:00-04:00,7674.25,7675.25,7674.25,7675.25,4
2026-07-16 06:00:00-04:00,7670.5,7670.5,7670.0,7670.0,4
2026-07-16 06:20:00-04:00,7670.5,7670.5,7669.5,7669.5,3
2026-07-16 06:35:00-04:00,7672.5,7672.5,7670.25,7670.25,2
2026-07-16 06:50:00-04:00,7668.0,7668.0,7668.0,7668.0,1
2026-07-16 07:00:00-04:00,7663.5,7663.5,7663.5,7663.5,1
2026-07-16 07:30:00-04:00,7662.0,7662.0,7662.0,7662.0,1
2026-07-16 07:45:00-04:00,7661.25,7661.25,7649.5,7649.5,10
2026-07-16 07:50:00-04:00,7653.5,7658.0,7653.5,7658.0,13
2026-07-16 07:55:00-04:00,7662.25,7662.5,7661.0,7662.5,6
2026-07-16 08:05:00-04:00,7661.25,7661.25,7657.75,7658.25,5
2026-07-16 08:10:00-04:00,7657.25,7657.25,7657.25,7657.25,1
2026-07-16 08:15:00-04:00,7659.25,7659.25,7659.25,7659.25,1
2026-07-16 08:20:00-04:00,7659.75,7659.75,7653.25,7653.25,16
2026-07-16 08:25:00-04:00,7653.0,7653.5,7653.0,7653.5,2
2026-07-16 08:30:00-04:00,7653.25,7653.25,7651.75,7651.75,5
2026-07-16 08:35:00-04:00,7653.5,7653.5,7648.5,7649.25,5
2026-07-16 08:40:00-04:00,7649.0,7650.0,7649.0,7650.0,3
2026-07-16 08:45:00-04:00,7651.0,7655.0,7651.0,7655.0,3
2026-07-16 08:50:00-04:00,7653.0,7653.0,7653.0,7653.0,2
2026-07-16 09:00:00-04:00,7658.0,7658.0,7656.0,7656.0,2
2026-07-16 09:10:00-04:00,7662.5,7662.5,7662.5,7662.5,4
2026-07-16 09:15:00-04:00,7663.0,7663.0,7662.5,7662.5,2
2026-07-16 09:20:00-04:00,7664.5,7664.5,7664.5,7664.5,1
2026-07-16 09:25:00-04:00,7664.0,7664.0,7663.0,7663.0,2
2026-07-16 09:30:00-04:00,7665.0,7670.0,7665.0,7668.5,19
2026-07-16 09:35:00-04:00,7657.5,7657.5,7652.5,7653.25,15
2026-07-16 09:40:00-04:00,7653.5,7655.25,7648.0,7655.25,11
2026-07-16 09:45:00-04:00,7651.5,7651.5,7645.25,7647.25,8
2026-07-16 09:50:00-04:00,7649.0,7658.25,7649.0,7651.0,11
2026-07-16 09:55:00-04:00,7650.0,7655.0,7648.5,7650.5,9
2026-07-16 10:00:00-04:00,7658.75,7663.75,7658.75,7663.75,11
2026-07-16 10:05:00-04:00,7666.0,7667.5,7666.0,7667.5,2
2026-07-16 10:10:00-04:00,7672.0,7672.0,7670.75,7670.75,64
2026-07-16 10:15:00-04:00,7671.0,7675.5,7671.0,7675.5,23
2026-07-16 10:20:00-04:00,7668.25,7672.0,7668.25,7672.0,29
2026-07-16 10:25:00-04:00,7670.5,7679.0,7669.75,7679.0,7
2026-07-16 10:30:00-04:00,7679.25,7680.0,7678.0,7680.0,5
2026-07-16 10:35:00-04:00,7680.0,7681.0,7680.0,7681.0,2
2026-07-16 10:40:00-04:00,7677.25,7677.25,7677.25,7677.25,1
2026-07-16 10:45:00-04:00,7679.75,7682.0,7679.5,7682.0,3
2026-07-16 10:55:00-04:00,7672.0,7677.5,7671.75,7674.75,9
2026-07-16 11:00:00-04:00,7679.0,7679.0,7673.5,7673.5,3
2026-07-16 11:05:00-04:00,7672.25,7672.25,7668.75,7668.75,9
2026-07-16 11:10:00-04:00,7672.5,7672.5,7667.75,7668.75,30
2026-07-16 11:15:00-04:00,7666.75,7671.0,7666.75,7670.75,3
2026-07-16 11:20:00-04:00,7672.0,7672.5,7668.0,7672.5,4
2026-07-16 11:25:00-04:00,7674.75,7680.0,7673.75,7673.75,12
2026-07-16 11:30:00-04:00,7676.0,7676.0,7676.0,7676.0,1
2026-07-16 11:35:00-04:00,7676.5,7679.75,7676.5,7679.75,4
2026-07-16 11:40:00-04:00,7678.0,7678.0,7672.25,7672.25,18
2026-07-16 11:45:00-04:00,7668.0,7668.0,7668.0,7668.0,2
2026-07-16 11:50:00-04:00,7673.5,7677.5,7673.5,7674.25,8
2026-07-16 11:55:00-04:00,7670.75,7670.75,7670.75,7670.75,2
2026-07-16 12:00:00-04:00,7669.0,7669.0,7665.25,7665.25,2
2026-07-16 12:05:00-04:00,7660.0,7666.5,7660.0,7666.0,5
2026-07-16 12:10:00-04:00,7662.5,7662.5,7655.75,7655.75,16
2026-07-16 12:15:00-04:00,7655.5,7660.5,7655.0,7659.75,33
2026-07-16 12:20:00-04:00,7655.0,7655.0,7651.5,7652.5,62
2026-07-16 12:25:00-04:00,7650.5,7655.25,7650.5,7655.25,35
2026-07-16 12:30:00-04:00,7661.0,7661.0,7657.75,7658.75,3
2026-07-16 12:35:00-04:00,7657.25,7658.75,7657.25,7658.75,5
2026-07-16 12:40:00-04:00,7656.75,7656.75,7654.0,7654.5,3
2026-07-16 12:45:00-04:00,7655.25,7655.25,7655.25,7655.25,1
2026-07-16 12:50:00-04:00,7660.0,7660.0,7660.0,7660.0,1
2026-07-16 12:55:00-04:00,7665.25,7666.25,7665.25,7666.25,7
2026-07-16 13:00:00-04:00,7659.0,7662.5,7659.0,7660.5,4
2026-07-16 13:05:00-04:00,7660.75,7662.5,7659.5,7662.5,5
2026-07-16 13:25:00-04:00,7660.0,7661.5,7660.0,7661.5,12
2026-07-16 13:35:00-04:00,7658.0,7658.0,7651.75,7651.75,22
2026-07-16 13:40:00-04:00,7651.0,7651.0,7647.0,7648.0,13
2026-07-16 13:55:00-04:00,7647.75,7647.75,7647.0,7647.0,25
2026-07-16 14:00:00-04:00,7649.75,7649.75,7646.0,7646.0,4
2026-07-16 14:05:00-04:00,7645.25,7645.25,7641.0,7641.0,4
2026-07-16 14:10:00-04:00,7649.0,7650.25,7648.0,7648.0,3
2026-07-16 14:15:00-04:00,7641.75,7649.25,7641.75,7649.25,2
2026-07-16 14:20:00-04:00,7652.25,7652.25,7651.25,7651.25,2
2026-07-16 14:25:00-04:00,7648.25,7648.25,7648.25,7648.25,1
2026-07-16 14:30:00-04:00,7643.0,7644.5,7642.25,7642.25,4
2026-07-16 14:35:00-04:00,7642.0,7642.5,7640.0,7642.5,5
2026-07-16 14:40:00-04:00,7640.25,7643.0,7639.5,7643.0,5
2026-07-16 14:45:00-04:00,7643.0,7644.0,7642.75,7644.0,5
2026-07-16 14:50:00-04:00,7641.0,7641.0,7641.0,7641.0,1
2026-07-16 14:55:00-04:00,7639.0,7639.5,7639.0,7639.5,2
2026-07-16 15:00:00-04:00,7640.75,7640.75,7640.75,7640.75,1
2026-07-16 15:05:00-04:00,7635.5,7635.75,7635.5,7635.75,2
2026-07-16 15:10:00-04:00,7632.0,7632.75,7632.0,7632.75,2
2026-07-16 15:20:00-04:00,7635.0,7635.0,7635.0,7635.0,1
2026-07-16 15:25:00-04:00,7631.0,7631.0,7625.0,7628.5,5
2026-07-16 15:30:00-04:00,7625.0,7625.0,7624.0,7624.5,4
2026-07-16 15:35:00-04:00,7623.75,7623.75,7622.0,7622.0,4
2026-07-16 15:40:00-04:00,7625.25,7626.75,7623.75,7623.75,6
2026-07-16 15:45:00-04:00,7620.75,7620.75,7616.0,7616.75,5
2026-07-16 15:50:00-04:00,7620.25,7635.0,7620.25,7635.0,5
2026-07-16 15:55:00-04:00,7637.0,7646.25,7637.0,7644.75,12
2026-07-16 16:00:00-04:00,7643.75,7646.25,7638.5,7641.0,23
2026-07-16 16:05:00-04:00,7637.25,7638.25,7637.25,7637.75,5
2026-07-16 16:10:00-04:00,7634.75,7634.75,7634.75,7634.75,1
2026-07-16 16:45:00-04:00,7637.25,7637.25,7637.25,7637.25,1
2026-07-16 18:00:00-04:00,7640.0,7640.0,7640.0,7640.0,1
2026-07-16 18:50:00-04:00,7631.75,7631.75,7631.75,7631.75,1
2026-07-16 18:55:00-04:00,7631.25,7631.25,7631.25,7631.25,1
2026-07-16 19:15:00-04:00,7629.5,7629.5,7629.5,7629.5,1
2026-07-16 19:20:00-04:00,7627.0,7627.0,7627.0,7627.0,2
2026-07-16 19:25:00-04:00,7627.5,7627.5,7627.5,7627.5,1
2026-07-16 19:30:00-04:00,7626.25,7626.75,7626.0,7626.75,5
2026-07-16 19:55:00-04:00,7627.0,7627.0,7627.0,7627.0,1
2026-07-16 20:05:00-04:00,7625.5,7625.5,7625.5,7625.5,2
2026-07-16 20:10:00-04:00,7620.0,7620.0,7620.0,7620.0,2
2026-07-16 20:20:00-04:00,7620.0,7620.0,7620.0,7620.0,2
2026-07-16 20:25:00-04:00,7616.75,7616.75,7616.75,7616.75,1
2026-07-16 20:30:00-04:00,7616.0,7616.0,7616.0,7616.0,1
2026-07-16 20:50:00-04:00,7617.25,7617.25,7617.25,7617.25,1
2026-07-16 20:55:00-04:00,7621.75,7621.75,7621.75,7621.75,1
2026-07-16 21:00:00-04:00,7621.0,7621.0,7620.0,7620.0,2
2026-07-16 21:05:00-04:00,7615.0,7615.0,7615.0,7615.0,1
2026-07-16 21:10:00-04:00,7615.75,7615.75,7612.75,7613.0,9
2026-07-16 21:15:00-04:00,7612.5,7613.25,7612.5,7613.25,5
2026-07-16 21:25:00-04:00,7610.5,7610.5,7610.5,7610.5,1
2026-07-16 21:30:00-04:00,7612.0,7612.0,7607.75,7608.0,7
2026-07-16 21:35:00-04:00,7606.75,7606.75,7606.75,7606.75,1
2026-07-16 21:40:00-04:00,7607.75,7607.75,7604.75,7605.0,5
2026-07-16 21:45:00-04:00,7604.25,7604.25,7604.25,7604.25,1
2026-07-16 21:50:00-04:00,7602.25,7602.25,7602.25,7602.25,1
2026-07-16 22:00:00-04:00,7605.5,7605.5,7604.75,7604.75,2
2026-07-16 22:05:00-04:00,7603.25,7603.25,7601.0,7601.0,3
2026-07-16 22:10:00-04:00,7601.25,7601.25,7601.25,7601.25,1
2026-07-16 22:15:00-04:00,7601.5,7601.5,7600.0,7600.0,3
2026-07-16 22:20:00-04:00,7599.25,7599.25,7598.5,7598.5,4
2026-07-16 22:25:00-04:00,7598.25,7598.25,7597.75,7597.75,2
2026-07-16 22:30:00-04:00,7596.25,7596.25,7596.25,7596.25,1
2026-07-16 22:35:00-04:00,7595.0,7595.0,7595.0,7595.0,1
2026-07-16 22:40:00-04:00,7596.5,7596.5,7596.5,7596.5,1
2026-07-16 22:45:00-04:00,7598.5,7598.5,7598.5,7598.5,3
2026-07-16 23:05:00-04:00,7600.5,7600.5,7600.5,7600.5,1
2026-07-16 23:15:00-04:00,7602.5,7602.5,7602.5,7602.5,2
2026-07-16 23:25:00-04:00,7607.25,7607.25,7605.75,7605.75,2
2026-07-16 23:40:00-04:00,7598.75,7598.75,7598.75,7598.75,1
2026-07-16 23:45:00-04:00,7595.5,7595.5,7594.0,7594.0,4
2026-07-16 23:50:00-04:00,7593.0,7593.0,7592.25,7592.25,2
2026-07-16 23:55:00-04:00,7591.0,7591.0,7591.0,7591.0,1
2026-07-17 00:00:00-04:00,7588.0,7588.0,7586.75,7586.75,3
2026-07-17 00:15:00-04:00,7584.25,7584.25,7584.25,7584.25,1
2026-07-17 00:20:00-04:00,7583.0,7583.0,7582.0,7582.0,5
2026-07-17 00:25:00-04:00,7581.75,7581.75,7581.75,7581.75,1
2026-07-17 00:30:00-04:00,7578.75,7578.75,7578.75,7578.75,1
2026-07-17 00:35:00-04:00,7577.25,7577.25,7575.25,7575.25,6
2026-07-17 00:40:00-04:00,7577.25,7577.25,7577.25,7577.25,1
2026-07-17 00:50:00-04:00,7582.0,7582.0,7582.0,7582.0,1
2026-07-17 00:55:00-04:00,7583.0,7583.0,7583.0,7583.0,1
2026-07-17 01:00:00-04:00,7579.0,7579.0,7579.0,7579.0,1
2026-07-17 01:05:00-04:00,7578.75,7579.0,7578.75,7579.0,2
2026-07-17 01:10:00-04:00,7578.75,7578.75,7578.75,7578.75,1
2026-07-17 01:20:00-04:00,7577.0,7577.0,7577.0,7577.0,1
2026-07-17 01:35:00-04:00,7573.25,7573.25,7572.0,7572.0,4
2026-07-17 01:55:00-04:00,7573.75,7576.5,7573.75,7576.5,2
2026-07-17 02:10:00-04:00,7576.25,7576.25,7576.25,7576.25,1
2026-07-17 02:15:00-04:00,7582.75,7582.75,7582.0,7582.0,5
2026-07-17 02:30:00-04:00,7588.25,7588.25,7588.25,7588.25,1
2026-07-17 02:50:00-04:00,7576.0,7576.25,7576.0,7576.25,3
2026-07-17 03:00:00-04:00,7577.25,7577.25,7577.0,7577.0,4
2026-07-17 03:05:00-04:00,7578.0,7578.0,7578.0,7578.0,3
2026-07-17 03:10:00-04:00,7578.0,7578.0,7578.0,7578.0,1
2026-07-17 03:15:00-04:00,7582.0,7582.0,7581.75,7581.75,3
2026-07-17 03:25:00-04:00,7581.75,7582.0,7581.75,7582.0,2
2026-07-17 03:30:00-04:00,7583.5,7583.75,7583.0,7583.0,4
2026-07-17 03:40:00-04:00,7580.5,7580.5,7578.75,7578.75,2
2026-07-17 03:55:00-04:00,7577.0,7577.0,7577.0,7577.0,1
2026-07-17 04:00:00-04:00,7578.0,7578.0,7578.0,7578.0,1
2026-07-17 04:05:00-04:00,7576.25,7577.75,7576.25,7577.75,2
2026-07-17 04:15:00-04:00,7567.0,7567.0,7563.0,7564.25,5
2026-07-17 04:20:00-04:00,7561.25,7563.0,7561.25,7563.0,4
2026-07-17 04:25:00-04:00,7564.5,7564.5,7562.25,7564.5,4
2026-07-17 04:30:00-04:00,7563.25,7563.25,7563.25,7563.25,1
2026-07-17 04:35:00-04:00,7560.0,7560.0,7558.25,7558.25,2
2026-07-17 04:40:00-04:00,7559.0,7560.5,7559.0,7560.5,2
2026-07-17 04:45:00-04:00,7562.25,7562.25,7560.75,7560.75,2
2026-07-17 04:50:00-04:00,7565.5,7565.5,7565.5,7565.5,2
2026-07-17 04:55:00-04:00,7564.75,7569.5,7564.75,7569.5,8
2026-07-17 05:35:00-04:00,7573.0,7573.0,7573.0,7573.0,1
2026-07-17 05:40:00-04:00,7569.0,7569.0,7569.0,7569.0,1
2026-07-17 05:45:00-04:00,7571.25,7571.25,7571.25,7571.25,1
2026-07-17 05:55:00-04:00,7574.75,7574.75,7574.75,7574.75,1
2026-07-17 06:15:00-04:00,7583.0,7583.0,7583.0,7583.0,1
2026-07-17 06:25:00-04:00,7582.0,7582.0,7582.0,7582.0,1
2026-07-17 06:30:00-04:00,7582.25,7583.25,7582.25,7583.25,3
2026-07-17 06:35:00-04:00,7585.0,7585.0,7585.0,7585.0,1
2026-07-17 06:40:00-04:00,7587.0,7587.0,7587.0,7587.0,1
2026-07-17 06:50:00-04:00,7583.25,7583.75,7582.25,7582.25,7
2026-07-17 06:55:00-04:00,7583.0,7583.5,7582.75,7582.75,4
2026-07-17 07:05:00-04:00,7583.5,7583.5,7583.5,7583.5,1
2026-07-17 07:30:00-04:00,7582.25,7582.25,7582.25,7582.25,3
2026-07-17 07:55:00-04:00,7584.0,7584.0,7584.0,7584.0,1
2026-07-17 08:15:00-04:00,7576.25,7576.25,7575.0,7576.0,3
2026-07-17 08:30:00-04:00,7574.0,7574.5,7573.0,7573.0,6
2026-07-17 08:35:00-04:00,7574.5,7574.5,7574.5,7574.5,1
2026-07-17 08:40:00-04:00,7572.25,7576.0,7572.25,7575.75,11
2026-07-17 08:45:00-04:00,7571.75,7571.75,7571.75,7571.75,1
2026-07-17 08:50:00-04:00,7569.0,7569.0,7569.0,7569.0,1
2026-07-17 09:00:00-04:00,7568.75,7568.75,7568.75,7568.75,1
2026-07-17 09:05:00-04:00,7564.5,7564.75,7560.75,7560.75,7
2026-07-17 09:10:00-04:00,7560.75,7560.75,7558.25,7558.25,5
2026-07-17 09:15:00-04:00,7556.5,7561.0,7556.5,7561.0,3
2026-07-17 09:20:00-04:00,7555.5,7555.5,7553.5,7553.5,2
2026-07-17 09:25:00-04:00,7558.5,7558.75,7550.0,7552.75,15
2026-07-17 09:30:00-04:00,7552.5,7555.25,7542.5,7543.0,22
2026-07-17 09:35:00-04:00,7540.75,7545.0,7540.75,7544.25,11
2026-07-17 09:40:00-04:00,7545.5,7554.0,7543.25,7543.25,13
2026-07-17 09:45:00-04:00,7543.75,7560.75,7543.75,7560.25,20
2026-07-17 09:50:00-04:00,7562.0,7572.25,7562.0,7572.0,12
2026-07-17 09:55:00-04:00,7572.75,7579.75,7572.0,7579.75,4
2026-07-17 10:00:00-04:00,7579.75,7587.75,7579.75,7585.75,16
2026-07-17 10:05:00-04:00,7585.5,7595.5,7585.5,7591.75,15
2026-07-17 10:10:00-04:00,7596.0,7598.5,7593.25,7594.0,33
2026-07-17 10:15:00-04:00,7600.0,7605.0,7598.5,7598.5,8
2026-07-17 10:20:00-04:00,7596.0,7600.25,7596.0,7598.75,6
2026-07-17 10:25:00-04:00,7599.75,7599.75,7595.25,7595.25,6
2026-07-17 10:30:00-04:00,7593.75,7593.75,7593.5,7593.5,3
2026-07-17 10:35:00-04:00,7596.5,7599.0,7596.25,7599.0,12
2026-07-17 10:40:00-04:00,7597.75,7597.75,7590.25,7590.25,11
2026-07-17 10:45:00-04:00,7590.0,7596.75,7586.0,7589.0,22
2026-07-17 10:50:00-04:00,7584.75,7584.75,7584.75,7584.75,1
2026-07-17 10:55:00-04:00,7589.0,7589.0,7581.25,7581.25,3
2026-07-17 11:00:00-04:00,7577.0,7577.0,7575.0,7575.0,4
2026-07-17 11:05:00-04:00,7576.5,7576.75,7575.5,7575.5,3
2026-07-17 11:10:00-04:00,7577.0,7577.0,7575.0,7575.0,2
2026-07-17 11:15:00-04:00,7572.0,7579.0,7571.5,7579.0,10
2026-07-17 11:20:00-04:00,7576.0,7576.0,7571.5,7571.5,3
2026-07-17 11:25:00-04:00,7577.5,7577.5,7577.5,7577.5,1
2026-07-17 11:30:00-04:00,7587.75,7589.25,7582.0,7582.0,140
2026-07-17 11:35:00-04:00,7582.0,7587.25,7577.5,7587.25,35
2026-07-17 11:40:00-04:00,7588.25,7590.0,7582.5,7583.5,8
2026-07-17 11:45:00-04:00,7587.0,7587.0,7582.0,7585.5,13
2026-07-17 11:50:00-04:00,7586.25,7588.75,7585.25,7588.75,5
2026-07-17 11:55:00-04:00,7594.0,7599.25,7594.0,7599.25,6
2026-07-17 12:00:00-04:00,7599.75,7599.75,7584.0,7585.75,20
2026-07-17 12:05:00-04:00,7584.0,7589.0,7581.75,7589.0,7
2026-07-17 12:15:00-04:00,7595.5,7595.5,7595.25,7595.25,2
2026-07-17 12:20:00-04:00,7594.25,7594.25,7590.0,7590.0,4
2026-07-17 12:25:00-04:00,7594.5,7594.5,7593.75,7593.75,2
2026-07-17 12:30:00-04:00,7589.25,7589.25,7588.0,7588.0,2
2026-07-17 12:35:00-04:00,7589.0,7589.0,7589.0,7589.0,1
2026-07-17 12:40:00-04:00,7590.75,7596.25,7590.75,7594.5,5
2026-07-17 12:45:00-04:00,7596.25,7602.25,7595.0,7600.75,8
2026-07-17 12:50:00-04:00,7602.5,7603.5,7599.5,7599.5,8
2026-07-17 12:55:00-04:00,7598.5,7598.5,7595.0,7595.0,4
2026-07-17 13:00:00-04:00,7602.5,7604.25,7599.75,7600.0,6
2026-07-17 13:10:00-04:00,7603.5,7603.5,7599.75,7599.75,4
2026-07-17 13:15:00-04:00,7595.5,7597.5,7595.5,7597.5,3
2026-07-17 13:20:00-04:00,7594.0,7594.0,7594.0,7594.0,1
2026-07-17 13:25:00-04:00,7597.75,7601.0,7597.75,7601.0,3
2026-07-17 13:30:00-04:00,7600.0,7600.0,7600.0,7600.0,1
2026-07-17 13:35:00-04:00,7593.25,7593.25,7592.5,7592.5,2
2026-07-17 13:40:00-04:00,7589.5,7589.5,7588.5,7588.5,3
2026-07-17 13:45:00-04:00,7590.5,7590.5,7586.0,7586.0,3
2026-07-17 13:50:00-04:00,7584.5,7584.5,7584.5,7584.5,1
2026-07-17 14:00:00-04:00,7577.5,7582.25,7577.5,7581.0,5
2026-07-17 14:05:00-04:00,7576.0,7576.5,7574.0,7576.5,9
2026-07-17 14:10:00-04:00,7576.25,7576.25,7572.75,7574.5,6
2026-07-17 14:15:00-04:00,7572.0,7572.0,7568.25,7568.5,10
2026-07-17 14:20:00-04:00,7570.0,7573.5,7569.0,7569.0,9
2026-07-17 14:25:00-04:00,7567.25,7567.5,7565.0,7567.5,9
2026-07-17 14:35:00-04:00,7570.25,7570.25,7570.25,7570.25,1
2026-07-17 14:40:00-04:00,7565.5,7565.5,7563.25,7564.0,5
2026-07-17 14:45:00-04:00,7563.5,7572.75,7563.5,7572.75,7
2026-07-17 14:50:00-04:00,7574.0,7574.0,7574.0,7574.0,1
2026-07-17 15:00:00-04:00,7575.75,7576.25,7571.75,7571.75,7
2026-07-17 15:05:00-04:00,7570.5,7570.5,7566.5,7567.0,5
2026-07-17 15:15:00-04:00,7559.5,7561.25,7559.0,7561.25,6
2026-07-17 15:20:00-04:00,7559.25,7559.25,7557.5,7557.5,3
2026-07-17 15:25:00-04:00,7557.25,7563.0,7557.0,7563.0,4
2026-07-17 15:30:00-04:00,7564.75,7564.75,7561.75,7562.0,3
2026-07-17 15:40:00-04:00,7558.5,7566.75,7557.75,7566.75,6
2026-07-17 15:45:00-04:00,7570.75,7571.5,7570.75,7571.25,6
2026-07-17 15:50:00-04:00,7574.0,7574.0,7571.5,7572.5,6
2026-07-17 15:55:00-04:00,7572.5,7572.5,7563.75,7563.75,3
2026-07-17 16:00:00-04:00,7562.75,7562.75,7562.75,7562.75,1
2026-07-17 16:05:00-04:00,7556.5,7556.5,7556.5,7556.5,1
2026-07-17 16:20:00-04:00,7559.0,7559.0,7559.0,7559.0,1
2026-07-17 16:45:00-04:00,7560.25,7560.25,7560.25,7560.25,1
2026-07-17 16:50:00-04:00,7561.5,7561.5,7561.5,7561.5,1
2026-07-17 16:55:00-04:00,7563.75,7563.75,7562.25,7562.25,4
2026-07-19 18:00:00-04:00,7552.0,7558.75,7552.0,7558.75,4
2026-07-19 18:05:00-04:00,7552.0,7552.0,7549.0,7549.0,8
2026-07-19 18:10:00-04:00,7550.25,7550.75,7550.25,7550.75,2
2026-07-19 18:15:00-04:00,7555.0,7556.25,7555.0,7556.0,3
2026-07-19 18:25:00-04:00,7553.75,7553.75,7552.5,7552.5,10
2026-07-19 18:35:00-04:00,7563.25,7563.25,7563.25,7563.25,2
2026-07-19 18:55:00-04:00,7562.75,7562.75,7562.75,7562.75,1
2026-07-19 19:45:00-04:00,7562.5,7563.0,7562.5,7563.0,3
2026-07-19 19:55:00-04:00,7570.5,7570.5,7570.5,7570.5,1
2026-07-19 20:05:00-04:00,7571.75,7579.0,7571.75,7579.0,4
2026-07-19 20:15:00-04:00,7581.5,7581.5,7581.5,7581.5,2
2026-07-19 20:30:00-04:00,7574.25,7574.25,7574.25,7574.25,1
2026-07-19 20:35:00-04:00,7570.0,7570.0,7569.25,7569.25,5
2026-07-19 20:45:00-04:00,7568.75,7568.75,7568.75,7568.75,1
2026-07-19 20:55:00-04:00,7569.0,7569.0,7569.0,7569.0,5
2026-07-19 21:00:00-04:00,7570.75,7570.75,7570.75,7570.75,1
2026-07-19 21:15:00-04:00,7568.5,7568.5,7568.5,7568.5,1
2026-07-19 21:25:00-04:00,7566.0,7566.0,7566.0,7566.0,1
2026-07-19 21:40:00-04:00,7562.5,7562.5,7561.25,7561.25,5
2026-07-19 21:50:00-04:00,7563.5,7563.5,7557.0,7557.0,3
2026-07-19 22:00:00-04:00,7565.0,7569.25,7565.0,7569.25,3
2026-07-19 22:40:00-04:00,7572.75,7575.0,7572.75,7575.0,2
2026-07-19 22:50:00-04:00,7577.0,7577.0,7577.0,7577.0,1
2026-07-19 23:35:00-04:00,7569.0,7569.0,7569.0,7569.0,1
2026-07-19 23:55:00-04:00,7575.0,7575.0,7575.0,7575.0,1
2026-07-20 00:10:00-04:00,7569.0,7569.0,7569.0,7569.0,1
2026-07-20 00:30:00-04:00,7577.75,7577.75,7576.5,7576.5,2
2026-07-20 01:10:00-04:00,7567.25,7567.25,7566.25,7566.25,3
2026-07-20 01:40:00-04:00,7565.25,7565.25,7565.25,7565.25,1
2026-07-20 01:50:00-04:00,7561.75,7561.75,7561.75,7561.75,1
2026-07-20 02:40:00-04:00,7561.5,7562.0,7561.25,7561.25,6
2026-07-20 02:45:00-04:00,7560.5,7560.5,7560.5,7560.5,2
2026-07-20 02:50:00-04:00,7561.5,7561.5,7561.5,7561.5,1
2026-07-20 03:00:00-04:00,7566.0,7566.0,7566.0,7566.0,1
2026-07-20 03:20:00-04:00,7570.25,7570.25,7570.25,7570.25,2
2026-07-20 03:55:00-04:00,7582.25,7582.25,7582.25,7582.25,1
2026-07-20 04:05:00-04:00,7585.0,7585.0,7585.0,7585.0,1
2026-07-20 04:10:00-04:00,7586.0,7586.0,7586.0,7586.0,1
2026-07-20 04:15:00-04:00,7587.25,7587.25,7587.25,7587.25,1
2026-07-20 04:25:00-04:00,7584.0,7584.0,7584.0,7584.0,1
2026-07-20 04:30:00-04:00,7581.0,7581.0,7581.0,7581.0,1
2026-07-20 05:05:00-04:00,7577.75,7577.75,7576.75,7577.75,8
2026-07-20 05:45:00-04:00,7590.0,7590.0,7590.0,7590.0,1
2026-07-20 05:50:00-04:00,7591.5,7593.5,7591.5,7593.5,5
2026-07-20 06:15:00-04:00,7583.75,7583.75,7583.5,7583.5,2
2026-07-20 07:00:00-04:00,7590.0,7591.0,7590.0,7591.0,4
2026-07-20 07:05:00-04:00,7593.0,7593.0,7593.0,7593.0,1
2026-07-20 07:15:00-04:00,7593.25,7593.25,7593.0,7593.0,2
2026-07-20 07:25:00-04:00,7591.75,7592.0,7590.25,7590.25,3
2026-07-20 07:30:00-04:00,7594.25,7609.0,7594.0,7608.5,31
2026-07-20 07:35:00-04:00,7608.5,7608.5,7605.75,7605.75,6
2026-07-20 07:40:00-04:00,7605.25,7610.75,7604.0,7606.25,23
2026-07-20 07:45:00-04:00,7602.5,7602.5,7602.5,7602.5,1
2026-07-20 07:50:00-04:00,7601.0,7603.75,7598.5,7603.75,11
2026-07-20 08:00:00-04:00,7599.0,7599.0,7589.75,7590.0,87
2026-07-20 08:10:00-04:00,7592.75,7592.75,7592.5,7592.5,2
2026-07-20 08:15:00-04:00,7591.0,7595.0,7591.0,7595.0,2
2026-07-20 08:25:00-04:00,7593.25,7595.25,7593.25,7595.25,3
2026-07-20 08:30:00-04:00,7597.5,7598.75,7595.5,7597.5,17
2026-07-20 08:55:00-04:00,7590.0,7590.0,7590.0,7590.0,1
2026-07-20 09:05:00-04:00,7596.0,7596.0,7596.0,7596.0,1
2026-07-20 09:20:00-04:00,7595.75,7598.0,7595.5,7598.0,3
2026-07-20 09:25:00-04:00,7600.5,7600.5,7598.5,7598.5,3
2026-07-20 09:30:00-04:00,7605.25,7612.0,7605.25,7612.0,7
2026-07-20 09:35:00-04:00,7610.75,7618.0,7610.0,7613.5,18
2026-07-20 09:40:00-04:00,7614.5,7616.75,7613.0,7616.75,4
2026-07-20 09:45:00-04:00,7612.5,7612.5,7612.5,7612.5,1
2026-07-20 09:50:00-04:00,7608.5,7608.5,7594.5,7594.5,8
2026-07-20 09:55:00-04:00,7591.0,7591.0,7588.0,7588.0,3
2026-07-20 10:00:00-04:00,7585.0,7585.0,7585.0,7585.0,3
2026-07-20 10:05:00-04:00,7584.5,7584.5,7584.5,7584.5,1
2026-07-20 10:15:00-04:00,7580.0,7580.25,7580.0,7580.25,3
2026-07-20 10:20:00-04:00,7575.0,7575.0,7575.0,7575.0,1
2026-07-20 10:30:00-04:00,7585.75,7587.75,7585.75,7587.75,3
2026-07-20 10:35:00-04:00,7580.5,7580.5,7580.5,7580.5,1
2026-07-20 10:45:00-04:00,7586.75,7586.75,7580.5,7580.5,2
2026-07-20 10:50:00-04:00,7578.5,7579.0,7578.5,7579.0,2
2026-07-20 10:55:00-04:00,7571.0,7571.0,7569.25,7569.25,5
2026-07-20 11:05:00-04:00,7572.25,7580.5,7572.25,7580.5,3
2026-07-20 11:10:00-04:00,7580.0,7580.0,7579.5,7579.5,3
2026-07-20 11:20:00-04:00,7583.0,7583.0,7583.0,7583.0,1
2026-07-20 11:30:00-04:00,7589.0,7590.0,7589.0,7589.75,4
2026-07-20 11:35:00-04:00,7588.75,7588.75,7586.25,7587.0,3
2026-07-20 11:45:00-04:00,7588.0,7588.0,7582.5,7582.5,5
2026-07-20 11:55:00-04:00,7595.25,7595.25,7591.0,7591.0,5
2026-07-20 12:00:00-04:00,7589.25,7589.25,7587.25,7587.25,3
2026-07-20 12:05:00-04:00,7595.25,7596.25,7595.25,7596.25,15
2026-07-20 12:10:00-04:00,7600.0,7600.75,7600.0,7600.0,15
2026-07-20 12:25:00-04:00,7594.0,7595.25,7593.75,7595.25,3
2026-07-20 12:35:00-04:00,7590.0,7590.0,7590.0,7590.0,14
2026-07-20 12:40:00-04:00,7594.0,7594.0,7581.5,7587.25,6
2026-07-20 12:45:00-04:00,7588.5,7588.5,7588.5,7588.5,1
2026-07-20 12:50:00-04:00,7588.5,7589.0,7584.5,7584.5,15
2026-07-20 13:00:00-04:00,7578.0,7578.0,7578.0,7578.0,2
2026-07-20 13:05:00-04:00,7575.25,7575.25,7573.0,7573.0,4
2026-07-20 13:15:00-04:00,7568.0,7568.25,7567.25,7567.25,7
2026-07-20 13:20:00-04:00,7574.25,7574.25,7574.25,7574.25,2
2026-07-20 13:25:00-04:00,7571.5,7573.25,7571.5,7572.25,5
2026-07-20 13:40:00-04:00,7567.75,7568.5,7567.75,7568.5,3
2026-07-20 13:45:00-04:00,7573.0,7573.0,7573.0,7573.0,1
2026-07-20 13:50:00-04:00,7573.5,7579.0,7573.5,7579.0,2
2026-07-20 13:55:00-04:00,7575.75,7575.75,7575.75,7575.75,1
2026-07-20 14:15:00-04:00,7583.75,7583.75,7583.75,7583.75,4
2026-07-20 14:20:00-04:00,7581.5,7582.0,7577.0,7577.0,10
2026-07-20 14:25:00-04:00,7576.5,7576.5,7576.5,7576.5,1
2026-07-20 14:30:00-04:00,7570.0,7571.5,7567.75,7567.75,12
2026-07-20 14:35:00-04:00,7569.5,7573.0,7569.5,7573.0,2
2026-07-20 14:40:00-04:00,7566.75,7566.75,7557.0,7557.0,3
2026-07-20 14:45:00-04:00,7555.75,7558.5,7555.75,7558.0,5
2026-07-20 14:50:00-04:00,7556.25,7560.75,7556.25,7560.75,5
2026-07-20 14:55:00-04:00,7561.25,7561.25,7559.0,7559.0,2
2026-07-20 15:10:00-04:00,7559.5,7559.5,7559.5,7559.5,1
2026-07-20 15:15:00-04:00,7547.0,7550.5,7546.5,7550.5,8
2026-07-20 15:25:00-04:00,7551.0,7553.75,7551.0,7553.75,7
2026-07-20 15:30:00-04:00,7556.75,7560.25,7554.75,7560.25,5
2026-07-20 15:40:00-04:00,7563.75,7564.0,7559.5,7559.5,7
2026-07-20 15:45:00-04:00,7560.75,7560.75,7560.75,7560.75,1
2026-07-20 15:50:00-04:00,7557.5,7557.5,7551.25,7551.25,21
2026-07-20 15:55:00-04:00,7550.75,7551.0,7548.5,7550.5,16
2026-07-20 16:00:00-04:00,7553.0,7556.0,7553.0,7554.0,9
2026-07-20 16:05:00-04:00,7553.5,7553.5,7553.25,7553.25,2
2026-07-20 16:10:00-04:00,7549.0,7549.0,7548.5,7548.5,2
2026-07-20 16:15:00-04:00,7545.5,7545.5,7545.5,7545.5,1
2026-07-20 16:20:00-04:00,7545.75,7545.75,7545.75,7545.75,1
2026-07-20 16:25:00-04:00,7544.0,7544.0,7544.0,7544.0,1
2026-07-20 16:50:00-04:00,7549.25,7549.25,7549.25,7549.25,1
2026-07-20 16:55:00-04:00,7549.5,7549.5,7549.5,7549.5,1
2026-07-20 18:00:00-04:00,7544.5,7544.5,7544.5,7544.5,1
2026-07-20 18:05:00-04:00,7540.5,7542.75,7540.5,7542.75,2
2026-07-20 18:15:00-04:00,7542.0,7542.0,7542.0,7542.0,1
2026-07-20 18:30:00-04:00,7543.0,7543.0,7543.0,7543.0,1
2026-07-20 18:35:00-04:00,7539.5,7539.75,7539.25,7539.25,5
2026-07-20 18:50:00-04:00,7540.5,7540.5,7540.5,7540.5,1
2026-07-20 18:55:00-04:00,7542.25,7542.25,7542.25,7542.25,1
2026-07-20 19:00:00-04:00,7543.75,7543.75,7543.75,7543.75,1
2026-07-20 19:05:00-04:00,7545.75,7545.75,7545.75,7545.75,1
2026-07-20 19:10:00-04:00,7550.0,7550.0,7549.0,7549.0,3
2026-07-20 19:45:00-04:00,7557.5,7557.5,7557.5,7557.5,1
2026-07-20 19:50:00-04:00,7547.5,7549.0,7547.5,7549.0,2
2026-07-20 19:55:00-04:00,7553.75,7553.75,7553.75,7553.75,1
2026-07-20 20:00:00-04:00,7546.75,7546.75,7546.75,7546.75,1
2026-07-20 20:05:00-04:00,7541.25,7541.25,7541.25,7541.25,1
2026-07-20 20:10:00-04:00,7546.25,7546.25,7546.25,7546.25,1
2026-07-20 20:15:00-04:00,7543.25,7550.0,7543.25,7550.0,3
2026-07-20 20:30:00-04:00,7558.5,7558.5,7558.5,7558.5,1
2026-07-20 20:35:00-04:00,7558.75,7558.75,7558.75,7558.75,1
2026-07-20 20:40:00-04:00,7559.5,7559.5,7559.5,7559.5,3
2026-07-20 20:45:00-04:00,7559.0,7562.0,7559.0,7562.0,5
2026-07-20 21:05:00-04:00,7563.25,7563.25,7563.25,7563.25,1
2026-07-20 21:15:00-04:00,7562.5,7565.25,7562.5,7565.25,3
2026-07-20 21:20:00-04:00,7562.5,7562.5,7562.5,7562.5,1
2026-07-20 21:35:00-04:00,7564.25,7564.25,7564.25,7564.25,1
2026-07-20 21:40:00-04:00,7560.75,7560.75,7560.75,7560.75,1
2026-07-20 22:00:00-04:00,7561.75,7561.75,7561.75,7561.75,1
2026-07-20 22:05:00-04:00,7565.5,7565.75,7565.5,7565.75,2
2026-07-20 22:15:00-04:00,7557.75,7557.75,7557.75,7557.75,1
2026-07-20 22:35:00-04:00,7566.25,7566.5,7566.25,7566.5,2
2026-07-20 22:55:00-04:00,7568.5,7568.5,7568.5,7568.5,1
2026-07-20 23:00:00-04:00,7570.0,7570.0,7570.0,7570.0,1
2026-07-20 23:30:00-04:00,7574.75,7574.75,7574.75,7574.75,1
2026-07-20 23:35:00-04:00,7575.75,7575.75,7575.75,7575.75,1
2026-07-20 23:45:00-04:00,7577.5,7577.5,7577.5,7577.5,1
2026-07-20 23:55:00-04:00,7579.25,7579.25,7579.25,7579.25,1
2026-07-21 00:00:00-04:00,7580.75,7581.0,7580.75,7581.0,2
2026-07-21 00:05:00-04:00,7580.75,7580.75,7580.75,7580.75,2
2026-07-21 00:20:00-04:00,7581.0,7582.5,7581.0,7582.5,10
2026-07-21 00:25:00-04:00,7581.0,7581.0,7581.0,7581.0,2
2026-07-21 01:40:00-04:00,7585.75,7585.75,7585.75,7585.75,1
2026-07-21 01:50:00-04:00,7588.75,7589.5,7588.0,7588.0,6
2026-07-21 02:10:00-04:00,7588.75,7588.75,7588.75,7588.75,1
2026-07-21 02:35:00-04:00,7591.25,7596.0,7591.25,7594.25,16
2026-07-21 03:20:00-04:00,7586.75,7586.75,7586.75,7586.75,1
2026-07-21 03:50:00-04:00,7582.75,7582.75,7582.75,7582.75,1
2026-07-21 04:40:00-04:00,7593.0,7593.0,7593.0,7593.0,1
2026-07-21 05:40:00-04:00,7589.5,7590.25,7589.5,7590.25,5
2026-07-21 05:45:00-04:00,7594.25,7594.25,7594.25,7594.25,1
2026-07-21 06:10:00-04:00,7593.5,7593.75,7593.5,7593.75,2
2026-07-21 06:35:00-04:00,7594.75,7597.25,7594.75,7597.25,5
2026-07-21 06:45:00-04:00,7589.0,7594.0,7589.0,7591.25,6
2026-07-21 06:50:00-04:00,7589.0,7589.0,7589.0,7589.0,1
2026-07-21 06:55:00-04:00,7590.0,7592.0,7590.0,7592.0,9
2026-07-21 07:00:00-04:00,7588.75,7588.75,7588.75,7588.75,1
2026-07-21 07:15:00-04:00,7584.25,7584.25,7583.25,7583.25,8
2026-07-21 07:20:00-04:00,7582.5,7582.5,7582.0,7582.0,3
2026-07-21 07:25:00-04:00,7583.25,7583.25,7581.0,7581.0,12
2026-07-21 07:30:00-04:00,7584.25,7584.25,7584.25,7584.25,2
2026-07-21 07:35:00-04:00,7585.0,7585.5,7585.0,7585.5,3
2026-07-21 07:50:00-04:00,7581.5,7581.5,7581.5,7581.5,1
2026-07-21 07:55:00-04:00,7581.0,7581.0,7581.0,7581.0,1
2026-07-21 08:00:00-04:00,7582.5,7582.5,7580.75,7580.75,2
2026-07-21 08:05:00-04:00,7582.25,7585.5,7582.25,7585.5,5
2026-07-21 08:15:00-04:00,7577.75,7577.75,7577.75,7577.75,1
2026-07-21 08:25:00-04:00,7578.5,7578.5,7578.5,7578.5,1
2026-07-21 08:40:00-04:00,7576.5,7576.5,7573.75,7573.75,4
2026-07-21 08:45:00-04:00,7582.25,7583.0,7581.75,7583.0,3
2026-07-21 08:50:00-04:00,7582.0,7582.0,7582.0,7582.0,1
2026-07-21 09:10:00-04:00,7580.75,7581.0,7580.75,7581.0,2
2026-07-21 09:15:00-04:00,7580.75,7580.75,7580.75,7580.75,3
2026-07-21 09:25:00-04:00,7586.0,7593.5,7586.0,7593.5,4
2026-07-21 09:30:00-04:00,7594.75,7595.25,7583.5,7583.5,10
2026-07-21 09:35:00-04:00,7590.75,7590.75,7584.25,7584.25,5
2026-07-21 09:40:00-04:00,7578.5,7579.0,7575.0,7577.75,7
2026-07-21 09:45:00-04:00,7576.75,7576.75,7574.25,7575.25,4
2026-07-21 09:50:00-04:00,7581.5,7581.5,7576.75,7580.75,4
2026-07-21 09:55:00-04:00,7579.0,7579.0,7578.5,7578.5,2
2026-07-21 10:00:00-04:00,7586.25,7586.25,7582.0,7582.0,2
2026-07-21 10:05:00-04:00,7582.0,7582.0,7582.0,7582.0,1
2026-07-21 10:10:00-04:00,7587.75,7587.75,7587.75,7587.75,1
2026-07-21 10:15:00-04:00,7578.5,7590.25,7578.5,7589.5,5
2026-07-21 10:25:00-04:00,7592.75,7600.0,7592.75,7596.5,24
2026-07-21 10:30:00-04:00,7601.0,7601.0,7600.75,7600.75,2
2026-07-21 10:35:00-04:00,7600.25,7600.25,7592.75,7592.75,4
2026-07-21 10:40:00-04:00,7593.0,7595.5,7593.0,7595.5,2
2026-07-21 10:45:00-04:00,7598.0,7602.0,7596.5,7601.5,7
2026-07-21 10:50:00-04:00,7599.0,7600.0,7597.5,7597.5,10
2026-07-21 10:55:00-04:00,7594.75,7594.75,7594.75,7594.75,1
2026-07-21 11:00:00-04:00,7599.0,7599.0,7590.75,7590.75,24
2026-07-21 11:05:00-04:00,7593.75,7601.5,7593.75,7601.25,13
2026-07-21 11:10:00-04:00,7601.75,7605.75,7601.5,7605.75,4
2026-07-21 11:15:00-04:00,7603.25,7605.5,7603.0,7605.5,4
2026-07-21 11:20:00-04:00,7605.75,7610.25,7605.75,7607.5,8
2026-07-21 11:25:00-04:00,7607.25,7610.5,7607.25,7610.0,5
2026-07-21 11:30:00-04:00,7610.25,7610.25,7606.5,7607.25,9
2026-07-21 11:35:00-04:00,7609.5,7609.5,7606.5,7606.75,12
2026-07-21 11:40:00-04:00,7607.5,7608.5,7607.25,7608.5,3
2026-07-21 11:45:00-04:00,7610.0,7610.0,7610.0,7610.0,1
2026-07-21 11:50:00-04:00,7609.5,7609.5,7608.5,7608.5,2
2026-07-21 12:00:00-04:00,7611.5,7611.75,7611.5,7611.75,2
2026-07-21 12:05:00-04:00,7613.5,7614.0,7613.5,7614.0,5
2026-07-21 12:10:00-04:00,7613.0,7613.0,7612.0,7612.0,2
2026-07-21 12:15:00-04:00,7613.25,7615.0,7613.25,7615.0,3
2026-07-21 12:25:00-04:00,7617.25,7617.25,7617.25,7617.25,1
2026-07-21 12:35:00-04:00,7616.25,7616.25,7616.25,7616.25,1
2026-07-21 12:40:00-04:00,7616.25,7616.25,7616.25,7616.25,1
2026-07-21 12:50:00-04:00,7619.0,7620.0,7619.0,7620.0,2
2026-07-21 12:55:00-04:00,7621.25,7621.25,7620.25,7620.25,2
2026-07-21 13:15:00-04:00,7615.0,7615.0,7614.25,7614.25,2
2026-07-21 13:40:00-04:00,7618.0,7618.0,7618.0,7618.0,1
2026-07-21 13:50:00-04:00,7619.75,7620.25,7619.0,7619.0,5
2026-07-21 14:00:00-04:00,7615.0,7615.0,7613.75,7614.5,6
2026-07-21 14:05:00-04:00,7615.0,7615.0,7615.0,7615.0,1
2026-07-21 14:10:00-04:00,7616.25,7616.25,7612.25,7612.25,4
2026-07-21 14:15:00-04:00,7612.5,7612.5,7612.5,7612.5,1
2026-07-21 14:20:00-04:00,7613.0,7614.25,7613.0,7614.0,4
2026-07-21 14:30:00-04:00,7611.75,7611.75,7611.0,7611.0,3
2026-07-21 14:35:00-04:00,7613.0,7613.0,7613.0,7613.0,1
2026-07-21 14:40:00-04:00,7614.5,7616.0,7614.5,7616.0,5
2026-07-21 14:45:00-04:00,7617.0,7617.0,7617.0,7617.0,1
2026-07-21 14:50:00-04:00,7616.0,7616.0,7616.0,7616.0,2
2026-07-21 14:55:00-04:00,7615.0,7615.0,7615.0,7615.0,1
2026-07-21 15:10:00-04:00,7613.25,7614.5,7613.25,7614.5,3
2026-07-21 15:30:00-04:00,7614.5,7614.5,7614.5,7614.5,1
2026-07-21 15:40:00-04:00,7615.25,7615.25,7615.25,7615.25,1
2026-07-21 15:45:00-04:00,7613.5,7613.5,7613.5,7613.5,1
2026-07-21 15:50:00-04:00,7617.0,7617.0,7615.0,7615.0,3
2026-07-21 15:55:00-04:00,7614.75,7615.25,7613.25,7613.25,9
2026-07-21 16:00:00-04:00,7613.75,7613.75,7610.0,7610.0,12
2026-07-21 16:05:00-04:00,7609.75,7610.75,7609.5,7610.5,6
2026-07-21 16:45:00-04:00,7609.75,7609.75,7609.75,7609.75,1
2026-07-21 18:20:00-04:00,7612.0,7612.0,7612.0,7612.0,2
2026-07-21 18:45:00-04:00,7606.5,7606.5,7606.5,7606.5,1
2026-07-21 18:55:00-04:00,7608.5,7608.5,7608.5,7608.5,1
2026-07-21 19:10:00-04:00,7609.75,7609.75,7609.75,7609.75,1
2026-07-21 19:25:00-04:00,7610.5,7610.5,7610.5,7610.5,1
2026-07-21 19:30:00-04:00,7611.0,7611.0,7611.0,7611.0,1
2026-07-21 19:45:00-04:00,7610.5,7610.5,7610.5,7610.5,1
2026-07-21 20:05:00-04:00,7612.75,7613.5,7612.75,7613.5,5
2026-07-21 20:30:00-04:00,7607.0,7607.0,7607.0,7607.0,1
2026-07-21 20:35:00-04:00,7608.75,7608.75,7607.25,7607.25,2
2026-07-21 20:40:00-04:00,7609.25,7609.25,7609.25,7609.25,1
2026-07-21 20:45:00-04:00,7606.25,7606.25,7606.25,7606.25,1
2026-07-21 20:50:00-04:00,7608.0,7608.0,7606.75,7606.75,2
2026-07-21 20:55:00-04:00,7608.5,7608.5,7608.5,7608.5,1
2026-07-21 21:00:00-04:00,7606.25,7606.25,7604.5,7604.5,3
2026-07-21 21:25:00-04:00,7604.0,7604.0,7604.0,7604.0,5
2026-07-21 21:45:00-04:00,7608.75,7608.75,7608.75,7608.75,1
2026-07-21 21:50:00-04:00,7610.5,7610.5,7610.5,7610.5,1
2026-07-21 22:00:00-04:00,7606.75,7606.75,7606.75,7606.75,1
2026-07-21 22:15:00-04:00,7608.75,7608.75,7606.5,7606.5,3
2026-07-21 22:20:00-04:00,7608.25,7608.25,7607.5,7607.5,5
2026-07-21 22:25:00-04:00,7606.75,7609.5,7606.75,7609.5,2
2026-07-21 22:35:00-04:00,7606.25,7606.25,7606.25,7606.25,1
2026-07-21 22:40:00-04:00,7609.0,7609.0,7609.0,7609.0,1
2026-07-21 23:05:00-04:00,7610.0,7610.0,7610.0,7610.0,1
2026-07-21 23:15:00-04:00,7607.25,7607.25,7607.25,7607.25,1
2026-07-21 23:20:00-04:00,7611.75,7611.75,7610.75,7610.75,6
2026-07-21 23:30:00-04:00,7608.25,7608.25,7607.5,7607.5,3
2026-07-21 23:45:00-04:00,7608.5,7608.5,7607.5,7607.5,2
2026-07-22 00:30:00-04:00,7604.75,7604.75,7604.75,7604.75,1
2026-07-22 01:10:00-04:00,7603.25,7603.25,7603.25,7603.25,1
2026-07-22 02:15:00-04:00,7600.0,7600.0,7599.5,7599.5,3
2026-07-22 02:20:00-04:00,7596.25,7596.25,7595.0,7595.0,8
2026-07-22 02:30:00-04:00,7592.75,7592.75,7592.75,7592.75,2
2026-07-22 02:40:00-04:00,7594.5,7594.5,7594.5,7594.5,2
2026-07-22 02:45:00-04:00,7591.0,7591.0,7590.75,7590.75,3
2026-07-22 03:05:00-04:00,7584.25,7584.25,7584.25,7584.25,2
2026-07-22 03:10:00-04:00,7588.0,7588.0,7588.0,7588.0,1
2026-07-22 03:50:00-04:00,7582.0,7582.0,7582.0,7582.0,1
2026-07-22 04:10:00-04:00,7583.75,7583.75,7583.75,7583.75,2
2026-07-22 04:15:00-04:00,7584.5,7584.5,7584.5,7584.5,1
2026-07-22 04:30:00-04:00,7593.25,7593.5,7593.25,7593.5,6
2026-07-22 04:35:00-04:00,7593.25,7593.25,7593.25,7593.25,1
2026-07-22 05:20:00-04:00,7597.5,7597.5,7597.5,7597.5,1
2026-07-22 05:35:00-04:00,7591.25,7591.25,7591.25,7591.25,1
2026-07-22 05:50:00-04:00,7589.0,7589.0,7589.0,7589.0,1
2026-07-22 06:30:00-04:00,7598.0,7598.0,7598.0,7598.0,1
2026-07-22 07:40:00-04:00,7590.25,7590.25,7579.0,7584.0,58
2026-07-22 07:50:00-04:00,7588.0,7588.0,7588.0,7588.0,1
2026-07-22 07:55:00-04:00,7585.0,7585.0,7585.0,7585.0,1
2026-07-22 08:00:00-04:00,7586.25,7586.25,7582.5,7582.5,6
2026-07-22 08:05:00-04:00,7584.5,7586.0,7584.5,7586.0,2
2026-07-22 08:20:00-04:00,7580.75,7580.75,7580.5,7580.5,2
2026-07-22 08:30:00-04:00,7589.0,7589.0,7589.0,7589.0,1
2026-07-22 08:35:00-04:00,7590.0,7590.0,7590.0,7590.0,1
2026-07-22 08:45:00-04:00,7588.0,7588.0,7584.0,7584.0,3
2026-07-22 08:55:00-04:00,7583.0,7583.25,7572.0,7583.25,39
2026-07-22 09:00:00-04:00,7583.5,7585.5,7583.5,7585.25,4
2026-07-22 09:05:00-04:00,7584.5,7587.0,7584.5,7587.0,2
2026-07-22 09:15:00-04:00,7589.5,7591.25,7589.0,7589.0,5
2026-07-22 09:20:00-04:00,7593.25,7593.25,7593.25,7593.25,1
2026-07-22 09:30:00-04:00,7596.0,7603.25,7595.0,7601.0,10
2026-07-22 09:35:00-04:00,7604.0,7605.0,7600.75,7601.25,7
2026-07-22 09:40:00-04:00,7601.25,7605.75,7600.75,7605.75,6
2026-07-22 09:45:00-04:00,7607.75,7609.25,7605.25,7607.25,6
2026-07-22 09:50:00-04:00,7607.5,7610.75,7605.75,7610.0,11
2026-07-22 09:55:00-04:00,7611.25,7616.0,7611.25,7615.75,8
2026-07-22 10:00:00-04:00,7615.75,7619.75,7615.75,7619.5,10
2026-07-22 10:05:00-04:00,7624.75,7624.75,7619.5,7619.5,4
2026-07-22 10:10:00-04:00,7616.5,7616.5,7615.75,7615.75,4
2026-07-22 10:15:00-04:00,7610.25,7611.0,7608.0,7611.0,4
2026-07-22 10:20:00-04:00,7613.5,7613.5,7604.25,7604.25,6
2026-07-22 10:25:00-04:00,7607.5,7607.5,7601.5,7601.5,3
2026-07-22 10:30:00-04:00,7603.25,7605.25,7603.25,7605.25,2
2026-07-22 10:35:00-04:00,7601.5,7601.5,7601.5,7601.5,1
2026-07-22 10:40:00-04:00,7601.5,7601.5,7600.0,7600.25,4
2026-07-22 10:45:00-04:00,7603.5,7603.75,7601.5,7603.75,6
2026-07-22 10:50:00-04:00,7602.25,7602.25,7602.25,7602.25,1
2026-07-22 10:55:00-04:00,7604.0,7609.25,7604.0,7609.25,3
2026-07-22 11:10:00-04:00,7618.0,7619.0,7618.0,7619.0,5
2026-07-22 11:15:00-04:00,7618.5,7618.5,7618.5,7618.5,1
2026-07-22 11:20:00-04:00,7620.5,7623.0,7620.5,7623.0,3
2026-07-22 11:25:00-04:00,7623.5,7625.75,7623.5,7625.75,3
2026-07-22 11:30:00-04:00,7624.75,7624.75,7620.5,7620.5,5
2026-07-22 11:35:00-04:00,7621.5,7621.5,7619.0,7619.0,3
2026-07-22 11:45:00-04:00,7623.25,7623.25,7623.0,7623.0,2
2026-07-22 11:50:00-04:00,7626.0,7626.0,7626.0,7626.0,1
2026-07-22 11:55:00-04:00,7626.25,7626.25,7626.25,7626.25,1
2026-07-22 12:00:00-04:00,7628.0,7628.0,7625.75,7626.5,3
2026-07-22 12:05:00-04:00,7629.25,7629.5,7629.25,7629.25,4
2026-07-22 12:10:00-04:00,7628.25,7628.25,7628.25,7628.25,1
2026-07-22 12:15:00-04:00,7628.25,7630.0,7628.25,7630.0,5
2026-07-22 12:20:00-04:00,7628.75,7628.75,7628.5,7628.5,2
2026-07-22 12:30:00-04:00,7630.0,7630.0,7630.0,7630.0,1
2026-07-22 12:40:00-04:00,7627.75,7627.75,7627.75,7627.75,1
2026-07-22 12:45:00-04:00,7629.5,7629.5,7628.25,7628.25,2
2026-07-22 12:50:00-04:00,7626.5,7626.5,7626.5,7626.5,1
2026-07-22 12:55:00-04:00,7630.25,7630.75,7630.25,7630.75,4
2026-07-22 13:00:00-04:00,7627.25,7627.25,7625.25,7625.25,4
2026-07-22 13:05:00-04:00,7626.25,7626.5,7626.25,7626.5,2
2026-07-22 13:10:00-04:00,7624.5,7624.5,7624.5,7624.5,1
2026-07-22 13:15:00-04:00,7623.25,7623.25,7622.75,7622.75,2
2026-07-22 13:20:00-04:00,7621.25,7621.5,7621.25,7621.5,2
2026-07-22 13:30:00-04:00,7622.5,7622.5,7620.0,7620.0,4
2026-07-22 13:35:00-04:00,7622.25,7622.25,7621.5,7621.5,2
2026-07-22 13:55:00-04:00,7617.25,7617.25,7616.0,7616.0,2
2026-07-22 14:00:00-04:00,7614.0,7614.0,7614.0,7614.0,1
2026-07-22 14:05:00-04:00,7615.0,7615.0,7614.5,7614.5,2
2026-07-22 14:10:00-04:00,7611.5,7611.5,7611.0,7611.0,3
2026-07-22 14:30:00-04:00,7613.75,7614.0,7611.5,7611.5,7
2026-07-22 14:35:00-04:00,7614.75,7614.75,7613.5,7613.5,2
2026-07-22 14:40:00-04:00,7614.5,7614.5,7614.5,7614.5,1
2026-07-22 14:45:00-04:00,7614.25,7614.25,7614.25,7614.25,1
2026-07-22 14:50:00-04:00,7612.0,7615.75,7612.0,7615.75,3
2026-07-22 15:00:00-04:00,7614.0,7614.0,7614.0,7614.0,2
2026-07-22 15:10:00-04:00,7611.75,7611.75,7609.0,7609.0,3
2026-07-22 15:25:00-04:00,7607.5,7611.75,7607.25,7611.75,4
2026-07-22 15:30:00-04:00,7608.5,7608.5,7608.5,7608.5,1
2026-07-22 15:35:00-04:00,7606.75,7606.75,7605.25,7605.25,2
2026-07-22 15:45:00-04:00,7611.0,7611.5,7611.0,7611.5,4
2026-07-22 15:50:00-04:00,7611.0,7611.75,7609.75,7611.5,27
2026-07-22 15:55:00-04:00,7612.0,7613.0,7610.0,7613.0,9
2026-07-22 16:00:00-04:00,7607.25,7618.5,7607.25,7617.0,11
2026-07-22 16:05:00-04:00,7600.5,7605.25,7600.25,7605.25,8
2026-07-22 16:10:00-04:00,7607.5,7607.5,7607.5,7607.5,1
2026-07-22 16:15:00-04:00,7620.5,7622.0,7620.5,7622.0,2
2026-07-22 16:50:00-04:00,7616.0,7616.5,7616.0,7616.5,4
2026-07-22 16:55:00-04:00,7613.25,7613.25,7613.25,7613.25,1
2026-07-22 18:00:00-04:00,7600.0,7602.75,7592.5,7592.5,27
2026-07-22 18:05:00-04:00,7592.5,7592.5,7592.5,7592.5,1
2026-07-22 18:10:00-04:00,7592.0,7592.0,7592.0,7592.0,1
2026-07-22 18:20:00-04:00,7594.75,7594.75,7594.75,7594.75,1
2026-07-22 18:25:00-04:00,7594.25,7594.25,7590.0,7591.0,5
2026-07-22 18:30:00-04:00,7590.0,7591.0,7590.0,7590.0,3
2026-07-22 18:35:00-04:00,7589.5,7589.5,7587.0,7587.0,3
2026-07-22 18:40:00-04:00,7585.25,7586.0,7584.5,7586.0,5
2026-07-22 18:50:00-04:00,7591.75,7591.75,7591.75,7591.75,1
2026-07-22 19:00:00-04:00,7589.25,7589.25,7588.75,7588.75,3
2026-07-22 19:05:00-04:00,7587.0,7587.5,7587.0,7587.5,4
2026-07-22 19:15:00-04:00,7586.0,7586.0,7586.0,7586.0,1
2026-07-22 19:45:00-04:00,7594.5,7595.0,7594.5,7595.0,3
2026-07-22 20:00:00-04:00,7596.0,7596.0,7596.0,7596.0,1
2026-07-22 20:05:00-04:00,7600.0,7600.0,7600.0,7600.0,1
2026-07-22 20:10:00-04:00,7597.25,7597.25,7597.25,7597.25,1
2026-07-22 20:35:00-04:00,7611.0,7611.75,7611.0,7611.75,2
2026-07-22 20:40:00-04:00,7613.5,7613.5,7613.5,7613.5,1
2026-07-22 20:50:00-04:00,7614.0,7616.25,7614.0,7616.25,8
2026-07-22 20:55:00-04:00,7616.25,7616.25,7616.25,7616.25,1
2026-07-22 21:00:00-04:00,7613.25,7617.25,7613.0,7617.25,7
2026-07-22 21:05:00-04:00,7614.75,7614.75,7614.75,7614.75,1
2026-07-22 21:10:00-04:00,7615.5,7615.5,7615.5,7615.5,1
2026-07-22 21:25:00-04:00,7611.5,7613.25,7611.5,7613.25,3
2026-07-22 21:50:00-04:00,7607.75,7607.75,7607.75,7607.75,1
2026-07-22 22:20:00-04:00,7600.25,7600.25,7600.0,7600.0,3
2026-07-22 22:25:00-04:00,7597.5,7597.5,7597.0,7597.0,6
2026-07-22 22:30:00-04:00,7599.75,7599.75,7599.75,7599.75,1
2026-07-22 22:35:00-04:00,7598.75,7598.75,7598.75,7598.75,1
2026-07-22 23:05:00-04:00,7594.0,7594.0,7594.0,7594.0,7
2026-07-22 23:10:00-04:00,7592.5,7592.5,7590.0,7590.0,3
2026-07-23 00:10:00-04:00,7593.0,7593.0,7593.0,7593.0,1
2026-07-23 00:15:00-04:00,7597.75,7597.75,7597.75,7597.75,1
2026-07-23 00:20:00-04:00,7598.5,7598.5,7598.5,7598.5,1
2026-07-23 00:25:00-04:00,7600.0,7600.0,7600.0,7600.0,1
2026-07-23 00:50:00-04:00,7595.0,7595.0,7595.0,7595.0,1
2026-07-23 01:10:00-04:00,7592.5,7592.5,7592.5,7592.5,1
2026-07-23 01:25:00-04:00,7597.0,7597.0,7597.0,7597.0,1
2026-07-23 01:50:00-04:00,7590.0,7590.0,7590.0,7590.0,1
2026-07-23 02:15:00-04:00,7592.0,7592.0,7592.0,7592.0,1
2026-07-23 02:55:00-04:00,7588.0,7588.0,7588.0,7588.0,2
2026-07-23 03:10:00-04:00,7575.75,7575.75,7568.75,7568.75,8
2026-07-23 03:35:00-04:00,7572.75,7572.75,7572.75,7572.75,1
2026-07-23 03:40:00-04:00,7568.75,7568.75,7568.75,7568.75,2
2026-07-23 04:40:00-04:00,7575.5,7575.75,7574.75,7575.0,15
2026-07-23 04:45:00-04:00,7575.25,7577.0,7574.75,7575.75,15
2026-07-23 04:50:00-04:00,7579.75,7579.75,7579.0,7579.0,10
2026-07-23 05:00:00-04:00,7592.75,7593.75,7590.75,7593.75,41
2026-07-23 05:15:00-04:00,7582.25,7583.0,7582.25,7583.0,2
2026-07-23 05:35:00-04:00,7580.0,7580.0,7580.0,7580.0,1
2026-07-23 06:05:00-04:00,7581.0,7581.0,7580.25,7580.25,2
2026-07-23 06:35:00-04:00,7587.5,7588.75,7587.5,7588.75,4
2026-07-23 06:55:00-04:00,7588.5,7588.5,7588.25,7588.25,3
2026-07-23 07:05:00-04:00,7578.75,7578.75,7578.75,7578.75,1
2026-07-23 07:15:00-04:00,7582.25,7582.25,7582.25,7582.25,1
2026-07-23 07:25:00-04:00,7573.25,7573.25,7572.75,7572.75,4
2026-07-23 07:30:00-04:00,7572.0,7572.0,7570.25,7570.25,6
2026-07-23 07:35:00-04:00,7564.25,7565.0,7559.25,7561.5,8
2026-07-23 07:40:00-04:00,7560.5,7560.5,7560.5,7560.5,1
2026-07-23 07:45:00-04:00,7561.75,7562.25,7561.75,7562.25,3
2026-07-23 07:50:00-04:00,7563.5,7566.5,7563.5,7566.5,3
2026-07-23 08:00:00-04:00,7567.0,7567.25,7567.0,7567.25,51
2026-07-23 08:05:00-04:00,7562.0,7562.0,7562.0,7562.0,2
2026-07-23 08:10:00-04:00,7563.5,7563.5,7561.5,7561.5,2
2026-07-23 08:15:00-04:00,7561.5,7561.5,7559.25,7560.25,6
2026-07-23 08:20:00-04:00,7554.5,7554.5,7552.25,7552.25,3
2026-07-23 08:25:00-04:00,7547.25,7547.25,7545.75,7545.75,2
2026-07-23 08:30:00-04:00,7549.0,7549.0,7544.5,7544.75,12
2026-07-23 08:35:00-04:00,7541.75,7541.75,7541.0,7541.0,2
2026-07-23 08:40:00-04:00,7538.75,7539.5,7538.5,7538.75,4
2026-07-23 08:45:00-04:00,7530.75,7530.75,7530.75,7530.75,1
2026-07-23 08:50:00-04:00,7536.25,7536.25,7533.25,7533.25,3
2026-07-23 08:55:00-04:00,7535.5,7535.5,7535.5,7535.5,1
2026-07-23 09:05:00-04:00,7525.0,7529.75,7525.0,7526.0,6
2026-07-23 09:10:00-04:00,7525.75,7526.25,7522.0,7525.0,13
2026-07-23 09:15:00-04:00,7522.5,7524.0,7521.75,7523.5,7
2026-07-23 09:20:00-04:00,7524.0,7524.0,7519.25,7519.25,8
2026-07-23 09:25:00-04:00,7519.75,7519.75,7519.25,7519.25,2
2026-07-23 09:30:00-04:00,7518.5,7527.0,7511.0,7527.0,26
2026-07-23 09:35:00-04:00,7540.75,7544.5,7538.5,7541.5,9
2026-07-23 09:40:00-04:00,7544.5,7548.25,7544.5,7548.25,3
2026-07-23 09:45:00-04:00,7545.25,7546.0,7530.5,7530.5,45
2026-07-23 09:50:00-04:00,7531.0,7535.25,7526.0,7533.75,19
2026-07-23 09:55:00-04:00,7539.75,7540.5,7525.25,7526.25,32
2026-07-23 10:00:00-04:00,7528.0,7533.0,7528.0,7533.0,3
2026-07-23 10:05:00-04:00,7530.0,7530.0,7520.25,7521.5,7
2026-07-23 10:10:00-04:00,7527.0,7533.0,7523.5,7523.5,4
2026-07-23 10:15:00-04:00,7524.0,7524.0,7521.75,7521.75,2
2026-07-23 10:20:00-04:00,7522.75,7530.0,7521.0,7521.0,8
2026-07-23 10:25:00-04:00,7518.5,7518.5,7517.75,7517.75,3
2026-07-23 10:30:00-04:00,7525.75,7525.75,7515.25,7516.25,3
2026-07-23 10:35:00-04:00,7515.25,7531.25,7515.25,7530.5,7
2026-07-23 10:40:00-04:00,7531.75,7531.75,7518.25,7518.25,6
2026-07-23 10:45:00-04:00,7514.75,7520.25,7514.75,7515.5,6
2026-07-23 10:50:00-04:00,7517.0,7517.0,7507.5,7507.5,13
2026-07-23 10:55:00-04:00,7509.5,7512.5,7508.75,7512.5,18
2026-07-23 11:00:00-04:00,7507.75,7507.75,7504.5,7504.5,6
2026-07-23 11:05:00-04:00,7501.75,7501.75,7496.5,7499.0,6
2026-07-23 11:10:00-04:00,7498.0,7498.0,7492.25,7492.25,3
2026-07-23 11:15:00-04:00,7496.75,7498.25,7496.0,7497.5,6
2026-07-23 11:20:00-04:00,7502.5,7503.25,7489.75,7492.75,15
2026-07-23 11:25:00-04:00,7491.5,7491.5,7486.25,7486.25,9
2026-07-23 11:30:00-04:00,7486.75,7489.5,7479.0,7489.5,9
2026-07-23 11:35:00-04:00,7493.75,7499.0,7491.25,7499.0,21
2026-07-23 11:40:00-04:00,7502.0,7502.25,7494.5,7494.5,10
2026-07-23 11:45:00-04:00,7493.0,7493.75,7492.5,7493.75,3
2026-07-23 11:50:00-04:00,7496.25,7499.75,7496.25,7499.0,5
2026-07-23 11:55:00-04:00,7501.5,7501.5,7499.5,7499.5,2
2026-07-23 12:00:00-04:00,7504.75,7509.5,7503.75,7509.5,14
2026-07-23 12:05:00-04:00,7503.5,7509.25,7503.25,7509.25,5
2026-07-23 12:15:00-04:00,7514.5,7515.0,7514.5,7515.0,2
2026-07-23 12:20:00-04:00,7517.0,7523.5,7517.0,7522.75,4
2026-07-23 12:25:00-04:00,7520.0,7520.0,7519.5,7519.5,3
2026-07-23 12:30:00-04:00,7520.0,7520.5,7520.0,7520.5,4
2026-07-23 12:35:00-04:00,7520.5,7524.0,7520.5,7524.0,3
2026-07-23 12:40:00-04:00,7521.5,7521.5,7518.25,7519.0,5
2026-07-23 12:45:00-04:00,7514.0,7514.0,7508.75,7508.75,6
2026-07-23 12:50:00-04:00,7508.0,7508.0,7507.0,7507.0,7
2026-07-23 12:55:00-04:00,7513.5,7513.5,7513.5,7513.5,1
2026-07-23 13:00:00-04:00,7512.75,7513.25,7511.5,7511.5,4
2026-07-23 13:05:00-04:00,7507.75,7507.75,7507.75,7507.75,1
2026-07-23 13:10:00-04:00,7515.0,7515.0,7512.75,7512.75,5
2026-07-23 13:15:00-04:00,7510.0,7511.25,7509.25,7511.25,4
2026-07-23 13:20:00-04:00,7513.0,7516.5,7513.0,7516.5,3
2026-07-23 13:25:00-04:00,7517.25,7518.5,7515.75,7515.75,4
2026-07-23 13:30:00-04:00,7514.5,7514.5,7508.5,7509.0,4
2026-07-23 13:35:00-04:00,7507.0,7507.0,7505.0,7505.0,3
2026-07-23 13:40:00-04:00,7504.5,7505.0,7504.5,7505.0,2
2026-07-23 13:50:00-04:00,7505.25,7505.75,7505.25,7505.75,2
2026-07-23 13:55:00-04:00,7500.0,7500.0,7500.0,7500.0,2
2026-07-23 14:00:00-04:00,7498.0,7498.75,7496.5,7496.5,5
2026-07-23 14:05:00-04:00,7495.25,7495.25,7495.25,7495.25,1
2026-07-23 14:10:00-04:00,7496.75,7499.75,7496.75,7499.75,3
2026-07-23 14:15:00-04:00,7497.25,7497.25,7496.75,7496.75,2
2026-07-23 14:20:00-04:00,7497.25,7499.75,7497.25,7499.5,4
2026-07-23 14:30:00-04:00,7501.25,7501.25,7501.25,7501.25,1
2026-07-23 14:35:00-04:00,7504.0,7504.0,7497.0,7497.0,2
2026-07-23 14:40:00-04:00,7496.0,7496.0,7494.5,7494.5,7
2026-07-23 14:45:00-04:00,7497.5,7501.25,7497.5,7501.25,3
2026-07-23 14:55:00-04:00,7495.0,7495.5,7494.5,7495.5,3
2026-07-23 15:05:00-04:00,7496.5,7496.5,7495.25,7495.75,4
2026-07-23 15:10:00-04:00,7493.75,7493.75,7493.75,7493.75,1
2026-07-23 15:15:00-04:00,7497.25,7497.25,7496.0,7496.0,3
2026-07-23 15:20:00-04:00,7500.5,7502.5,7500.5,7502.5,2
2026-07-23 15:25:00-04:00,7504.75,7504.75,7504.75,7504.75,1
2026-07-23 15:30:00-04:00,7503.25,7503.25,7495.5,7495.75,8
2026-07-23 15:35:00-04:00,7499.5,7499.5,7497.75,7497.75,3
2026-07-23 15:40:00-04:00,7497.0,7497.0,7492.0,7492.0,4
2026-07-23 15:45:00-04:00,7490.0,7490.0,7486.25,7486.25,9
2026-07-23 15:50:00-04:00,7488.0,7496.25,7488.0,7490.75,10
2026-07-23 15:55:00-04:00,7504.25,7513.0,7504.25,7511.0,14
2026-07-23 16:00:00-04:00,7510.25,7520.25,7510.25,7520.25,7
2026-07-23 16:05:00-04:00,7519.5,7521.25,7517.25,7517.25,13
2026-07-23 16:10:00-04:00,7518.0,7520.0,7518.0,7520.0,51
2026-07-23 16:20:00-04:00,7522.75,7522.75,7522.75,7522.75,1
2026-07-23 16:25:00-04:00,7521.25,7521.25,7521.25,7521.25,1
2026-07-23 16:30:00-04:00,7523.75,7523.75,7523.75,7523.75,2
2026-07-23 16:35:00-04:00,7524.0,7524.25,7524.0,7524.25,3
2026-07-23 16:45:00-04:00,7520.25,7520.25,7519.25,7519.25,2
2026-07-23 18:00:00-04:00,7515.75,7515.75,7512.25,7514.0,4
2026-07-23 18:05:00-04:00,7513.25,7513.25,7513.25,7513.25,1
2026-07-23 18:10:00-04:00,7509.75,7509.75,7509.75,7509.75,1
2026-07-23 18:15:00-04:00,7511.75,7511.75,7511.75,7511.75,1
2026-07-23 18:20:00-04:00,7512.25,7515.25,7512.25,7515.25,2
2026-07-23 18:45:00-04:00,7516.5,7516.5,7516.5,7516.5,1
2026-07-23 18:55:00-04:00,7520.25,7520.25,7520.0,7520.0,3
2026-07-23 19:00:00-04:00,7519.5,7519.5,7519.5,7519.5,1
2026-07-23 19:05:00-04:00,7516.5,7516.75,7516.5,7516.75,2
2026-07-23 19:15:00-04:00,7515.0,7515.0,7515.0,7515.0,1
2026-07-23 19:40:00-04:00,7511.0,7512.25,7511.0,7512.25,2
2026-07-23 19:45:00-04:00,7516.5,7516.5,7515.75,7515.75,3
2026-07-23 20:00:00-04:00,7515.25,7515.25,7515.25,7515.25,1
2026-07-23 20:15:00-04:00,7515.0,7515.0,7515.0,7515.0,1
2026-07-23 20:20:00-04:00,7520.0,7520.0,7520.0,7520.0,2
2026-07-23 20:30:00-04:00,7515.75,7515.75,7515.75,7515.75,1
2026-07-23 20:35:00-04:00,7515.0,7515.0,7515.0,7515.0,1
2026-07-23 20:45:00-04:00,7522.5,7522.5,7522.5,7522.5,2
2026-07-23 20:50:00-04:00,7517.5,7517.5,7517.5,7517.5,2
2026-07-23 21:00:00-04:00,7522.0,7522.0,7522.0,7522.0,1
2026-07-23 21:05:00-04:00,7522.25,7523.5,7522.25,7523.5,11
2026-07-23 21:10:00-04:00,7520.5,7520.5,7520.5,7520.5,1
2026-07-23 21:20:00-04:00,7518.5,7518.5,7518.5,7518.5,2
2026-07-23 21:25:00-04:00,7520.5,7520.5,7520.5,7520.5,1
2026-07-23 21:30:00-04:00,7524.25,7524.25,7524.25,7524.25,1
2026-07-23 21:40:00-04:00,7524.5,7525.25,7524.5,7525.25,4
2026-07-23 21:55:00-04:00,7518.75,7518.75,7518.0,7518.0,2
2026-07-23 22:25:00-04:00,7517.5,7517.5,7517.5,7517.5,1
2026-07-23 22:35:00-04:00,7509.75,7509.75,7509.75,7509.75,1
2026-07-23 22:45:00-04:00,7506.75,7506.75,7506.75,7506.75,1
2026-07-23 23:00:00-04:00,7505.75,7507.25,7505.75,7507.25,2
2026-07-24 00:10:00-04:00,7505.75,7505.75,7505.75,7505.75,1
2026-07-24 00:20:00-04:00,7503.25,7503.25,7503.25,7503.25,1
2026-07-24 01:00:00-04:00,7509.0,7509.0,7509.0,7509.0,1
2026-07-24 01:05:00-04:00,7511.0,7511.0,7511.0,7511.0,1
2026-07-24 01:10:00-04:00,7513.5,7513.5,7513.5,7513.5,2
2026-07-24 01:20:00-04:00,7513.0,7513.0,7513.0,7513.0,1
2026-07-24 02:15:00-04:00,7508.5,7508.5,7508.5,7508.5,1
2026-07-24 02:45:00-04:00,7502.0,7502.0,7502.0,7502.0,1
2026-07-24 03:00:00-04:00,7510.0,7510.0,7510.0,7510.0,1
2026-07-24 03:25:00-04:00,7529.5,7529.5,7529.5,7529.5,1
2026-07-24 03:35:00-04:00,7524.0,7524.0,7524.0,7524.0,1
2026-07-24 03:40:00-04:00,7523.0,7523.0,7521.0,7521.0,2
2026-07-24 03:45:00-04:00,7523.25,7523.25,7523.0,7523.0,4
2026-07-24 04:05:00-04:00,7517.25,7517.25,7517.25,7517.25,1
2026-07-24 04:35:00-04:00,7528.25,7528.25,7528.25,7528.25,1
2026-07-24 05:05:00-04:00,7529.75,7529.75,7529.75,7529.75,1
2026-07-24 05:20:00-04:00,7529.75,7529.75,7529.75,7529.75,3
2026-07-24 05:30:00-04:00,7531.0,7531.5,7531.0,7531.5,5
2026-07-24 06:10:00-04:00,7527.25,7527.25,7527.0,7527.0,10
2026-07-24 06:25:00-04:00,7528.0,7528.0,7528.0,7528.0,1
2026-07-24 06:35:00-04:00,7527.5,7527.5,7525.5,7525.5,5
2026-07-24 06:40:00-04:00,7526.5,7526.5,7526.5,7526.5,1
2026-07-24 06:50:00-04:00,7525.25,7525.25,7525.25,7525.25,1
2026-07-24 07:15:00-04:00,7527.0,7527.0,7527.0,7527.0,1
2026-07-24 07:35:00-04:00,7524.25,7524.25,7524.25,7524.25,1
2026-07-24 07:40:00-04:00,7523.0,7523.25,7523.0,7523.25,2
2026-07-24 07:50:00-04:00,7524.0,7524.0,7523.0,7523.0,2
2026-07-24 07:55:00-04:00,7525.0,7534.0,7525.0,7533.75,6
2026-07-24 08:15:00-04:00,7534.0,7534.0,7534.0,7534.0,1
2026-07-24 08:20:00-04:00,7531.5,7531.5,7531.5,7531.5,1
2026-07-24 08:25:00-04:00,7529.0,7532.75,7528.0,7532.75,3
2026-07-24 08:30:00-04:00,7532.0,7532.0,7532.0,7532.0,1
2026-07-24 08:35:00-04:00,7525.25,7525.25,7525.25,7525.25,1
2026-07-24 08:40:00-04:00,7524.0,7524.0,7522.5,7522.5,6
2026-07-24 08:45:00-04:00,7521.25,7521.25,7521.25,7521.25,1
2026-07-24 08:50:00-04:00,7520.0,7520.0,7519.5,7519.5,3
2026-07-24 08:55:00-04:00,7518.75,7518.75,7518.75,7518.75,1
2026-07-24 09:00:00-04:00,7516.0,7517.5,7516.0,7517.5,2
2026-07-24 09:05:00-04:00,7516.75,7516.75,7516.75,7516.75,3
2026-07-24 09:10:00-04:00,7515.5,7517.5,7515.5,7517.5,2
2026-07-24 09:30:00-04:00,7513.75,7518.25,7510.75,7518.25,6
2026-07-24 09:35:00-04:00,7520.5,7520.5,7520.25,7520.25,3
2026-07-24 09:40:00-04:00,7513.25,7515.5,7512.25,7512.75,4
2026-07-24 09:45:00-04:00,7515.0,7523.5,7514.0,7523.5,9
2026-07-24 09:50:00-04:00,7522.5,7522.5,7502.5,7504.5,38
2026-07-24 09:55:00-04:00,7502.75,7505.0,7500.0,7505.0,8
2026-07-24 10:00:00-04:00,7498.25,7509.25,7498.25,7506.5,8
2026-07-24 10:05:00-04:00,7506.25,7514.25,7506.25,7514.25,5
2026-07-24 10:10:00-04:00,7518.0,7523.75,7516.5,7521.5,36
2026-07-24 10:15:00-04:00,7513.25,7513.25,7506.25,7506.25,2
2026-07-24 10:20:00-04:00,7511.0,7523.25,7511.0,7523.25,8
2026-07-24 10:25:00-04:00,7517.75,7521.0,7516.5,7516.75,5
2026-07-24 10:30:00-04:00,7516.75,7516.75,7512.25,7513.5,8
2026-07-24 10:35:00-04:00,7511.25,7511.25,7505.0,7505.0,2
2026-07-24 10:40:00-04:00,7504.5,7504.5,7504.5,7504.5,1
2026-07-24 10:45:00-04:00,7502.25,7509.5,7500.0,7509.5,7
2026-07-24 10:50:00-04:00,7513.5,7517.5,7513.5,7515.75,9
2026-07-24 10:55:00-04:00,7521.5,7531.25,7521.5,7531.25,13
2026-07-24 11:00:00-04:00,7531.5,7535.0,7528.75,7528.75,7
2026-07-24 11:05:00-04:00,7529.75,7531.5,7525.0,7525.25,54
2026-07-24 11:10:00-04:00,7523.75,7546.75,7523.75,7546.75,47
2026-07-24 11:15:00-04:00,7545.75,7553.75,7539.5,7540.75,22
2026-07-24 11:20:00-04:00,7541.5,7551.5,7541.5,7551.5,13
2026-07-24 11:25:00-04:00,7552.25,7553.25,7552.25,7553.0,4
2026-07-24 11:30:00-04:00,7549.75,7554.0,7549.25,7549.25,3
2026-07-24 11:35:00-04:00,7548.0,7557.0,7548.0,7556.5,13
2026-07-24 11:40:00-04:00,7557.5,7557.5,7551.25,7551.5,8
2026-07-24 11:45:00-04:00,7550.5,7550.5,7547.25,7547.75,4
2026-07-24 11:50:00-04:00,7550.0,7551.5,7549.0,7551.5,5
2026-07-24 11:55:00-04:00,7552.0,7555.25,7552.0,7555.25,4
2026-07-24 12:00:00-04:00,7554.75,7557.0,7554.75,7557.0,4
2026-07-24 12:05:00-04:00,7558.0,7560.0,7558.0,7560.0,2
2026-07-24 12:10:00-04:00,7562.5,7562.5,7554.75,7554.75,11
2026-07-24 12:15:00-04:00,7555.0,7559.25,7555.0,7558.75,11
2026-07-24 12:20:00-04:00,7559.25,7560.25,7559.25,7560.25,2
2026-07-24 12:25:00-04:00,7559.25,7559.25,7558.75,7559.25,3
2026-07-24 12:30:00-04:00,7554.75,7555.25,7551.25,7551.25,16
2026-07-24 12:35:00-04:00,7551.25,7551.5,7548.25,7548.25,7
2026-07-24 12:40:00-04:00,7547.25,7548.0,7543.0,7543.0,11
2026-07-24 12:45:00-04:00,7540.0,7540.0,7536.0,7536.25,13
2026-07-24 12:50:00-04:00,7535.0,7535.5,7535.0,7535.5,6
2026-07-24 13:00:00-04:00,7537.25,7537.75,7536.25,7536.75,5
2026-07-24 13:05:00-04:00,7538.75,7538.75,7529.5,7529.5,50
2026-07-24 13:10:00-04:00,7528.75,7535.75,7528.0,7535.75,9
2026-07-24 13:15:00-04:00,7535.25,7535.25,7533.25,7533.25,2
2026-07-24 13:20:00-04:00,7538.75,7538.75,7538.75,7538.75,1
2026-07-24 13:25:00-04:00,7543.0,7543.25,7543.0,7543.25,2
2026-07-24 13:30:00-04:00,7547.0,7547.0,7547.0,7547.0,2
2026-07-24 13:40:00-04:00,7538.25,7538.75,7538.25,7538.75,11
2026-07-24 13:45:00-04:00,7535.5,7535.5,7535.5,7535.5,1
2026-07-24 13:55:00-04:00,7538.5,7538.5,7538.25,7538.25,2
2026-07-24 14:05:00-04:00,7534.25,7534.25,7533.5,7533.5,4
2026-07-24 14:10:00-04:00,7532.0,7532.0,7532.0,7532.0,11
2026-07-24 14:15:00-04:00,7529.75,7529.75,7529.25,7529.25,2
2026-07-24 14:20:00-04:00,7525.0,7525.0,7524.5,7524.5,11
2026-07-24 14:25:00-04:00,7522.0,7522.0,7517.5,7517.5,18
2026-07-24 14:30:00-04:00,7516.0,7516.0,7516.0,7516.0,1
2026-07-24 14:35:00-04:00,7505.0,7510.75,7505.0,7507.25,22
2026-07-24 14:40:00-04:00,7505.5,7506.75,7503.5,7506.75,7
2026-07-24 14:45:00-04:00,7508.25,7512.5,7508.25,7512.25,5
2026-07-24 14:55:00-04:00,7511.0,7511.25,7511.0,7511.25,2
2026-07-24 15:05:00-04:00,7512.0,7512.0,7512.0,7512.0,1
2026-07-24 15:20:00-04:00,7500.0,7500.5,7500.0,7500.5,2
2026-07-24 15:25:00-04:00,7500.25,7502.5,7500.25,7502.5,3
2026-07-24 15:30:00-04:00,7503.75,7509.5,7503.25,7507.75,20
2026-07-24 15:35:00-04:00,7510.5,7512.0,7510.0,7510.75,17
2026-07-24 15:40:00-04:00,7505.5,7505.5,7504.75,7505.0,5
2026-07-24 15:45:00-04:00,7510.0,7510.0,7508.75,7508.75,2
2026-07-24 15:50:00-04:00,7508.25,7510.25,7502.75,7510.25,14
2026-07-24 15:55:00-04:00,7512.0,7517.5,7510.25,7516.0,28
2026-07-24 16:00:00-04:00,7514.5,7514.5,7512.75,7512.75,2
2026-07-24 16:05:00-04:00,7510.75,7510.75,7509.25,7509.25,2
2026-07-24 16:15:00-04:00,7514.0,7514.0,7514.0,7514.0,22
2026-07-24 16:25:00-04:00,7511.0,7511.0,7511.0,7511.0,4
2026-07-24 16:30:00-04:00,7509.25,7509.25,7507.0,7507.0,3
2026-07-24 16:55:00-04:00,7510.25,7510.25,7509.75,7509.75,3
2026-07-26 18:00:00-04:00,7544.0,7575.75,7544.0,7562.75,22
2026-07-26 18:05:00-04:00,7563.5,7566.0,7563.0,7563.0,8
2026-07-26 18:10:00-04:00,7559.5,7561.0,7557.75,7561.0,5
2026-07-26 18:15:00-04:00,7562.25,7564.0,7562.25,7562.25,11
2026-07-26 18:20:00-04:00,7562.75,7562.75,7561.75,7561.75,3
2026-07-26 18:25:00-04:00,7560.25,7560.25,7560.25,7560.25,1
2026-07-26 18:35:00-04:00,7564.5,7564.5,7564.5,7564.5,1
2026-07-26 18:40:00-04:00,7563.5,7563.5,7563.0,7563.25,3
2026-07-26 18:45:00-04:00,7562.0,7562.0,7560.0,7560.0,3
2026-07-26 18:50:00-04:00,7560.75,7560.75,7559.75,7559.75,2
2026-07-26 18:55:00-04:00,7560.25,7560.25,7558.5,7558.5,3
2026-07-26 19:00:00-04:00,7558.5,7560.25,7558.5,7559.75,5
2026-07-26 19:05:00-04:00,7564.0,7564.0,7564.0,7564.0,1
2026-07-26 19:10:00-04:00,7566.0,7566.0,7566.0,7566.0,1
2026-07-26 19:15:00-04:00,7566.75,7566.75,7566.75,7566.75,3
2026-07-26 19:20:00-04:00,7565.0,7565.0,7565.0,7565.0,1
2026-07-26 19:40:00-04:00,7569.25,7569.25,7569.25,7569.25,1
2026-07-26 19:45:00-04:00,7573.25,7574.5,7573.25,7574.5,3
2026-07-26 19:55:00-04:00,7574.5,7574.5,7574.5,7574.5,1
2026-07-26 20:15:00-04:00,7574.5,7574.5,7574.0,7574.0,2
2026-07-26 20:20:00-04:00,7566.5,7566.5,7565.75,7565.75,2
2026-07-26 20:25:00-04:00,7567.75,7568.5,7567.75,7568.5,2
2026-07-26 20:45:00-04:00,7562.0,7562.0,7562.0,7562.0,1
2026-07-26 20:55:00-04:00,7562.25,7562.25,7562.25,7562.25,1
2026-07-26 21:00:00-04:00,7563.5,7563.5,7561.0,7561.0,2
2026-07-26 21:05:00-04:00,7562.0,7562.0,7562.0,7562.0,1
2026-07-26 21:10:00-04:00,7559.0,7559.0,7557.5,7557.5,2
2026-07-26 21:20:00-04:00,7556.5,7556.5,7555.0,7556.25,9
2026-07-26 21:30:00-04:00,7559.75,7561.0,7559.75,7561.0,5
2026-07-26 21:35:00-04:00,7558.25,7564.25,7558.25,7564.25,3
2026-07-26 21:40:00-04:00,7563.0,7563.0,7563.0,7563.0,1
2026-07-26 21:55:00-04:00,7564.25,7565.25,7564.25,7565.25,2
2026-07-26 22:05:00-04:00,7566.25,7566.25,7566.25,7566.25,1
2026-07-26 22:15:00-04:00,7566.0,7566.0,7566.0,7566.0,3
2026-07-26 22:25:00-04:00,7568.5,7568.5,7568.5,7568.5,1
2026-07-26 23:10:00-04:00,7566.5,7570.0,7566.5,7570.0,3
2026-07-26 23:25:00-04:00,7568.25,7568.25,7568.0,7568.0,2
2026-07-26 23:30:00-04:00,7567.5,7567.5,7567.5,7567.5,1
2026-07-26 23:40:00-04:00,7568.75,7568.75,7568.25,7568.25,2
2026-07-26 23:45:00-04:00,7567.5,7567.5,7567.0,7567.0,2
2026-07-26 23:50:00-04:00,7566.75,7566.75,7566.25,7566.25,2
2026-07-27 00:15:00-04:00,7570.75,7570.75,7570.75,7570.75,1
2026-07-27 00:30:00-04:00,7570.5,7570.5,7570.5,7570.5,1
2026-07-27 00:35:00-04:00,7571.0,7571.0,7571.0,7571.0,1
2026-07-27 01:25:00-04:00,7576.5,7576.5,7576.5,7576.5,1
2026-07-27 01:30:00-04:00,7578.0,7578.0,7578.0,7578.0,1
2026-07-27 01:35:00-04:00,7580.0,7583.0,7580.0,7581.25,9
2026-07-27 02:00:00-04:00,7584.25,7585.0,7584.25,7585.0,4
2026-07-27 02:05:00-04:00,7584.0,7585.25,7584.0,7585.25,3
2026-07-27 02:15:00-04:00,7584.5,7584.5,7584.5,7584.5,1
2026-07-27 02:25:00-04:00,7581.75,7581.75,7581.75,7581.75,1
2026-07-27 02:30:00-04:00,7582.0,7583.0,7581.75,7583.0,3
2026-07-27 02:35:00-04:00,7583.5,7583.5,7583.25,7583.25,2
2026-07-27 02:45:00-04:00,7581.0,7581.0,7581.0,7581.0,1
2026-07-27 02:55:00-04:00,7580.0,7580.0,7579.75,7579.75,2
2026-07-27 03:00:00-04:00,7582.0,7582.0,7582.0,7582.0,1
2026-07-27 03:20:00-04:00,7583.0,7583.0,7582.75,7582.75,6
2026-07-27 03:45:00-04:00,7577.5,7578.0,7577.5,7578.0,5
2026-07-27 03:55:00-04:00,7574.0,7574.0,7574.0,7574.0,1
2026-07-27 04:25:00-04:00,7581.0,7581.0,7581.0,7581.0,1
2026-07-27 04:30:00-04:00,7583.25,7583.25,7583.25,7583.25,1
2026-07-27 04:55:00-04:00,7586.5,7586.5,7586.5,7586.5,1
2026-07-27 05:00:00-04:00,7584.0,7584.0,7584.0,7584.0,1
2026-07-27 05:20:00-04:00,7585.25,7585.25,7585.25,7585.25,2
2026-07-27 05:35:00-04:00,7586.75,7587.5,7586.75,7587.5,7
2026-07-27 05:45:00-04:00,7589.5,7589.5,7589.5,7589.5,10
2026-07-27 06:15:00-04:00,7589.25,7589.25,7589.25,7589.25,1
2026-07-27 06:45:00-04:00,7589.75,7589.75,7589.5,7589.5,2
2026-07-27 06:55:00-04:00,7589.25,7589.25,7589.25,7589.25,1
2026-07-27 07:10:00-04:00,7585.0,7585.0,7583.5,7583.5,3
2026-07-27 07:15:00-04:00,7585.5,7586.0,7585.5,7586.0,5
2026-07-27 07:20:00-04:00,7584.0,7584.0,7584.0,7584.0,1
2026-07-27 07:25:00-04:00,7583.0,7583.0,7576.75,7576.75,4
2026-07-27 07:30:00-04:00,7578.5,7579.75,7578.5,7579.75,2
2026-07-27 07:35:00-04:00,7582.5,7582.5,7582.5,7582.5,1
2026-07-27 07:40:00-04:00,7580.75,7580.75,7576.75,7578.5,4
2026-07-27 07:45:00-04:00,7578.5,7578.5,7578.25,7578.25,2
2026-07-27 07:55:00-04:00,7579.0,7579.0,7579.0,7579.0,1
2026-07-27 08:10:00-04:00,7575.0,7575.0,7572.5,7572.5,2
2026-07-27 08:25:00-04:00,7575.75,7575.75,7575.75,7575.75,1
2026-07-27 08:30:00-04:00,7575.0,7575.25,7574.5,7574.5,6
2026-07-27 08:35:00-04:00,7577.75,7577.75,7577.75,7577.75,1
2026-07-27 08:40:00-04:00,7578.75,7578.75,7577.5,7578.0,3
2026-07-27 08:45:00-04:00,7579.5,7580.5,7579.5,7580.25,3
2026-07-27 08:50:00-04:00,7579.0,7579.75,7579.0,7579.75,3
2026-07-27 08:55:00-04:00,7581.0,7581.25,7581.0,7581.25,3
2026-07-27 09:00:00-04:00,7580.0,7580.0,7580.0,7580.0,1
2026-07-27 09:15:00-04:00,7577.25,7577.5,7577.25,7577.5,3
2026-07-27 09:20:00-04:00,7576.25,7576.25,7576.25,7576.25,1
2026-07-27 09:25:00-04:00,7576.75,7576.75,7574.5,7574.5,2
2026-07-27 09:30:00-04:00,7575.75,7575.75,7569.0,7569.0,9
2026-07-27 09:35:00-04:00,7575.5,7580.75,7575.5,7579.25,6
2026-07-27 09:40:00-04:00,7573.25,7573.25,7561.0,7561.0,10
2026-07-27 09:45:00-04:00,7563.25,7563.25,7559.5,7560.0,15
2026-07-27 09:50:00-04:00,7565.0,7565.0,7565.0,7565.0,1
2026-07-27 09:55:00-04:00,7556.0,7556.0,7545.0,7545.0,18
2026-07-27 10:00:00-04:00,7540.5,7546.0,7539.75,7541.25,9
2026-07-27 10:05:00-04:00,7544.0,7544.0,7539.75,7542.0,5
2026-07-27 10:10:00-04:00,7538.25,7538.5,7530.0,7535.0,12
2026-07-27 10:15:00-04:00,7538.5,7538.5,7532.0,7534.25,10
2026-07-27 10:20:00-04:00,7529.0,7532.25,7521.5,7521.5,8
2026-07-27 10:25:00-04:00,7521.0,7522.5,7508.75,7508.75,15
2026-07-27 10:30:00-04:00,7508.25,7509.25,7503.75,7503.75,14
2026-07-27 10:35:00-04:00,7502.0,7506.75,7499.75,7506.75,6
2026-07-27 10:40:00-04:00,7504.75,7504.75,7490.25,7491.5,12
2026-07-27 10:45:00-04:00,7496.75,7501.5,7496.75,7499.75,10
2026-07-27 10:50:00-04:00,7508.75,7512.0,7506.5,7510.0,7
2026-07-27 10:55:00-04:00,7516.75,7523.25,7516.75,7522.0,4
2026-07-27 11:00:00-04:00,7521.0,7524.25,7520.0,7522.5,8
2026-07-27 11:05:00-04:00,7526.75,7526.75,7521.75,7521.75,5
2026-07-27 11:10:00-04:00,7517.25,7521.0,7517.25,7519.5,9
2026-07-27 11:15:00-04:00,7511.25,7511.25,7511.25,7511.25,1
2026-07-27 11:20:00-04:00,7514.0,7516.25,7506.75,7506.75,5
2026-07-27 11:25:00-04:00,7506.75,7507.25,7506.75,7507.25,2
2026-07-27 11:30:00-04:00,7504.25,7506.0,7498.0,7498.0,4
2026-07-27 11:35:00-04:00,7490.5,7495.0,7490.5,7495.0,2
2026-07-27 11:40:00-04:00,7492.25,7498.5,7492.25,7498.5,5
2026-07-27 11:45:00-04:00,7495.75,7495.75,7491.5,7491.5,3
2026-07-27 11:50:00-04:00,7495.0,7495.0,7495.0,7495.0,1
2026-07-27 11:55:00-04:00,7499.25,7499.25,7499.25,7499.25,7
2026-07-27 12:00:00-04:00,7500.5,7502.0,7500.5,7502.0,3
2026-07-27 12:05:00-04:00,7504.0,7504.0,7504.0,7504.0,1
2026-07-27 12:10:00-04:00,7509.5,7509.5,7501.0,7501.0,3
2026-07-27 12:15:00-04:00,7495.0,7495.0,7494.25,7494.75,11
2026-07-27 12:20:00-04:00,7499.25,7499.25,7498.75,7498.75,2
2026-07-27 12:25:00-04:00,7503.5,7519.5,7503.5,7510.75,218
2026-07-27 12:30:00-04:00,7514.5,7517.5,7512.25,7512.25,4
2026-07-27 12:35:00-04:00,7514.25,7515.5,7514.25,7515.5,2
2026-07-27 12:50:00-04:00,7502.75,7502.75,7495.0,7495.0,59
2026-07-27 12:55:00-04:00,7493.25,7493.5,7493.25,7493.25,3
2026-07-27 13:00:00-04:00,7492.75,7494.25,7485.25,7486.25,53
2026-07-27 13:05:00-04:00,7488.25,7488.25,7488.25,7488.25,1
2026-07-27 13:10:00-04:00,7490.25,7491.5,7489.75,7489.75,3
2026-07-27 13:15:00-04:00,7485.25,7486.0,7483.5,7486.0,12
2026-07-27 13:20:00-04:00,7491.25,7491.25,7487.0,7487.0,22
2026-07-27 13:25:00-04:00,7487.75,7487.75,7486.75,7487.0,12
2026-07-27 13:35:00-04:00,7496.0,7496.25,7494.5,7494.5,3
2026-07-27 13:50:00-04:00,7493.75,7498.75,7493.75,7498.75,2
2026-07-27 13:55:00-04:00,7499.25,7499.25,7498.0,7498.5,5
2026-07-27 14:05:00-04:00,7499.25,7501.5,7499.25,7501.5,2
2026-07-27 14:10:00-04:00,7502.5,7502.75,7502.25,7502.25,4
2026-07-27 14:15:00-04:00,7497.0,7498.25,7497.0,7498.25,5
2026-07-27 14:20:00-04:00,7496.5,7496.5,7496.5,7496.5,1
2026-07-27 14:25:00-04:00,7500.25,7501.25,7500.25,7501.25,2
2026-07-27 14:30:00-04:00,7498.25,7498.25,7496.5,7496.5,2
2026-07-27 14:35:00-04:00,7494.25,7494.25,7494.25,7494.25,1
2026-07-27 14:40:00-04:00,7492.75,7499.75,7492.75,7497.25,14
2026-07-27 14:45:00-04:00,7500.25,7500.25,7498.75,7498.75,2
2026-07-27 14:50:00-04:00,7497.75,7511.25,7497.75,7510.75,24
2026-07-27 14:55:00-04:00,7513.25,7515.25,7512.0,7514.75,44
2026-07-27 15:00:00-04:00,7514.25,7514.25,7514.25,7514.25,1
2026-07-27 15:10:00-04:00,7519.0,7519.5,7516.5,7516.5,4
2026-07-27 15:15:00-04:00,7518.5,7519.25,7518.5,7519.25,2
2026-07-27 15:20:00-04:00,7521.0,7521.5,7519.0,7521.5,27
2026-07-27 15:25:00-04:00,7518.75,7518.75,7518.75,7518.75,1
2026-07-27 15:30:00-04:00,7522.25,7522.25,7521.0,7521.5,31
2026-07-27 15:35:00-04:00,7516.5,7517.0,7515.0,7515.0,6
2026-07-27 15:50:00-04:00,7513.5,7513.75,7512.5,7513.75,7
2026-07-27 15:55:00-04:00,7513.75,7513.75,7513.75,7513.75,2
2026-07-27 16:00:00-04:00,7516.5,7520.75,7514.5,7515.75,13
2026-07-27 16:05:00-04:00,7512.25,7513.0,7512.25,7513.0,2
2026-07-27 16:10:00-04:00,7513.0,7513.0,7513.0,7513.0,1
2026-07-27 16:25:00-04:00,7515.0,7515.0,7515.0,7515.0,1
2026-07-27 16:30:00-04:00,7516.5,7517.5,7515.5,7517.5,3
2026-07-27 16:35:00-04:00,7522.5,7522.5,7522.5,7522.5,1
2026-07-27 16:45:00-04:00,7519.25,7519.5,7518.5,7519.5,3
2026-07-27 16:55:00-04:00,7518.5,7518.5,7518.5,7518.5,1
2026-07-27 18:00:00-04:00,7523.0,7523.0,7523.0,7523.0,1
2026-07-27 18:20:00-04:00,7513.25,7514.25,7513.0,7513.75,6
2026-07-27 18:55:00-04:00,7511.75,7511.75,7511.75,7511.75,1
2026-07-27 20:00:00-04:00,7517.5,7517.5,7517.5,7517.5,10
2026-07-27 20:05:00-04:00,7515.25,7515.25,7510.75,7510.75,30
2026-07-27 20:40:00-04:00,7510.0,7510.0,7510.0,7510.0,1
2026-07-27 20:50:00-04:00,7504.25,7504.25,7504.25,7504.25,1
2026-07-27 20:55:00-04:00,7503.25,7503.25,7503.25,7503.25,1
2026-07-27 21:00:00-04:00,7502.0,7502.0,7502.0,7502.0,1
2026-07-27 21:05:00-04:00,7499.75,7499.75,7497.25,7497.25,3
2026-07-27 21:10:00-04:00,7494.0,7494.0,7494.0,7494.0,1
2026-07-27 21:15:00-04:00,7495.75,7495.75,7495.5,7495.75,3
2026-07-27 21:25:00-04:00,7506.25,7506.25,7506.25,7506.25,4
2026-07-27 21:30:00-04:00,7504.75,7504.75,7504.0,7504.0,2
2026-07-27 21:35:00-04:00,7504.75,7504.75,7504.75,7504.75,1
2026-07-27 21:50:00-04:00,7503.75,7503.75,7503.5,7503.5,2
2026-07-27 21:55:00-04:00,7499.5,7499.5,7499.5,7499.5,1
2026-07-27 22:00:00-04:00,7500.0,7500.0,7498.25,7498.25,5
2026-07-27 22:15:00-04:00,7495.25,7495.25,7495.25,7495.25,1
2026-07-27 22:20:00-04:00,7500.5,7500.5,7499.5,7499.5,4
2026-07-27 22:25:00-04:00,7498.5,7498.5,7496.75,7496.75,2
2026-07-27 22:30:00-04:00,7496.0,7496.0,7493.75,7493.75,6
2026-07-27 22:35:00-04:00,7494.75,7494.75,7494.75,7494.75,1
2026-07-27 23:00:00-04:00,7493.5,7494.75,7493.0,7493.0,6
2026-07-27 23:05:00-04:00,7492.75,7494.0,7492.25,7493.5,4
2026-07-27 23:10:00-04:00,7490.5,7494.5,7490.5,7494.5,3
2026-07-27 23:15:00-04:00,7494.0,7498.5,7494.0,7498.5,6
2026-07-27 23:20:00-04:00,7503.0,7503.25,7503.0,7503.25,2
2026-07-27 23:25:00-04:00,7501.5,7501.5,7501.5,7501.5,1
2026-07-27 23:30:00-04:00,7495.25,7499.5,7494.75,7499.5,6
2026-07-27 23:35:00-04:00,7500.0,7505.0,7500.0,7505.0,5
2026-07-27 23:40:00-04:00,7505.5,7505.5,7505.5,7505.5,1
2026-07-28 00:00:00-04:00,7504.5,7504.5,7504.5,7504.5,1
2026-07-28 00:05:00-04:00,7503.25,7503.25,7503.25,7503.25,2
2026-07-28 00:10:00-04:00,7498.5,7498.5,7498.25,7498.25,5
2026-07-28 00:45:00-04:00,7500.25,7500.25,7499.0,7499.0,2
2026-07-28 01:20:00-04:00,7492.25,7492.25,7492.25,7492.25,1
2026-07-28 01:30:00-04:00,7487.5,7487.5,7487.0,7487.0,2
2026-07-28 01:35:00-04:00,7487.25,7488.0,7487.25,7488.0,2
2026-07-28 02:20:00-04:00,7490.5,7490.5,7490.25,7490.25,3
2026-07-28 02:25:00-04:00,7489.25,7490.0,7489.25,7490.0,2
2026-07-28 02:35:00-04:00,7492.5,7492.5,7491.75,7491.75,2
2026-07-28 03:00:00-04:00,7498.5,7498.5,7498.5,7498.5,1
2026-07-28 03:10:00-04:00,7501.75,7502.0,7501.75,7502.0,3
2026-07-28 03:15:00-04:00,7503.75,7504.0,7503.5,7504.0,9
2026-07-28 03:25:00-04:00,7503.5,7503.5,7503.5,7503.5,1
2026-07-28 03:35:00-04:00,7502.5,7503.0,7502.5,7503.0,4
2026-07-28 03:40:00-04:00,7502.5,7502.5,7502.5,7502.5,1
2026-07-28 04:05:00-04:00,7500.0,7500.0,7500.0,7500.0,1
2026-07-28 04:10:00-04:00,7493.25,7493.25,7493.25,7493.25,1
2026-07-28 04:15:00-04:00,7498.0,7498.0,7498.0,7498.0,1
2026-07-28 04:20:00-04:00,7510.0,7510.0,7510.0,7510.0,1
2026-07-28 04:35:00-04:00,7511.0,7511.0,7511.0,7511.0,1
2026-07-28 04:45:00-04:00,7510.75,7511.25,7510.75,7511.25,2
2026-07-28 04:55:00-04:00,7507.5,7507.5,7507.5,7507.5,1
2026-07-28 05:55:00-04:00,7507.5,7507.5,7507.5,7507.5,1
2026-07-28 06:20:00-04:00,7503.75,7503.75,7503.75,7503.75,1
2026-07-28 06:30:00-04:00,7505.5,7505.5,7505.5,7505.5,1
2026-07-28 06:35:00-04:00,7506.0,7506.0,7502.5,7502.5,5
2026-07-28 06:45:00-04:00,7506.0,7506.0,7506.0,7506.0,2
2026-07-28 06:55:00-04:00,7507.5,7508.5,7507.5,7508.5,2
2026-07-28 07:00:00-04:00,7505.75,7505.75,7505.75,7505.75,1
2026-07-28 07:10:00-04:00,7501.5,7501.5,7499.75,7499.75,4
2026-07-28 07:15:00-04:00,7503.75,7515.0,7503.75,7515.0,44
2026-07-28 07:20:00-04:00,7513.25,7513.25,7513.0,7513.0,2
2026-07-28 07:25:00-04:00,7509.0,7509.0,7509.0,7509.0,1
2026-07-28 07:40:00-04:00,7502.25,7504.5,7499.25,7504.25,5
2026-07-28 07:45:00-04:00,7508.25,7510.5,7508.25,7510.5,2
2026-07-28 07:55:00-04:00,7516.25,7518.0,7516.25,7518.0,2
2026-07-28 08:05:00-04:00,7518.75,7519.5,7518.75,7519.5,2
2026-07-28 08:10:00-04:00,7517.0,7517.0,7517.0,7517.0,1
2026-07-28 08:30:00-04:00,7525.0,7526.0,7520.0,7521.75,13
2026-07-28 08:35:00-04:00,7522.0,7522.0,7521.25,7521.25,3
2026-07-28 08:40:00-04:00,7524.25,7524.25,7524.25,7524.25,1
2026-07-28 08:45:00-04:00,7528.0,7532.5,7527.5,7527.5,5
2026-07-28 08:50:00-04:00,7524.25,7524.25,7524.25,7524.25,1
2026-07-28 08:55:00-04:00,7525.75,7525.75,7523.5,7523.5,2
2026-07-28 09:05:00-04:00,7524.0,7525.25,7524.0,7525.25,2
2026-07-28 09:10:00-04:00,7524.5,7524.5,7523.0,7523.0,4
2026-07-28 09:15:00-04:00,7522.75,7522.75,7522.75,7522.75,1
2026-07-28 09:30:00-04:00,7517.25,7517.25,7505.75,7505.75,25
2026-07-28 09:35:00-04:00,7511.25,7511.25,7504.0,7504.0,7
2026-07-28 09:40:00-04:00,7500.0,7500.0,7490.0,7494.75,7
2026-07-28 09:45:00-04:00,7496.0,7498.5,7484.0,7497.75,26
2026-07-28 09:50:00-04:00,7499.75,7502.25,7492.0,7498.25,10
2026-07-28 09:55:00-04:00,7491.5,7491.5,7491.5,7491.5,1
2026-07-28 10:00:00-04:00,7499.0,7499.0,7496.0,7497.0,3
2026-07-28 10:05:00-04:00,7505.5,7505.5,7497.25,7497.25,4
2026-07-28 10:10:00-04:00,7493.75,7493.75,7491.5,7491.5,2
2026-07-28 10:15:00-04:00,7492.25,7492.25,7491.5,7491.5,2
2026-07-28 10:20:00-04:00,7495.5,7495.5,7495.5,7495.5,1
2026-07-28 10:30:00-04:00,7502.0,7502.0,7498.0,7500.25,23
2026-07-28 10:35:00-04:00,7506.25,7510.0,7505.5,7508.5,4
2026-07-28 10:40:00-04:00,7506.75,7507.25,7506.75,7507.25,2
2026-07-28 10:45:00-04:00,7507.0,7518.0,7504.25,7516.0,6
2026-07-28 10:50:00-04:00,7518.0,7521.0,7516.5,7516.5,3
2026-07-28 10:55:00-04:00,7519.75,7521.75,7511.5,7511.5,9
2026-07-28 11:00:00-04:00,7511.25,7513.25,7505.5,7505.5,5
2026-07-28 11:05:00-04:00,7508.25,7512.25,7508.25,7512.25,3
2026-07-28 11:10:00-04:00,7515.0,7520.0,7512.25,7518.0,16
2026-07-28 11:15:00-04:00,7521.75,7529.0,7521.5,7528.0,24
2026-07-28 11:20:00-04:00,7530.0,7535.75,7530.0,7535.75,10
2026-07-28 11:25:00-04:00,7538.0,7543.0,7535.25,7535.25,22
2026-07-28 11:30:00-04:00,7537.75,7537.75,7534.5,7537.5,5
2026-07-28 11:35:00-04:00,7540.25,7541.75,7539.75,7539.75,4
2026-07-28 11:40:00-04:00,7539.25,7544.0,7539.25,7544.0,3
2026-07-28 11:45:00-04:00,7545.0,7546.75,7545.0,7546.75,2
2026-07-28 11:50:00-04:00,7543.75,7546.25,7543.75,7546.25,5
2026-07-28 12:00:00-04:00,7545.0,7546.75,7545.0,7546.75,2
2026-07-28 12:05:00-04:00,7541.25,7541.25,7539.5,7539.5,3
2026-07-28 12:10:00-04:00,7541.75,7541.75,7541.0,7541.0,2
2026-07-28 12:15:00-04:00,7539.25,7542.25,7539.25,7542.25,3
2026-07-28 12:20:00-04:00,7543.5,7543.75,7543.5,7543.75,2
2026-07-28 12:25:00-04:00,7539.5,7539.5,7538.5,7538.5,3
2026-07-28 12:30:00-04:00,7536.0,7537.0,7533.75,7537.0,13
2026-07-28 12:35:00-04:00,7535.25,7539.5,7535.25,7539.5,5
2026-07-28 12:40:00-04:00,7541.75,7543.5,7541.75,7543.25,5
2026-07-28 12:50:00-04:00,7545.75,7550.0,7545.75,7549.0,4
2026-07-28 12:55:00-04:00,7549.75,7551.0,7549.75,7550.25,6
2026-07-28 13:00:00-04:00,7548.5,7548.5,7547.25,7547.25,2
2026-07-28 13:05:00-04:00,7545.0,7545.0,7538.5,7538.5,4
2026-07-28 13:10:00-04:00,7538.0,7538.0,7537.0,7537.5,7
2026-07-28 13:15:00-04:00,7535.0,7537.75,7535.0,7537.75,10
2026-07-28 13:20:00-04:00,7537.5,7540.75,7537.5,7538.75,5
2026-07-28 13:25:00-04:00,7536.5,7540.75,7536.5,7540.75,2
2026-07-28 13:30:00-04:00,7537.25,7542.5,7537.25,7542.5,6
2026-07-28 13:35:00-04:00,7542.25,7542.25,7540.75,7541.0,4
2026-07-28 13:40:00-04:00,7538.0,7539.75,7531.5,7531.5,9
2026-07-28 13:45:00-04:00,7532.5,7535.75,7531.75,7535.75,12
2026-07-28 13:55:00-04:00,7530.0,7530.0,7530.0,7530.0,1
2026-07-28 14:10:00-04:00,7533.0,7533.0,7529.75,7529.75,3
2026-07-28 14:30:00-04:00,7534.0,7534.0,7534.0,7534.0,2
2026-07-28 14:35:00-04:00,7533.25,7533.25,7533.25,7533.25,1
2026-07-28 14:50:00-04:00,7539.5,7539.5,7538.0,7538.25,3
2026-07-28 14:55:00-04:00,7540.0,7540.0,7538.5,7538.5,3
2026-07-28 15:00:00-04:00,7540.5,7540.5,7540.25,7540.25,3
2026-07-28 15:15:00-04:00,7540.0,7540.0,7539.25,7540.0,9
2026-07-28 15:25:00-04:00,7540.5,7540.5,7539.5,7539.5,3
2026-07-28 15:30:00-04:00,7540.0,7540.0,7540.0,7540.0,1
2026-07-28 15:50:00-04:00,7535.5,7535.5,7535.5,7535.5,1
2026-07-28 15:55:00-04:00,7539.0,7539.0,7530.5,7530.5,2
2026-07-28 16:05:00-04:00,7532.5,7533.25,7527.25,7530.25,14
2026-07-28 16:10:00-04:00,7534.25,7534.25,7534.25,7534.25,1
2026-07-28 16:15:00-04:00,7535.0,7535.0,7535.0,7535.0,1
2026-07-28 16:25:00-04:00,7538.5,7539.25,7538.5,7539.25,3
2026-07-28 16:35:00-04:00,7533.75,7533.75,7533.75,7533.75,1
2026-07-28 18:00:00-04:00,7535.25,7535.25,7534.5,7534.5,2
2026-07-28 18:15:00-04:00,7530.75,7530.75,7529.0,7529.0,5
2026-07-28 18:20:00-04:00,7527.5,7527.5,7527.25,7527.25,2
2026-07-28 18:30:00-04:00,7523.0,7525.0,7523.0,7523.75,4
2026-07-28 18:50:00-04:00,7518.25,7519.0,7518.25,7519.0,2
2026-07-28 19:00:00-04:00,7519.0,7519.5,7517.25,7519.5,4
2026-07-28 19:10:00-04:00,7521.0,7529.25,7521.0,7529.25,3
2026-07-28 19:20:00-04:00,7534.0,7534.0,7534.0,7534.0,1
2026-07-28 19:30:00-04:00,7535.25,7535.25,7535.25,7535.25,1
2026-07-28 19:40:00-04:00,7545.0,7550.0,7545.0,7550.0,3
2026-07-28 19:45:00-04:00,7547.5,7555.0,7547.5,7555.0,8
2026-07-28 19:50:00-04:00,7555.75,7556.5,7555.75,7556.5,4
2026-07-28 19:55:00-04:00,7557.0,7560.5,7557.0,7560.5,6
2026-07-28 20:00:00-04:00,7560.5,7563.5,7560.5,7562.25,6
2026-07-28 20:05:00-04:00,7564.0,7565.0,7564.0,7564.5,12
2026-07-28 20:10:00-04:00,7562.25,7562.25,7562.25,7562.25,1
2026-07-28 20:15:00-04:00,7560.0,7562.0,7558.5,7562.0,3
2026-07-28 20:20:00-04:00,7560.25,7565.25,7560.25,7561.0,16
2026-07-28 20:25:00-04:00,7559.0,7560.0,7558.5,7560.0,4
2026-07-28 20:30:00-04:00,7557.0,7557.0,7555.25,7555.25,2
2026-07-28 20:35:00-04:00,7560.0,7560.0,7559.0,7559.0,4
2026-07-28 20:50:00-04:00,7556.0,7557.0,7556.0,7557.0,2
2026-07-28 20:55:00-04:00,7557.0,7557.0,7553.25,7553.25,2
2026-07-28 21:05:00-04:00,7549.75,7549.75,7548.0,7548.0,2
2026-07-28 21:10:00-04:00,7545.5,7545.5,7539.0,7539.0,12
2026-07-28 21:15:00-04:00,7537.5,7537.5,7537.5,7537.5,1
2026-07-28 21:20:00-04:00,7541.5,7542.5,7541.5,7542.5,2
2026-07-28 21:40:00-04:00,7538.75,7538.75,7538.75,7538.75,1
2026-07-28 21:45:00-04:00,7533.25,7533.25,7530.75,7530.75,44
2026-07-28 21:50:00-04:00,7530.0,7530.0,7525.0,7525.25,9
2026-07-28 21:55:00-04:00,7524.0,7524.0,7524.0,7524.0,1
2026-07-28 22:00:00-04:00,7520.0,7523.5,7520.0,7523.0,4
2026-07-28 22:05:00-04:00,7526.0,7528.0,7526.0,7528.0,3
2026-07-28 22:20:00-04:00,7530.0,7530.0,7530.0,7530.0,1
2026-07-28 22:25:00-04:00,7530.25,7530.25,7530.25,7530.25,1
2026-07-28 22:35:00-04:00,7531.75,7532.75,7531.5,7531.5,7
2026-07-28 23:00:00-04:00,7525.5,7525.5,7523.5,7523.5,3
2026-07-28 23:05:00-04:00,7530.25,7530.25,7530.25,7530.25,1
2026-07-28 23:20:00-04:00,7524.75,7524.75,7524.75,7524.75,1
2026-07-28 23:30:00-04:00,7520.75,7520.75,7517.5,7517.5,4
2026-07-28 23:40:00-04:00,7520.75,7520.75,7520.75,7520.75,1
2026-07-28 23:45:00-04:00,7520.0,7520.0,7520.0,7520.0,2
2026-07-28 23:50:00-04:00,7517.75,7517.75,7514.0,7514.5,3
2026-07-29 00:00:00-04:00,7511.0,7511.0,7510.0,7510.0,4
2026-07-29 00:10:00-04:00,7511.0,7511.0,7511.0,7511.0,1
2026-07-29 00:15:00-04:00,7508.75,7508.75,7508.75,7508.75,6
2026-07-29 00:20:00-04:00,7509.0,7511.75,7509.0,7511.5,6
2026-07-29 00:25:00-04:00,7510.5,7510.5,7510.5,7510.5,1
2026-07-29 00:30:00-04:00,7509.75,7509.75,7508.0,7508.0,2
2026-07-29 00:35:00-04:00,7512.5,7512.5,7512.5,7512.5,1
2026-07-29 00:40:00-04:00,7507.75,7507.75,7507.0,7507.0,4
2026-07-29 01:05:00-04:00,7520.75,7524.5,7520.75,7523.75,9
2026-07-29 01:10:00-04:00,7525.0,7526.0,7525.0,7525.75,3
2026-07-29 01:35:00-04:00,7528.0,7528.0,7528.0,7528.0,1
2026-07-29 01:50:00-04:00,7526.5,7526.5,7526.5,7526.5,1
2026-07-29 02:30:00-04:00,7529.25,7532.25,7529.25,7532.25,2
2026-07-29 02:35:00-04:00,7535.0,7538.5,7535.0,7538.5,2
2026-07-29 02:40:00-04:00,7540.0,7540.0,7540.0,7540.0,2
2026-07-29 02:45:00-04:00,7539.0,7541.25,7539.0,7541.25,3
2026-07-29 02:50:00-04:00,7544.0,7544.0,7543.75,7543.75,2
2026-07-29 02:55:00-04:00,7545.0,7545.0,7545.0,7545.0,1
2026-07-29 03:00:00-04:00,7543.0,7543.0,7543.0,7543.0,1
2026-07-29 03:05:00-04:00,7544.0,7545.0,7544.0,7545.0,2
2026-07-29 03:10:00-04:00,7548.5,7548.5,7548.5,7548.5,1
2026-07-29 03:25:00-04:00,7543.0,7544.0,7543.0,7544.0,2
2026-07-29 03:30:00-04:00,7550.0,7550.0,7550.0,7550.0,1
2026-07-29 04:05:00-04:00,7544.0,7544.0,7544.0,7544.0,1
2026-07-29 04:10:00-04:00,7542.0,7542.0,7542.0,7542.0,1
2026-07-29 04:25:00-04:00,7536.25,7536.25,7536.25,7536.25,1
2026-07-29 04:30:00-04:00,7546.0,7546.0,7546.0,7546.0,1
2026-07-29 04:40:00-04:00,7548.75,7548.75,7548.75,7548.75,1
2026-07-29 04:50:00-04:00,7550.5,7550.5,7550.5,7550.5,1
2026-07-29 05:00:00-04:00,7550.0,7550.0,7550.0,7550.0,1
2026-07-29 05:50:00-04:00,7557.5,7557.5,7557.5,7557.5,6
2026-07-29 05:55:00-04:00,7549.25,7549.25,7549.25,7549.25,1
2026-07-29 06:00:00-04:00,7551.0,7551.0,7551.0,7551.0,1
2026-07-29 06:45:00-04:00,7546.5,7546.5,7546.0,7546.0,4
2026-07-29 06:50:00-04:00,7544.75,7544.75,7543.25,7543.25,2
2026-07-29 06:55:00-04:00,7543.25,7543.25,7543.25,7543.25,1
2026-07-29 07:00:00-04:00,7545.0,7545.0,7545.0,7545.0,1
2026-07-29 07:05:00-04:00,7543.5,7543.5,7543.5,7543.5,1
2026-07-29 07:10:00-04:00,7549.75,7549.75,7549.75,7549.75,1
2026-07-29 07:35:00-04:00,7545.0,7545.0,7545.0,7545.0,1
2026-07-29 07:50:00-04:00,7543.75,7543.75,7543.75,7543.75,1
2026-07-29 08:00:00-04:00,7547.0,7547.0,7547.0,7547.0,1
2026-07-29 08:10:00-04:00,7542.0,7542.5,7540.0,7540.0,5
2026-07-29 08:15:00-04:00,7538.25,7538.75,7528.25,7529.75,21
2026-07-29 08:20:00-04:00,7528.0,7528.25,7526.75,7526.75,3
2026-07-29 08:35:00-04:00,7528.5,7528.5,7528.5,7528.5,1
2026-07-29 08:40:00-04:00,7530.0,7530.0,7530.0,7530.0,1
2026-07-29 08:45:00-04:00,7530.75,7530.75,7530.75,7530.75,1
2026-07-29 09:05:00-04:00,7522.0,7522.0,7522.0,7522.0,7
2026-07-29 09:20:00-04:00,7519.5,7519.5,7519.5,7519.5,1
2026-07-29 09:25:00-04:00,7527.75,7527.75,7527.75,7527.75,1
2026-07-29 09:30:00-04:00,7517.75,7526.5,7511.75,7525.75,15
2026-07-29 09:35:00-04:00,7525.0,7525.0,7520.25,7520.25,3
2026-07-29 09:45:00-04:00,7521.5,7521.5,7515.5,7515.5,2
2026-07-29 09:50:00-04:00,7511.25,7511.25,7498.0,7498.0,10
2026-07-29 09:55:00-04:00,7497.0,7497.0,7490.0,7493.5,10
2026-07-29 10:00:00-04:00,7498.25,7499.5,7498.25,7499.5,2
2026-07-29 10:05:00-04:00,7505.75,7505.75,7490.25,7491.25,14
2026-07-29 10:10:00-04:00,7488.0,7491.0,7474.0,7476.5,25
2026-07-29 10:15:00-04:00,7476.5,7481.0,7476.5,7481.0,6
2026-07-29 10:20:00-04:00,7484.25,7484.5,7476.5,7476.5,5
2026-07-29 10:25:00-04:00,7471.0,7473.5,7466.0,7473.5,38
2026-07-29 10:30:00-04:00,7471.5,7476.0,7471.5,7476.0,8
2026-07-29 10:35:00-04:00,7475.25,7475.25,7470.0,7470.0,4
2026-07-29 10:40:00-04:00,7469.0,7469.0,7460.0,7464.75,10
2026-07-29 10:45:00-04:00,7462.25,7466.0,7462.25,7466.0,6
2026-07-29 10:50:00-04:00,7467.25,7472.0,7467.25,7470.0,5
2026-07-29 10:55:00-04:00,7467.5,7470.75,7467.5,7470.75,2
2026-07-29 11:05:00-04:00,7470.0,7470.0,7470.0,7470.0,1
2026-07-29 11:10:00-04:00,7478.75,7478.75,7476.75,7476.75,2
2026-07-29 11:15:00-04:00,7469.25,7469.25,7469.25,7469.25,1
2026-07-29 11:20:00-04:00,7468.25,7468.25,7468.25,7468.25,1
2026-07-29 11:25:00-04:00,7472.5,7472.5,7472.5,7472.5,1
2026-07-29 11:30:00-04:00,7471.0,7471.0,7467.5,7467.5,3
2026-07-29 11:35:00-04:00,7468.0,7468.0,7467.25,7467.25,2
2026-07-29 11:40:00-04:00,7461.75,7461.75,7461.0,7461.0,2
2026-07-29 11:45:00-04:00,7465.0,7465.0,7464.0,7464.0,2
2026-07-29 11:50:00-04:00,7458.5,7458.5,7458.5,7458.5,1
2026-07-29 11:55:00-04:00,7454.0,7458.5,7453.0,7458.5,6
2026-07-29 12:00:00-04:00,7462.25,7462.25,7449.75,7449.75,10
2026-07-29 12:05:00-04:00,7446.0,7449.5,7446.0,7449.5,10
2026-07-29 12:10:00-04:00,7448.25,7448.25,7445.0,7445.0,4
2026-07-29 12:15:00-04:00,7442.0,7445.25,7438.0,7445.25,13
2026-07-29 12:20:00-04:00,7455.25,7455.75,7455.0,7455.75,3
2026-07-29 12:25:00-04:00,7456.25,7458.5,7455.5,7458.5,7
2026-07-29 12:30:00-04:00,7462.25,7463.5,7457.75,7460.75,6
2026-07-29 12:45:00-04:00,7452.75,7452.75,7452.5,7452.5,2
2026-07-29 12:50:00-04:00,7460.75,7465.5,7460.25,7465.25,9
2026-07-29 12:55:00-04:00,7463.25,7469.5,7463.25,7469.5,11
2026-07-29 13:00:00-04:00,7471.25,7480.0,7471.25,7480.0,16
2026-07-29 13:05:00-04:00,7479.25,7479.25,7476.25,7476.25,8
2026-07-29 13:10:00-04:00,7478.75,7487.0,7478.75,7485.0,5
2026-07-29 13:15:00-04:00,7487.5,7489.0,7487.0,7489.0,4
2026-07-29 13:20:00-04:00,7492.0,7492.0,7485.5,7485.5,11
2026-07-29 13:25:00-04:00,7485.75,7486.0,7480.25,7480.25,8
2026-07-29 13:30:00-04:00,7478.0,7484.0,7478.0,7484.0,7
2026-07-29 13:35:00-04:00,7477.75,7479.5,7477.75,7478.5,5
2026-07-29 13:50:00-04:00,7482.0,7484.5,7482.0,7484.5,5
2026-07-29 13:55:00-04:00,7484.0,7484.0,7479.25,7481.0,7
2026-07-29 14:00:00-04:00,7498.75,7515.5,7498.75,7502.75,55
2026-07-29 14:05:00-04:00,7504.5,7509.25,7498.75,7499.75,17
2026-07-29 14:10:00-04:00,7502.75,7504.5,7491.0,7492.5,9
2026-07-29 14:15:00-04:00,7499.5,7499.5,7490.0,7490.0,3
2026-07-29 14:20:00-04:00,7489.25,7489.25,7484.75,7488.75,10
2026-07-29 14:25:00-04:00,7488.25,7490.5,7488.25,7490.5,2
2026-07-29 14:30:00-04:00,7496.75,7498.5,7481.0,7489.75,20
2026-07-29 14:35:00-04:00,7492.0,7510.0,7492.0,7508.75,11
2026-07-29 14:40:00-04:00,7513.25,7530.25,7513.25,7530.25,13
2026-07-29 14:45:00-04:00,7529.0,7537.25,7529.0,7536.75,9
2026-07-29 14:50:00-04:00,7540.5,7545.0,7535.0,7544.5,33
2026-07-29 14:55:00-04:00,7545.25,7546.75,7536.75,7541.25,16
2026-07-29 15:00:00-04:00,7541.0,7546.25,7535.75,7537.75,13
2026-07-29 15:05:00-04:00,7525.5,7525.5,7508.0,7508.0,12
2026-07-29 15:10:00-04:00,7507.75,7509.5,7503.5,7506.5,14
2026-07-29 15:15:00-04:00,7514.75,7515.5,7493.5,7493.5,9
2026-07-29 15:20:00-04:00,7488.75,7489.75,7474.25,7476.25,37
2026-07-29 15:25:00-04:00,7475.25,7477.0,7462.5,7468.75,42
2026-07-29 15:30:00-04:00,7469.0,7474.5,7445.0,7450.5,24
2026-07-29 15:35:00-04:00,7448.75,7458.0,7433.75,7433.75,36
2026-07-29 15:40:00-04:00,7432.5,7437.75,7426.75,7429.5,49
2026-07-29 15:45:00-04:00,7430.0,7437.0,7424.25,7436.5,20
2026-07-29 15:50:00-04:00,7431.5,7433.25,7420.5,7428.0,40
2026-07-29 15:55:00-04:00,7420.0,7421.0,7410.0,7414.0,104
2026-07-29 16:00:00-04:00,7417.25,7424.25,7392.5,7392.5,63
2026-07-29 16:05:00-04:00,7409.0,7409.0,7395.0,7395.0,27
2026-07-29 16:10:00-04:00,7395.0,7405.5,7391.0,7400.0,21
2026-07-29 16:15:00-04:00,7396.75,7404.5,7394.75,7396.5,9
2026-07-29 16:20:00-04:00,7399.0,7401.0,7399.0,7401.0,8
2026-07-29 16:25:00-04:00,7389.75,7396.0,7386.0,7396.0,39
2026-07-29 16:30:00-04:00,7394.75,7401.25,7394.25,7401.25,9
2026-07-29 16:35:00-04:00,7405.25,7408.0,7404.25,7407.0,4
2026-07-29 16:45:00-04:00,7403.5,7403.5,7403.5,7403.5,1
2026-07-29 16:50:00-04:00,7404.5,7404.5,7404.5,7404.5,1
2026-07-29 16:55:00-04:00,7406.25,7406.25,7403.5,7404.25,10
2026-07-29 18:00:00-04:00,7399.75,7416.25,7399.75,7416.25,7
2026-07-29 18:05:00-04:00,7421.0,7425.25,7421.0,7425.25,6
2026-07-29 18:10:00-04:00,7429.5,7437.5,7429.5,7433.0,18
2026-07-29 18:15:00-04:00,7435.0,7439.0,7435.0,7438.75,10
2026-07-29 18:20:00-04:00,7437.75,7438.0,7433.5,7433.5,6
2026-07-29 18:25:00-04:00,7433.25,7434.75,7430.75,7430.75,4
2026-07-29 18:30:00-04:00,7431.25,7431.25,7431.25,7431.25,1
2026-07-29 18:40:00-04:00,7434.25,7434.25,7434.25,7434.25,1
2026-07-29 18:50:00-04:00,7436.0,7436.0,7436.0,7436.0,1
2026-07-29 18:55:00-04:00,7431.0,7432.75,7431.0,7432.75,22
2026-07-29 19:00:00-04:00,7435.75,7438.0,7435.75,7438.0,3
2026-07-29 19:05:00-04:00,7438.0,7438.0,7436.25,7436.25,2
2026-07-29 19:10:00-04:00,7437.5,7437.5,7435.5,7435.5,2
2026-07-29 19:15:00-04:00,7440.5,7441.0,7440.5,7441.0,4
2026-07-29 19:20:00-04:00,7441.0,7441.0,7441.0,7441.0,15
2026-07-29 19:25:00-04:00,7441.0,7441.0,7441.0,7441.0,1
2026-07-29 19:30:00-04:00,7442.25,7444.75,7442.25,7444.25,4
2026-07-29 19:35:00-04:00,7444.0,7444.5,7444.0,7444.5,3
2026-07-29 19:40:00-04:00,7440.0,7440.0,7440.0,7440.0,1
2026-07-29 19:45:00-04:00,7444.5,7444.75,7443.25,7443.25,4
2026-07-29 19:50:00-04:00,7439.75,7439.75,7439.75,7439.75,2
2026-07-29 20:00:00-04:00,7440.0,7440.0,7438.0,7439.5,4
2026-07-29 20:05:00-04:00,7445.25,7447.75,7445.25,7447.5,6
2026-07-29 20:10:00-04:00,7447.5,7451.0,7447.0,7451.0,6
2026-07-29 20:15:00-04:00,7446.5,7446.5,7444.75,7444.75,4
2026-07-29 20:25:00-04:00,7440.25,7440.25,7440.25,7440.25,1
2026-07-29 20:30:00-04:00,7444.0,7444.0,7438.75,7439.25,6
2026-07-29 20:35:00-04:00,7435.75,7436.0,7435.25,7436.0,3
2026-07-29 20:40:00-04:00,7435.0,7437.5,7433.0,7433.0,4
2026-07-29 20:45:00-04:00,7436.5,7440.25,7436.5,7440.25,2
2026-07-29 20:50:00-04:00,7438.0,7440.75,7436.25,7440.75,7
2026-07-29 20:55:00-04:00,7437.75,7437.75,7437.75,7437.75,1
2026-07-29 21:00:00-04:00,7441.0,7444.0,7440.75,7444.0,6
2026-07-29 21:05:00-04:00,7446.75,7453.0,7446.75,7452.0,8
2026-07-29 21:10:00-04:00,7444.0,7446.0,7442.0,7442.0,6
2026-07-29 21:15:00-04:00,7445.0,7445.0,7445.0,7445.0,1
2026-07-29 21:25:00-04:00,7449.5,7449.5,7449.5,7449.5,2
2026-07-29 21:35:00-04:00,7453.25,7455.0,7453.25,7455.0,2
2026-07-29 21:50:00-04:00,7455.5,7455.5,7455.5,7455.5,1
2026-07-29 22:15:00-04:00,7451.0,7451.0,7451.0,7451.0,1
2026-07-29 22:20:00-04:00,7452.25,7452.25,7452.25,7452.25,1
2026-07-29 22:30:00-04:00,7447.5,7447.5,7447.5,7447.5,1
2026-07-29 22:35:00-04:00,7446.25,7447.75,7446.25,7447.75,3
2026-07-29 22:45:00-04:00,7452.0,7452.0,7452.0,7452.0,2
2026-07-29 22:50:00-04:00,7448.5,7448.5,7448.5,7448.5,5
2026-07-29 22:55:00-04:00,7445.0,7445.0,7445.0,7445.0,1
2026-07-29 23:00:00-04:00,7443.0,7443.0,7443.0,7443.0,3
2026-07-29 23:05:00-04:00,7442.75,7442.75,7441.25,7441.25,2
2026-07-29 23:10:00-04:00,7439.75,7439.75,7437.5,7437.5,4
2026-07-29 23:15:00-04:00,7435.5,7435.5,7435.5,7435.5,1
2026-07-29 23:20:00-04:00,7435.75,7435.75,7435.75,7435.75,1
2026-07-29 23:30:00-04:00,7434.25,7438.75,7434.0,7438.75,3
2026-07-29 23:35:00-04:00,7438.25,7438.25,7435.25,7436.0,3
2026-07-29 23:50:00-04:00,7440.75,7440.75,7440.75,7440.75,1
2026-07-30 00:50:00-04:00,7432.25,7432.25,7432.25,7432.25,1
2026-07-30 01:05:00-04:00,7426.25,7426.25,7426.25,7426.25,1
2026-07-30 01:10:00-04:00,7429.0,7429.0,7429.0,7429.0,1
2026-07-30 01:20:00-04:00,7432.75,7432.75,7432.75,7432.75,3
2026-07-30 01:25:00-04:00,7431.0,7431.0,7431.0,7431.0,1
2026-07-30 01:35:00-04:00,7432.0,7432.0,7432.0,7432.0,1
2026-07-30 02:15:00-04:00,7425.5,7425.5,7425.5,7425.5,1
2026-07-30 02:20:00-04:00,7424.0,7424.0,7424.0,7424.0,1
2026-07-30 02:35:00-04:00,7425.75,7425.75,7425.75,7425.75,1
2026-07-30 02:40:00-04:00,7423.75,7423.75,7423.75,7423.75,1
2026-07-30 03:00:00-04:00,7434.75,7445.5,7434.75,7445.5,15
2026-07-30 03:15:00-04:00,7434.75,7434.75,7432.25,7432.25,3
2026-07-30 03:30:00-04:00,7426.25,7426.25,7424.5,7424.5,2
2026-07-30 03:35:00-04:00,7421.5,7424.5,7419.75,7424.5,3
2026-07-30 03:45:00-04:00,7430.5,7430.5,7430.5,7430.5,1
2026-07-30 03:50:00-04:00,7428.5,7428.5,7428.5,7428.5,1
2026-07-30 03:55:00-04:00,7423.5,7423.5,7423.5,7423.5,1
2026-07-30 04:00:00-04:00,7423.5,7423.5,7419.0,7419.0,4
2026-07-30 04:05:00-04:00,7432.0,7432.25,7432.0,7432.25,2
2026-07-30 04:10:00-04:00,7435.0,7435.0,7435.0,7435.0,10
2026-07-30 04:15:00-04:00,7431.75,7431.75,7431.75,7431.75,1
2026-07-30 04:30:00-04:00,7441.0,7441.5,7441.0,7441.5,2
2026-07-30 05:00:00-04:00,7441.0,7441.0,7441.0,7441.0,1
2026-07-30 05:10:00-04:00,7444.5,7447.0,7444.5,7447.0,2
2026-07-30 05:20:00-04:00,7447.5,7449.25,7447.5,7449.25,4
2026-07-30 05:35:00-04:00,7451.0,7451.0,7451.0,7451.0,1
2026-07-30 05:40:00-04:00,7447.0,7447.0,7446.0,7446.25,41
2026-07-30 05:55:00-04:00,7441.5,7441.5,7440.25,7440.25,3
2026-07-30 06:20:00-04:00,7448.0,7450.0,7448.0,7450.0,6
2026-07-30 06:35:00-04:00,7452.25,7452.25,7452.25,7452.25,2
2026-07-30 06:40:00-04:00,7451.0,7454.5,7451.0,7454.5,12
2026-07-30 06:50:00-04:00,7454.75,7454.75,7454.75,7454.75,1
2026-07-30 06:55:00-04:00,7448.5,7448.5,7448.5,7448.5,2
2026-07-30 07:00:00-04:00,7454.5,7454.5,7454.5,7454.5,2
2026-07-30 07:05:00-04:00,7455.0,7455.25,7455.0,7455.25,2
2026-07-30 07:10:00-04:00,7456.5,7456.5,7456.5,7456.5,10
2026-07-30 07:15:00-04:00,7456.0,7457.5,7456.0,7457.5,2
2026-07-30 07:20:00-04:00,7456.75,7460.0,7456.75,7460.0,2
2026-07-30 07:25:00-04:00,7461.5,7461.5,7461.5,7461.5,1
2026-07-30 07:30:00-04:00,7462.5,7462.5,7459.75,7459.75,11
2026-07-30 07:35:00-04:00,7463.25,7463.25,7463.25,7463.25,1
2026-07-30 07:45:00-04:00,7463.25,7464.75,7461.0,7464.75,23
2026-07-30 07:55:00-04:00,7464.25,7464.75,7464.25,7464.75,2
2026-07-30 08:00:00-04:00,7462.5,7462.75,7462.5,7462.75,2
2026-07-30 08:05:00-04:00,7467.25,7467.25,7467.25,7467.25,1
2026-07-30 08:10:00-04:00,7466.25,7466.25,7466.25,7466.25,1
2026-07-30 08:15:00-04:00,7466.25,7466.25,7466.25,7466.25,1
2026-07-30 08:20:00-04:00,7464.0,7464.0,7464.0,7464.0,1
2026-07-30 08:30:00-04:00,7469.5,7469.5,7461.25,7461.25,3
2026-07-30 08:40:00-04:00,7459.5,7459.5,7458.5,7458.5,3
2026-07-30 08:50:00-04:00,7461.25,7461.75,7461.0,7461.75,3
2026-07-30 08:55:00-04:00,7461.0,7461.0,7461.0,7461.0,2
2026-07-30 09:05:00-04:00,7470.0,7472.75,7467.75,7467.75,7
2026-07-30 09:10:00-04:00,7467.0,7467.0,7465.75,7465.75,2
2026-07-30 09:15:00-04:00,7467.0,7471.25,7466.75,7471.25,3
2026-07-30 09:25:00-04:00,7471.25,7475.0,7470.5,7475.0,10
2026-07-30 09:30:00-04:00,7480.0,7480.0,7470.25,7472.0,42
2026-07-30 09:35:00-04:00,7475.25,7475.25,7472.25,7472.25,4
2026-07-30 09:40:00-04:00,7464.75,7484.25,7464.75,7482.5,13
2026-07-30 09:45:00-04:00,7484.25,7492.0,7484.25,7491.0,31
2026-07-30 09:50:00-04:00,7491.75,7500.0,7489.25,7496.25,38
2026-07-30 09:55:00-04:00,7496.25,7504.25,7496.25,7504.25,16
2026-07-30 10:00:00-04:00,7502.5,7506.25,7501.75,7502.25,26
2026-07-30 10:05:00-04:00,7502.25,7505.5,7493.75,7494.5,27
2026-07-30 10:10:00-04:00,7497.25,7499.25,7492.5,7496.0,12
2026-07-30 10:15:00-04:00,7497.5,7500.5,7492.75,7495.25,18
2026-07-30 10:20:00-04:00,7496.25,7499.75,7496.25,7496.5,5
2026-07-30 10:25:00-04:00,7496.75,7509.5,7496.75,7508.75,14
2026-07-30 10:30:00-04:00,7504.0,7504.0,7499.0,7499.0,5
2026-07-30 10:35:00-04:00,7498.75,7506.25,7498.75,7504.0,11
2026-07-30 10:40:00-04:00,7505.0,7505.0,7495.5,7495.5,5
2026-07-30 10:45:00-04:00,7491.25,7491.25,7486.0,7486.0,10
2026-07-30 10:50:00-04:00,7488.25,7488.25,7480.0,7480.0,6
2026-07-30 10:55:00-04:00,7478.0,7479.5,7474.0,7479.5,9
2026-07-30 11:00:00-04:00,7472.5,7480.0,7470.75,7480.0,8
2026-07-30 11:05:00-04:00,7480.25,7485.0,7475.75,7485.0,9
2026-07-30 11:10:00-04:00,7472.25,7473.0,7468.75,7468.75,4
2026-07-30 11:15:00-04:00,7471.75,7471.75,7467.5,7467.5,3
2026-07-30 11:20:00-04:00,7471.25,7477.0,7471.25,7472.5,11
2026-07-30 11:25:00-04:00,7471.25,7471.25,7467.25,7467.25,3
2026-07-30 11:30:00-04:00,7467.5,7476.0,7466.0,7476.0,22
2026-07-30 11:35:00-04:00,7477.75,7478.0,7472.25,7473.75,6
2026-07-30 11:40:00-04:00,7475.5,7486.0,7475.5,7486.0,7
2026-07-30 11:45:00-04:00,7490.0,7490.0,7490.0,7490.0,1
2026-07-30 11:50:00-04:00,7486.5,7487.5,7484.0,7487.0,11
2026-07-30 11:55:00-04:00,7490.75,7492.0,7488.75,7488.75,6
2026-07-30 12:00:00-04:00,7488.0,7500.25,7487.25,7500.25,23
2026-07-30 12:05:00-04:00,7501.25,7501.25,7497.75,7499.25,5
2026-07-30 12:10:00-04:00,7501.25,7506.75,7501.25,7506.75,12
2026-07-30 12:15:00-04:00,7506.5,7509.5,7506.5,7509.5,3
2026-07-30 12:20:00-04:00,7507.25,7507.5,7506.0,7506.0,8
2026-07-30 12:25:00-04:00,7504.5,7506.75,7504.25,7506.25,24
2026-07-30 12:30:00-04:00,7503.0,7503.0,7503.0,7503.0,1
2026-07-30 12:35:00-04:00,7508.0,7508.0,7503.5,7503.5,2
2026-07-30 12:40:00-04:00,7499.5,7499.5,7496.5,7498.0,6
2026-07-30 12:45:00-04:00,7500.5,7505.25,7500.5,7503.5,4
2026-07-30 12:50:00-04:00,7504.5,7507.0,7504.5,7507.0,3
2026-07-30 13:00:00-04:00,7508.75,7519.0,7508.75,7517.25,30
2026-07-30 13:05:00-04:00,7518.5,7519.0,7518.5,7519.0,2
2026-07-30 13:10:00-04:00,7515.5,7515.5,7515.0,7515.0,2
2026-07-30 13:15:00-04:00,7518.75,7520.25,7518.75,7520.25,4
2026-07-30 13:25:00-04:00,7518.25,7518.25,7515.5,7516.0,4
2026-07-30 13:30:00-04:00,7518.5,7518.5,7513.5,7513.5,5
2026-07-30 13:40:00-04:00,7519.75,7519.75,7518.5,7518.5,2
2026-07-30 13:50:00-04:00,7517.25,7522.0,7517.25,7522.0,4
2026-07-30 13:55:00-04:00,7515.25,7515.25,7515.25,7515.25,1
2026-07-30 14:05:00-04:00,7516.5,7520.0,7516.25,7519.75,9
2026-07-30 14:15:00-04:00,7521.25,7521.25,7521.25,7521.25,1
2026-07-30 14:20:00-04:00,7519.5,7519.5,7519.5,7519.5,1
2026-07-30 14:25:00-04:00,7520.0,7520.0,7520.0,7520.0,1
2026-07-30 14:30:00-04:00,7522.5,7522.5,7522.5,7522.5,1
2026-07-30 14:35:00-04:00,7520.75,7520.75,7520.75,7520.75,2
2026-07-30 14:45:00-04:00,7521.75,7524.25,7521.75,7524.25,4
2026-07-30 14:50:00-04:00,7525.0,7525.0,7525.0,7525.0,10
2026-07-30 15:00:00-04:00,7527.25,7532.0,7527.25,7530.0,13
2026-07-30 15:05:00-04:00,7531.25,7535.0,7530.75,7535.0,6
2026-07-30 15:10:00-04:00,7540.5,7541.0,7539.0,7541.0,12
2026-07-30 15:15:00-04:00,7539.25,7541.0,7536.75,7540.75,6
2026-07-30 15:25:00-04:00,7540.25,7540.25,7536.75,7536.75,4
2026-07-30 15:30:00-04:00,7535.75,7536.0,7535.75,7536.0,2
2026-07-30 15:40:00-04:00,7533.75,7533.75,7533.75,7533.75,1
2026-07-30 15:45:00-04:00,7536.25,7536.25,7536.0,7536.0,2
2026-07-30 15:50:00-04:00,7534.25,7534.25,7532.25,7532.25,3
2026-07-30 15:55:00-04:00,7530.25,7540.5,7530.25,7536.5,28
2026-07-30 16:00:00-04:00,7538.25,7557.0,7538.0,7557.0,40
2026-07-30 16:05:00-04:00,7553.0,7554.25,7549.25,7549.25,3
2026-07-30 16:10:00-04:00,7546.0,7548.5,7546.0,7548.5,6
2026-07-30 16:15:00-04:00,7554.75,7555.0,7552.5,7552.75,4
2026-07-30 16:20:00-04:00,7555.25,7555.25,7555.25,7555.25,1
2026-07-30 16:25:00-04:00,7553.75,7553.75,7553.75,7553.75,1
2026-07-30 16:30:00-04:00,7548.0,7548.0,7546.5,7547.75,6
2026-07-30 16:40:00-04:00,7545.25,7545.25,7542.0,7544.25,4
2026-07-30 16:45:00-04:00,7544.25,7544.25,7542.5,7542.5,2
2026-07-30 18:00:00-04:00,7540.5,7540.5,7540.5,7540.5,2
2026-07-30 18:30:00-04:00,7538.0,7538.0,7538.0,7538.0,1
2026-07-30 18:50:00-04:00,7547.0,7547.0,7547.0,7547.0,1
2026-07-30 18:55:00-04:00,7550.0,7550.0,7550.0,7550.0,1
2026-07-30 19:00:00-04:00,7552.0,7553.5,7552.0,7553.5,2
2026-07-30 19:05:00-04:00,7552.5,7552.5,7552.5,7552.5,3
2026-07-30 20:00:00-04:00,7551.0,7551.0,7551.0,7551.0,1
2026-07-30 20:10:00-04:00,7556.5,7558.0,7556.5,7558.0,5
2026-07-30 20:15:00-04:00,7561.75,7562.0,7559.5,7561.25,6
2026-07-30 20:20:00-04:00,7559.0,7559.0,7559.0,7559.0,1
2026-07-30 20:30:00-04:00,7562.0,7562.0,7561.0,7561.0,2
2026-07-30 20:35:00-04:00,7559.5,7559.5,7559.5,7559.5,1
2026-07-30 20:45:00-04:00,7558.0,7558.25,7558.0,7558.25,2
2026-07-30 20:55:00-04:00,7559.75,7559.75,7559.75,7559.75,1
2026-07-30 21:00:00-04:00,7563.0,7563.5,7563.0,7563.5,2
2026-07-30 21:05:00-04:00,7565.0,7565.5,7564.0,7565.5,6
2026-07-30 21:15:00-04:00,7565.25,7565.25,7565.25,7565.25,2
2026-07-30 21:35:00-04:00,7565.25,7565.25,7563.25,7563.25,4
2026-07-30 21:45:00-04:00,7560.0,7560.0,7560.0,7560.0,1
2026-07-30 22:05:00-04:00,7563.25,7563.25,7563.25,7563.25,1
2026-07-30 22:15:00-04:00,7557.75,7557.75,7557.75,7557.75,1
2026-07-30 22:25:00-04:00,7557.0,7557.0,7557.0,7557.0,1
2026-07-30 22:35:00-04:00,7555.5,7555.5,7555.5,7555.5,1
2026-07-30 22:55:00-04:00,7557.5,7557.5,7557.5,7557.5,1
2026-07-30 23:10:00-04:00,7558.75,7558.75,7558.75,7558.75,1
2026-07-30 23:20:00-04:00,7562.25,7562.25,7562.25,7562.25,1
2026-07-30 23:25:00-04:00,7561.5,7561.5,7561.5,7561.5,1
2026-07-30 23:30:00-04:00,7564.25,7564.25,7563.0,7563.0,4
2026-07-31 00:05:00-04:00,7562.75,7562.75,7562.75,7562.75,3
2026-07-31 00:10:00-04:00,7563.0,7563.0,7563.0,7563.0,1
2026-07-31 00:15:00-04:00,7566.0,7566.0,7566.0,7566.0,1
2026-07-31 00:20:00-04:00,7566.25,7566.5,7566.25,7566.5,3
2026-07-31 00:30:00-04:00,7570.0,7570.0,7570.0,7570.0,3
2026-07-31 00:35:00-04:00,7571.5,7572.0,7571.5,7572.0,3
2026-07-31 00:40:00-04:00,7571.75,7571.75,7571.75,7571.75,7
2026-07-31 00:45:00-04:00,7572.0,7572.0,7572.0,7572.0,2
2026-07-31 01:10:00-04:00,7575.0,7575.25,7575.0,7575.25,2
2026-07-31 01:30:00-04:00,7572.0,7572.5,7572.0,7572.5,2
2026-07-31 01:35:00-04:00,7570.75,7570.75,7570.75,7570.75,1
2026-07-31 01:40:00-04:00,7575.75,7575.75,7575.25,7575.25,2
2026-07-31 01:50:00-04:00,7575.25,7575.25,7575.25,7575.25,4
2026-07-31 02:00:00-04:00,7573.75,7573.75,7573.75,7573.75,4
2026-07-31 02:10:00-04:00,7576.0,7576.0,7576.0,7576.0,1
2026-07-31 02:25:00-04:00,7572.25,7572.25,7571.5,7571.5,2
2026-07-31 02:30:00-04:00,7567.75,7567.75,7566.0,7566.0,2
2026-07-31 02:45:00-04:00,7559.0,7559.0,7558.75,7558.75,2
2026-07-31 02:50:00-04:00,7559.75,7559.75,7559.75,7559.75,1
2026-07-31 03:00:00-04:00,7559.5,7559.5,7559.5,7559.5,1
2026-07-31 03:05:00-04:00,7564.0,7564.0,7564.0,7564.0,1
2026-07-31 03:15:00-04:00,7568.5,7568.5,7568.5,7568.5,1
2026-07-31 03:20:00-04:00,7567.25,7567.25,7567.0,7567.0,2
2026-07-31 03:25:00-04:00,7570.5,7574.0,7570.5,7572.0,4
2026-07-31 03:30:00-04:00,7569.0,7569.0,7569.0,7569.0,2
2026-07-31 03:35:00-04:00,7569.0,7569.0,7569.0,7569.0,1
2026-07-31 04:00:00-04:00,7574.0,7574.0,7571.25,7571.25,2
2026-07-31 04:05:00-04:00,7573.25,7573.25,7570.75,7570.75,2
2026-07-31 04:10:00-04:00,7571.0,7574.25,7571.0,7574.25,2
2026-07-31 04:25:00-04:00,7577.5,7577.5,7577.5,7577.5,1
2026-07-31 04:30:00-04:00,7575.0,7576.25,7575.0,7576.25,2
2026-07-31 04:40:00-04:00,7574.75,7575.5,7574.75,7575.5,5
2026-07-31 04:50:00-04:00,7577.75,7577.75,7576.0,7576.0,3
2026-07-31 05:00:00-04:00,7578.5,7578.5,7578.5,7578.5,1
2026-07-31 05:20:00-04:00,7580.75,7580.75,7580.75,7580.75,1
2026-07-31 05:35:00-04:00,7569.5,7569.75,7569.5,7569.75,3
2026-07-31 06:30:00-04:00,7574.5,7574.5,7574.5,7574.5,1
2026-07-31 06:45:00-04:00,7574.5,7574.75,7574.5,7574.75,2
2026-07-31 07:15:00-04:00,7570.0,7570.0,7566.75,7568.25,4
2026-07-31 07:35:00-04:00,7562.0,7562.0,7562.0,7562.0,1
2026-07-31 07:40:00-04:00,7560.5,7561.25,7560.5,7561.25,2
2026-07-31 07:45:00-04:00,7562.25,7562.25,7562.0,7562.0,2
2026-07-31 07:50:00-04:00,7565.0,7565.75,7565.0,7565.75,2
2026-07-31 07:55:00-04:00,7563.75,7563.75,7563.75,7563.75,1
2026-07-31 08:10:00-04:00,7557.0,7557.5,7557.0,7557.5,2
2026-07-31 08:15:00-04:00,7556.0,7556.0,7553.75,7553.75,5
2026-07-31 08:30:00-04:00,7556.75,7556.75,7556.75,7556.75,1
2026-07-31 08:35:00-04:00,7549.5,7549.5,7549.25,7549.25,2
2026-07-31 08:40:00-04:00,7545.75,7545.75,7545.75,7545.75,1
2026-07-31 08:45:00-04:00,7547.5,7547.5,7547.0,7547.0,2
2026-07-31 09:00:00-04:00,7547.75,7550.0,7547.0,7550.0,7
2026-07-31 09:05:00-04:00,7551.25,7551.25,7550.25,7550.25,3
2026-07-31 09:10:00-04:00,7554.75,7554.75,7554.75,7554.75,1
2026-07-31 09:25:00-04:00,7560.75,7562.75,7560.0,7562.75,4
2026-07-31 09:30:00-04:00,7565.0,7580.0,7565.0,7578.25,16
2026-07-31 09:35:00-04:00,7578.75,7578.75,7565.5,7566.0,5
2026-07-31 09:40:00-04:00,7553.75,7554.25,7545.75,7550.0,10
2026-07-31 09:45:00-04:00,7549.5,7549.5,7537.5,7537.5,13
2026-07-31 09:50:00-04:00,7535.75,7541.25,7534.25,7534.75,21
2026-07-31 09:55:00-04:00,7537.25,7544.75,7537.25,7542.75,9
2026-07-31 10:00:00-04:00,7528.25,7533.5,7520.75,7521.0,13
2026-07-31 10:05:00-04:00,7518.25,7522.75,7500.75,7506.25,25
2026-07-31 10:10:00-04:00,7507.0,7507.0,7496.0,7500.75,29
2026-07-31 10:15:00-04:00,7501.0,7510.0,7492.75,7504.0,49
2026-07-31 10:20:00-04:00,7510.0,7515.5,7508.0,7508.75,15
2026-07-31 10:25:00-04:00,7513.75,7522.0,7512.25,7521.0,14
2026-07-31 10:30:00-04:00,7521.5,7525.5,7520.25,7522.5,9
2026-07-31 10:35:00-04:00,7529.0,7530.5,7529.0,7530.5,4
2026-07-31 10:40:00-04:00,7531.75,7532.5,7525.0,7532.5,7
2026-07-31 10:45:00-04:00,7535.5,7539.5,7532.0,7539.5,14
2026-07-31 10:50:00-04:00,7542.25,7546.0,7541.0,7541.0,9
2026-07-31 10:55:00-04:00,7536.0,7543.75,7533.0,7542.75,18
2026-07-31 11:00:00-04:00,7538.25,7539.75,7538.25,7539.75,2
2026-07-31 11:05:00-04:00,7536.0,7537.75,7532.25,7532.25,7
2026-07-31 11:10:00-04:00,7530.0,7534.5,7529.25,7534.5,4
2026-07-31 11:15:00-04:00,7540.5,7548.25,7532.0,7532.0,7
2026-07-31 11:20:00-04:00,7530.75,7530.75,7527.0,7527.0,5
2026-07-31 11:25:00-04:00,7521.25,7521.75,7519.75,7519.75,5
2026-07-31 11:30:00-04:00,7517.75,7522.5,7515.25,7515.25,11
2026-07-31 11:35:00-04:00,7524.5,7540.0,7524.5,7540.0,6
2026-07-31 11:40:00-04:00,7531.75,7532.25,7531.75,7532.25,3
2026-07-31 11:45:00-04:00,7532.0,7532.0,7529.0,7531.5,3
2026-07-31 11:50:00-04:00,7542.25,7542.25,7539.5,7539.75,3
2026-07-31 11:55:00-04:00,7547.5,7550.0,7547.5,7550.0,8
2026-07-31 12:00:00-04:00,7550.5,7551.75,7550.5,7550.5,3
2026-07-31 12:05:00-04:00,7545.75,7546.0,7542.0,7546.0,17
2026-07-31 12:10:00-04:00,7548.0,7553.25,7548.0,7552.0,6
2026-07-31 12:15:00-04:00,7546.5,7550.5,7545.5,7550.5,7
2026-07-31 12:20:00-04:00,7553.5,7560.0,7553.5,7560.0,8
2026-07-31 12:25:00-04:00,7558.75,7561.5,7558.75,7561.5,3
2026-07-31 12:30:00-04:00,7564.0,7564.0,7560.5,7560.5,5
2026-07-31 12:35:00-04:00,7565.5,7565.5,7561.25,7561.25,7
2026-07-31 12:40:00-04:00,7564.75,7564.75,7559.25,7559.5,11
2026-07-31 12:45:00-04:00,7557.75,7557.75,7557.75,7557.75,1
2026-07-31 12:50:00-04:00,7566.5,7567.25,7563.0,7563.0,7
2026-07-31 13:00:00-04:00,7566.5,7567.75,7566.5,7567.75,3
2026-07-31 13:05:00-04:00,7568.5,7568.5,7565.25,7565.25,3
2026-07-31 13:10:00-04:00,7568.75,7568.75,7568.75,7568.75,1
2026-07-31 13:15:00-04:00,7570.75,7572.25,7570.75,7572.25,4
2026-07-31 13:20:00-04:00,7570.75,7575.75,7570.75,7575.75,6
2026-07-31 13:25:00-04:00,7580.0,7580.0,7580.0,7580.0,1
2026-07-31 13:30:00-04:00,7579.0,7579.0,7579.0,7579.0,1
2026-07-31 13:40:00-04:00,7574.0,7574.5,7574.0,7574.5,3
2026-07-31 13:45:00-04:00,7573.5,7573.5,7570.0,7571.75,12
2026-07-31 13:50:00-04:00,7569.25,7573.75,7569.25,7573.75,22
2026-07-31 13:55:00-04:00,7574.5,7574.5,7574.5,7574.5,1
2026-07-31 14:00:00-04:00,7576.0,7576.0,7574.25,7574.25,2
2026-07-31 14:05:00-04:00,7573.25,7576.75,7573.25,7576.75,3
2026-07-31 14:10:00-04:00,7574.0,7575.0,7572.75,7573.75,20
2026-07-31 14:15:00-04:00,7576.25,7579.0,7576.25,7579.0,3
2026-07-31 14:20:00-04:00,7580.25,7580.75,7580.25,7580.25,3
2026-07-31 14:30:00-04:00,7578.75,7578.75,7578.75,7578.75,1
2026-07-31 14:35:00-04:00,7575.75,7576.75,7575.0,7576.25,5
2026-07-31 14:40:00-04:00,7576.25,7578.5,7576.25,7578.5,4
2026-07-31 14:45:00-04:00,7578.5,7581.0,7578.25,7579.5,14
2026-07-31 14:50:00-04:00,7582.0,7585.0,7582.0,7585.0,10
2026-07-31 14:55:00-04:00,7578.75,7579.5,7576.75,7577.5,9
2026-07-31 15:05:00-04:00,7576.0,7580.0,7575.25,7580.0,56
2026-07-31 15:15:00-04:00,7583.0,7590.0,7583.0,7590.0,4
2026-07-31 15:20:00-04:00,7593.0,7593.0,7591.5,7592.75,5
2026-07-31 15:25:00-04:00,7591.25,7593.0,7591.25,7593.0,4
2026-07-31 15:30:00-04:00,7589.5,7589.5,7589.5,7589.5,1
2026-07-31 15:35:00-04:00,7592.5,7593.25,7592.0,7592.5,5
2026-07-31 15:40:00-04:00,7595.0,7598.0,7594.0,7598.0,3
2026-07-31 15:45:00-04:00,7599.75,7602.25,7599.75,7602.25,9
2026-07-31 15:50:00-04:00,7602.5,7607.25,7602.5,7604.5,8
2026-07-31 15:55:00-04:00,7599.0,7601.0,7581.75,7583.5,35
2026-07-31 16:00:00-04:00,7587.0,7592.25,7587.0,7587.0,6
2026-07-31 16:05:00-04:00,7584.0,7584.0,7583.25,7583.25,2
2026-07-31 16:15:00-04:00,7586.25,7586.25,7586.25,7586.25,1
2026-07-31 16:25:00-04:00,7585.0,7585.0,7585.0,7585.0,1
2026-07-31 16:30:00-04:00,7584.25,7584.25,7584.25,7584.25,1
2026-07-31 16:35:00-04:00,7585.75,7585.75,7585.75,7585.75,1
2026-07-31 16:50:00-04:00,7585.0,7586.75,7574.5,7574.5,12
2026-07-31 16:55:00-04:00,7572.0,7572.75,7569.5,7569.5,18
2026-08-02 18:00:00-04:00,7612.75,7621.5,7612.5,7617.0,21
2026-08-02 18:05:00-04:00,7618.0,7618.5,7617.25,7617.25,5
2026-08-02 18:10:00-04:00,7619.0,7624.0,7618.75,7624.0,8
2026-08-02 18:15:00-04:00,7616.75,7616.75,7616.75,7616.75,3
2026-08-02 18:20:00-04:00,7619.5,7621.25,7619.25,7619.25,5
2026-08-02 18:30:00-04:00,7616.0,7616.0,7616.0,7616.0,1
2026-08-02 18:55:00-04:00,7613.75,7613.75,7611.75,7611.75,3
2026-08-02 19:00:00-04:00,7615.25,7615.25,7614.5,7614.5,2
2026-08-02 19:05:00-04:00,7614.25,7614.25,7614.25,7614.25,1
2026-08-02 19:25:00-04:00,7615.0,7615.0,7615.0,7615.0,1
2026-08-02 19:35:00-04:00,7616.25,7616.25,7616.25,7616.25,1
2026-08-02 19:55:00-04:00,7616.0,7616.0,7616.0,7616.0,1
2026-08-02 20:00:00-04:00,7616.25,7616.25,7616.25,7616.25,1
2026-08-02 20:15:00-04:00,7619.75,7619.75,7619.75,7619.75,1
2026-08-02 20:30:00-04:00,7613.25,7614.25,7613.0,7614.25,4
2026-08-02 20:40:00-04:00,7615.0,7615.5,7615.0,7615.5,3
2026-08-02 21:00:00-04:00,7619.25,7621.25,7619.25,7621.25,4
2026-08-02 21:05:00-04:00,7622.25,7622.25,7621.25,7621.25,4
2026-08-02 21:10:00-04:00,7620.0,7620.0,7618.25,7618.25,2
2026-08-02 21:15:00-04:00,7617.0,7617.0,7617.0,7617.0,3
2026-08-02 21:25:00-04:00,7620.0,7620.0,7619.75,7619.75,2
2026-08-02 21:30:00-04:00,7621.0,7621.0,7621.0,7621.0,2
2026-08-02 21:35:00-04:00,7619.75,7620.0,7619.75,7620.0,2
2026-08-02 21:40:00-04:00,7622.0,7622.0,7622.0,7622.0,1
2026-08-02 21:45:00-04:00,7622.5,7624.0,7622.5,7624.0,2
2026-08-02 21:55:00-04:00,7625.0,7625.0,7625.0,7625.0,1
2026-08-02 22:00:00-04:00,7624.75,7624.75,7624.75,7624.75,2
2026-08-02 22:05:00-04:00,7623.75,7623.75,7623.75,7623.75,2
2026-08-02 22:10:00-04:00,7625.75,7625.75,7625.75,7625.75,1
2026-08-02 22:15:00-04:00,7626.0,7626.0,7626.0,7626.0,1
2026-08-02 22:20:00-04:00,7627.0,7627.0,7627.0,7627.0,1
2026-08-02 22:30:00-04:00,7624.25,7624.25,7624.25,7624.25,1
2026-08-02 23:25:00-04:00,7627.0,7627.0,7627.0,7627.0,1
2026-08-02 23:50:00-04:00,7630.0,7630.0,7630.0,7630.0,1
2026-08-03 00:25:00-04:00,7631.0,7631.0,7631.0,7631.0,1
2026-08-03 00:35:00-04:00,7630.25,7630.25,7630.25,7630.25,1
2026-08-03 00:40:00-04:00,7631.25,7631.25,7631.25,7631.25,2
2026-08-03 01:10:00-04:00,7631.75,7631.75,7631.75,7631.75,1
2026-08-03 03:00:00-04:00,7620.25,7620.25,7620.25,7620.25,1
2026-08-03 03:15:00-04:00,7625.25,7625.25,7621.75,7621.75,15
2026-08-03 03:35:00-04:00,7622.25,7622.25,7622.25,7622.25,1
2026-08-03 03:50:00-04:00,7623.25,7623.25,7623.25,7623.25,1
2026-08-03 04:05:00-04:00,7617.0,7617.0,7617.0,7617.0,2
2026-08-03 04:10:00-04:00,7621.5,7621.5,7621.5,7621.5,1
2026-08-03 04:20:00-04:00,7617.5,7617.75,7616.0,7616.0,4
2026-08-03 04:25:00-04:00,7613.75,7613.75,7613.75,7613.75,1
2026-08-03 04:30:00-04:00,7613.75,7613.75,7613.75,7613.75,1
2026-08-03 04:55:00-04:00,7624.0,7624.0,7624.0,7624.0,1
2026-08-03 05:40:00-04:00,7622.5,7622.5,7622.5,7622.5,1
2026-08-03 05:50:00-04:00,7620.25,7621.0,7620.25,7621.0,2
2026-08-03 06:00:00-04:00,7623.25,7623.25,7623.25,7623.25,1
2026-08-03 06:15:00-04:00,7626.5,7626.5,7626.5,7626.5,1
2026-08-03 07:05:00-04:00,7624.25,7624.25,7624.0,7624.0,2
2026-08-03 07:10:00-04:00,7625.25,7625.25,7625.25,7625.25,1
2026-08-03 07:20:00-04:00,7629.0,7629.0,7629.0,7629.0,1
2026-08-03 07:30:00-04:00,7630.0,7631.25,7630.0,7631.25,7
2026-08-03 07:35:00-04:00,7628.25,7628.25,7628.25,7628.25,1
2026-08-03 07:40:00-04:00,7627.0,7627.0,7627.0,7627.0,2
2026-08-03 07:45:00-04:00,7630.0,7630.0,7628.25,7628.25,2
2026-08-03 07:50:00-04:00,7626.5,7626.5,7625.0,7625.0,9
2026-08-03 07:55:00-04:00,7622.25,7622.25,7622.25,7622.25,1
2026-08-03 08:10:00-04:00,7621.0,7621.0,7621.0,7621.0,1
2026-08-03 08:30:00-04:00,7625.0,7625.0,7624.75,7624.75,2
2026-08-03 08:35:00-04:00,7627.0,7627.0,7626.0,7627.0,4
2026-08-03 08:40:00-04:00,7628.75,7630.25,7628.5,7630.25,3
2026-08-03 08:45:00-04:00,7631.0,7631.0,7631.0,7631.0,1
2026-08-03 08:50:00-04:00,7630.5,7630.75,7630.5,7630.75,2
2026-08-03 09:25:00-04:00,7621.75,7621.75,7613.0,7613.0,13
2026-08-03 09:30:00-04:00,7610.0,7630.25,7610.0,7628.5,21
2026-08-03 09:35:00-04:00,7631.0,7636.0,7631.0,7636.0,4
2026-08-03 09:40:00-04:00,7635.75,7635.75,7627.5,7628.75,9
2026-08-03 09:45:00-04:00,7635.0,7640.75,7635.0,7638.75,27
2026-08-03 09:50:00-04:00,7636.25,7644.75,7635.0,7644.5,8
2026-08-03 09:55:00-04:00,7652.75,7654.0,7652.75,7654.0,2
2026-08-03 10:00:00-04:00,7655.0,7655.0,7650.0,7650.0,5
2026-08-03 10:05:00-04:00,7652.0,7652.0,7652.0,7652.0,1
2026-08-03 10:10:00-04:00,7656.25,7657.0,7656.25,7657.0,3
2026-08-03 10:15:00-04:00,7661.25,7663.75,7661.25,7663.75,5
2026-08-03 10:20:00-04:00,7661.75,7665.0,7661.75,7665.0,7
2026-08-03 10:25:00-04:00,7665.5,7665.5,7664.0,7664.75,10
2026-08-03 10:30:00-04:00,7664.0,7665.25,7664.0,7665.25,3
2026-08-03 10:35:00-04:00,7664.0,7668.0,7664.0,7668.0,5
2026-08-03 10:40:00-04:00,7668.5,7669.25,7668.25,7669.25,3
2026-08-03 10:50:00-04:00,7670.0,7670.0,7669.0,7669.0,12
2026-08-03 10:55:00-04:00,7672.5,7672.5,7671.0,7672.5,5
2026-08-03 11:00:00-04:00,7673.0,7673.0,7671.0,7671.0,6
2026-08-03 11:05:00-04:00,7669.0,7669.0,7667.25,7668.75,3
2026-08-03 11:10:00-04:00,7668.75,7670.0,7668.75,7668.75,4
2026-08-03 11:15:00-04:00,7671.5,7671.75,7671.5,7671.75,2
2026-08-03 11:20:00-04:00,7674.0,7675.5,7674.0,7675.25,11
2026-08-03 11:25:00-04:00,7675.75,7675.75,7670.75,7670.75,16
2026-08-03 11:30:00-04:00,7672.25,7677.25,7672.0,7673.25,53
2026-08-03 11:35:00-04:00,7671.75,7675.0,7671.75,7674.0,5
2026-08-03 11:40:00-04:00,7675.0,7677.75,7675.0,7676.25,5
2026-08-03 11:45:00-04:00,7676.0,7679.25,7676.0,7678.75,8
2026-08-03 11:50:00-04:00,7680.25,7680.25,7679.25,7679.25,3
2026-08-03 11:55:00-04:00,7679.0,7679.0,7679.0,7679.0,2
2026-08-03 12:00:00-04:00,7680.0,7680.0,7680.0,7680.0,1
2026-08-03 12:15:00-04:00,7681.5,7681.5,7681.5,7681.5,3
2026-08-03 12:25:00-04:00,7681.5,7682.75,7681.5,7682.75,2
2026-08-03 12:30:00-04:00,7684.0,7684.25,7683.0,7684.25,5
2026-08-03 12:35:00-04:00,7681.5,7681.5,7681.0,7681.0,2
2026-08-03 12:40:00-04:00,7682.0,7682.0,7682.0,7682.0,1
2026-08-03 13:00:00-04:00,7680.0,7680.0,7680.0,7680.0,1
2026-08-03 13:05:00-04:00,7678.75,7680.0,7673.75,7680.0,53
2026-08-03 13:10:00-04:00,7684.0,7684.0,7684.0,7684.0,3
2026-08-03 13:20:00-04:00,7686.5,7689.0,7686.5,7689.0,8
2026-08-03 13:25:00-04:00,7688.75,7690.0,7688.75,7690.0,4
2026-08-03 13:30:00-04:00,7690.0,7692.0,7689.5,7692.0,4
2026-08-03 13:35:00-04:00,7693.0,7693.0,7691.5,7691.5,5
2026-08-03 13:45:00-04:00,7693.5,7693.75,7693.25,7693.75,3
2026-08-03 13:50:00-04:00,7694.5,7695.0,7694.5,7695.0,3
2026-08-03 13:55:00-04:00,7696.0,7696.25,7696.0,7696.25,2
2026-08-03 14:00:00-04:00,7697.0,7699.0,7697.0,7699.0,4
2026-08-03 14:05:00-04:00,7701.0,7701.0,7700.5,7701.0,4
2026-08-03 14:10:00-04:00,7702.75,7702.75,7702.75,7702.75,1
2026-08-03 14:15:00-04:00,7700.0,7701.75,7700.0,7701.75,7
2026-08-03 14:20:00-04:00,7698.75,7698.75,7698.75,7698.75,2
2026-08-03 14:30:00-04:00,7695.75,7695.75,7694.5,7694.5,4
2026-08-03 14:40:00-04:00,7696.75,7698.0,7696.75,7698.0,4
2026-08-03 14:50:00-04:00,7700.25,7700.25,7700.25,7700.25,1
2026-08-03 15:00:00-04:00,7704.0,7704.0,7704.0,7704.0,2
2026-08-03 15:05:00-04:00,7704.75,7704.75,7701.5,7701.5,4
2026-08-03 15:10:00-04:00,7703.0,7703.0,7703.0,7703.0,1
2026-08-03 15:15:00-04:00,7703.0,7703.0,7703.0,7703.0,6
2026-08-03 15:20:00-04:00,7702.5,7702.5,7702.0,7702.0,5
2026-08-03 15:25:00-04:00,7703.75,7703.75,7703.75,7703.75,1
2026-08-03 15:45:00-04:00,7700.0,7701.0,7699.0,7701.0,12
2026-08-03 15:50:00-04:00,7701.25,7702.25,7697.5,7697.5,25
2026-08-03 15:55:00-04:00,7697.5,7697.5,7693.75,7697.0,10
2026-08-03 16:00:00-04:00,7694.0,7694.0,7694.0,7694.0,1
2026-08-03 16:55:00-04:00,7699.5,7699.5,7699.5,7699.5,1
2026-08-03 18:30:00-04:00,7702.5,7702.5,7702.5,7702.5,1
2026-08-03 18:40:00-04:00,7704.5,7704.5,7704.5,7704.5,1
2026-08-03 18:50:00-04:00,7702.75,7702.75,7702.75,7702.75,1
2026-08-03 19:55:00-04:00,7702.75,7702.75,7702.75,7702.75,1
2026-08-03 20:00:00-04:00,7702.75,7702.75,7702.75,7702.75,1
2026-08-03 20:05:00-04:00,7702.5,7704.75,7702.5,7704.75,2
2026-08-03 20:25:00-04:00,7701.75,7701.75,7701.75,7701.75,1
2026-08-03 20:30:00-04:00,7698.75,7698.75,7698.75,7698.75,1
2026-08-03 21:00:00-04:00,7700.0,7700.0,7697.25,7699.0,9
2026-08-03 21:05:00-04:00,7699.0,7700.25,7699.0,7700.25,3
2026-08-03 21:10:00-04:00,7701.75,7701.75,7701.75,7701.75,1
2026-08-03 21:15:00-04:00,7702.0,7702.0,7702.0,7702.0,1
2026-08-03 21:25:00-04:00,7704.0,7704.0,7704.0,7704.0,1
2026-08-03 21:35:00-04:00,7705.0,7705.0,7705.0,7705.0,1
2026-08-03 21:40:00-04:00,7704.75,7704.75,7704.75,7704.75,1
2026-08-03 21:50:00-04:00,7712.5,7712.5,7712.5,7712.5,1
2026-08-03 21:55:00-04:00,7713.75,7713.75,7713.75,7713.75,1
2026-08-03 22:10:00-04:00,7707.75,7708.75,7707.75,7708.75,3
2026-08-03 22:15:00-04:00,7708.75,7708.75,7708.75,7708.75,1
2026-08-03 22:20:00-04:00,7707.5,7707.5,7707.5,7707.5,1
2026-08-03 22:30:00-04:00,7711.25,7711.25,7711.25,7711.25,1
2026-08-03 22:35:00-04:00,7711.75,7711.75,7711.75,7711.75,1
2026-08-03 22:40:00-04:00,7711.75,7711.75,7711.75,7711.75,1
2026-08-03 22:50:00-04:00,7711.0,7711.0,7711.0,7711.0,1
2026-08-03 23:20:00-04:00,7710.75,7710.75,7710.75,7710.75,1
2026-08-03 23:30:00-04:00,7713.5,7713.5,7713.5,7713.5,1
2026-08-03 23:55:00-04:00,7712.75,7713.0,7712.75,7713.0,2
2026-08-04 00:00:00-04:00,7713.25,7713.25,7713.25,7713.25,1
2026-08-04 00:15:00-04:00,7713.25,7713.25,7713.25,7713.25,1
2026-08-04 00:50:00-04:00,7714.0,7714.0,7714.0,7714.0,3
2026-08-04 01:30:00-04:00,7714.0,7714.25,7714.0,7714.25,2
2026-08-04 01:50:00-04:00,7716.0,7716.0,7716.0,7716.0,1
2026-08-04 04:05:00-04:00,7711.75,7711.75,7711.75,7711.75,2
2026-08-04 04:10:00-04:00,7710.75,7710.75,7710.75,7710.75,1
2026-08-04 04:15:00-04:00,7712.25,7712.25,7712.25,7712.25,1
2026-08-04 05:00:00-04:00,7702.75,7702.75,7702.75,7702.75,1
2026-08-04 05:45:00-04:00,7705.25,7705.25,7705.25,7705.25,1
2026-08-04 05:50:00-04:00,7702.75,7702.75,7702.75,7702.75,1
2026-08-04 05:55:00-04:00,7705.5,7705.5,7705.5,7705.5,1
2026-08-04 06:45:00-04:00,7713.0,7714.25,7713.0,7714.25,3
2026-08-04 06:50:00-04:00,7711.0,7711.0,7711.0,7711.0,2
2026-08-04 06:55:00-04:00,7711.75,7712.0,7711.75,7712.0,2
2026-08-04 07:00:00-04:00,7712.25,7712.25,7712.25,7712.25,1
2026-08-04 07:40:00-04:00,7718.5,7723.75,7716.75,7723.75,10
2026-08-04 07:45:00-04:00,7720.0,7722.0,7720.0,7722.0,17
2026-08-04 07:50:00-04:00,7723.5,7725.25,7723.5,7724.5,4
2026-08-04 08:05:00-04:00,7720.5,7722.75,7720.5,7722.0,4
2026-08-04 08:10:00-04:00,7722.0,7722.0,7722.0,7722.0,1
2026-08-04 08:20:00-04:00,7722.5,7722.5,7722.5,7722.5,2
2026-08-04 08:45:00-04:00,7721.0,7721.0,7721.0,7721.0,2
2026-08-04 08:55:00-04:00,7719.75,7719.75,7719.75,7719.75,2
2026-08-04 09:00:00-04:00,7719.5,7719.5,7719.5,7719.5,1
2026-08-04 09:10:00-04:00,7722.0,7722.0,7722.0,7722.0,1
2026-08-04 09:20:00-04:00,7722.0,7731.5,7722.0,7723.75,18
2026-08-04 09:25:00-04:00,7724.25,7728.75,7724.25,7728.0,6
2026-08-04 09:30:00-04:00,7725.5,7737.25,7723.75,7737.0,450
2026-08-04 09:35:00-04:00,7736.75,7740.0,7734.5,7738.5,193
2026-08-04 09:40:00-04:00,7737.75,7740.5,7737.75,7740.0,20
2026-08-04 09:45:00-04:00,7738.75,7743.5,7738.75,7743.5,31
2026-08-04 09:50:00-04:00,7744.0,7751.25,7744.0,7751.25,49
2026-08-04 09:55:00-04:00,7751.25,7751.25,7748.0,7750.5,7
2026-08-04 10:00:00-04:00,7754.0,7761.0,7754.0,7760.75,16
2026-08-04 10:05:00-04:00,7761.5,7765.0,7761.5,7763.0,25
2026-08-04 10:10:00-04:00,7763.0,7767.5,7763.0,7767.5,32
2026-08-04 10:15:00-04:00,7769.75,7773.0,7768.0,7773.0,20
2026-08-04 10:20:00-04:00,7769.0,7769.25,7762.25,7762.25,13
2026-08-04 10:25:00-04:00,7763.75,7768.5,7763.75,7765.0,7
2026-08-04 10:30:00-04:00,7763.75,7769.5,7760.75,7769.5,14
2026-08-04 10:35:00-04:00,7771.0,7776.75,7769.75,7770.5,45
2026-08-04 10:40:00-04:00,7772.5,7778.5,7771.5,7778.5,9
2026-08-04 10:50:00-04:00,7779.75,7779.75,7777.25,7778.0,6
2026-08-04 10:55:00-04:00,7779.25,7783.5,7777.25,7783.5,23
2026-08-04 11:00:00-04:00,7784.5,7789.25,7784.5,7789.25,7
2026-08-04 11:05:00-04:00,7787.25,7787.25,7785.5,7785.5,3
2026-08-04 11:10:00-04:00,7789.25,7791.0,7789.25,7791.0,6
2026-08-04 11:15:00-04:00,7793.0,7794.0,7793.0,7793.75,6
2026-08-04 11:20:00-04:00,7794.25,7795.0,7793.75,7793.75,9
2026-08-04 11:25:00-04:00,7797.75,7797.75,7793.5,7794.25,11
2026-08-04 11:30:00-04:00,7796.75,7796.75,7792.75,7793.5,6
2026-08-04 11:35:00-04:00,7794.25,7800.5,7794.25,7798.0,62
2026-08-04 11:40:00-04:00,7799.0,7804.0,7799.0,7804.0,7
2026-08-04 11:45:00-04:00,7804.25,7807.5,7804.25,7807.5,11
2026-08-04 11:50:00-04:00,7808.0,7809.75,7804.75,7804.75,10
2026-08-04 11:55:00-04:00,7805.25,7806.75,7805.25,7806.75,3
2026-08-04 12:00:00-04:00,7808.0,7808.25,7808.0,7808.25,4
2026-08-04 12:05:00-04:00,7806.0,7806.25,7806.0,7806.25,11
2026-08-04 12:10:00-04:00,7802.0,7802.0,7802.0,7802.0,1
2026-08-04 12:15:00-04:00,7807.5,7807.5,7807.5,7807.5,1
2026-08-04 12:20:00-04:00,7807.75,7813.5,7807.75,7812.5,15
2026-08-04 12:25:00-04:00,7811.75,7814.0,7811.75,7813.0,6
2026-08-04 12:30:00-04:00,7815.0,7816.25,7815.0,7816.25,7
2026-08-04 12:35:00-04:00,7815.0,7815.0,7815.0,7815.0,2
2026-08-04 12:40:00-04:00,7816.0,7820.75,7816.0,7820.75,9
2026-08-04 12:45:00-04:00,7821.25,7821.25,7820.75,7820.75,5
2026-08-04 12:50:00-04:00,7823.5,7824.0,7822.75,7823.0,7
2026-08-04 12:55:00-04:00,7822.0,7822.0,7822.0,7822.0,2
2026-08-04 13:00:00-04:00,7824.75,7832.25,7824.75,7831.0,26
2026-08-04 13:05:00-04:00,7834.0,7834.0,7830.0,7833.0,12
2026-08-04 13:10:00-04:00,7832.25,7834.0,7831.75,7834.0,6
2026-08-04 13:15:00-04:00,7835.25,7835.5,7835.0,7835.5,5
2026-08-04 13:20:00-04:00,7832.5,7832.5,7831.5,7831.5,3
2026-08-04 13:25:00-04:00,7833.5,7835.75,7833.5,7833.75,9
2026-08-04 13:30:00-04:00,7832.0,7834.5,7832.0,7834.5,8
2026-08-04 13:35:00-04:00,7835.75,7839.75,7835.5,7839.75,29
2026-08-04 13:40:00-04:00,7842.5,7844.5,7842.5,7844.5,11
2026-08-04 13:45:00-04:00,7845.5,7852.25,7845.5,7850.0,35
2026-08-04 13:50:00-04:00,7847.0,7847.0,7838.5,7841.0,8
2026-08-04 13:55:00-04:00,7841.75,7841.75,7841.75,7841.75,1
2026-08-04 14:00:00-04:00,7832.75,7839.25,7832.75,7839.25,2
2026-08-04 14:05:00-04:00,7835.0,7840.0,7835.0,7840.0,6
2026-08-04 14:10:00-04:00,7840.75,7841.0,7839.75,7839.75,3
2026-08-04 14:15:00-04:00,7842.0,7842.0,7842.0,7842.0,1
2026-08-04 14:20:00-04:00,7843.5,7844.0,7843.5,7844.0,3
2026-08-04 14:35:00-04:00,7843.5,7846.75,7839.25,7839.25,29
2026-08-04 14:40:00-04:00,7837.5,7839.25,7837.5,7839.25,2
2026-08-04 14:45:00-04:00,7842.0,7842.0,7842.0,7842.0,2
2026-08-04 14:50:00-04:00,7843.5,7843.5,7841.5,7841.5,4
2026-08-04 14:55:00-04:00,7842.5,7842.5,7841.5,7841.5,2
2026-08-04 15:00:00-04:00,7845.0,7850.0,7845.0,7850.0,8
2026-08-04 15:05:00-04:00,7849.75,7853.75,7848.0,7853.75,22
2026-08-04 15:10:00-04:00,7850.5,7851.0,7849.5,7850.25,7
2026-08-04 15:15:00-04:00,7850.0,7851.0,7850.0,7850.0,3
2026-08-04 15:20:00-04:00,7851.0,7851.0,7848.5,7848.5,4
2026-08-04 15:30:00-04:00,7842.75,7847.0,7842.75,7847.0,3
2026-08-04 15:35:00-04:00,7844.75,7844.75,7844.75,7844.75,1
2026-08-04 15:40:00-04:00,7848.75,7851.0,7848.75,7851.0,3
2026-08-04 15:45:00-04:00,7852.25,7852.75,7849.25,7849.25,12
2026-08-04 15:50:00-04:00,7850.75,7850.75,7839.0,7839.5,31
2026-08-04 15:55:00-04:00,7838.5,7844.25,7831.25,7832.0,27
2026-08-04 16:00:00-04:00,7836.75,7843.75,7836.0,7841.5,14
2026-08-04 16:05:00-04:00,7845.0,7850.0,7845.0,7850.0,8
2026-08-04 16:10:00-04:00,7842.0,7842.0,7841.0,7841.0,2
2026-08-04 16:15:00-04:00,7841.75,7841.75,7836.0,7836.0,7
2026-08-04 16:20:00-04:00,7834.25,7838.0,7834.25,7838.0,3
2026-08-04 16:25:00-04:00,7836.5,7838.5,7836.5,7838.5,2
2026-08-04 16:30:00-04:00,7836.0,7836.0,7836.0,7836.0,1
2026-08-04 16:45:00-04:00,7843.0,7843.0,7843.0,7843.0,1
2026-08-04 18:00:00-04:00,7842.5,7842.5,7842.5,7842.5,1
2026-08-04 18:05:00-04:00,7846.5,7846.5,7846.5,7846.5,1
2026-08-04 18:20:00-04:00,7850.0,7850.0,7850.0,7850.0,1
2026-08-04 18:25:00-04:00,7848.0,7848.0,7848.0,7848.0,1
2026-08-04 18:45:00-04:00,7847.5,7847.5,7847.5,7847.5,1
2026-08-04 19:10:00-04:00,7852.0,7852.0,7852.0,7852.0,1
2026-08-04 19:15:00-04:00,7852.0,7852.0,7852.0,7852.0,2
2026-08-04 19:20:00-04:00,7850.25,7850.25,7849.75,7849.75,6
2026-08-04 19:30:00-04:00,7848.0,7848.0,7848.0,7848.0,1
2026-08-04 19:40:00-04:00,7846.5,7846.5,7846.5,7846.5,1
2026-08-04 19:45:00-04:00,7849.5,7849.5,7849.5,7849.5,1
2026-08-04 20:00:00-04:00,7847.5,7847.75,7847.0,7847.0,3
2026-08-04 20:05:00-04:00,7847.75,7847.75,7847.75,7847.75,2
2026-08-04 20:30:00-04:00,7854.0,7854.0,7854.0,7854.0,1
2026-08-04 20:45:00-04:00,7849.0,7849.0,7849.0,7849.0,1
2026-08-04 20:55:00-04:00,7851.75,7851.75,7851.75,7851.75,2
2026-08-04 21:00:00-04:00,7850.0,7850.0,7850.0,7850.0,1
2026-08-04 21:05:00-04:00,7850.75,7850.75,7850.75,7850.75,1
2026-08-04 21:15:00-04:00,7850.0,7850.0,7850.0,7850.0,1
2026-08-04 21:35:00-04:00,7850.5,7853.0,7850.5,7853.0,9
2026-08-04 21:40:00-04:00,7853.25,7853.25,7851.75,7851.75,3
2026-08-04 22:00:00-04:00,7855.0,7855.0,7855.0,7855.0,1
2026-08-04 22:25:00-04:00,7855.5,7855.5,7855.5,7855.5,1
2026-08-04 22:45:00-04:00,7857.0,7857.0,7857.0,7857.0,1
2026-08-04 23:00:00-04:00,7857.25,7857.25,7857.25,7857.25,2
2026-08-04 23:05:00-04:00,7859.5,7859.5,7858.75,7858.75,2
2026-08-04 23:20:00-04:00,7860.25,7860.25,7860.25,7860.25,1
2026-08-04 23:25:00-04:00,7857.75,7857.75,7857.75,7857.75,6
2026-08-04 23:35:00-04:00,7858.75,7858.75,7858.75,7858.75,1
2026-08-04 23:40:00-04:00,7860.25,7860.5,7860.25,7860.5,2
2026-08-05 00:15:00-04:00,7860.0,7860.0,7860.0,7860.0,1
2026-08-05 00:30:00-04:00,7859.25,7859.25,7859.25,7859.25,1
2026-08-05 00:40:00-04:00,7861.0,7861.5,7860.75,7860.75,5
2026-08-05 00:55:00-04:00,7861.0,7861.0,7861.0,7861.0,1
2026-08-05 01:05:00-04:00,7862.5,7862.5,7862.5,7862.5,1
2026-08-05 01:10:00-04:00,7863.5,7863.5,7863.5,7863.5,1
2026-08-05 01:25:00-04:00,7864.25,7864.25,7864.25,7864.25,1
2026-08-05 01:30:00-04:00,7863.5,7863.5,7863.0,7863.0,3
2026-08-05 01:50:00-04:00,7867.0,7867.0,7867.0,7867.0,1
2026-08-05 02:00:00-04:00,7867.0,7867.0,7867.0,7867.0,1
2026-08-05 02:10:00-04:00,7868.0,7868.0,7868.0,7868.0,1
2026-08-05 02:20:00-04:00,7862.75,7862.75,7862.75,7862.75,1
2026-08-05 02:25:00-04:00,7861.5,7861.5,7861.5,7861.5,1
2026-08-05 02:35:00-04:00,7865.0,7865.0,7865.0,7865.0,1
2026-08-05 02:45:00-04:00,7864.5,7864.5,7864.5,7864.5,3
2026-08-05 03:00:00-04:00,7866.75,7866.75,7866.75,7866.75,1
2026-08-05 03:10:00-04:00,7862.75,7862.75,7862.75,7862.75,1
2026-08-05 03:25:00-04:00,7861.5,7861.5,7861.5,7861.5,1
2026-08-05 03:45:00-04:00,7860.0,7860.0,7860.0,7860.0,1
2026-08-05 03:50:00-04:00,7861.5,7861.5,7861.5,7861.5,1
2026-08-05 04:05:00-04:00,7865.0,7865.0,7865.0,7865.0,1
2026-08-05 04:10:00-04:00,7856.75,7856.75,7856.75,7856.75,1
2026-08-05 04:20:00-04:00,7854.75,7854.75,7854.75,7854.75,1
2026-08-05 04:25:00-04:00,7852.0,7852.0,7852.0,7852.0,1
2026-08-05 04:40:00-04:00,7850.0,7850.0,7849.5,7849.5,2
2026-08-05 04:45:00-04:00,7851.25,7852.0,7851.25,7852.0,4
2026-08-05 04:50:00-04:00,7851.5,7851.5,7851.5,7851.5,1
2026-08-05 04:55:00-04:00,7851.5,7851.5,7851.5,7851.5,1
2026-08-05 05:05:00-04:00,7855.5,7855.5,7855.5,7855.5,1
2026-08-05 05:25:00-04:00,7856.0,7856.0,7856.0,7856.0,1
2026-08-05 05:40:00-04:00,7858.0,7858.0,7858.0,7858.0,1
2026-08-05 06:15:00-04:00,7859.25,7860.0,7859.25,7860.0,2
2026-08-05 06:30:00-04:00,7862.5,7862.5,7862.5,7862.5,1
2026-08-05 06:45:00-04:00,7864.5,7864.5,7864.5,7864.5,1
2026-08-05 06:50:00-04:00,7867.0,7867.0,7867.0,7867.0,1
2026-08-05 06:55:00-04:00,7865.5,7865.5,7865.5,7865.5,1
2026-08-05 07:05:00-04:00,7868.0,7868.0,7868.0,7868.0,1
2026-08-05 07:10:00-04:00,7866.25,7866.25,7866.25,7866.25,1
2026-08-05 08:00:00-04:00,7867.0,7870.0,7867.0,7870.0,5
2026-08-05 08:10:00-04:00,7869.0,7870.25,7869.0,7870.25,2
2026-08-05 08:15:00-04:00,7870.0,7870.0,7869.5,7869.5,3
2026-08-05 08:20:00-04:00,7871.0,7872.25,7871.0,7872.25,2
2026-08-05 08:30:00-04:00,7870.0,7870.0,7865.0,7866.5,6
2026-08-05 08:40:00-04:00,7871.0,7871.0,7871.0,7871.0,1
2026-08-05 08:45:00-04:00,7871.0,7871.5,7870.0,7871.5,8
2026-08-05 08:50:00-04:00,7871.0,7871.0,7871.0,7871.0,1
2026-08-05 09:00:00-04:00,7872.5,7872.5,7872.5,7872.5,1
2026-08-05 09:05:00-04:00,7876.0,7877.25,7876.0,7877.0,7
2026-08-05 09:10:00-04:00,7876.0,7876.25,7875.75,7875.75,3
2026-08-05 09:20:00-04:00,7874.5,7875.5,7874.25,7875.5,4
2026-08-05 09:25:00-04:00,7877.25,7878.5,7877.25,7878.5,2
2026-08-05 09:30:00-04:00,7880.0,7888.0,7874.0,7880.0,27
2026-08-05 09:35:00-04:00,7881.5,7884.25,7875.0,7880.5,26
2026-08-05 09:40:00-04:00,7886.25,7888.25,7881.0,7881.0,12
2026-08-05 09:45:00-04:00,7887.0,7887.0,7875.0,7875.0,14
2026-08-05 09:50:00-04:00,7874.0,7875.0,7865.25,7871.0,37
2026-08-05 09:55:00-04:00,7879.75,7886.75,7876.25,7886.75,8
2026-08-05 10:00:00-04:00,7884.5,7884.5,7871.25,7877.0,15
2026-08-05 10:05:00-04:00,7881.25,7884.0,7879.75,7884.0,9
2026-08-05 10:10:00-04:00,7880.0,7884.25,7880.0,7883.5,5
2026-08-05 10:15:00-04:00,7883.25,7883.75,7883.0,7883.0,3
2026-08-05 10:20:00-04:00,7876.5,7878.0,7874.5,7874.5,9
2026-08-05 10:25:00-04:00,7882.5,7882.5,7869.75,7869.75,11
2026-08-05 10:30:00-04:00,7868.5,7870.5,7864.0,7868.75,15
2026-08-05 10:35:00-04:00,7864.5,7864.5,7864.5,7864.5,1
2026-08-05 10:40:00-04:00,7860.0,7864.25,7857.75,7862.0,13
2026-08-05 10:45:00-04:00,7863.0,7866.75,7863.0,7865.0,6
2026-08-05 10:50:00-04:00,7869.25,7869.75,7846.5,7851.25,37
2026-08-05 10:55:00-04:00,7851.75,7857.5,7849.25,7857.0,9
2026-08-05 11:00:00-04:00,7859.0,7859.5,7854.5,7857.25,10
2026-08-05 11:05:00-04:00,7857.0,7858.5,7855.5,7858.5,14
2026-08-05 11:10:00-04:00,7856.75,7860.0,7856.5,7860.0,6
2026-08-05 11:15:00-04:00,7850.75,7850.75,7835.0,7845.0,15
2026-08-05 11:20:00-04:00,7845.5,7846.0,7844.5,7844.5,5
2026-08-05 11:25:00-04:00,7842.0,7842.0,7836.0,7838.25,65
2026-08-05 11:30:00-04:00,7842.0,7846.0,7842.0,7843.25,8
2026-08-05 11:35:00-04:00,7840.75,7842.0,7840.25,7840.25,5
2026-08-05 11:40:00-04:00,7838.5,7839.5,7838.5,7839.5,2
2026-08-05 11:45:00-04:00,7837.5,7837.5,7835.0,7835.0,6
2026-08-05 11:50:00-04:00,7834.75,7835.5,7832.0,7833.0,6
2026-08-05 11:55:00-04:00,7826.5,7830.25,7825.0,7827.5,22
2026-08-05 12:00:00-04:00,7826.5,7828.75,7821.5,7828.75,18
2026-08-05 12:05:00-04:00,7827.5,7828.25,7821.0,7822.75,60
2026-08-05 12:10:00-04:00,7822.5,7823.25,7822.25,7823.0,9
2026-08-05 12:15:00-04:00,7823.75,7823.75,7823.75,7823.75,1
2026-08-05 12:20:00-04:00,7831.25,7838.0,7831.25,7836.0,11
2026-08-05 12:25:00-04:00,7832.25,7840.75,7832.25,7839.75,4
2026-08-05 12:30:00-04:00,7837.5,7837.5,7832.25,7832.25,2
2026-08-05 12:40:00-04:00,7839.25,7839.75,7834.25,7836.0,62
2026-08-05 12:45:00-04:00,7834.75,7834.75,7834.75,7834.75,1
2026-08-05 12:50:00-04:00,7836.5,7839.5,7836.5,7839.5,3
2026-08-05 12:55:00-04:00,7840.0,7840.0,7840.0,7840.0,25
2026-08-05 13:05:00-04:00,7831.75,7834.5,7831.0,7834.5,3
2026-08-05 13:20:00-04:00,7831.5,7831.5,7831.0,7831.0,2
2026-08-05 13:25:00-04:00,7837.25,7837.25,7836.5,7836.5,2
2026-08-05 13:30:00-04:00,7836.25,7836.25,7836.25,7836.25,1
2026-08-05 13:40:00-04:00,7838.75,7838.75,7838.75,7838.75,1
2026-08-05 13:45:00-04:00,7835.5,7838.75,7835.5,7838.75,2
2026-08-05 13:50:00-04:00,7840.0,7840.0,7837.75,7837.75,2
2026-08-05 14:00:00-04:00,7836.5,7836.5,7836.5,7836.5,2
2026-08-05 14:05:00-04:00,7841.75,7841.75,7839.0,7839.0,2
2026-08-05 14:10:00-04:00,7840.0,7841.0,7839.75,7839.75,4
2026-08-05 14:15:00-04:00,7841.0,7841.0,7841.0,7841.0,1
2026-08-05 14:20:00-04:00,7839.75,7841.0,7839.75,7839.75,3
2026-08-05 14:25:00-04:00,7840.25,7840.5,7839.0,7839.0,3
2026-08-05 14:30:00-04:00,7839.0,7839.0,7833.25,7833.25,7
2026-08-05 14:35:00-04:00,7837.0,7837.0,7837.0,7837.0,1
2026-08-05 14:40:00-04:00,7835.0,7835.0,7835.0,7835.0,1
2026-08-05 14:45:00-04:00,7839.0,7839.0,7839.0,7839.0,1
2026-08-05 15:00:00-04:00,7834.75,7834.75,7834.75,7834.75,1
2026-08-05 15:15:00-04:00,7838.5,7838.5,7838.5,7838.5,1
2026-08-05 15:35:00-04:00,7832.25,7832.75,7832.25,7832.75,2
2026-08-05 15:50:00-04:00,7833.5,7833.5,7833.5,7833.5,2
2026-08-05 15:55:00-04:00,7828.0,7828.0,7816.25,7816.5,18
2026-08-05 16:00:00-04:00,7816.5,7820.0,7816.5,7818.0,7
2026-08-05 16:05:00-04:00,7821.25,7821.25,7819.0,7819.0,2
2026-08-05 16:10:00-04:00,7825.0,7825.5,7825.0,7825.5,2
2026-08-05 16:35:00-04:00,7828.0,7828.0,7828.0,7828.0,1
2026-08-05 16:45:00-04:00,7829.5,7829.5,7827.75,7827.75,2
2026-08-05 18:15:00-04:00,7830.0,7830.0,7829.5,7829.5,3
2026-08-05 18:30:00-04:00,7837.0,7839.0,7837.0,7839.0,3
2026-08-05 18:40:00-04:00,7838.0,7838.0,7838.0,7838.0,1
2026-08-05 18:45:00-04:00,7838.5,7838.5,7838.5,7838.5,3
2026-08-05 19:00:00-04:00,7832.0,7832.0,7832.0,7832.0,3
2026-08-05 19:35:00-04:00,7831.25,7831.25,7831.25,7831.25,1
2026-08-05 20:00:00-04:00,7829.0,7829.5,7826.75,7829.5,8
2026-08-05 20:05:00-04:00,7831.0,7831.0,7831.0,7831.0,1
2026-08-05 20:35:00-04:00,7827.75,7828.5,7827.75,7828.5,2
2026-08-05 21:00:00-04:00,7825.75,7825.75,7824.0,7824.0,2
2026-08-05 21:20:00-04:00,7818.25,7818.25,7818.0,7818.25,3
2026-08-05 21:25:00-04:00,7818.25,7818.25,7817.75,7817.75,2
2026-08-05 22:00:00-04:00,7825.0,7826.0,7825.0,7826.0,2
2026-08-05 22:10:00-04:00,7830.5,7830.5,7830.5,7830.5,1
2026-08-05 22:20:00-04:00,7830.0,7830.0,7830.0,7830.0,1
2026-08-05 23:15:00-04:00,7832.5,7832.5,7832.5,7832.5,1
2026-08-05 23:35:00-04:00,7831.25,7831.25,7831.25,7831.25,2
2026-08-06 00:05:00-04:00,7830.5,7830.75,7830.5,7830.5,3
2026-08-06 00:25:00-04:00,7833.5,7833.5,7833.5,7833.5,1
2026-08-06 00:50:00-04:00,7830.0,7830.25,7830.0,7830.25,10
2026-08-06 01:00:00-04:00,7832.0,7832.0,7832.0,7832.0,1
2026-08-06 01:05:00-04:00,7833.0,7833.0,7833.0,7833.0,1
2026-08-06 02:10:00-04:00,7826.25,7826.25,7826.25,7826.25,1
2026-08-06 02:40:00-04:00,7823.75,7823.75,7823.75,7823.75,1
2026-08-06 03:35:00-04:00,7824.0,7824.0,7824.0,7824.0,1
2026-08-06 04:00:00-04:00,7820.0,7820.0,7820.0,7820.0,1
2026-08-06 04:25:00-04:00,7828.0,7828.0,7828.0,7828.0,1
2026-08-06 05:50:00-04:00,7832.0,7832.0,7832.0,7832.0,1
2026-08-06 07:05:00-04:00,7819.25,7823.75,7819.25,7823.75,2
2026-08-06 07:10:00-04:00,7824.0,7824.25,7824.0,7824.25,2
2026-08-06 07:25:00-04:00,7830.0,7830.0,7830.0,7830.0,1
2026-08-06 07:45:00-04:00,7830.25,7830.25,7828.0,7828.0,2
2026-08-06 07:50:00-04:00,7823.25,7823.25,7823.25,7823.25,1
2026-08-06 08:15:00-04:00,7822.0,7822.0,7821.5,7821.5,2
2026-08-06 08:20:00-04:00,7825.5,7825.5,7825.5,7825.5,1
2026-08-06 08:30:00-04:00,7824.25,7824.25,7824.25,7824.25,1
2026-08-06 08:50:00-04:00,7823.5,7823.5,7823.5,7823.5,1
2026-08-06 08:55:00-04:00,7822.5,7822.5,7821.25,7821.25,2
2026-08-06 09:15:00-04:00,7820.25,7820.25,7820.25,7820.25,1
2026-08-06 09:20:00-04:00,7821.5,7821.5,7820.5,7820.5,3
2026-08-06 09:25:00-04:00,7818.5,7821.25,7818.5,7820.75,6
2026-08-06 09:30:00-04:00,7819.5,7825.5,7813.5,7817.25,12
2026-08-06 09:35:00-04:00,7816.75,7827.5,7816.0,7818.25,10
2026-08-06 09:40:00-04:00,7820.5,7826.25,7818.75,7826.25,5
2026-08-06 09:45:00-04:00,7829.25,7833.25,7829.25,7833.25,6
2026-08-06 09:50:00-04:00,7834.0,7834.0,7830.25,7830.25,3
2026-08-06 10:00:00-04:00,7830.75,7830.75,7826.5,7827.5,6
2026-08-06 10:05:00-04:00,7832.5,7834.0,7832.5,7834.0,2
2026-08-06 10:10:00-04:00,7834.75,7835.0,7834.75,7835.0,8
2026-08-06 10:15:00-04:00,7831.0,7841.75,7831.0,7835.25,22
2026-08-06 10:20:00-04:00,7836.25,7836.5,7831.0,7831.0,4
2026-08-06 10:25:00-04:00,7829.75,7829.75,7821.75,7823.25,11
2026-08-06 10:30:00-04:00,7822.25,7826.75,7821.75,7826.75,5
2026-08-06 10:35:00-04:00,7823.25,7823.5,7817.0,7817.0,6
2026-08-06 10:40:00-04:00,7817.75,7825.75,7817.75,7822.5,4
2026-08-06 10:45:00-04:00,7817.5,7818.0,7816.75,7818.0,3
2026-08-06 10:50:00-04:00,7817.0,7819.0,7816.75,7818.5,4
2026-08-06 10:55:00-04:00,7822.5,7825.5,7822.5,7825.5,3
2026-08-06 11:00:00-04:00,7830.25,7830.25,7822.0,7822.0,3
2026-08-06 11:10:00-04:00,7822.0,7822.0,7819.0,7819.0,2
2026-08-06 11:15:00-04:00,7818.75,7818.75,7809.5,7809.5,9
2026-08-06 11:20:00-04:00,7807.75,7810.0,7805.0,7805.0,14
2026-08-06 11:25:00-04:00,7810.25,7810.25,7810.25,7810.25,2
2026-08-06 11:30:00-04:00,7810.0,7810.25,7805.0,7805.0,3
2026-08-06 11:40:00-04:00,7805.25,7805.25,7803.0,7803.0,2
2026-08-06 11:45:00-04:00,7802.75,7811.25,7802.75,7811.25,5
2026-08-06 11:50:00-04:00,7815.25,7816.25,7800.0,7800.0,10
2026-08-06 11:55:00-04:00,7801.25,7802.25,7801.25,7802.25,2
2026-08-06 12:00:00-04:00,7796.5,7797.5,7796.5,7797.5,2
2026-08-06 12:05:00-04:00,7800.5,7802.5,7797.75,7801.0,8
2026-08-06 12:10:00-04:00,7803.5,7803.5,7796.5,7796.5,7
2026-08-06 12:15:00-04:00,7797.75,7797.75,7792.75,7797.5,8
2026-08-06 12:20:00-04:00,7797.0,7800.5,7797.0,7797.5,8
2026-08-06 12:25:00-04:00,7798.25,7803.75,7798.25,7801.5,5
2026-08-06 12:30:00-04:00,7804.0,7805.0,7802.75,7803.25,5
2026-08-06 12:35:00-04:00,7803.25,7806.0,7802.5,7806.0,3
2026-08-06 12:40:00-04:00,7800.5,7802.75,7798.5,7798.5,6
2026-08-06 12:45:00-04:00,7800.5,7800.5,7800.5,7800.5,1
2026-08-06 12:50:00-04:00,7803.25,7803.25,7803.0,7803.0,2
2026-08-06 13:00:00-04:00,7806.25,7806.25,7806.0,7806.0,2
2026-08-06 13:05:00-04:00,7809.0,7809.0,7807.0,7807.0,2
2026-08-06 13:10:00-04:00,7801.75,7801.75,7799.0,7799.0,2
2026-08-06 13:15:00-04:00,7799.75,7801.0,7799.25,7801.0,4
2026-08-06 13:20:00-04:00,7800.5,7800.5,7800.5,7800.5,2
2026-08-06 13:25:00-04:00,7799.5,7800.75,7799.25,7799.25,3
2026-08-06 13:30:00-04:00,7796.0,7798.25,7796.0,7798.25,5
2026-08-06 13:45:00-04:00,7800.5,7800.5,7800.5,7800.5,1
2026-08-06 13:50:00-04:00,7802.75,7802.75,7802.75,7802.75,1
2026-08-06 14:00:00-04:00,7805.0,7805.0,7805.0,7805.0,2
2026-08-06 14:10:00-04:00,7810.0,7810.0,7810.0,7810.0,1
2026-08-06 14:15:00-04:00,7808.75,7815.0,7804.5,7813.75,33
2026-08-06 14:20:00-04:00,7813.25,7813.25,7813.25,7813.25,1
2026-08-06 14:25:00-04:00,7812.75,7812.75,7812.75,7812.75,1
2026-08-06 14:30:00-04:00,7810.25,7810.25,7809.0,7809.0,4
2026-08-06 14:35:00-04:00,7809.25,7809.25,7807.5,7807.5,6
2026-08-06 14:40:00-04:00,7805.0,7805.0,7805.0,7805.0,1
2026-08-06 14:50:00-04:00,7806.5,7806.5,7806.5,7806.5,1
2026-08-06 15:00:00-04:00,7812.25,7813.25,7812.0,7812.0,3
2026-08-06 15:20:00-04:00,7813.25,7813.25,7809.0,7809.0,5
2026-08-06 15:25:00-04:00,7805.75,7805.75,7805.0,7805.0,2
2026-08-06 15:30:00-04:00,7805.75,7805.75,7805.75,7805.75,1
2026-08-06 15:35:00-04:00,7808.0,7808.0,7806.0,7806.0,4
2026-08-06 15:40:00-04:00,7801.0,7801.0,7800.0,7800.0,2
2026-08-06 15:50:00-04:00,7797.0,7806.25,7796.0,7806.25,22
2026-08-06 15:55:00-04:00,7804.0,7805.25,7801.0,7804.25,9
2026-08-06 16:00:00-04:00,7804.25,7807.75,7804.25,7805.75,4
2026-08-06 16:05:00-04:00,7808.0,7809.25,7807.75,7809.25,4
2026-08-06 16:15:00-04:00,7807.25,7807.25,7807.25,7807.25,1
2026-08-06 16:20:00-04:00,7805.5,7805.5,7805.5,7805.5,1
2026-08-06 16:25:00-04:00,7800.75,7800.75,7800.25,7800.25,2
2026-08-06 16:35:00-04:00,7797.25,7797.25,7797.25,7797.25,1
2026-08-06 16:50:00-04:00,7798.75,7799.75,7798.75,7799.75,2
2026-08-06 16:55:00-04:00,7800.25,7800.5,7800.25,7800.5,2
2026-08-06 18:00:00-04:00,7801.5,7801.5,7799.0,7800.0,4
2026-08-06 18:20:00-04:00,7806.0,7806.0,7806.0,7806.0,1
2026-08-06 18:25:00-04:00,7807.0,7807.75,7807.0,7807.75,5
2026-08-06 18:30:00-04:00,7803.0,7803.0,7802.0,7802.0,3
2026-08-06 19:15:00-04:00,7808.75,7808.75,7808.75,7808.75,1
2026-08-06 19:25:00-04:00,7806.25,7806.25,7806.25,7806.25,1
2026-08-06 19:30:00-04:00,7806.25,7806.25,7806.25,7806.25,2
2026-08-06 20:20:00-04:00,7799.25,7800.0,7799.25,7800.0,6
2026-08-06 20:25:00-04:00,7798.75,7798.75,7798.75,7798.75,4
2026-08-06 20:35:00-04:00,7805.75,7805.75,7805.75,7805.75,1
2026-08-06 20:40:00-04:00,7802.0,7804.0,7802.0,7804.0,2
2026-08-06 20:45:00-04:00,7803.0,7803.0,7799.25,7799.25,7
2026-08-06 20:50:00-04:00,7803.0,7803.0,7803.0,7803.0,3
2026-08-06 20:55:00-04:00,7802.0,7804.0,7802.0,7804.0,2
2026-08-06 21:00:00-04:00,7804.25,7805.5,7803.5,7803.5,3
2026-08-06 21:30:00-04:00,7805.5,7805.5,7805.5,7805.5,1
2026-08-06 21:35:00-04:00,7799.75,7799.75,7799.75,7799.75,1
2026-08-06 21:45:00-04:00,7798.5,7798.5,7798.5,7798.5,1
2026-08-06 22:00:00-04:00,7802.0,7802.0,7802.0,7802.0,3
2026-08-06 22:05:00-04:00,7800.0,7800.0,7800.0,7800.0,1
2026-08-06 22:35:00-04:00,7795.75,7795.75,7795.75,7795.75,1
2026-08-06 23:00:00-04:00,7802.0,7802.0,7802.0,7802.0,1
2026-08-06 23:15:00-04:00,7800.0,7800.0,7800.0,7800.0,1
2026-08-06 23:35:00-04:00,7800.75,7800.75,7800.75,7800.75,1
2026-08-07 00:15:00-04:00,7795.0,7795.0,7795.0,7795.0,1
2026-08-07 01:00:00-04:00,7802.0,7802.0,7802.0,7802.0,1
2026-08-07 01:55:00-04:00,7801.5,7801.5,7801.0,7801.0,2
2026-08-07 02:35:00-04:00,7805.5,7805.5,7805.5,7805.5,1
2026-08-07 03:40:00-04:00,7810.0,7810.0,7810.0,7810.0,2
2026-08-07 04:05:00-04:00,7813.25,7813.25,7812.75,7812.75,2
2026-08-07 04:30:00-04:00,7814.75,7814.75,7814.75,7814.75,1
2026-08-07 04:50:00-04:00,7811.75,7811.75,7811.75,7811.75,3
2026-08-07 04:55:00-04:00,7813.5,7814.25,7813.5,7814.25,2
2026-08-07 05:10:00-04:00,7816.0,7816.0,7816.0,7816.0,1
2026-08-07 05:45:00-04:00,7816.0,7816.0,7816.0,7816.0,2
2026-08-07 06:15:00-04:00,7812.5,7812.5,7812.5,7812.5,1
2026-08-07 06:25:00-04:00,7814.5,7814.5,7814.5,7814.5,1
2026-08-07 06:50:00-04:00,7815.25,7815.25,7815.25,7815.25,1
2026-08-07 07:00:00-04:00,7819.0,7819.0,7817.75,7818.0,6
2026-08-07 07:20:00-04:00,7821.25,7821.25,7821.25,7821.25,1
2026-08-07 07:25:00-04:00,7821.0,7821.0,7821.0,7821.0,1
2026-08-07 07:35:00-04:00,7824.0,7824.0,7823.5,7823.5,10
2026-08-07 07:45:00-04:00,7823.5,7823.5,7823.5,7823.5,2
2026-08-07 08:00:00-04:00,7824.0,7824.0,7824.0,7824.0,1
2026-08-07 08:20:00-04:00,7821.75,7821.75,7821.25,7821.25,4
2026-08-07 08:25:00-04:00,7823.25,7825.75,7822.5,7824.5,19
2026-08-07 08:30:00-04:00,7825.75,7841.25,7825.75,7834.5,60
2026-08-07 08:35:00-04:00,7836.0,7844.0,7835.75,7844.0,8
2026-08-07 08:40:00-04:00,7842.25,7844.0,7841.75,7844.0,15
2026-08-07 08:45:00-04:00,7844.0,7844.0,7843.5,7843.75,4
2026-08-07 08:50:00-04:00,7845.25,7845.75,7845.25,7845.75,4
2026-08-07 08:55:00-04:00,7843.25,7843.25,7842.75,7843.0,4
2026-08-07 09:00:00-04:00,7838.5,7838.5,7838.5,7838.5,1
2026-08-07 09:05:00-04:00,7837.25,7837.25,7832.5,7832.5,9
2026-08-07 09:10:00-04:00,7832.5,7832.5,7829.5,7829.5,10
2026-08-07 09:15:00-04:00,7828.0,7828.0,7826.0,7826.75,5
2026-08-07 09:25:00-04:00,7825.5,7825.5,7822.0,7825.0,9
2026-08-07 09:30:00-04:00,7823.0,7829.25,7823.0,7828.5,4
2026-08-07 09:35:00-04:00,7826.5,7828.0,7823.25,7826.0,5
2026-08-07 09:40:00-04:00,7831.5,7836.0,7826.25,7835.5,21
2026-08-07 09:45:00-04:00,7831.0,7831.0,7827.75,7827.75,5
2026-08-07 09:50:00-04:00,7835.5,7837.0,7835.5,7837.0,4
2026-08-07 09:55:00-04:00,7830.5,7830.5,7820.75,7822.0,6
2026-08-07 10:00:00-04:00,7829.75,7829.75,7821.0,7821.0,11
2026-08-07 10:05:00-04:00,7824.75,7824.75,7821.0,7821.0,4
2026-08-07 10:10:00-04:00,7821.25,7821.25,7811.5,7816.25,9
2026-08-07 10:15:00-04:00,7814.75,7832.5,7814.75,7832.5,17
2026-08-07 10:20:00-04:00,7835.0,7835.0,7832.25,7832.5,6
2026-08-07 10:25:00-04:00,7842.75,7846.75,7842.5,7845.75,6
2026-08-07 10:30:00-04:00,7840.5,7840.5,7840.5,7840.5,1
2026-08-07 10:35:00-04:00,7838.25,7838.5,7834.25,7834.25,8
2026-08-07 10:40:00-04:00,7837.5,7838.25,7833.25,7833.25,5
2026-08-07 10:45:00-04:00,7839.5,7840.25,7839.5,7840.25,3
2026-08-07 10:50:00-04:00,7836.25,7837.25,7836.25,7837.0,3
2026-08-07 11:00:00-04:00,7843.25,7843.25,7843.25,7843.25,1
2026-08-07 11:05:00-04:00,7844.25,7845.75,7844.25,7845.75,3
2026-08-07 11:10:00-04:00,7848.0,7849.75,7848.0,7849.75,9
2026-08-07 11:15:00-04:00,7846.0,7846.0,7844.0,7844.0,2
2026-08-07 11:20:00-04:00,7845.0,7851.75,7845.0,7851.75,17
2026-08-07 11:25:00-04:00,7851.5,7854.75,7851.5,7852.75,16
2026-08-07 11:30:00-04:00,7853.5,7853.5,7853.25,7853.25,3
2026-08-07 11:40:00-04:00,7852.0,7852.0,7852.0,7852.0,2
2026-08-07 11:45:00-04:00,7847.5,7847.5,7847.5,7847.5,1
2026-08-07 11:50:00-04:00,7852.25,7852.25,7851.25,7851.25,6
2026-08-07 11:55:00-04:00,7846.75,7846.75,7845.0,7845.0,25
2026-08-07 12:00:00-04:00,7846.25,7846.25,7843.75,7843.75,2
2026-08-07 12:05:00-04:00,7848.75,7848.75,7847.75,7847.75,3
2026-08-07 12:15:00-04:00,7846.5,7846.5,7845.0,7845.0,3
2026-08-07 12:20:00-04:00,7845.0,7847.75,7839.75,7839.75,8
2026-08-07 12:25:00-04:00,7836.5,7836.5,7830.0,7830.75,22
2026-08-07 12:30:00-04:00,7831.25,7835.0,7827.75,7835.0,14
2026-08-07 12:35:00-04:00,7838.0,7838.0,7838.0,7838.0,1
2026-08-07 12:40:00-04:00,7841.0,7841.25,7841.0,7841.25,3
2026-08-07 12:55:00-04:00,7839.0,7839.0,7839.0,7839.0,1
2026-08-07 13:15:00-04:00,7836.5,7836.5,7836.5,7836.5,1
2026-08-07 13:25:00-04:00,7835.0,7835.0,7833.0,7833.25,4
2026-08-07 13:30:00-04:00,7833.5,7833.5,7833.5,7833.5,2
2026-08-07 13:40:00-04:00,7837.75,7837.75,7837.75,7837.75,2
2026-08-07 14:05:00-04:00,7836.0,7836.75,7836.0,7836.75,2
2026-08-07 14:10:00-04:00,7833.0,7833.0,7831.5,7831.75,6
2026-08-07 14:15:00-04:00,7830.75,7831.75,7830.75,7831.25,5
2026-08-07 14:25:00-04:00,7832.5,7832.5,7831.0,7832.5,5
2026-08-07 14:30:00-04:00,7831.0,7831.0,7831.0,7831.0,1
2026-08-07 14:40:00-04:00,7826.75,7826.75,7825.0,7825.25,5
2026-08-07 14:45:00-04:00,7826.0,7827.25,7826.0,7827.25,51
2026-08-07 14:55:00-04:00,7831.0,7831.5,7831.0,7831.5,3
2026-08-07 15:00:00-04:00,7833.0,7840.0,7833.0,7836.0,10
2026-08-07 15:05:00-04:00,7841.0,7841.75,7841.0,7841.75,4
2026-08-07 15:10:00-04:00,7844.0,7845.75,7844.0,7845.0,6
2026-08-07 15:15:00-04:00,7846.25,7849.25,7846.25,7848.0,12
2026-08-07 15:30:00-04:00,7843.0,7844.25,7843.0,7844.25,2
2026-08-07 15:35:00-04:00,7843.5,7843.5,7843.5,7843.5,1
2026-08-07 15:40:00-04:00,7843.25,7843.25,7842.5,7842.5,2
2026-08-07 15:45:00-04:00,7842.75,7844.75,7842.75,7844.75,6
2026-08-07 15:50:00-04:00,7844.25,7846.25,7843.0,7845.75,13
2026-08-07 15:55:00-04:00,7843.5,7850.0,7843.5,7845.75,17
2026-08-07 16:00:00-04:00,7848.25,7848.25,7845.0,7845.0,52
2026-08-07 16:05:00-04:00,7844.5,7844.5,7844.5,7844.5,1
2026-08-07 16:35:00-04:00,7845.5,7845.5,7845.5,7845.5,1
2026-08-07 16:55:00-04:00,7846.25,7846.25,7846.25,7846.25,1
2026-08-09 18:00:00-04:00,7845.75,7845.75,7842.75,7842.75,2
2026-08-09 18:10:00-04:00,7839.0,7839.0,7837.0,7837.0,3
2026-08-09 18:15:00-04:00,7834.25,7834.25,7831.75,7833.0,14
2026-08-09 18:30:00-04:00,7838.25,7838.25,7838.25,7838.25,1
2026-08-09 18:40:00-04:00,7837.0,7837.0,7837.0,7837.0,1
2026-08-09 19:05:00-04:00,7839.75,7839.75,7839.75,7839.75,4
2026-08-09 19:15:00-04:00,7839.5,7839.5,7839.5,7839.5,3
2026-08-09 19:20:00-04:00,7841.0,7841.0,7841.0,7841.0,1
2026-08-09 19:30:00-04:00,7839.5,7839.5,7838.0,7838.0,2
2026-08-09 19:55:00-04:00,7835.5,7835.75,7835.5,7835.75,5
2026-08-09 20:00:00-04:00,7834.75,7835.0,7834.75,7835.0,2
2026-08-09 21:00:00-04:00,7841.25,7841.25,7841.25,7841.25,2
2026-08-09 21:05:00-04:00,7842.75,7843.25,7842.75,7843.25,2
2026-08-09 21:20:00-04:00,7847.75,7847.75,7847.75,7847.75,1
2026-08-09 21:35:00-04:00,7846.5,7847.0,7846.5,7847.0,2
2026-08-09 23:35:00-04:00,7852.5,7852.5,7852.5,7852.5,1
2026-08-10 00:20:00-04:00,7855.75,7855.75,7855.75,7855.75,1
2026-08-10 00:25:00-04:00,7854.5,7854.5,7854.5,7854.5,1
2026-08-10 02:10:00-04:00,7860.5,7860.5,7860.5,7860.5,1
2026-08-10 03:00:00-04:00,7855.25,7856.0,7855.0,7856.0,3
2026-08-10 03:20:00-04:00,7860.5,7860.5,7860.5,7860.5,1
2026-08-10 03:35:00-04:00,7860.5,7861.5,7860.5,7861.5,2
2026-08-10 03:40:00-04:00,7862.25,7862.25,7862.25,7862.25,1
2026-08-10 03:45:00-04:00,7862.5,7862.5,7862.5,7862.5,2
2026-08-10 04:30:00-04:00,7859.5,7859.5,7859.5,7859.5,1
2026-08-10 04:35:00-04:00,7861.0,7861.0,7861.0,7861.0,1
2026-08-10 04:50:00-04:00,7858.25,7858.25,7858.25,7858.25,1
2026-08-10 05:00:00-04:00,7860.25,7860.25,7860.25,7860.25,1
2026-08-10 05:15:00-04:00,7860.5,7860.5,7859.75,7859.75,11
2026-08-10 06:00:00-04:00,7857.75,7857.75,7857.75,7857.75,1
2026-08-10 06:05:00-04:00,7859.0,7859.0,7859.0,7859.0,1
2026-08-10 06:35:00-04:00,7857.0,7857.0,7857.0,7857.0,1
2026-08-10 07:00:00-04:00,7851.75,7851.75,7850.75,7850.75,2
2026-08-10 07:10:00-04:00,7847.5,7847.5,7847.5,7847.5,1
2026-08-10 07:15:00-04:00,7848.5,7848.5,7848.5,7848.5,3
2026-08-10 07:25:00-04:00,7851.5,7851.5,7851.5,7851.5,1
2026-08-10 07:30:00-04:00,7854.25,7854.25,7854.25,7854.25,1
2026-08-10 07:45:00-04:00,7851.0,7851.0,7851.0,7851.0,1
2026-08-10 07:50:00-04:00,7851.25,7851.25,7851.25,7851.25,1
2026-08-10 08:15:00-04:00,7848.25,7848.25,7848.25,7848.25,1
2026-08-10 08:30:00-04:00,7844.25,7844.25,7844.25,7844.25,2
2026-08-10 08:35:00-04:00,7842.5,7842.5,7842.5,7842.5,1
2026-08-10 08:50:00-04:00,7840.5,7840.5,7840.5,7840.5,2
2026-08-10 09:05:00-04:00,7844.5,7844.5,7844.5,7844.5,4
2026-08-10 09:15:00-04:00,7845.25,7845.25,7845.25,7845.25,2
2026-08-10 09:20:00-04:00,7842.5,7842.5,7842.5,7842.5,3
2026-08-10 09:30:00-04:00,7850.0,7850.0,7840.5,7840.5,5
2026-08-10 09:35:00-04:00,7840.0,7842.75,7840.0,7840.25,5
2026-08-10 09:45:00-04:00,7845.75,7846.0,7845.25,7846.0,4
2026-08-10 09:50:00-04:00,7848.75,7848.75,7843.75,7846.0,26
2026-08-10 09:55:00-04:00,7847.25,7849.0,7845.5,7848.0,8
2026-08-10 10:00:00-04:00,7850.25,7852.0,7850.0,7852.0,5
2026-08-10 10:05:00-04:00,7853.75,7855.0,7853.75,7855.0,4
2026-08-10 10:10:00-04:00,7856.25,7856.75,7856.25,7856.75,2
2026-08-10 10:15:00-04:00,7856.25,7856.25,7856.25,7856.25,1
2026-08-10 10:20:00-04:00,7859.0,7859.0,7856.0,7856.0,2
2026-08-10 10:25:00-04:00,7856.75,7857.0,7856.75,7857.0,2
2026-08-10 10:30:00-04:00,7859.25,7859.25,7859.0,7859.0,2
2026-08-10 10:35:00-04:00,7859.75,7859.75,7859.75,7859.75,1
2026-08-10 10:40:00-04:00,7860.0,7860.75,7860.0,7860.75,2
2026-08-10 10:45:00-04:00,7862.5,7865.25,7862.5,7864.25,7
2026-08-10 10:50:00-04:00,7855.5,7855.5,7854.0,7854.0,3
2026-08-10 10:55:00-04:00,7853.75,7854.25,7851.0,7851.0,8
2026-08-10 11:00:00-04:00,7849.0,7851.0,7849.0,7851.0,6
2026-08-10 11:05:00-04:00,7854.0,7854.25,7851.25,7851.25,3
2026-08-10 11:10:00-04:00,7852.75,7852.75,7852.5,7852.5,2
2026-08-10 11:15:00-04:00,7855.5,7855.5,7855.5,7855.5,4
2026-08-10 11:20:00-04:00,7855.0,7855.0,7855.0,7855.0,1
2026-08-10 11:30:00-04:00,7850.75,7850.75,7848.75,7849.0,5
2026-08-10 11:35:00-04:00,7847.75,7847.75,7847.75,7847.75,1
2026-08-10 11:40:00-04:00,7851.25,7852.25,7851.25,7852.25,2
2026-08-10 11:45:00-04:00,7852.0,7852.0,7852.0,7852.0,2
2026-08-10 11:55:00-04:00,7858.75,7858.75,7858.75,7858.75,1
2026-08-10 12:00:00-04:00,7858.0,7858.0,7858.0,7858.0,1
2026-08-10 12:15:00-04:00,7850.5,7850.5,7850.5,7850.5,2
2026-08-10 12:30:00-04:00,7833.75,7833.75,7832.75,7832.75,2
2026-08-10 12:35:00-04:00,7844.75,7844.75,7839.75,7840.0,6
2026-08-10 12:40:00-04:00,7838.25,7838.25,7835.0,7835.0,2
2026-08-10 12:45:00-04:00,7835.25,7839.75,7835.0,7839.75,4
2026-08-10 12:50:00-04:00,7840.0,7840.0,7840.0,7840.0,1
2026-08-10 13:00:00-04:00,7843.0,7843.0,7843.0,7843.0,1
2026-08-10 13:05:00-04:00,7842.5,7845.75,7842.5,7845.75,2
2026-08-10 13:10:00-04:00,7845.0,7845.0,7845.0,7845.0,3
2026-08-10 13:20:00-04:00,7846.0,7847.0,7846.0,7847.0,3
2026-08-10 13:30:00-04:00,7847.75,7847.75,7847.75,7847.75,1
2026-08-10 13:35:00-04:00,7846.0,7846.0,7846.0,7846.0,1
2026-08-10 13:45:00-04:00,7840.75,7842.0,7840.75,7842.0,2
2026-08-10 14:00:00-04:00,7842.5,7842.5,7842.5,7842.5,1
2026-08-10 14:15:00-04:00,7841.5,7841.5,7840.75,7840.75,2
2026-08-10 14:30:00-04:00,7839.5,7840.75,7839.25,7840.75,8
2026-08-10 14:40:00-04:00,7842.5,7842.5,7842.5,7842.5,1
2026-08-10 15:05:00-04:00,7848.5,7848.5,7848.5,7848.5,1
2026-08-10 15:10:00-04:00,7849.0,7849.0,7848.75,7848.75,2
2026-08-10 15:15:00-04:00,7848.25,7848.25,7848.25,7848.25,2
2026-08-10 15:50:00-04:00,7845.0,7845.0,7840.5,7840.5,3
2026-08-10 15:55:00-04:00,7845.5,7845.5,7845.5,7845.5,1
2026-08-10 16:10:00-04:00,7844.0,7844.0,7844.0,7844.0,1
2026-08-10 16:30:00-04:00,7843.75,7843.75,7843.75,7843.75,1
2026-08-10 16:55:00-04:00,7846.0,7846.0,7845.5,7845.5,3
2026-08-10 18:00:00-04:00,7844.5,7848.75,7844.5,7848.75,3
2026-08-10 18:35:00-04:00,7840.0,7840.0,7840.0,7840.0,1
2026-08-10 19:05:00-04:00,7841.0,7841.0,7841.0,7841.0,1
2026-08-10 19:20:00-04:00,7839.5,7839.5,7839.5,7839.5,1
2026-08-10 19:55:00-04:00,7837.0,7837.0,7835.5,7835.5,3
2026-08-10 20:10:00-04:00,7841.5,7841.5,7841.5,7841.5,1
2026-08-10 20:35:00-04:00,7847.5,7847.5,7846.5,7846.5,4
2026-08-10 20:40:00-04:00,7846.5,7846.5,7846.5,7846.5,1
2026-08-10 20:45:00-04:00,7848.0,7848.0,7848.0,7848.0,1
2026-08-10 21:00:00-04:00,7848.5,7848.5,7848.5,7848.5,3
2026-08-10 21:05:00-04:00,7849.25,7849.25,7849.25,7849.25,1
2026-08-10 21:10:00-04:00,7850.0,7853.0,7850.0,7853.0,3
2026-08-10 21:15:00-04:00,7852.5,7852.5,7852.25,7852.25,2
2026-08-10 21:20:00-04:00,7853.25,7855.0,7853.25,7854.0,15
2026-08-10 22:00:00-04:00,7851.5,7851.5,7851.5,7851.5,1
2026-08-10 22:30:00-04:00,7854.0,7854.0,7854.0,7854.0,1
2026-08-10 22:35:00-04:00,7853.5,7854.25,7853.25,7854.25,3
2026-08-10 23:20:00-04:00,7855.0,7856.25,7855.0,7856.25,2
2026-08-10 23:45:00-04:00,7855.0,7855.0,7855.0,7855.0,1
2026-08-11 01:30:00-04:00,7851.25,7851.25,7851.25,7851.25,1
2026-08-11 02:25:00-04:00,7843.5,7843.5,7843.5,7843.5,1
2026-08-11 02:50:00-04:00,7842.75,7842.75,7841.25,7841.25,3
2026-08-11 03:05:00-04:00,7839.75,7839.75,7839.75,7839.75,1
2026-08-11 03:55:00-04:00,7845.0,7845.0,7845.0,7845.0,1
2026-08-11 04:20:00-04:00,7839.0,7839.25,7839.0,7839.25,2
2026-08-11 05:15:00-04:00,7845.25,7845.25,7845.25,7845.25,1
2026-08-11 05:20:00-04:00,7846.25,7846.25,7846.25,7846.25,1
2026-08-11 06:05:00-04:00,7845.0,7845.0,7845.0,7845.0,1
2026-08-11 06:20:00-04:00,7850.0,7850.0,7850.0,7850.0,6
2026-08-11 07:00:00-04:00,7854.75,7864.0,7854.75,7864.0,21
2026-08-11 07:05:00-04:00,7861.5,7861.5,7861.5,7861.5,2
2026-08-11 07:15:00-04:00,7862.0,7862.0,7862.0,7862.0,1
2026-08-11 08:15:00-04:00,7860.75,7860.75,7860.5,7860.5,2
2026-08-11 08:20:00-04:00,7861.5,7861.5,7854.75,7854.75,8
2026-08-11 08:30:00-04:00,7855.25,7855.25,7855.25,7855.25,1
2026-08-11 08:55:00-04:00,7857.25,7857.25,7857.25,7857.25,1
2026-08-11 09:05:00-04:00,7860.0,7860.0,7860.0,7860.0,1
2026-08-11 09:10:00-04:00,7858.5,7858.5,7858.5,7858.5,1
2026-08-11 09:20:00-04:00,7858.75,7858.75,7858.75,7858.75,1
2026-08-11 09:25:00-04:00,7860.0,7860.0,7860.0,7860.0,1
2026-08-11 09:30:00-04:00,7857.5,7857.5,7851.25,7851.25,3
2026-08-11 09:40:00-04:00,7846.25,7850.75,7846.25,7848.0,4
2026-08-11 09:45:00-04:00,7843.25,7843.25,7840.0,7840.0,10
2026-08-11 09:50:00-04:00,7840.75,7840.75,7840.75,7840.75,1
2026-08-11 09:55:00-04:00,7847.0,7847.0,7846.5,7846.5,2
2026-08-11 10:00:00-04:00,7851.5,7853.5,7851.5,7853.5,13
2026-08-11 10:05:00-04:00,7853.25,7853.25,7850.75,7851.0,11
2026-08-11 10:10:00-04:00,7852.0,7853.25,7852.0,7853.25,2
2026-08-11 10:15:00-04:00,7852.75,7852.75,7848.0,7851.5,16
2026-08-11 10:20:00-04:00,7852.75,7852.75,7852.75,7852.75,1
2026-08-11 10:25:00-04:00,7852.0,7852.0,7852.0,7852.0,2
2026-08-11 10:30:00-04:00,7852.5,7852.5,7848.5,7848.5,2
2026-08-11 10:40:00-04:00,7848.75,7850.0,7847.25,7847.25,5
2026-08-11 10:45:00-04:00,7850.25,7853.5,7850.25,7852.75,4
2026-08-11 10:50:00-04:00,7852.5,7852.5,7852.5,7852.5,1
2026-08-11 11:00:00-04:00,7851.5,7851.5,7851.0,7851.0,2
2026-08-11 11:05:00-04:00,7843.75,7843.75,7841.75,7841.75,26
2026-08-11 11:10:00-04:00,7841.75,7842.75,7839.75,7840.25,8
2026-08-11 11:15:00-04:00,7839.0,7839.0,7838.0,7838.0,4
2026-08-11 11:25:00-04:00,7837.75,7837.75,7837.75,7837.75,1
2026-08-11 11:30:00-04:00,7836.25,7838.0,7832.5,7832.5,24
2026-08-11 11:35:00-04:00,7833.75,7833.75,7831.0,7831.0,2
2026-08-11 11:40:00-04:00,7831.5,7831.5,7831.5,7831.5,1
2026-08-11 11:45:00-04:00,7834.25,7834.25,7832.25,7833.75,47
2026-08-11 11:55:00-04:00,7832.0,7832.0,7831.75,7831.75,2
2026-08-11 12:00:00-04:00,7835.0,7835.0,7834.0,7834.0,13
2026-08-11 12:05:00-04:00,7835.5,7837.0,7835.5,7837.0,3
2026-08-11 12:20:00-04:00,7834.0,7834.0,7830.0,7830.0,4
2026-08-11 12:25:00-04:00,7828.0,7830.5,7827.0,7829.25,5
2026-08-11 12:30:00-04:00,7829.25,7829.25,7829.0,7829.0,2
2026-08-11 12:35:00-04:00,7828.25,7828.25,7828.25,7828.25,1
2026-08-11 12:40:00-04:00,7829.75,7829.75,7828.75,7828.75,2
2026-08-11 12:45:00-04:00,7828.0,7828.0,7828.0,7828.0,7
2026-08-11 12:55:00-04:00,7825.0,7825.0,7823.75,7823.75,4
2026-08-11 13:00:00-04:00,7823.5,7823.5,7821.0,7821.0,5
2026-08-11 13:05:00-04:00,7823.0,7823.0,7823.0,7823.0,1
2026-08-11 13:10:00-04:00,7820.0,7820.0,7817.75,7818.0,4
2026-08-11 13:15:00-04:00,7819.25,7819.25,7819.25,7819.25,1
2026-08-11 13:40:00-04:00,7823.25,7823.25,7823.25,7823.25,6
2026-08-11 13:50:00-04:00,7825.5,7825.5,7825.5,7825.5,1
2026-08-11 14:00:00-04:00,7824.5,7824.5,7824.5,7824.5,1
2026-08-11 14:10:00-04:00,7821.5,7821.5,7821.5,7821.5,6
2026-08-11 14:15:00-04:00,7820.25,7821.25,7820.25,7821.25,7
2026-08-11 14:20:00-04:00,7818.75,7818.75,7817.75,7818.0,14
2026-08-11 14:25:00-04:00,7818.0,7818.0,7807.0,7808.0,17
2026-08-11 14:30:00-04:00,7809.75,7809.75,7809.75,7809.75,6
2026-08-11 14:55:00-04:00,7815.5,7815.5,7815.5,7815.5,1
2026-08-11 15:00:00-04:00,7812.75,7812.75,7812.0,7812.0,2
2026-08-11 15:10:00-04:00,7815.75,7815.75,7815.75,7815.75,1
2026-08-11 15:20:00-04:00,7817.5,7817.75,7817.5,7817.75,3
2026-08-11 15:25:00-04:00,7819.25,7819.25,7819.25,7819.25,1
2026-08-11 15:30:00-04:00,7820.25,7820.25,7820.25,7820.25,1
2026-08-11 15:45:00-04:00,7816.75,7816.75,7816.75,7816.75,1
2026-08-11 15:50:00-04:00,7817.75,7817.75,7812.0,7817.0,13
2026-08-11 15:55:00-04:00,7817.0,7818.0,7811.75,7818.0,4
2026-08-11 16:00:00-04:00,7818.0,7819.0,7816.25,7816.25,10
2026-08-11 16:05:00-04:00,7816.25,7816.25,7816.25,7816.25,1
2026-08-11 16:40:00-04:00,7823.0,7823.0,7823.0,7823.0,1
2026-08-11 18:20:00-04:00,7822.25,7822.25,7822.25,7822.25,1
2026-08-11 18:30:00-04:00,7822.0,7822.0,7822.0,7822.0,1
2026-08-11 18:35:00-04:00,7822.0,7822.0,7822.0,7822.0,1
2026-08-11 18:55:00-04:00,7820.0,7820.0,7820.0,7820.0,1
2026-08-11 19:50:00-04:00,7822.5,7822.5,7822.5,7822.5,1
2026-08-11 20:25:00-04:00,7821.25,7821.25,7821.25,7821.25,3
2026-08-11 20:30:00-04:00,7819.5,7819.5,7819.5,7819.5,1
2026-08-11 20:35:00-04:00,7819.75,7819.75,7819.75,7819.75,1
2026-08-11 21:15:00-04:00,7819.5,7819.5,7819.0,7819.0,4
2026-08-11 22:35:00-04:00,7821.0,7821.0,7821.0,7821.0,1
2026-08-11 23:10:00-04:00,7823.5,7823.5,7823.5,7823.5,2
2026-08-11 23:35:00-04:00,7821.5,7821.5,7821.5,7821.5,1
2026-08-12 00:00:00-04:00,7823.0,7823.0,7823.0,7823.0,1
2026-08-12 00:15:00-04:00,7822.25,7822.25,7822.25,7822.25,1
2026-08-12 01:20:00-04:00,7820.75,7820.75,7820.75,7820.75,1
2026-08-12 02:35:00-04:00,7825.5,7825.5,7825.5,7825.5,6
2026-08-12 03:25:00-04:00,7826.0,7826.0,7826.0,7826.0,6
2026-08-12 03:35:00-04:00,7827.25,7827.25,7827.25,7827.25,7
2026-08-12 03:40:00-04:00,7826.5,7826.5,7826.5,7826.5,1
2026-08-12 04:00:00-04:00,7830.0,7830.0,7830.0,7830.0,2
2026-08-12 04:35:00-04:00,7826.25,7826.5,7826.25,7826.5,2
2026-08-12 05:05:00-04:00,7832.0,7832.0,7832.0,7832.0,4
2026-08-12 05:20:00-04:00,7833.25,7837.75,7833.25,7837.75,8
2026-08-12 05:35:00-04:00,7837.75,7837.75,7837.75,7837.75,4
2026-08-12 05:50:00-04:00,7838.0,7838.0,7838.0,7838.0,6
2026-08-12 06:45:00-04:00,7836.5,7836.5,7828.0,7831.75,228
2026-08-12 06:50:00-04:00,7831.75,7833.0,7831.25,7832.75,9
2026-08-12 07:00:00-04:00,7833.25,7833.25,7833.25,7833.25,1
2026-08-12 07:05:00-04:00,7835.5,7835.5,7835.5,7835.5,1
2026-08-12 07:40:00-04:00,7835.5,7835.5,7835.5,7835.5,1
2026-08-12 07:55:00-04:00,7836.25,7838.25,7836.25,7838.25,13
2026-08-12 08:00:00-04:00,7838.25,7839.5,7838.25,7839.5,7
2026-08-12 08:10:00-04:00,7836.0,7837.0,7836.0,7837.0,23
2026-08-12 08:15:00-04:00,7838.5,7838.5,7838.5,7838.5,1
2026-08-12 08:20:00-04:00,7837.0,7838.0,7837.0,7838.0,2
2026-08-12 08:25:00-04:00,7842.0,7844.0,7842.0,7844.0,2
2026-08-12 08:30:00-04:00,7850.0,7850.25,7835.75,7846.5,35
2026-08-12 08:35:00-04:00,7844.0,7844.0,7842.25,7843.25,7
2026-08-12 08:40:00-04:00,7850.0,7853.5,7848.75,7852.0,13
2026-08-12 08:45:00-04:00,7849.0,7850.0,7848.5,7848.5,3
2026-08-12 08:50:00-04:00,7848.25,7850.25,7847.5,7850.25,5
2026-08-12 08:55:00-04:00,7849.75,7850.0,7849.75,7850.0,2
2026-08-12 09:00:00-04:00,7852.25,7852.25,7852.25,7852.25,1
2026-08-12 09:10:00-04:00,7852.75,7854.0,7852.75,7854.0,10
2026-08-12 09:15:00-04:00,7856.0,7856.0,7856.0,7856.0,1
2026-08-12 09:20:00-04:00,7855.0,7855.0,7855.0,7855.0,2
2026-08-12 09:25:00-04:00,7859.0,7859.0,7859.0,7859.0,1
2026-08-12 09:30:00-04:00,7860.0,7860.0,7840.0,7842.5,15
2026-08-12 09:35:00-04:00,7844.0,7846.5,7840.25,7840.25,8
2026-08-12 09:40:00-04:00,7839.25,7840.0,7836.25,7838.5,6
2026-08-12 09:45:00-04:00,7841.5,7848.0,7835.0,7845.75,24
2026-08-12 09:50:00-04:00,7846.0,7846.0,7846.0,7846.0,1
2026-08-12 09:55:00-04:00,7836.75,7837.75,7833.75,7837.75,4
2026-08-12 10:00:00-04:00,7834.75,7834.75,7834.0,7834.0,2
2026-08-12 10:05:00-04:00,7835.0,7835.25,7834.25,7835.0,6
2026-08-12 10:10:00-04:00,7836.0,7837.0,7834.25,7834.25,4
2026-08-12 10:20:00-04:00,7836.25,7839.0,7836.25,7839.0,5
2026-08-12 10:25:00-04:00,7842.0,7843.75,7842.0,7843.75,2
2026-08-12 10:30:00-04:00,7839.0,7839.0,7825.0,7831.5,29
2026-08-12 10:35:00-04:00,7830.5,7837.25,7830.5,7836.75,6
2026-08-12 10:40:00-04:00,7839.25,7841.25,7839.25,7840.25,4
2026-08-12 10:45:00-04:00,7842.5,7842.5,7836.75,7836.75,5
2026-08-12 10:50:00-04:00,7836.5,7836.5,7833.75,7833.75,2
2026-08-12 10:55:00-04:00,7831.5,7831.5,7829.25,7829.25,2
2026-08-12 11:00:00-04:00,7832.75,7832.75,7829.25,7829.25,3
2026-08-12 11:15:00-04:00,7831.25,7831.25,7831.25,7831.25,1
2026-08-12 11:20:00-04:00,7832.75,7832.75,7831.25,7831.25,4
2026-08-12 11:30:00-04:00,7833.75,7833.75,7829.25,7829.25,4
2026-08-12 11:40:00-04:00,7828.0,7828.0,7828.0,7828.0,1
2026-08-12 11:45:00-04:00,7830.0,7831.0,7830.0,7831.0,2
2026-08-12 12:10:00-04:00,7836.0,7836.0,7836.0,7836.0,4
2026-08-12 12:20:00-04:00,7836.25,7837.25,7836.25,7837.25,5
2026-08-12 12:45:00-04:00,7838.5,7838.5,7838.5,7838.5,4
2026-08-12 12:50:00-04:00,7840.5,7842.0,7840.5,7841.75,3
2026-08-12 12:55:00-04:00,7839.5,7839.5,7839.5,7839.5,1
2026-08-12 13:00:00-04:00,7840.5,7841.25,7840.5,7841.25,2
2026-08-12 13:05:00-04:00,7843.0,7844.25,7843.0,7844.25,5
2026-08-12 13:10:00-04:00,7839.0,7839.0,7839.0,7839.0,1
2026-08-12 13:20:00-04:00,7839.25,7839.25,7839.25,7839.25,3
2026-08-12 13:25:00-04:00,7839.5,7839.75,7839.25,7839.75,4
2026-08-12 13:30:00-04:00,7840.25,7840.25,7840.25,7840.25,1
2026-08-12 13:40:00-04:00,7839.75,7839.75,7838.25,7838.25,15
2026-08-12 13:55:00-04:00,7838.0,7838.0,7838.0,7838.0,2
2026-08-12 14:10:00-04:00,7841.0,7842.75,7841.0,7842.75,3
2026-08-12 14:15:00-04:00,7842.5,7842.5,7842.5,7842.5,1
2026-08-12 14:25:00-04:00,7844.0,7844.0,7842.5,7842.5,2
2026-08-12 14:30:00-04:00,7844.75,7844.75,7844.75,7844.75,1
2026-08-12 14:55:00-04:00,7843.5,7843.5,7842.5,7842.5,10
2026-08-12 15:00:00-04:00,7844.0,7844.0,7844.0,7844.0,1
2026-08-12 15:20:00-04:00,7839.5,7839.5,7839.5,7839.5,1
2026-08-12 15:40:00-04:00,7838.25,7838.25,7838.25,7838.25,1
2026-08-12 15:50:00-04:00,7836.75,7836.75,7833.75,7834.25,8
2026-08-12 16:00:00-04:00,7836.25,7841.5,7836.25,7841.5,5
2026-08-12 16:05:00-04:00,7842.0,7842.0,7842.0,7842.0,1
2026-08-12 18:00:00-04:00,7836.5,7836.5,7836.5,7836.5,1
2026-08-12 18:10:00-04:00,7835.0,7835.0,7835.0,7835.0,1
2026-08-12 19:25:00-04:00,7836.75,7836.75,7836.75,7836.75,2
2026-08-12 19:50:00-04:00,7835.0,7835.0,7835.0,7835.0,1
2026-08-12 19:55:00-04:00,7834.5,7834.5,7834.5,7834.5,1
2026-08-12 20:00:00-04:00,7836.25,7836.25,7836.25,7836.25,1
2026-08-12 20:05:00-04:00,7839.0,7839.0,7838.5,7838.5,2
2026-08-12 20:35:00-04:00,7834.75,7834.75,7834.75,7834.75,1
2026-08-12 20:45:00-04:00,7836.0,7836.0,7836.0,7836.0,1
2026-08-12 21:10:00-04:00,7833.0,7833.0,7833.0,7833.0,1
2026-08-12 21:30:00-04:00,7833.75,7833.75,7833.75,7833.75,1
2026-08-12 22:00:00-04:00,7837.25,7837.25,7837.25,7837.25,1
2026-08-12 22:15:00-04:00,7838.25,7838.25,7838.25,7838.25,1
2026-08-13 00:00:00-04:00,7842.0,7842.0,7842.0,7842.0,1
2026-08-13 01:00:00-04:00,7842.0,7842.0,7842.0,7842.0,1
2026-08-13 01:20:00-04:00,7845.25,7845.25,7845.25,7845.25,1
2026-08-13 01:30:00-04:00,7846.5,7846.5,7846.5,7846.5,1
2026-08-13 02:55:00-04:00,7844.0,7844.0,7844.0,7844.0,1
2026-08-13 03:05:00-04:00,7841.0,7841.0,7841.0,7841.0,1
2026-08-13 04:50:00-04:00,7849.75,7849.75,7849.75,7849.75,1
2026-08-13 06:15:00-04:00,7849.75,7849.75,7849.5,7849.5,2
2026-08-13 07:00:00-04:00,7852.0,7852.0,7852.0,7852.0,4
2026-08-13 08:05:00-04:00,7850.0,7850.0,7850.0,7850.0,1
2026-08-13 08:15:00-04:00,7848.0,7848.0,7848.0,7848.0,1
2026-08-13 08:30:00-04:00,7854.25,7855.5,7845.5,7846.5,18
2026-08-13 08:35:00-04:00,7849.25,7849.25,7849.25,7849.25,1
2026-08-13 08:45:00-04:00,7850.75,7852.0,7850.75,7852.0,3
2026-08-13 08:55:00-04:00,7853.75,7853.75,7853.75,7853.75,1
2026-08-13 09:00:00-04:00,7855.0,7856.5,7855.0,7856.5,4
2026-08-13 09:20:00-04:00,7859.0,7859.5,7858.25,7858.25,5
2026-08-13 09:30:00-04:00,7860.0,7865.0,7855.75,7865.0,8
2026-08-13 09:35:00-04:00,7866.75,7874.5,7866.75,7874.5,13
2026-08-13 09:40:00-04:00,7874.5,7874.5,7868.0,7868.0,16
2026-08-13 09:45:00-04:00,7873.25,7880.0,7873.25,7879.75,25
2026-08-13 09:50:00-04:00,7881.75,7881.75,7880.25,7880.75,5
2026-08-13 09:55:00-04:00,7881.5,7888.25,7880.0,7888.25,33
2026-08-13 10:00:00-04:00,7887.5,7894.25,7887.5,7894.25,14
2026-08-13 10:05:00-04:00,7895.0,7895.0,7891.0,7891.0,5
2026-08-13 10:10:00-04:00,7895.25,7895.25,7895.25,7895.25,1
2026-08-13 10:15:00-04:00,7893.0,7897.75,7893.0,7897.5,10
2026-08-13 10:20:00-04:00,7896.0,7900.25,7896.0,7900.25,8
2026-08-13 10:25:00-04:00,7902.0,7903.75,7902.0,7903.75,14
2026-08-13 10:30:00-04:00,7901.5,7904.0,7901.5,7903.5,5
2026-08-13 10:35:00-04:00,7904.0,7904.0,7900.75,7901.0,9
2026-08-13 10:40:00-04:00,7901.5,7901.5,7897.75,7899.0,36
2026-08-13 10:45:00-04:00,7896.5,7896.5,7889.75,7889.75,6
2026-08-13 10:50:00-04:00,7888.5,7888.5,7887.75,7887.75,2
2026-08-13 10:55:00-04:00,7887.5,7890.75,7887.5,7890.75,2
2026-08-13 11:00:00-04:00,7889.25,7893.0,7884.75,7884.75,12
2026-08-13 11:05:00-04:00,7884.25,7884.25,7882.0,7882.75,7
2026-08-13 11:10:00-04:00,7883.25,7883.5,7882.0,7882.5,5
2026-08-13 11:15:00-04:00,7882.75,7882.75,7878.75,7879.0,5
2026-08-13 11:20:00-04:00,7882.0,7882.0,7880.25,7880.25,4
2026-08-13 11:25:00-04:00,7878.0,7878.0,7870.5,7874.0,9
2026-08-13 11:30:00-04:00,7871.75,7872.75,7870.0,7870.0,4
2026-08-13 11:35:00-04:00,7871.25,7871.25,7867.0,7867.5,5
2026-08-13 11:40:00-04:00,7872.75,7872.75,7871.0,7871.0,2
2026-08-13 11:45:00-04:00,7872.25,7872.5,7870.0,7870.0,4
2026-08-13 11:50:00-04:00,7866.5,7866.5,7866.5,7866.5,2
2026-08-13 11:55:00-04:00,7869.0,7869.0,7864.5,7864.5,5
2026-08-13 12:00:00-04:00,7870.75,7870.75,7869.75,7870.0,21
2026-08-13 12:05:00-04:00,7870.25,7872.0,7870.25,7872.0,2
2026-08-13 12:15:00-04:00,7867.75,7868.5,7867.5,7867.75,5
2026-08-13 12:20:00-04:00,7870.25,7872.0,7870.25,7872.0,14
2026-08-13 12:25:00-04:00,7874.25,7876.25,7873.5,7876.25,9
2026-08-13 12:30:00-04:00,7875.25,7877.0,7875.25,7876.75,5
2026-08-13 12:35:00-04:00,7876.0,7876.0,7876.0,7876.0,4
2026-08-13 12:50:00-04:00,7876.5,7878.25,7876.25,7878.25,4
2026-08-13 13:00:00-04:00,7880.0,7880.0,7880.0,7880.0,1
2026-08-13 13:05:00-04:00,7880.25,7883.5,7880.25,7883.5,5
2026-08-13 13:10:00-04:00,7883.5,7883.5,7882.75,7882.75,4
2026-08-13 13:20:00-04:00,7885.5,7885.5,7885.5,7885.5,1
2026-08-13 13:25:00-04:00,7882.5,7882.5,7882.5,7882.5,1
2026-08-13 13:30:00-04:00,7880.0,7880.0,7880.0,7880.0,1
2026-08-13 13:55:00-04:00,7880.0,7880.0,7880.0,7880.0,1
2026-08-13 14:00:00-04:00,7880.25,7880.25,7880.0,7880.25,3
2026-08-13 14:10:00-04:00,7878.75,7881.0,7878.0,7881.0,3
2026-08-13 14:20:00-04:00,7879.0,7879.0,7879.0,7879.0,1
2026-08-13 14:35:00-04:00,7884.25,7884.5,7884.25,7884.5,3
2026-08-13 14:45:00-04:00,7888.0,7888.0,7888.0,7888.0,2
2026-08-13 14:50:00-04:00,7889.5,7890.25,7888.0,7889.75,4
2026-08-13 14:55:00-04:00,7888.0,7888.5,7888.0,7888.5,2
2026-08-13 15:05:00-04:00,7891.75,7895.0,7891.75,7892.75,9
2026-08-13 15:20:00-04:00,7894.25,7894.25,7893.75,7893.75,2
2026-08-13 15:25:00-04:00,7894.5,7894.5,7892.0,7893.25,4
2026-08-13 15:30:00-04:00,7892.75,7892.75,7892.75,7892.75,1
2026-08-13 15:45:00-04:00,7889.25,7889.25,7889.25,7889.25,1
2026-08-13 15:50:00-04:00,7888.0,7888.75,7887.5,7887.5,4
2026-08-13 15:55:00-04:00,7886.5,7890.5,7886.5,7890.5,6
2026-08-13 16:00:00-04:00,7889.75,7891.25,7888.0,7890.0,10
2026-08-13 16:15:00-04:00,7887.0,7887.0,7887.0,7887.0,1
2026-08-13 16:25:00-04:00,7887.75,7887.75,7887.75,7887.75,1
2026-08-13 16:30:00-04:00,7887.5,7887.5,7887.5,7887.5,1
2026-08-13 16:40:00-04:00,7889.75,7889.75,7889.75,7889.75,1
2026-08-13 16:50:00-04:00,7891.75,7892.0,7890.75,7892.0,5
2026-08-13 16:55:00-04:00,7892.0,7892.25,7892.0,7892.25,2
2026-08-13 18:00:00-04:00,7892.0,7892.0,7891.75,7891.75,2
2026-08-13 18:10:00-04:00,7890.75,7890.75,7890.75,7890.75,2
2026-08-13 18:20:00-04:00,7890.0,7890.5,7890.0,7890.5,2
2026-08-13 19:05:00-04:00,7892.0,7892.0,7892.0,7892.0,1
2026-08-13 19:25:00-04:00,7893.0,7893.0,7893.0,7893.0,1
2026-08-13 19:40:00-04:00,7892.75,7892.75,7892.75,7892.75,1
2026-08-13 21:00:00-04:00,7889.25,7889.25,7889.25,7889.25,1
2026-08-13 21:10:00-04:00,7889.0,7889.0,7889.0,7889.0,1
2026-08-13 21:15:00-04:00,7886.75,7886.75,7886.75,7886.75,1
2026-08-13 21:35:00-04:00,7890.75,7890.75,7890.75,7890.75,2
2026-08-13 22:05:00-04:00,7891.5,7891.5,7891.5,7891.5,1
2026-08-13 23:30:00-04:00,7894.25,7894.25,7894.25,7894.25,1
2026-08-13 23:40:00-04:00,7892.0,7892.0,7892.0,7892.0,1
2026-08-14 00:05:00-04:00,7892.5,7892.5,7892.5,7892.5,1
2026-08-14 00:10:00-04:00,7892.0,7892.0,7892.0,7892.0,2
2026-08-14 00:25:00-04:00,7891.25,7891.25,7891.25,7891.25,1
2026-08-14 01:25:00-04:00,7890.0,7890.0,7890.0,7890.0,1
2026-08-14 03:10:00-04:00,7886.75,7886.75,7886.75,7886.75,1
2026-08-14 03:55:00-04:00,7890.75,7890.75,7890.75,7890.75,1
2026-08-14 04:00:00-04:00,7891.5,7891.5,7891.5,7891.5,1
2026-08-14 04:35:00-04:00,7894.25,7894.25,7894.0,7894.25,3
2026-08-14 06:50:00-04:00,7895.0,7895.0,7895.0,7895.0,1
2026-08-14 07:25:00-04:00,7893.75,7893.75,7893.75,7893.75,1
2026-08-14 07:40:00-04:00,7894.75,7894.75,7894.75,7894.75,1
2026-08-14 07:45:00-04:00,7896.5,7896.5,7896.5,7896.5,1
2026-08-14 08:05:00-04:00,7895.5,7895.75,7895.5,7895.75,2
2026-08-14 08:10:00-04:00,7896.0,7896.0,7890.25,7890.25,19
2026-08-14 08:30:00-04:00,7896.25,7898.0,7896.25,7898.0,2
2026-08-14 08:40:00-04:00,7894.5,7894.5,7894.5,7894.5,1
2026-08-14 09:00:00-04:00,7895.0,7895.0,7895.0,7895.0,1
2026-08-14 09:20:00-04:00,7895.0,7895.0,7895.0,7895.0,1
2026-08-14 09:30:00-04:00,7893.75,7893.75,7892.0,7892.25,3
2026-08-14 09:35:00-04:00,7887.75,7887.75,7887.75,7887.75,1
2026-08-14 09:40:00-04:00,7888.0,7892.5,7888.0,7892.5,2
2026-08-14 09:45:00-04:00,7893.25,7893.5,7888.0,7888.0,4
2026-08-14 09:50:00-04:00,7888.0,7894.75,7886.0,7894.75,26
2026-08-14 10:00:00-04:00,7895.0,7895.0,7895.0,7895.0,2
2026-08-14 10:05:00-04:00,7895.0,7895.5,7895.0,7895.5,2
2026-08-14 10:10:00-04:00,7893.25,7894.25,7892.5,7894.25,6
2026-08-14 10:15:00-04:00,7892.25,7892.25,7887.0,7888.5,10
2026-08-14 10:20:00-04:00,7885.0,7885.25,7883.75,7884.25,6
2026-08-14 10:25:00-04:00,7882.5,7882.5,7882.25,7882.5,6
2026-08-14 10:30:00-04:00,7880.0,7880.0,7878.0,7878.0,4
2026-08-14 10:35:00-04:00,7879.0,7879.0,7879.0,7879.0,1
2026-08-14 10:45:00-04:00,7882.0,7882.5,7881.75,7882.5,3
2026-08-14 10:50:00-04:00,7881.25,7881.25,7879.0,7879.5,7
2026-08-14 10:55:00-04:00,7878.75,7878.75,7878.75,7878.75,1
2026-08-14 11:00:00-04:00,7880.0,7880.0,7877.5,7877.5,4
2026-08-14 11:10:00-04:00,7875.25,7875.25,7874.0,7874.0,3
2026-08-14 11:20:00-04:00,7870.25,7870.25,7870.0,7870.0,2
2026-08-14 11:25:00-04:00,7869.25,7869.5,7868.0,7869.5,3
2026-08-14 11:30:00-04:00,7872.5,7872.75,7870.25,7870.25,10
2026-08-14 11:35:00-04:00,7872.0,7872.0,7870.0,7870.0,5
2026-08-14 11:40:00-04:00,7869.25,7869.25,7867.75,7868.0,42
2026-08-14 11:45:00-04:00,7872.0,7872.0,7869.0,7869.0,4
2026-08-14 11:50:00-04:00,7868.0,7869.5,7868.0,7869.5,6
2026-08-14 11:55:00-04:00,7870.5,7872.0,7870.0,7872.0,7
2026-08-14 12:05:00-04:00,7873.25,7873.25,7873.25,7873.25,1
2026-08-14 12:10:00-04:00,7870.25,7870.25,7870.25,7870.25,1
2026-08-14 12:15:00-04:00,7874.25,7874.75,7874.25,7874.75,2
2026-08-14 12:20:00-04:00,7875.0,7875.0,7875.0,7875.0,1
2026-08-14 12:30:00-04:00,7875.0,7875.0,7875.0,7875.0,1
2026-08-14 12:40:00-04:00,7871.25,7872.75,7871.0,7872.75,3
2026-08-14 12:45:00-04:00,7870.0,7870.0,7870.0,7870.0,1
2026-08-14 12:50:00-04:00,7867.5,7867.5,7867.5,7867.5,2
2026-08-14 12:55:00-04:00,7865.75,7865.75,7865.75,7865.75,1
2026-08-14 13:00:00-04:00,7867.0,7867.0,7867.0,7867.0,1
2026-08-14 13:05:00-04:00,7868.0,7868.0,7868.0,7868.0,2
2026-08-14 13:10:00-04:00,7869.0,7869.0,7869.0,7869.0,1
2026-08-14 13:15:00-04:00,7867.75,7867.75,7867.75,7867.75,1
2026-08-14 13:35:00-04:00,7865.0,7865.0,7865.0,7865.0,1
2026-08-14 13:50:00-04:00,7866.5,7866.5,7866.5,7866.5,1
2026-08-14 14:00:00-04:00,7869.5,7869.5,7869.5,7869.5,1
2026-08-14 14:15:00-04:00,7872.0,7872.25,7870.75,7871.25,23
2026-08-14 14:20:00-04:00,7870.25,7872.25,7870.25,7871.5,54
2026-08-14 14:25:00-04:00,7871.75,7871.75,7869.0,7869.0,9
2026-08-14 14:30:00-04:00,7869.25,7870.0,7868.0,7868.0,32
2026-08-14 14:35:00-04:00,7868.0,7869.25,7868.0,7869.25,34
2026-08-14 14:40:00-04:00,7869.5,7871.5,7869.5,7871.5,41
2026-08-14 14:45:00-04:00,7870.75,7871.5,7869.75,7871.5,45
2026-08-14 14:50:00-04:00,7871.75,7873.75,7871.75,7873.0,53
2026-08-14 14:55:00-04:00,7872.0,7872.0,7870.75,7870.75,13
2026-08-14 15:00:00-04:00,7871.0,7871.25,7868.5,7869.0,50
2026-08-14 15:05:00-04:00,7869.25,7871.0,7869.25,7871.0,35
2026-08-14 15:10:00-04:00,7870.0,7871.0,7870.0,7870.0,26
2026-08-14 15:15:00-04:00,7870.0,7870.5,7869.25,7870.25,37
2026-08-14 15:20:00-04:00,7868.5,7870.25,7868.5,7870.25,25
2026-08-14 15:25:00-04:00,7870.75,7872.25,7870.75,7872.25,58
2026-08-14 15:30:00-04:00,7871.25,7871.75,7871.25,7871.75,10
2026-08-14 15:35:00-04:00,7871.0,7871.25,7870.25,7870.75,22
2026-08-14 15:40:00-04:00,7871.0,7871.75,7871.0,7871.25,16
2026-08-14 15:45:00-04:00,7870.5,7870.5,7870.5,7870.5,5
2026-08-14 16:00:00-04:00,7869.25,7869.25,7869.25,7869.25,1
2026-08-14 16:05:00-04:00,7868.0,7868.0,7868.0,7868.0,1
2026-08-14 16:10:00-04:00,7867.75,7867.75,7867.0,7867.75,12
2026-08-14 16:25:00-04:00,7867.25,7867.25,7867.25,7867.25,4
2026-08-14 16:30:00-04:00,7868.0,7868.0,7867.75,7867.75,6
2026-08-14 16:55:00-04:00,7868.5,7869.0,7868.5,7869.0,3
2026-08-16 18:00:00-04:00,7873.0,7874.0,7870.75,7873.75,159
2026-08-16 18:05:00-04:00,7874.0,7875.5,7874.0,7875.5,5
2026-08-16 18:10:00-04:00,7876.5,7876.5,7876.5,7876.5,1
2026-08-16 18:20:00-04:00,7876.0,7876.0,7875.25,7875.5,3
2026-08-16 18:25:00-04:00,7875.25,7875.25,7875.25,7875.25,1
2026-08-16 18:30:00-04:00,7875.25,7875.25,7874.75,7874.75,6
2026-08-16 18:35:00-04:00,7874.75,7874.75,7874.25,7874.25,2
2026-08-16 18:45:00-04:00,7874.75,7874.75,7874.75,7874.75,1
2026-08-16 18:55:00-04:00,7876.25,7876.25,7876.25,7876.25,1
2026-08-16 19:00:00-04:00,7875.5,7875.5,7875.5,7875.5,15
2026-08-16 19:15:00-04:00,7874.5,7874.5,7874.5,7874.5,1
2026-08-16 19:35:00-04:00,7876.25,7876.25,7876.25,7876.25,1
2026-08-16 19:50:00-04:00,7879.0,7879.0,7879.0,7879.0,1
2026-08-16 20:00:00-04:00,7878.5,7879.5,7877.5,7879.5,10
2026-08-16 20:05:00-04:00,7877.75,7877.75,7877.75,7877.75,1
2026-08-16 20:15:00-04:00,7877.75,7877.75,7877.0,7877.0,2
2026-08-16 20:25:00-04:00,7875.0,7875.0,7875.0,7875.0,1
2026-08-16 20:50:00-04:00,7876.0,7876.0,7876.0,7876.0,1
2026-08-16 21:00:00-04:00,7877.5,7878.0,7877.5,7878.0,6
2026-08-16 21:05:00-04:00,7878.0,7878.5,7878.0,7878.5,6
2026-08-16 21:15:00-04:00,7877.5,7877.5,7877.5,7877.5,5
2026-08-16 21:20:00-04:00,7878.75,7878.75,7878.75,7878.75,5
2026-08-16 21:25:00-04:00,7879.0,7879.0,7879.0,7879.0,1
2026-08-16 21:30:00-04:00,7878.75,7878.75,7875.75,7875.75,3
2026-08-16 22:05:00-04:00,7873.0,7873.0,7873.0,7873.0,2
2026-08-16 22:20:00-04:00,7875.0,7876.0,7875.0,7876.0,10
2026-08-16 22:50:00-04:00,7875.25,7875.25,7875.25,7875.25,2
2026-08-16 23:10:00-04:00,7874.5,7874.5,7874.5,7874.5,5
2026-08-16 23:15:00-04:00,7875.25,7875.25,7875.25,7875.25,5
2026-08-16 23:45:00-04:00,7877.75,7877.75,7877.75,7877.75,5
2026-08-16 23:55:00-04:00,7878.0,7878.0,7878.0,7878.0,1
2026-08-17 00:00:00-04:00,7878.75,7878.75,7878.75,7878.75,1
2026-08-17 00:05:00-04:00,7879.25,7879.25,7879.25,7879.25,5
2026-08-17 00:10:00-04:00,7879.5,7879.5,7879.5,7879.5,2
2026-08-17 00:15:00-04:00,7879.0,7879.0,7879.0,7879.0,1
2026-08-17 00:20:00-04:00,7879.0,7879.25,7879.0,7879.25,2
2026-08-17 00:35:00-04:00,7878.5,7878.5,7878.5,7878.5,5
2026-08-17 00:40:00-04:00,7879.0,7879.0,7879.0,7879.0,1
2026-08-17 01:05:00-04:00,7879.25,7879.25,7879.25,7879.25,1
2026-08-17 01:30:00-04:00,7880.25,7882.0,7880.25,7881.75,6
2026-08-17 01:50:00-04:00,7883.5,7883.5,7883.5,7883.5,1
2026-08-17 02:00:00-04:00,7884.0,7884.0,7884.0,7884.0,1
2026-08-17 02:40:00-04:00,7884.75,7884.75,7884.75,7884.75,1
2026-08-17 02:50:00-04:00,7885.5,7885.5,7885.5,7885.5,1
2026-08-17 02:55:00-04:00,7885.5,7886.0,7885.5,7886.0,6
2026-08-17 03:10:00-04:00,7884.0,7884.0,7884.0,7884.0,1
2026-08-17 03:25:00-04:00,7880.75,7880.75,7880.75,7880.75,1
2026-08-17 03:45:00-04:00,7886.25,7886.25,7886.25,7886.25,1
2026-08-17 03:50:00-04:00,7885.25,7885.25,7885.25,7885.25,1
2026-08-17 04:00:00-04:00,7885.0,7885.0,7885.0,7885.0,2
2026-08-17 04:10:00-04:00,7882.5,7882.5,7882.5,7882.5,5
2026-08-17 04:15:00-04:00,7882.25,7882.25,7882.25,7882.25,5
2026-08-17 04:40:00-04:00,7881.0,7881.0,7881.0,7881.0,1
2026-08-17 05:10:00-04:00,7883.0,7883.0,7883.0,7883.0,1
2026-08-17 05:15:00-04:00,7883.0,7883.0,7883.0,7883.0,1
2026-08-17 05:25:00-04:00,7882.0,7882.0,7882.0,7882.0,2
2026-08-17 05:30:00-04:00,7880.75,7880.75,7880.75,7880.75,1
2026-08-17 05:35:00-04:00,7881.75,7881.75,7881.5,7881.5,4
2026-08-17 05:45:00-04:00,7882.0,7882.0,7882.0,7882.0,1
2026-08-17 06:00:00-04:00,7881.75,7881.75,7881.75,7881.75,2
2026-08-17 06:05:00-04:00,7881.5,7881.5,7881.5,7881.5,1
2026-08-17 06:25:00-04:00,7879.25,7889.75,7879.25,7889.75,9
2026-08-17 06:30:00-04:00,7889.0,7889.0,7889.0,7889.0,1
2026-08-17 06:35:00-04:00,7881.75,7881.75,7881.75,7881.75,1
2026-08-17 06:50:00-04:00,7882.75,7882.75,7882.75,7882.75,1
2026-08-17 07:10:00-04:00,7883.25,7883.25,7882.75,7882.75,9
2026-08-17 07:15:00-04:00,7880.5,7880.5,7880.5,7880.5,1
2026-08-17 07:30:00-04:00,7882.25,7882.25,7882.25,7882.25,2
2026-08-17 07:40:00-04:00,7881.5,7881.5,7881.5,7881.5,1
2026-08-17 08:00:00-04:00,7879.25,7879.25,7879.25,7879.25,1
2026-08-17 08:10:00-04:00,7879.75,7879.75,7879.75,7879.75,2
2026-08-17 08:20:00-04:00,7880.25,7880.25,7880.0,7880.25,4
2026-08-17 08:25:00-04:00,7879.0,7879.0,7872.75,7877.0,28
2026-08-17 08:30:00-04:00,7872.75,7872.75,7872.75,7872.75,1
2026-08-17 08:35:00-04:00,7871.75,7871.75,7870.0,7870.0,8
2026-08-17 08:40:00-04:00,7869.25,7869.25,7869.25,7869.25,2
2026-08-17 08:45:00-04:00,7868.0,7868.0,7868.0,7868.0,1
2026-08-17 08:50:00-04:00,7869.25,7869.5,7869.25,7869.25,7
2026-08-17 09:00:00-04:00,7870.0,7870.0,7870.0,7870.0,4
2026-08-17 09:10:00-04:00,7871.25,7871.25,7871.25,7871.25,1
2026-08-17 09:20:00-04:00,7871.75,7871.75,7871.75,7871.75,2
2026-08-17 09:25:00-04:00,7873.25,7873.25,7869.75,7871.0,5
2026-08-17 09:30:00-04:00,7869.75,7875.0,7863.5,7863.5,47
2026-08-17 09:35:00-04:00,7862.5,7866.5,7862.0,7862.0,28
2026-08-17 09:40:00-04:00,7862.5,7865.5,7860.25,7862.25,32
2026-08-17 09:45:00-04:00,7864.25,7867.75,7860.0,7867.75,133
2026-08-17 09:50:00-04:00,7867.5,7867.75,7864.25,7864.75,251
2026-08-17 09:55:00-04:00,7864.0,7864.0,7860.0,7861.0,198
2026-08-17 10:00:00-04:00,7860.75,7863.5,7858.0,7858.75,241
2026-08-17 10:10:00-04:00,7863.0,7864.0,7863.0,7864.0,2
2026-08-17 10:20:00-04:00,7859.25,7859.25,7858.25,7858.25,2
2026-08-17 10:25:00-04:00,7859.5,7860.5,7857.75,7860.5,5
2026-08-17 10:35:00-04:00,7863.25,7863.25,7859.5,7859.5,4
2026-08-17 10:45:00-04:00,7859.75,7861.5,7859.75,7861.5,6
2026-08-17 10:50:00-04:00,7861.75,7861.75,7856.75,7856.75,5
2026-08-17 11:00:00-04:00,7860.75,7863.25,7860.75,7863.25,3
2026-08-17 11:05:00-04:00,7862.5,7862.5,7862.5,7862.5,2
2026-08-17 11:10:00-04:00,7863.0,7863.5,7861.25,7861.25,7
2026-08-17 11:20:00-04:00,7865.75,7865.75,7864.5,7864.5,5
2026-08-17 11:30:00-04:00,7865.25,7865.25,7860.5,7860.75,4
2026-08-17 11:35:00-04:00,7859.75,7859.75,7858.0,7858.0,2
2026-08-17 11:40:00-04:00,7855.75,7855.75,7855.75,7855.75,1
2026-08-17 11:45:00-04:00,7858.0,7858.0,7858.0,7858.0,2
2026-08-17 11:50:00-04:00,7859.25,7860.0,7859.25,7860.0,2
2026-08-17 12:05:00-04:00,7860.0,7860.0,7860.0,7860.0,1
2026-08-17 12:10:00-04:00,7861.0,7861.0,7861.0,7861.0,1
2026-08-17 12:15:00-04:00,7862.5,7863.0,7862.5,7863.0,2
2026-08-17 12:25:00-04:00,7861.0,7861.5,7860.25,7860.5,4
2026-08-17 12:35:00-04:00,7860.75,7860.75,7860.75,7860.75,1
2026-08-17 12:40:00-04:00,7857.75,7857.75,7857.75,7857.75,1
2026-08-17 12:50:00-04:00,7857.25,7857.25,7854.5,7854.5,2
2026-08-17 12:55:00-04:00,7854.0,7854.0,7854.0,7854.0,2
2026-08-17 13:00:00-04:00,7853.25,7854.75,7853.25,7854.75,3
2026-08-17 13:05:00-04:00,7853.75,7853.75,7853.0,7853.0,6
2026-08-17 13:10:00-04:00,7853.0,7853.25,7851.5,7851.5,8
2026-08-17 13:15:00-04:00,7850.75,7852.0,7849.0,7850.25,16
2026-08-17 13:20:00-04:00,7850.0,7850.0,7844.5,7844.5,20
2026-08-17 13:25:00-04:00,7844.5,7844.75,7842.75,7843.25,10
2026-08-17 13:30:00-04:00,7843.5,7845.25,7841.75,7841.75,10
2026-08-17 13:35:00-04:00,7841.5,7842.5,7839.75,7839.75,13
2026-08-17 13:40:00-04:00,7839.0,7844.25,7838.5,7843.5,12
2026-08-17 13:45:00-04:00,7845.0,7845.0,7842.5,7842.75,8
2026-08-17 13:50:00-04:00,7842.0,7842.75,7841.75,7842.75,7
2026-08-17 13:55:00-04:00,7842.0,7842.0,7840.75,7841.75,6
2026-08-17 14:00:00-04:00,7841.75,7842.0,7840.75,7841.75,15
2026-08-17 14:05:00-04:00,7841.5,7843.75,7840.75,7840.75,11
2026-08-17 14:10:00-04:00,7842.25,7843.75,7842.25,7843.75,3
2026-08-17 14:15:00-04:00,7844.5,7845.0,7843.0,7843.0,10
2026-08-17 14:20:00-04:00,7842.25,7844.25,7841.5,7844.25,13
2026-08-17 14:25:00-04:00,7844.75,7844.75,7842.0,7843.25,6
2026-08-17 14:30:00-04:00,7842.0,7842.0,7840.0,7840.0,3
2026-08-17 14:35:00-04:00,7840.25,7841.75,7840.25,7841.5,14
2026-08-17 14:40:00-04:00,7841.75,7842.5,7841.75,7842.5,2
2026-08-17 14:45:00-04:00,7843.5,7844.0,7843.25,7844.0,6
2026-08-17 14:50:00-04:00,7844.75,7845.5,7843.0,7843.0,12
2026-08-17 14:55:00-04:00,7842.25,7843.25,7842.25,7843.0,15
2026-08-17 15:00:00-04:00,7842.75,7842.75,7840.0,7840.5,13
2026-08-17 15:05:00-04:00,7840.5,7841.25,7839.5,7840.0,14
2026-08-17 15:10:00-04:00,7839.75,7840.75,7838.75,7838.75,11
2026-08-17 15:15:00-04:00,7839.0,7841.25,7839.0,7841.25,10
2026-08-17 15:20:00-04:00,7841.25,7841.25,7840.0,7840.25,11
2026-08-17 15:25:00-04:00,7840.25,7840.75,7838.75,7839.0,10
2026-08-17 15:30:00-04:00,7837.0,7837.5,7834.75,7837.5,7
2026-08-17 15:35:00-04:00,7836.75,7837.0,7836.75,7837.0,2
2026-08-17 15:45:00-04:00,7838.75,7839.0,7838.75,7839.0,3
2026-08-17 15:50:00-04:00,7836.0,7837.0,7835.5,7836.75,7
2026-08-17 15:55:00-04:00,7834.5,7837.0,7834.25,7834.75,13
2026-08-17 16:00:00-04:00,7835.25,7835.25,7832.75,7834.0,11
2026-08-17 16:05:00-04:00,7832.0,7833.75,7832.0,7833.75,5
2026-08-17 16:10:00-04:00,7833.5,7833.5,7833.5,7833.5,1
2026-08-17 16:30:00-04:00,7832.5,7832.5,7832.5,7832.5,1
2026-08-17 16:45:00-04:00,7830.5,7830.5,7830.5,7830.5,1
2026-08-17 16:55:00-04:00,7832.0,7832.0,7832.0,7832.0,2
2026-08-17 18:10:00-04:00,7833.75,7833.75,7832.25,7832.25,6
2026-08-17 18:15:00-04:00,7832.0,7832.0,7831.75,7831.75,2
2026-08-17 18:25:00-04:00,7832.0,7832.25,7832.0,7832.25,2
2026-08-17 18:45:00-04:00,7831.0,7831.0,7831.0,7831.0,1
2026-08-17 19:10:00-04:00,7831.75,7831.75,7831.5,7831.5,5
2026-08-17 19:15:00-04:00,7831.0,7831.0,7831.0,7831.0,2
2026-08-17 19:20:00-04:00,7830.5,7830.5,7830.5,7830.5,1
2026-08-17 19:25:00-04:00,7831.0,7831.0,7831.0,7831.0,1
2026-08-17 19:30:00-04:00,7832.25,7832.25,7832.25,7832.25,2
2026-08-17 19:35:00-04:00,7834.25,7834.25,7834.25,7834.25,1
2026-08-17 20:35:00-04:00,7834.0,7834.0,7834.0,7834.0,1
2026-08-17 21:00:00-04:00,7832.75,7832.75,7832.75,7832.75,2
2026-08-17 21:30:00-04:00,7831.25,7831.25,7831.25,7831.25,1
2026-08-17 21:40:00-04:00,7831.25,7831.25,7828.5,7829.0,9
2026-08-17 21:45:00-04:00,7828.0,7828.0,7826.75,7826.75,2
2026-08-17 21:50:00-04:00,7826.75,7826.75,7822.0,7822.0,9
2026-08-17 22:00:00-04:00,7828.25,7828.25,7828.0,7828.0,2
2026-08-17 22:15:00-04:00,7820.25,7820.25,7815.5,7817.25,47
2026-08-17 22:20:00-04:00,7818.75,7819.5,7818.5,7818.5,4
2026-08-17 22:25:00-04:00,7815.75,7816.0,7815.0,7816.0,8
2026-08-17 22:30:00-04:00,7815.5,7816.25,7815.5,7816.25,3
2026-08-17 22:35:00-04:00,7818.0,7818.0,7818.0,7818.0,1
2026-08-17 22:40:00-04:00,7818.0,7818.0,7813.75,7813.75,6
2026-08-17 22:45:00-04:00,7813.25,7815.0,7810.0,7815.0,25
2026-08-17 22:50:00-04:00,7814.75,7816.0,7814.75,7815.25,7
2026-08-17 22:55:00-04:00,7814.5,7816.0,7814.0,7815.0,7
2026-08-17 23:00:00-04:00,7815.75,7815.75,7815.5,7815.5,2
2026-08-17 23:05:00-04:00,7815.75,7815.75,7815.75,7815.75,1
2026-08-17 23:15:00-04:00,7813.0,7813.0,7812.25,7812.5,3
2026-08-17 23:20:00-04:00,7812.0,7812.0,7809.0,7809.0,13
2026-08-17 23:25:00-04:00,7809.75,7810.25,7809.25,7810.25,6
2026-08-17 23:30:00-04:00,7808.0,7808.0,7808.0,7808.0,1
2026-08-17 23:35:00-04:00,7808.5,7810.75,7808.5,7810.75,2
2026-08-17 23:40:00-04:00,7811.5,7811.5,7811.5,7811.5,1
2026-08-17 23:50:00-04:00,7810.75,7812.5,7810.75,7812.5,4
2026-08-17 23:55:00-04:00,7811.25,7811.25,7810.0,7810.0,5
2026-08-18 00:00:00-04:00,7808.75,7809.0,7808.75,7809.0,5
2026-08-18 00:05:00-04:00,7808.25,7810.75,7808.25,7810.75,4
2026-08-18 00:25:00-04:00,7810.5,7810.75,7810.5,7810.75,3
2026-08-18 00:35:00-04:00,7809.25,7809.25,7807.75,7807.75,2
2026-08-18 01:00:00-04:00,7807.5,7807.5,7807.5,7807.5,1
2026-08-18 01:10:00-04:00,7805.0,7805.0,7803.75,7803.75,4
2026-08-18 01:30:00-04:00,7804.25,7804.25,7804.25,7804.25,1
2026-08-18 01:35:00-04:00,7804.0,7804.25,7802.5,7803.25,19
2026-08-18 01:50:00-04:00,7804.75,7804.75,7803.75,7804.5,6
2026-08-18 01:55:00-04:00,7804.5,7804.5,7801.75,7801.75,4
2026-08-18 02:00:00-04:00,7800.75,7800.75,7795.0,7795.25,21
2026-08-18 02:05:00-04:00,7794.0,7796.5,7794.0,7796.5,4
2026-08-18 02:10:00-04:00,7799.0,7802.5,7799.0,7801.5,6
2026-08-18 02:15:00-04:00,7801.5,7802.25,7801.0,7802.25,7
2026-08-18 02:45:00-04:00,7803.5,7803.75,7803.5,7803.75,2
2026-08-18 02:55:00-04:00,7804.75,7808.0,7804.75,7807.75,14
2026-08-18 03:00:00-04:00,7804.5,7804.5,7804.5,7804.5,10
2026-08-18 03:05:00-04:00,7807.0,7807.75,7805.5,7805.5,45
2026-08-18 03:10:00-04:00,7804.0,7805.0,7804.0,7805.0,8
2026-08-18 03:25:00-04:00,7802.5,7802.5,7802.5,7802.5,5
2026-08-18 03:35:00-04:00,7798.0,7798.5,7797.5,7798.5,4
2026-08-18 03:40:00-04:00,7799.0,7799.0,7799.0,7799.0,1
2026-08-18 03:50:00-04:00,7796.5,7796.5,7796.25,7796.25,7
2026-08-18 03:55:00-04:00,7792.25,7792.25,7792.0,7792.0,2
2026-08-18 04:00:00-04:00,7791.0,7792.25,7784.5,7792.25,50
2026-08-18 04:05:00-04:00,7786.0,7787.5,7785.75,7787.5,6
2026-08-18 04:10:00-04:00,7787.75,7791.75,7787.75,7791.75,4
2026-08-18 04:15:00-04:00,7792.25,7793.75,7792.0,7793.75,7
2026-08-18 04:20:00-04:00,7792.5,7792.5,7789.25,7789.5,12
2026-08-18 04:25:00-04:00,7792.5,7792.5,7791.75,7791.75,3
2026-08-18 04:30:00-04:00,7791.75,7794.0,7791.75,7794.0,19
2026-08-18 04:40:00-04:00,7797.5,7797.5,7797.5,7797.5,1
2026-08-18 04:45:00-04:00,7796.0,7796.0,7796.0,7796.0,1
2026-08-18 04:50:00-04:00,7792.5,7792.5,7792.5,7792.5,1
2026-08-18 04:55:00-04:00,7795.25,7795.25,7795.25,7795.25,2
2026-08-18 05:00:00-04:00,7797.0,7797.0,7797.0,7797.0,1
2026-08-18 05:05:00-04:00,7794.25,7794.25,7794.25,7794.25,1
2026-08-18 05:15:00-04:00,7793.0,7793.75,7793.0,7793.75,4
2026-08-18 05:20:00-04:00,7791.0,7791.0,7791.0,7791.0,1
2026-08-18 05:30:00-04:00,7793.75,7794.75,7793.75,7794.0,8
2026-08-18 05:35:00-04:00,7794.75,7795.0,7794.25,7794.25,3
2026-08-18 05:40:00-04:00,7791.0,7791.5,7790.0,7791.5,4
2026-08-18 05:45:00-04:00,7790.25,7791.25,7790.0,7791.25,4
2026-08-18 05:50:00-04:00,7790.25,7790.25,7790.25,7790.25,1
2026-08-18 06:00:00-04:00,7796.75,7797.25,7796.75,7797.25,5
2026-08-18 06:05:00-04:00,7798.0,7798.25,7798.0,7798.25,2
2026-08-18 06:20:00-04:00,7796.0,7796.0,7795.5,7795.5,3
2026-08-18 06:25:00-04:00,7794.75,7795.0,7794.75,7795.0,3
2026-08-18 06:30:00-04:00,7797.5,7798.25,7797.5,7798.0,4
2026-08-18 06:35:00-04:00,7799.5,7799.5,7799.0,7799.0,2
2026-08-18 06:40:00-04:00,7796.5,7796.75,7795.75,7796.0,6
2026-08-18 06:50:00-04:00,7800.0,7800.0,7800.0,7800.0,1
2026-08-18 07:00:00-04:00,7800.75,7801.25,7800.75,7801.25,2
2026-08-18 07:10:00-04:00,7801.75,7801.75,7801.75,7801.75,1
2026-08-18 07:20:00-04:00,7802.25,7802.5,7802.25,7802.5,2
2026-08-18 07:25:00-04:00,7801.25,7801.75,7801.0,7801.75,9
2026-08-18 07:30:00-04:00,7801.0,7801.75,7799.75,7799.75,23
2026-08-18 07:35:00-04:00,7800.0,7800.0,7799.75,7799.75,4
2026-08-18 07:40:00-04:00,7800.0,7800.0,7800.0,7800.0,1
2026-08-18 07:45:00-04:00,7804.25,7804.25,7803.75,7803.75,3
2026-08-18 07:55:00-04:00,7801.75,7801.75,7801.75,7801.75,1
2026-08-18 08:00:00-04:00,7799.75,7799.75,7799.75,7799.75,1
2026-08-18 08:10:00-04:00,7800.0,7800.0,7800.0,7800.0,1
2026-08-18 08:20:00-04:00,7802.25,7802.25,7802.25,7802.25,1
2026-08-18 08:25:00-04:00,7800.0,7800.0,7800.0,7800.0,1
2026-08-18 08:50:00-04:00,7799.5,7799.5,7799.5,7799.5,1
2026-08-18 09:00:00-04:00,7800.0,7800.0,7800.0,7800.0,1
2026-08-18 09:05:00-04:00,7798.5,7798.5,7798.5,7798.5,1
2026-08-18 09:15:00-04:00,7797.75,7797.75,7797.75,7797.75,1
2026-08-18 09:20:00-04:00,7794.0,7794.0,7792.5,7792.5,4
2026-08-18 09:25:00-04:00,7791.25,7795.0,7790.0,7794.25,6
2026-08-18 09:30:00-04:00,7792.5,7800.25,7785.0,7789.25,89
2026-08-18 09:35:00-04:00,7791.5,7797.25,7789.5,7797.25,39
2026-08-18 09:40:00-04:00,7799.75,7799.75,7794.75,7794.75,5
2026-08-18 09:45:00-04:00,7792.5,7796.0,7789.25,7789.25,19
2026-08-18 09:50:00-04:00,7793.5,7793.5,7788.5,7790.75,12
2026-08-18 09:55:00-04:00,7789.25,7791.75,7788.0,7789.75,9
2026-08-18 10:00:00-04:00,7789.0,7794.25,7787.75,7794.25,6
2026-08-18 10:05:00-04:00,7793.5,7797.5,7789.0,7797.5,15
2026-08-18 10:10:00-04:00,7791.25,7791.25,7783.75,7784.75,23
2026-08-18 10:15:00-04:00,7792.0,7793.25,7790.25,7793.25,5
2026-08-18 10:20:00-04:00,7793.5,7795.5,7786.75,7793.0,53
2026-08-18 10:25:00-04:00,7795.75,7796.25,7791.75,7791.75,14
2026-08-18 10:30:00-04:00,7792.5,7796.75,7792.5,7796.75,5
2026-08-18 10:35:00-04:00,7794.0,7797.5,7794.0,7797.5,7
2026-08-18 10:40:00-04:00,7797.75,7797.75,7791.0,7792.5,8
2026-08-18 10:45:00-04:00,7788.5,7791.25,7788.5,7789.5,13
2026-08-18 10:50:00-04:00,7790.75,7793.5,7785.0,7787.25,22
2026-08-18 10:55:00-04:00,7786.5,7787.25,7784.0,7784.5,10
2026-08-18 11:00:00-04:00,7782.0,7787.0,7782.0,7787.0,4
2026-08-18 11:05:00-04:00,7788.75,7788.75,7784.5,7784.5,2
2026-08-18 11:10:00-04:00,7783.25,7785.25,7782.5,7782.75,13
2026-08-18 11:15:00-04:00,7785.0,7785.0,7782.5,7784.5,5
2026-08-18 11:20:00-04:00,7780.0,7782.5,7779.75,7782.5,12
2026-08-18 11:25:00-04:00,7783.0,7786.0,7783.0,7786.0,11
2026-08-18 11:30:00-04:00,7786.25,7787.0,7783.5,7785.75,41
2026-08-18 11:35:00-04:00,7782.5,7783.25,7782.5,7783.25,6
2026-08-18 11:40:00-04:00,7786.0,7787.5,7786.0,7787.5,5
2026-08-18 11:45:00-04:00,7787.75,7791.0,7787.75,7791.0,9
2026-08-18 11:50:00-04:00,7789.0,7792.0,7789.0,7792.0,5
2026-08-18 11:55:00-04:00,7790.25,7790.25,7786.25,7786.25,11
2026-08-18 12:00:00-04:00,7791.0,7791.75,7790.75,7791.75,7
2026-08-18 12:05:00-04:00,7792.0,7792.0,7788.75,7789.25,13
2026-08-18 12:10:00-04:00,7792.0,7792.25,7792.0,7792.25,4
2026-08-18 12:15:00-04:00,7790.0,7790.5,7790.0,7790.5,2
2026-08-18 12:20:00-04:00,7792.25,7794.0,7792.0,7792.25,4
2026-08-18 12:25:00-04:00,7792.25,7792.25,7788.25,7788.25,5
2026-08-18 12:40:00-04:00,7791.75,7791.75,7790.75,7790.75,3
2026-08-18 12:45:00-04:00,7787.75,7793.5,7787.75,7793.5,25
2026-08-18 12:50:00-04:00,7792.75,7792.75,7792.75,7792.75,1
2026-08-18 12:55:00-04:00,7792.5,7792.5,7792.5,7792.5,1
2026-08-18 13:00:00-04:00,7790.0,7792.25,7790.0,7792.25,4
2026-08-18 13:10:00-04:00,7791.5,7791.5,7791.5,7791.5,1
2026-08-18 13:15:00-04:00,7791.0,7791.0,7789.0,7789.0,2
2026-08-18 13:20:00-04:00,7788.5,7788.5,7788.5,7788.5,1
2026-08-18 13:25:00-04:00,7787.0,7788.25,7787.0,7788.25,6
2026-08-18 13:30:00-04:00,7789.25,7789.25,7788.75,7788.75,2
2026-08-18 13:50:00-04:00,7785.75,7787.25,7785.5,7787.25,8
2026-08-18 13:55:00-04:00,7785.75,7785.75,7782.5,7782.5,5
2026-08-18 14:05:00-04:00,7781.5,7782.0,7780.75,7780.75,10
2026-08-18 14:10:00-04:00,7781.25,7781.5,7781.25,7781.5,2
2026-08-18 14:15:00-04:00,7787.25,7790.5,7787.25,7789.5,7
2026-08-18 14:20:00-04:00,7788.5,7791.5,7788.0,7788.75,10
2026-08-18 14:25:00-04:00,7790.0,7790.0,7790.0,7790.0,1
2026-08-18 14:35:00-04:00,7790.0,7790.25,7790.0,7790.25,2
2026-08-18 14:40:00-04:00,7787.75,7787.75,7787.75,7787.75,1
2026-08-18 14:45:00-04:00,7787.25,7787.5,7787.25,7787.5,2
2026-08-18 14:50:00-04:00,7785.25,7785.5,7785.25,7785.5,4
2026-08-18 14:55:00-04:00,7785.25,7785.25,7783.0,7783.0,6
2026-08-18 15:00:00-04:00,7783.25,7784.25,7783.25,7784.25,2
2026-08-18 15:05:00-04:00,7784.5,7784.5,7784.5,7784.5,1
2026-08-18 15:10:00-04:00,7784.25,7784.5,7782.25,7782.5,6
2026-08-18 15:15:00-04:00,7783.25,7784.0,7783.25,7784.0,6
2026-08-18 15:20:00-04:00,7783.5,7786.75,7783.5,7786.75,16
2026-08-18 15:25:00-04:00,7787.5,7787.75,7786.5,7787.25,13
2026-08-18 15:30:00-04:00,7786.75,7787.5,7784.75,7785.5,12
2026-08-18 15:35:00-04:00,7785.5,7786.25,7785.0,7786.25,15
2026-08-18 15:40:00-04:00,7785.5,7785.5,7784.0,7785.25,12
2026-08-18 15:45:00-04:00,7785.25,7785.25,7783.75,7783.75,6
2026-08-18 15:50:00-04:00,7783.5,7783.5,7779.5,7779.5,5
2026-08-18 15:55:00-04:00,7781.25,7782.0,7777.0,7781.25,11
2026-08-18 16:00:00-04:00,7780.5,7780.5,7779.75,7780.25,5
2026-08-18 16:05:00-04:00,7781.25,7781.25,7780.5,7780.5,3
2026-08-18 16:20:00-04:00,7779.25,7779.25,7779.25,7779.25,4
2026-08-18 16:45:00-04:00,7778.75,7778.75,7777.75,7778.0,3
2026-08-18 16:50:00-04:00,7778.5,7778.5,7778.5,7778.5,1
2026-08-18 16:55:00-04:00,7779.0,7779.0,7779.0,7779.0,1
2026-08-18 18:20:00-04:00,7781.75,7783.0,7781.75,7783.0,4
2026-08-18 18:25:00-04:00,7779.75,7779.75,7778.0,7778.0,3
2026-08-18 18:30:00-04:00,7777.25,7777.25,7777.0,7777.0,2
2026-08-18 18:40:00-04:00,7776.25,7776.25,7775.75,7775.75,2
2026-08-18 18:50:00-04:00,7774.5,7775.5,7774.25,7775.5,3
2026-08-18 19:05:00-04:00,7774.5,7776.75,7774.5,7776.75,20
2026-08-18 19:15:00-04:00,7776.0,7776.0,7774.5,7775.75,14
2026-08-18 19:20:00-04:00,7778.0,7780.0,7778.0,7780.0,2
2026-08-18 19:25:00-04:00,7778.0,7778.0,7777.25,7777.25,3
2026-08-18 19:30:00-04:00,7777.5,7778.0,7777.25,7778.0,4
2026-08-18 19:50:00-04:00,7778.0,7778.0,7778.0,7778.0,1
2026-08-18 20:00:00-04:00,7772.75,7772.75,7770.0,7771.5,9
2026-08-18 20:20:00-04:00,7773.0,7773.0,7773.0,7773.0,1
2026-08-18 20:35:00-04:00,7780.75,7781.25,7780.75,7781.25,2
2026-08-18 21:00:00-04:00,7775.25,7778.75,7775.25,7778.75,2
2026-08-18 21:05:00-04:00,7781.0,7781.0,7781.0,7781.0,2
2026-08-18 21:10:00-04:00,7780.25,7780.25,7779.25,7779.25,4
2026-08-18 21:20:00-04:00,7781.75,7781.75,7781.75,7781.75,1
2026-08-18 21:30:00-04:00,7778.0,7778.0,7778.0,7778.0,1
2026-08-18 22:00:00-04:00,7777.5,7777.5,7777.5,7777.5,10
2026-08-18 22:05:00-04:00,7774.0,7774.0,7773.75,7774.0,11
2026-08-18 22:15:00-04:00,7775.0,7775.0,7773.0,7773.0,2
2026-08-18 22:30:00-04:00,7772.5,7772.5,7772.5,7772.5,1
2026-08-18 22:35:00-04:00,7773.0,7773.0,7772.75,7772.75,2
2026-08-18 22:40:00-04:00,7774.25,7774.25,7774.25,7774.25,4
2026-08-18 22:50:00-04:00,7774.0,7774.0,7774.0,7774.0,1
2026-08-18 22:55:00-04:00,7774.75,7774.75,7774.75,7774.75,1
2026-08-18 23:00:00-04:00,7776.75,7776.75,7776.75,7776.75,1
2026-08-18 23:25:00-04:00,7774.0,7774.0,7774.0,7774.0,1
2026-08-18 23:35:00-04:00,7776.0,7776.25,7776.0,7776.25,2
2026-08-18 23:45:00-04:00,7774.0,7774.0,7774.0,7774.0,1
2026-08-19 00:20:00-04:00,7774.0,7774.5,7774.0,7774.0,3
2026-08-19 00:45:00-04:00,7769.5,7769.5,7769.5,7769.5,1
2026-08-19 00:50:00-04:00,7766.0,7766.0,7765.5,7765.5,2
2026-08-19 00:55:00-04:00,7768.0,7768.0,7768.0,7768.0,1
2026-08-19 01:00:00-04:00,7772.5,7773.5,7772.5,7773.5,3
2026-08-19 01:10:00-04:00,7769.0,7769.0,7769.0,7769.0,1
2026-08-19 01:15:00-04:00,7767.5,7767.5,7767.5,7767.5,1
2026-08-19 01:50:00-04:00,7766.0,7766.0,7765.0,7765.0,3
2026-08-19 02:05:00-04:00,7765.0,7765.75,7765.0,7765.0,3
2026-08-19 02:25:00-04:00,7770.75,7771.0,7770.25,7770.25,7
2026-08-19 02:40:00-04:00,7770.75,7770.75,7770.75,7770.75,5
2026-08-19 02:45:00-04:00,7776.0,7776.5,7776.0,7776.5,2
2026-08-19 02:55:00-04:00,7778.5,7778.5,7778.5,7778.5,2
2026-08-19 03:00:00-04:00,7779.25,7779.25,7777.5,7778.25,8
2026-08-19 03:10:00-04:00,7779.75,7780.5,7779.75,7780.5,5
2026-08-19 03:15:00-04:00,7780.25,7780.25,7778.5,7778.5,3
2026-08-19 03:20:00-04:00,7780.0,7780.0,7780.0,7780.0,1
2026-08-19 03:25:00-04:00,7781.5,7781.5,7781.5,7781.5,1
2026-08-19 03:30:00-04:00,7782.0,7782.0,7782.0,7782.0,1
2026-08-19 03:35:00-04:00,7784.75,7784.75,7784.75,7784.75,1
2026-08-19 03:55:00-04:00,7784.0,7784.0,7784.0,7784.0,1
2026-08-19 04:00:00-04:00,7783.5,7785.75,7783.5,7785.75,3
2026-08-19 04:05:00-04:00,7785.25,7785.75,7785.25,7785.25,5
2026-08-19 04:10:00-04:00,7786.0,7786.0,7786.0,7786.0,2
2026-08-19 04:15:00-04:00,7784.25,7784.25,7784.25,7784.25,1
2026-08-19 04:20:00-04:00,7786.0,7786.5,7786.0,7786.5,3
2026-08-19 04:40:00-04:00,7786.0,7786.0,7786.0,7786.0,1
2026-08-19 04:55:00-04:00,7784.0,7784.0,7784.0,7784.0,1
2026-08-19 05:30:00-04:00,7781.75,7781.75,7781.75,7781.75,1
2026-08-19 06:15:00-04:00,7778.0,7778.0,7778.0,7778.0,2
2026-08-19 06:25:00-04:00,7776.25,7776.25,7776.25,7776.25,1
2026-08-19 06:35:00-04:00,7780.5,7780.75,7780.5,7780.75,2
2026-08-19 06:45:00-04:00,7780.75,7780.75,7780.75,7780.75,1
2026-08-19 07:00:00-04:00,7783.0,7783.0,7783.0,7783.0,1
2026-08-19 07:05:00-04:00,7785.5,7785.5,7785.5,7785.5,2
2026-08-19 07:40:00-04:00,7781.0,7781.0,7780.75,7780.75,4
2026-08-19 07:45:00-04:00,7782.75,7782.75,7782.75,7782.75,2
2026-08-19 07:55:00-04:00,7782.75,7782.75,7782.75,7782.75,1
2026-08-19 08:00:00-04:00,7783.5,7783.5,7783.5,7783.5,1
2026-08-19 08:10:00-04:00,7783.75,7783.75,7783.75,7783.75,1
2026-08-19 08:25:00-04:00,7785.0,7785.0,7784.0,7784.0,2
2026-08-19 08:30:00-04:00,7782.75,7791.75,7782.75,7789.0,20
2026-08-19 08:35:00-04:00,7789.25,7800.0,7789.25,7799.25,33
2026-08-19 08:40:00-04:00,7799.75,7806.75,7799.0,7805.75,92
2026-08-19 08:45:00-04:00,7810.25,7815.5,7809.25,7815.5,55
2026-08-19 08:50:00-04:00,7818.0,7823.75,7818.0,7820.0,36
2026-08-19 08:55:00-04:00,7821.0,7821.25,7813.25,7814.25,23
2026-08-19 09:00:00-04:00,7813.25,7813.25,7810.5,7810.5,10
2026-08-19 09:05:00-04:00,7809.0,7810.0,7808.0,7809.75,56
2026-08-19 09:10:00-04:00,7812.5,7815.0,7812.5,7815.0,4
2026-08-19 09:15:00-04:00,7814.25,7814.5,7813.0,7814.5,25
2026-08-19 09:20:00-04:00,7816.25,7816.25,7815.25,7815.25,5
2026-08-19 09:25:00-04:00,7813.25,7815.0,7810.0,7810.0,11
2026-08-19 09:30:00-04:00,7809.25,7812.0,7805.0,7805.0,33
2026-08-19 09:35:00-04:00,7807.0,7807.75,7799.25,7800.75,38
2026-08-19 09:40:00-04:00,7800.0,7808.5,7799.5,7807.0,32
2026-08-19 09:45:00-04:00,7808.0,7810.25,7789.0,7791.0,37
2026-08-19 09:50:00-04:00,7791.0,7802.0,7787.0,7802.0,50
2026-08-19 09:55:00-04:00,7801.75,7809.25,7799.25,7807.0,27
2026-08-19 10:00:00-04:00,7808.0,7808.0,7802.0,7805.5,12
2026-08-19 10:05:00-04:00,7805.0,7805.0,7801.25,7801.75,7
2026-08-19 10:10:00-04:00,7798.25,7800.0,7793.75,7794.0,19
2026-08-19 10:15:00-04:00,7795.5,7807.0,7795.5,7804.0,16
2026-08-19 10:20:00-04:00,7807.0,7807.0,7799.75,7799.75,4
2026-08-19 10:25:00-04:00,7802.0,7806.25,7799.0,7806.25,8
2026-08-19 10:30:00-04:00,7804.75,7810.25,7804.75,7806.75,10
2026-08-19 10:35:00-04:00,7811.0,7817.75,7811.0,7817.75,15
2026-08-19 10:40:00-04:00,7817.5,7819.25,7817.0,7817.0,16
2026-08-19 10:45:00-04:00,7816.5,7817.5,7813.25,7813.25,5
2026-08-19 10:50:00-04:00,7813.25,7820.0,7813.25,7819.75,26
2026-08-19 10:55:00-04:00,7820.75,7827.5,7820.75,7827.5,12
2026-08-19 11:00:00-04:00,7828.0,7830.25,7826.5,7828.0,26
2026-08-19 11:05:00-04:00,7828.0,7828.0,7821.25,7821.25,8
2026-08-19 11:10:00-04:00,7821.75,7824.75,7821.25,7824.5,12
2026-08-19 11:15:00-04:00,7821.75,7821.75,7821.25,7821.25,4
2026-08-19 11:20:00-04:00,7820.0,7821.25,7820.0,7820.5,3
2026-08-19 11:25:00-04:00,7815.0,7816.75,7815.0,7816.75,6
2026-08-19 11:30:00-04:00,7817.0,7817.0,7814.0,7814.0,4
2026-08-19 11:35:00-04:00,7812.75,7812.75,7811.25,7812.25,5
2026-08-19 11:40:00-04:00,7810.25,7810.25,7807.25,7810.0,21
2026-08-19 11:45:00-04:00,7810.25,7812.0,7810.25,7811.0,8
2026-08-19 11:50:00-04:00,7808.5,7810.5,7806.5,7806.5,11
2026-08-19 11:55:00-04:00,7808.0,7808.0,7808.0,7808.0,1
2026-08-19 12:00:00-04:00,7811.75,7817.75,7811.75,7817.75,10
2026-08-19 12:05:00-04:00,7820.25,7820.75,7820.0,7820.0,8
2026-08-19 12:10:00-04:00,7821.5,7822.25,7820.75,7822.25,6
2026-08-19 12:15:00-04:00,7821.5,7825.5,7821.5,7825.5,9
2026-08-19 12:20:00-04:00,7821.5,7821.5,7821.5,7821.5,1
2026-08-19 12:25:00-04:00,7818.25,7818.25,7812.75,7812.75,6
2026-08-19 12:30:00-04:00,7810.0,7811.25,7809.75,7811.0,5
2026-08-19 12:35:00-04:00,7809.5,7810.5,7809.5,7810.5,2
2026-08-19 12:45:00-04:00,7808.5,7808.75,7808.5,7808.75,2
2026-08-19 12:50:00-04:00,7804.5,7805.25,7804.0,7804.25,8
2026-08-19 12:55:00-04:00,7804.0,7804.0,7800.5,7800.5,3
2026-08-19 13:05:00-04:00,7807.5,7807.5,7800.25,7800.25,6
2026-08-19 13:10:00-04:00,7802.75,7802.75,7802.75,7802.75,1
2026-08-19 13:15:00-04:00,7803.5,7803.5,7801.25,7801.25,3
2026-08-19 13:20:00-04:00,7800.0,7800.0,7798.0,7798.0,4
2026-08-19 13:25:00-04:00,7799.0,7801.5,7799.0,7801.5,6
2026-08-19 13:30:00-04:00,7801.5,7801.5,7798.25,7798.5,3
2026-08-19 13:35:00-04:00,7797.75,7798.75,7797.75,7798.75,3
2026-08-19 13:45:00-04:00,7803.0,7803.0,7803.0,7803.0,1
2026-08-19 13:50:00-04:00,7804.0,7804.0,7804.0,7804.0,1
2026-08-19 14:00:00-04:00,7803.0,7810.75,7803.0,7809.25,18
2026-08-19 14:05:00-04:00,7803.5,7803.5,7795.5,7795.5,17
2026-08-19 14:10:00-04:00,7796.75,7801.5,7796.75,7801.5,5
2026-08-19 14:15:00-04:00,7796.75,7799.0,7796.5,7799.0,5
2026-08-19 14:20:00-04:00,7799.25,7799.25,7799.25,7799.25,1
2026-08-19 14:25:00-04:00,7799.5,7799.5,7799.5,7799.5,1
2026-08-19 14:30:00-04:00,7802.75,7805.0,7802.75,7803.75,15
2026-08-19 14:35:00-04:00,7803.0,7803.25,7803.0,7803.25,2
2026-08-19 14:40:00-04:00,7804.25,7805.5,7804.25,7804.25,12
2026-08-19 14:45:00-04:00,7801.5,7801.5,7801.5,7801.5,1
2026-08-19 15:00:00-04:00,7800.5,7801.5,7800.5,7801.25,3
2026-08-19 15:05:00-04:00,7801.75,7803.5,7801.75,7803.5,2
2026-08-19 15:10:00-04:00,7804.25,7804.25,7804.25,7804.25,1
2026-08-19 15:15:00-04:00,7802.25,7802.25,7802.25,7802.25,1
2026-08-19 15:20:00-04:00,7805.25,7805.25,7805.25,7805.25,1
2026-08-19 15:25:00-04:00,7805.5,7805.5,7803.5,7803.5,3
2026-08-19 15:30:00-04:00,7805.75,7808.0,7805.75,7808.0,6
2026-08-19 15:35:00-04:00,7805.5,7805.5,7799.0,7799.0,27
2026-08-19 15:40:00-04:00,7797.0,7797.25,7796.0,7796.25,14
2026-08-19 15:45:00-04:00,7795.0,7795.0,7791.5,7793.5,7
2026-08-19 15:50:00-04:00,7790.0,7794.25,7789.0,7793.5,11
2026-08-19 15:55:00-04:00,7790.75,7797.5,7790.25,7797.5,15
2026-08-19 16:00:00-04:00,7797.75,7798.75,7794.75,7794.75,17
2026-08-19 16:05:00-04:00,7794.75,7794.75,7794.75,7794.75,1
2026-08-19 16:20:00-04:00,7793.5,7793.5,7793.5,7793.5,1
2026-08-19 16:25:00-04:00,7794.75,7794.75,7794.75,7794.75,1
2026-08-19 16:35:00-04:00,7795.0,7795.0,7795.0,7795.0,1
2026-08-19 16:45:00-04:00,7796.0,7796.0,7796.0,7796.0,1
2026-08-19 18:00:00-04:00,7803.25,7803.75,7803.25,7803.75,2
2026-08-19 18:05:00-04:00,7803.0,7803.0,7803.0,7803.0,1
2026-08-19 18:10:00-04:00,7803.5,7807.5,7803.5,7807.25,7
2026-08-19 18:20:00-04:00,7805.25,7805.25,7805.25,7805.25,1
2026-08-19 18:40:00-04:00,7806.5,7806.5,7806.5,7806.5,1
2026-08-19 18:55:00-04:00,7807.25,7807.25,7807.25,7807.25,1
2026-08-19 19:00:00-04:00,7811.0,7811.0,7811.0,7811.0,2
2026-08-19 19:05:00-04:00,7808.25,7809.0,7808.25,7809.0,4
2026-08-19 19:30:00-04:00,7807.5,7807.5,7807.5,7807.5,1
2026-08-19 19:55:00-04:00,7807.25,7807.25,7807.25,7807.25,1
2026-08-19 20:00:00-04:00,7803.75,7804.0,7802.5,7804.0,5
2026-08-19 20:20:00-04:00,7806.5,7806.5,7806.5,7806.5,1
2026-08-19 20:30:00-04:00,7804.5,7804.5,7804.5,7804.5,1
2026-08-19 20:35:00-04:00,7805.75,7807.5,7804.5,7807.5,5
2026-08-19 20:40:00-04:00,7806.75,7806.75,7806.75,7806.75,2
2026-08-19 20:45:00-04:00,7807.5,7807.5,7807.5,7807.5,2
2026-08-19 21:00:00-04:00,7809.0,7810.0,7809.0,7810.0,2
2026-08-19 21:20:00-04:00,7806.0,7806.0,7806.0,7806.0,1
2026-08-19 21:35:00-04:00,7805.25,7805.25,7805.25,7805.25,1
2026-08-19 21:40:00-04:00,7807.75,7807.75,7807.75,7807.75,9
2026-08-19 21:55:00-04:00,7803.25,7803.25,7803.25,7803.25,1
2026-08-19 22:00:00-04:00,7807.75,7807.75,7807.75,7807.75,1
2026-08-19 22:15:00-04:00,7805.0,7805.0,7805.0,7805.0,1
2026-08-19 22:30:00-04:00,7804.0,7804.25,7804.0,7804.25,2
2026-08-19 22:55:00-04:00,7802.25,7802.25,7802.0,7802.0,4
2026-08-20 00:15:00-04:00,7808.5,7808.5,7808.5,7808.5,1
2026-08-20 01:10:00-04:00,7801.5,7802.0,7801.5,7802.0,2
2026-08-20 02:10:00-04:00,7809.25,7809.25,7809.25,7809.25,1
2026-08-20 02:30:00-04:00,7807.0,7810.25,7807.0,7810.25,2
2026-08-20 02:35:00-04:00,7809.75,7809.75,7809.75,7809.75,1
2026-08-20 03:00:00-04:00,7803.0,7803.0,7803.0,7803.0,1
2026-08-20 03:10:00-04:00,7803.0,7803.0,7803.0,7803.0,1
2026-08-20 03:20:00-04:00,7800.0,7800.0,7799.5,7799.5,2
2026-08-20 03:30:00-04:00,7797.75,7799.5,7797.5,7799.5,3
2026-08-20 03:55:00-04:00,7797.5,7797.5,7797.5,7797.5,1
2026-08-20 04:00:00-04:00,7795.25,7795.25,7795.25,7795.25,1
2026-08-20 04:10:00-04:00,7793.75,7793.75,7792.75,7792.75,5
2026-08-20 04:20:00-04:00,7792.5,7792.5,7790.25,7790.25,2
2026-08-20 04:25:00-04:00,7789.75,7789.75,7789.25,7789.25,4
2026-08-20 04:30:00-04:00,7785.0,7785.0,7785.0,7785.0,2
2026-08-20 04:40:00-04:00,7789.75,7789.75,7789.75,7789.75,1
2026-08-20 04:45:00-04:00,7786.75,7786.75,7786.75,7786.75,1
2026-08-20 04:55:00-04:00,7786.0,7786.0,7786.0,7786.0,1
2026-08-20 05:05:00-04:00,7792.0,7792.0,7792.0,7792.0,2
2026-08-20 05:25:00-04:00,7792.0,7792.0,7792.0,7792.0,1
2026-08-20 05:45:00-04:00,7792.25,7792.25,7791.0,7791.0,4
2026-08-20 05:50:00-04:00,7790.5,7790.75,7789.5,7789.5,3
2026-08-20 05:55:00-04:00,7790.5,7790.5,7790.0,7790.0,7
2026-08-20 06:00:00-04:00,7790.0,7791.25,7790.0,7791.25,4
2026-08-20 06:05:00-04:00,7790.5,7791.5,7790.5,7791.0,3
2026-08-20 06:10:00-04:00,7792.25,7794.0,7792.25,7794.0,4
2026-08-20 06:15:00-04:00,7794.5,7794.5,7792.25,7793.0,8
2026-08-20 06:20:00-04:00,7792.5,7793.0,7792.5,7793.0,4
2026-08-20 06:25:00-04:00,7793.5,7793.5,7792.5,7792.5,5
2026-08-20 06:30:00-04:00,7793.0,7794.5,7793.0,7794.0,6
2026-08-20 06:35:00-04:00,7791.0,7794.25,7791.0,7793.25,11
2026-08-20 06:40:00-04:00,7792.0,7792.0,7791.5,7791.5,3
2026-08-20 06:45:00-04:00,7791.75,7795.25,7791.75,7795.25,4
2026-08-20 06:50:00-04:00,7795.0,7795.5,7794.75,7795.0,6
2026-08-20 06:55:00-04:00,7794.0,7796.5,7794.0,7796.5,5
2026-08-20 07:00:00-04:00,7797.75,7797.75,7791.5,7791.5,9
2026-08-20 07:05:00-04:00,7790.0,7790.75,7789.0,7789.75,5
2026-08-20 07:10:00-04:00,7789.5,7789.5,7788.25,7788.5,6
2026-08-20 07:15:00-04:00,7789.75,7791.25,7789.0,7789.0,5
2026-08-20 07:20:00-04:00,7787.0,7787.0,7784.25,7785.5,9
2026-08-20 07:25:00-04:00,7785.5,7786.25,7781.25,7781.25,6
2026-08-20 07:30:00-04:00,7781.75,7784.25,7781.75,7782.0,11
2026-08-20 07:35:00-04:00,7782.0,7784.0,7780.5,7784.0,7
2026-08-20 07:40:00-04:00,7784.75,7784.75,7779.75,7781.5,9
2026-08-20 07:45:00-04:00,7780.0,7780.0,7775.0,7775.5,9
2026-08-20 07:50:00-04:00,7775.5,7776.0,7774.25,7774.25,5
2026-08-20 07:55:00-04:00,7772.75,7772.75,7769.75,7770.25,17
2026-08-20 08:00:00-04:00,7768.5,7769.5,7760.0,7760.0,34
2026-08-20 08:05:00-04:00,7759.0,7759.0,7754.0,7755.5,18
2026-08-20 08:10:00-04:00,7754.75,7755.25,7751.25,7753.75,26
2026-08-20 08:15:00-04:00,7756.5,7756.5,7752.25,7752.25,13
2026-08-20 08:20:00-04:00,7753.5,7757.0,7753.25,7757.0,13
2026-08-20 08:25:00-04:00,7754.75,7755.75,7753.25,7753.25,3
2026-08-20 08:30:00-04:00,7751.0,7752.25,7750.0,7751.5,11
2026-08-20 08:35:00-04:00,7750.25,7750.25,7747.25,7749.25,15
2026-08-20 08:40:00-04:00,7753.5,7753.5,7753.0,7753.5,7
2026-08-20 08:45:00-04:00,7753.75,7758.0,7753.75,7758.0,21
2026-08-20 08:50:00-04:00,7758.5,7760.5,7758.5,7760.5,2
2026-08-20 08:55:00-04:00,7761.5,7763.0,7760.75,7763.0,5
2026-08-20 09:00:00-04:00,7763.5,7767.0,7763.5,7767.0,11
2026-08-20 09:05:00-04:00,7765.25,7765.25,7763.0,7763.0,5
2026-08-20 09:10:00-04:00,7762.0,7762.0,7762.0,7762.0,1
2026-08-20 09:15:00-04:00,7759.75,7762.25,7759.75,7762.25,6
2026-08-20 09:20:00-04:00,7760.25,7761.25,7760.0,7761.25,4
2026-08-20 09:25:00-04:00,7763.5,7764.25,7762.25,7764.0,8
2026-08-20 09:30:00-04:00,7765.25,7774.0,7764.5,7772.5,19
2026-08-20 09:35:00-04:00,7772.0,7780.0,7772.0,7779.0,37
2026-08-20 09:40:00-04:00,7778.0,7782.0,7778.0,7782.0,5
2026-08-20 09:45:00-04:00,7777.75,7777.75,7771.75,7774.0,5
2026-08-20 09:50:00-04:00,7770.75,7773.5,7770.0,7773.5,10
2026-08-20 09:55:00-04:00,7776.0,7776.0,7769.5,7769.5,3
2026-08-20 10:00:00-04:00,7769.25,7770.0,7765.25,7765.25,17
2026-08-20 10:05:00-04:00,7763.0,7768.0,7763.0,7768.0,2
2026-08-20 10:10:00-04:00,7770.0,7770.0,7764.0,7764.0,4
2026-08-20 10:15:00-04:00,7763.0,7764.0,7759.0,7760.75,24
2026-08-20 10:20:00-04:00,7765.0,7773.25,7764.75,7772.5,14
2026-08-20 10:25:00-04:00,7770.25,7770.25,7770.25,7770.25,2
2026-08-20 10:35:00-04:00,7769.75,7773.0,7769.5,7773.0,15
2026-08-20 10:40:00-04:00,7771.75,7772.25,7771.75,7772.25,2
2026-08-20 10:45:00-04:00,7775.0,7775.0,7770.75,7773.0,7
2026-08-20 10:50:00-04:00,7771.25,7775.0,7771.0,7771.0,3
2026-08-20 10:55:00-04:00,7770.5,7774.5,7769.0,7774.5,9
2026-08-20 11:00:00-04:00,7776.5,7785.0,7776.5,7784.25,29
2026-08-20 11:05:00-04:00,7782.25,7782.25,7768.5,7768.5,14
2026-08-20 11:10:00-04:00,7768.75,7772.25,7764.5,7772.25,8
2026-08-20 11:15:00-04:00,7771.0,7773.5,7770.75,7773.25,5
2026-08-20 11:20:00-04:00,7766.25,7766.5,7763.75,7763.75,10
2026-08-20 11:25:00-04:00,7765.75,7772.0,7764.25,7771.0,12
2026-08-20 11:30:00-04:00,7771.5,7771.5,7762.0,7764.0,23
2026-08-20 11:35:00-04:00,7760.75,7764.75,7760.75,7763.5,6
2026-08-20 11:40:00-04:00,7759.25,7761.0,7759.25,7761.0,2
2026-08-20 11:45:00-04:00,7757.25,7761.25,7756.5,7761.25,5
2026-08-20 11:50:00-04:00,7759.5,7762.5,7759.5,7761.5,6
2026-08-20 11:55:00-04:00,7762.75,7762.75,7760.75,7761.25,8
2026-08-20 12:00:00-04:00,7760.0,7760.0,7759.0,7759.0,3
2026-08-20 12:05:00-04:00,7760.0,7760.25,7759.5,7760.25,4
2026-08-20 12:10:00-04:00,7762.5,7764.5,7762.5,7764.5,4
2026-08-20 12:25:00-04:00,7761.75,7761.75,7761.75,7761.75,1
2026-08-20 12:30:00-04:00,7759.0,7762.75,7758.25,7762.75,6
2026-08-20 12:35:00-04:00,7766.5,7766.5,7766.5,7766.5,1
2026-08-20 12:40:00-04:00,7768.5,7769.75,7768.5,7769.75,2
2026-08-20 12:45:00-04:00,7768.5,7768.5,7768.5,7768.5,1
2026-08-20 12:55:00-04:00,7765.0,7766.75,7765.0,7766.75,3
2026-08-20 13:05:00-04:00,7763.0,7763.0,7761.0,7761.0,2
2026-08-20 13:10:00-04:00,7760.5,7760.5,7760.5,7760.5,1
2026-08-20 13:15:00-04:00,7757.0,7757.0,7752.75,7753.25,9
2026-08-20 13:20:00-04:00,7755.0,7755.0,7755.0,7755.0,1
2026-08-20 13:25:00-04:00,7754.0,7754.0,7751.25,7751.25,2
2026-08-20 13:30:00-04:00,7751.0,7751.75,7750.0,7750.0,7
2026-08-20 13:35:00-04:00,7750.0,7750.0,7746.75,7748.0,5
2026-08-20 13:40:00-04:00,7747.5,7747.5,7747.0,7747.0,2
2026-08-20 13:45:00-04:00,7750.0,7751.5,7750.0,7751.0,8
2026-08-20 13:50:00-04:00,7752.0,7753.5,7752.0,7752.0,6
2026-08-20 13:55:00-04:00,7749.75,7749.75,7749.75,7749.75,2
2026-08-20 14:00:00-04:00,7746.5,7746.5,7744.5,7744.5,8
2026-08-20 14:05:00-04:00,7744.25,7744.25,7740.0,7741.25,11
2026-08-20 14:10:00-04:00,7739.75,7740.0,7737.75,7740.0,7
2026-08-20 14:15:00-04:00,7737.75,7738.25,7736.5,7737.75,8
2026-08-20 14:20:00-04:00,7742.25,7742.75,7741.5,7741.5,12
2026-08-20 14:25:00-04:00,7739.25,7739.25,7739.25,7739.25,1
2026-08-20 14:30:00-04:00,7738.5,7738.5,7737.0,7737.0,2
2026-08-20 14:35:00-04:00,7737.75,7739.5,7737.75,7739.5,3
2026-08-20 14:40:00-04:00,7736.75,7739.25,7736.75,7739.25,2
2026-08-20 14:45:00-04:00,7739.0,7742.0,7738.25,7741.0,6
2026-08-20 14:50:00-04:00,7741.25,7741.25,7739.5,7739.5,3
2026-08-20 14:55:00-04:00,7739.75,7739.75,7739.75,7739.75,1
2026-08-20 15:00:00-04:00,7737.25,7737.5,7735.75,7735.75,7
2026-08-20 15:05:00-04:00,7740.5,7740.5,7740.5,7740.5,18
2026-08-20 15:15:00-04:00,7741.75,7741.75,7741.75,7741.75,1
2026-08-20 15:20:00-04:00,7741.0,7741.0,7741.0,7741.0,1
2026-08-20 15:25:00-04:00,7741.5,7741.5,7741.5,7741.5,1
2026-08-20 15:30:00-04:00,7738.75,7738.75,7735.75,7735.75,3
2026-08-20 15:35:00-04:00,7738.75,7738.75,7738.75,7738.75,15
2026-08-20 15:40:00-04:00,7739.5,7739.5,7734.5,7734.5,5
2026-08-20 15:45:00-04:00,7735.0,7736.0,7732.5,7736.0,22
2026-08-20 15:50:00-04:00,7735.0,7738.0,7734.25,7734.25,18
2026-08-20 15:55:00-04:00,7733.5,7733.5,7725.0,7728.25,43
2026-08-20 16:00:00-04:00,7732.5,7732.5,7731.0,7731.75,14
2026-08-20 16:05:00-04:00,7731.0,7731.0,7729.5,7729.5,4
2026-08-20 16:10:00-04:00,7729.5,7729.5,7728.25,7728.25,2
2026-08-20 16:15:00-04:00,7727.0,7727.0,7724.0,7725.0,39
2026-08-20 16:20:00-04:00,7726.75,7726.75,7726.75,7726.75,1
2026-08-20 16:25:00-04:00,7730.0,7730.0,7730.0,7730.0,2
2026-08-20 16:30:00-04:00,7729.25,7729.25,7729.25,7729.25,1
2026-08-20 16:35:00-04:00,7730.75,7732.5,7730.75,7732.5,3
2026-08-20 16:40:00-04:00,7731.75,7731.75,7731.75,7731.75,1
2026-08-20 18:00:00-04:00,7735.0,7737.0,7731.0,7731.0,4
2026-08-20 18:05:00-04:00,7730.25,7730.25,7728.5,7728.5,2
2026-08-20 18:15:00-04:00,7730.25,7730.25,7730.25,7730.25,1
2026-08-20 18:25:00-04:00,7730.0,7730.0,7730.0,7730.0,1
2026-08-20 18:35:00-04:00,7732.25,7732.25,7732.25,7732.25,1
2026-08-20 18:50:00-04:00,7734.5,7735.0,7734.5,7735.0,2
2026-08-20 18:55:00-04:00,7735.0,7735.0,7735.0,7735.0,1
2026-08-20 19:10:00-04:00,7734.25,7734.25,7734.25,7734.25,1
2026-08-20 19:45:00-04:00,7730.75,7730.75,7730.75,7730.75,1
2026-08-20 19:50:00-04:00,7732.5,7733.0,7732.5,7733.0,2
2026-08-20 19:55:00-04:00,7732.75,7732.75,7732.75,7732.75,1
2026-08-20 20:00:00-04:00,7734.5,7734.5,7734.0,7734.0,2
2026-08-20 20:05:00-04:00,7736.0,7736.0,7736.0,7736.0,4
2026-08-20 20:10:00-04:00,7737.0,7737.0,7737.0,7737.0,1
2026-08-20 20:20:00-04:00,7734.25,7734.75,7734.25,7734.75,2
2026-08-20 20:25:00-04:00,7731.25,7731.25,7731.25,7731.25,1
2026-08-20 20:30:00-04:00,7733.75,7733.75,7733.75,7733.75,1
2026-08-20 20:45:00-04:00,7734.5,7734.5,7734.5,7734.5,1
2026-08-20 21:05:00-04:00,7728.0,7728.0,7728.0,7728.0,1
2026-08-20 21:10:00-04:00,7727.75,7730.0,7727.75,7730.0,2
2026-08-20 21:30:00-04:00,7731.5,7731.5,7731.5,7731.5,1
2026-08-20 21:35:00-04:00,7730.5,7730.5,7730.5,7730.5,1
2026-08-20 21:40:00-04:00,7729.0,7731.5,7729.0,7731.5,9
2026-08-20 21:55:00-04:00,7730.25,7730.25,7730.0,7730.0,10
2026-08-20 22:10:00-04:00,7734.5,7734.75,7734.5,7734.75,2
2026-08-20 22:40:00-04:00,7737.25,7737.25,7735.5,7735.5,2
2026-08-20 22:50:00-04:00,7737.25,7737.25,7737.25,7737.25,1
2026-08-20 23:15:00-04:00,7733.0,7733.0,7733.0,7733.0,1
2026-08-20 23:25:00-04:00,7733.25,7733.25,7733.25,7733.25,1
2026-08-20 23:35:00-04:00,7734.25,7734.25,7734.25,7734.25,1
2026-08-20 23:40:00-04:00,7733.75,7733.75,7732.75,7732.75,11
2026-08-20 23:45:00-04:00,7732.25,7732.25,7732.25,7732.25,1
2026-08-21 00:05:00-04:00,7734.5,7734.5,7734.5,7734.5,1
2026-08-21 00:35:00-04:00,7730.0,7730.0,7730.0,7730.0,1
2026-08-21 00:45:00-04:00,7731.5,7731.5,7731.5,7731.5,1
2026-08-21 01:05:00-04:00,7735.0,7735.0,7735.0,7735.0,1
2026-08-21 02:00:00-04:00,7732.5,7732.5,7732.5,7732.5,1
2026-08-21 02:35:00-04:00,7740.25,7740.25,7740.0,7740.0,3
2026-08-21 02:40:00-04:00,7737.0,7737.0,7737.0,7737.0,1
2026-08-21 02:55:00-04:00,7739.0,7739.0,7739.0,7739.0,1
2026-08-21 03:05:00-04:00,7741.0,7741.75,7741.0,7741.75,5
2026-08-21 03:15:00-04:00,7743.0,7743.0,7743.0,7743.0,1
2026-08-21 03:20:00-04:00,7743.5,7743.5,7743.5,7743.5,1
2026-08-21 03:30:00-04:00,7743.5,7745.5,7743.5,7744.75,5
2026-08-21 03:35:00-04:00,7745.25,7745.25,7745.25,7745.25,1
2026-08-21 03:40:00-04:00,7745.75,7746.25,7745.75,7746.25,2
2026-08-21 03:45:00-04:00,7747.25,7747.25,7747.25,7747.25,1
2026-08-21 04:00:00-04:00,7748.5,7748.5,7748.5,7748.5,2
2026-08-21 04:35:00-04:00,7750.5,7750.5,7750.5,7750.5,1
2026-08-21 04:40:00-04:00,7751.5,7752.0,7751.5,7751.5,5
2026-08-21 04:50:00-04:00,7752.5,7754.5,7752.5,7753.0,18
2026-08-21 04:55:00-04:00,7752.25,7752.25,7752.25,7752.25,1
2026-08-21 05:00:00-04:00,7753.5,7754.0,7751.25,7751.25,9
2026-08-21 05:05:00-04:00,7750.5,7750.5,7748.25,7748.25,3
2026-08-21 05:10:00-04:00,7748.25,7751.75,7748.25,7751.25,5
2026-08-21 05:15:00-04:00,7752.0,7752.0,7751.75,7752.0,4
2026-08-21 05:20:00-04:00,7752.25,7752.25,7752.25,7752.25,1
2026-08-21 05:30:00-04:00,7751.5,7751.5,7751.5,7751.5,1
2026-08-21 05:35:00-04:00,7751.0,7754.25,7751.0,7754.25,9
2026-08-21 05:40:00-04:00,7752.5,7752.5,7752.5,7752.5,2
2026-08-21 05:45:00-04:00,7752.0,7752.0,7752.0,7752.0,8
2026-08-21 05:55:00-04:00,7753.5,7753.5,7753.5,7753.5,2
2026-08-21 06:00:00-04:00,7754.0,7756.25,7754.0,7756.0,7
2026-08-21 06:05:00-04:00,7757.0,7757.0,7757.0,7757.0,1
2026-08-21 06:10:00-04:00,7752.75,7752.75,7752.75,7752.75,1
2026-08-21 06:40:00-04:00,7753.75,7753.75,7752.5,7752.5,2
2026-08-21 06:55:00-04:00,7753.75,7753.75,7753.75,7753.75,5
2026-08-21 07:00:00-04:00,7751.0,7751.5,7751.0,7751.5,3
2026-08-21 07:05:00-04:00,7754.75,7754.75,7754.0,7754.0,2
2026-08-21 07:20:00-04:00,7757.75,7762.5,7756.5,7762.5,15
2026-08-21 07:25:00-04:00,7762.75,7763.0,7761.5,7761.5,7
2026-08-21 07:30:00-04:00,7761.5,7762.75,7761.5,7761.75,5
2026-08-21 07:35:00-04:00,7763.5,7764.5,7763.5,7763.75,8
2026-08-21 07:40:00-04:00,7761.5,7762.25,7761.25,7762.25,3
2026-08-21 07:45:00-04:00,7760.5,7760.5,7759.75,7759.75,4
2026-08-21 07:50:00-04:00,7761.0,7761.0,7760.5,7760.5,2
2026-08-21 08:10:00-04:00,7761.25,7761.25,7761.25,7761.25,1
2026-08-21 08:20:00-04:00,7760.25,7762.75,7760.25,7762.75,2
2026-08-21 08:25:00-04:00,7765.0,7765.0,7765.0,7765.0,7
2026-08-21 08:30:00-04:00,7767.25,7769.0,7766.75,7766.75,5
2026-08-21 08:35:00-04:00,7766.0,7766.25,7765.0,7765.0,23
2026-08-21 08:40:00-04:00,7768.5,7769.75,7768.5,7769.75,5
2026-08-21 08:45:00-04:00,7770.25,7770.25,7766.5,7766.75,10
2026-08-21 08:50:00-04:00,7769.25,7769.25,7766.25,7766.25,5
2026-08-21 09:00:00-04:00,7765.75,7765.75,7765.75,7765.75,1
2026-08-21 09:05:00-04:00,7764.0,7764.25,7763.5,7764.25,5
2026-08-21 09:10:00-04:00,7760.5,7760.5,7757.0,7757.0,4
2026-08-21 09:20:00-04:00,7755.0,7755.25,7755.0,7755.25,2
2026-08-21 09:25:00-04:00,7755.25,7761.0,7751.75,7759.5,14
2026-08-21 09:30:00-04:00,7762.0,7762.0,7750.0,7751.75,45
2026-08-21 09:35:00-04:00,7748.75,7749.75,7747.75,7747.75,8
2026-08-21 09:40:00-04:00,7752.25,7752.5,7751.0,7751.0,7
2026-08-21 09:45:00-04:00,7753.75,7754.25,7749.0,7749.75,6
2026-08-21 09:50:00-04:00,7748.5,7748.5,7742.75,7743.75,10
2026-08-21 09:55:00-04:00,7747.5,7747.5,7746.0,7747.25,6
2026-08-21 10:00:00-04:00,7749.0,7751.0,7747.75,7751.0,6
2026-08-21 10:05:00-04:00,7752.0,7756.0,7752.0,7754.5,4
2026-08-21 10:10:00-04:00,7752.75,7755.0,7748.5,7748.5,14
2026-08-21 10:15:00-04:00,7748.25,7748.25,7748.25,7748.25,1
2026-08-21 10:20:00-04:00,7752.75,7752.75,7749.5,7749.5,3
2026-08-21 10:25:00-04:00,7750.5,7752.0,7748.0,7748.0,8
2026-08-21 10:30:00-04:00,7749.25,7749.25,7748.25,7748.25,24
2026-08-21 10:35:00-04:00,7745.5,7746.0,7744.5,7745.0,10
2026-08-21 10:40:00-04:00,7743.75,7749.5,7743.75,7747.75,11
2026-08-21 10:45:00-04:00,7749.75,7751.0,7749.75,7750.5,4
2026-08-21 10:50:00-04:00,7752.5,7753.75,7752.5,7753.0,8
2026-08-21 10:55:00-04:00,7753.0,7760.0,7753.0,7759.75,17
2026-08-21 11:00:00-04:00,7761.5,7765.25,7759.25,7764.5,27
2026-08-21 11:05:00-04:00,7764.0,7764.0,7760.0,7760.0,11
2026-08-21 11:10:00-04:00,7760.0,7761.0,7759.0,7759.0,8
2026-08-21 11:15:00-04:00,7759.0,7759.0,7758.0,7758.0,2
2026-08-21 11:20:00-04:00,7760.25,7760.25,7760.25,7760.25,1
2026-08-21 11:25:00-04:00,7756.5,7760.75,7756.5,7760.75,2
2026-08-21 11:30:00-04:00,7761.0,7765.0,7760.75,7765.0,4
2026-08-21 11:35:00-04:00,7766.5,7772.25,7766.5,7772.25,14
2026-08-21 11:40:00-04:00,7772.25,7776.5,7772.25,7773.75,21
2026-08-21 11:45:00-04:00,7776.0,7776.0,7771.75,7771.75,13
2026-08-21 11:50:00-04:00,7772.5,7779.0,7772.5,7778.25,14
2026-08-21 11:55:00-04:00,7778.0,7778.25,7775.75,7775.75,6
2026-08-21 12:00:00-04:00,7772.75,7772.75,7769.75,7769.75,2
2026-08-21 12:05:00-04:00,7768.75,7768.75,7766.75,7767.25,9
2026-08-21 12:10:00-04:00,7765.5,7766.25,7765.5,7766.25,2
2026-08-21 12:15:00-04:00,7763.75,7765.75,7762.5,7762.5,4
2026-08-21 12:20:00-04:00,7760.5,7771.25,7760.5,7763.75,29
2026-08-21 12:25:00-04:00,7764.75,7764.75,7764.75,7764.75,4
2026-08-21 12:30:00-04:00,7764.0,7764.0,7763.75,7763.75,2
2026-08-21 12:35:00-04:00,7765.25,7766.75,7765.25,7766.75,14
2026-08-21 12:40:00-04:00,7766.25,7766.25,7766.25,7766.25,1
2026-08-21 12:50:00-04:00,7760.0,7761.25,7760.0,7761.25,4
2026-08-21 12:55:00-04:00,7765.5,7765.5,7765.5,7765.5,11
2026-08-21 13:00:00-04:00,7766.0,7766.0,7765.0,7765.0,2
2026-08-21 13:05:00-04:00,7765.75,7765.75,7765.75,7765.75,1
2026-08-21 13:10:00-04:00,7763.25,7763.25,7763.25,7763.25,1
2026-08-21 13:15:00-04:00,7762.5,7762.5,7762.5,7762.5,1
2026-08-21 13:25:00-04:00,7759.0,7759.0,7759.0,7759.0,1
2026-08-21 13:30:00-04:00,7760.0,7760.0,7758.25,7758.25,3
2026-08-21 13:35:00-04:00,7757.0,7757.75,7756.75,7757.75,5
2026-08-21 13:40:00-04:00,7758.25,7758.25,7758.25,7758.25,1
2026-08-21 14:00:00-04:00,7757.25,7759.0,7757.25,7759.0,2
2026-08-21 14:20:00-04:00,7756.5,7756.5,7756.5,7756.5,1
2026-08-21 14:25:00-04:00,7755.0,7755.0,7755.0,7755.0,1
2026-08-21 14:30:00-04:00,7752.5,7752.5,7752.5,7752.5,1
2026-08-21 14:40:00-04:00,7755.75,7755.75,7755.75,7755.75,1
2026-08-21 14:50:00-04:00,7759.0,7760.0,7759.0,7760.0,2
2026-08-21 14:55:00-04:00,7759.75,7762.0,7759.75,7762.0,2
2026-08-21 15:00:00-04:00,7763.75,7765.0,7762.25,7762.25,9
2026-08-21 15:15:00-04:00,7761.75,7762.0,7760.0,7762.0,4
2026-08-21 15:20:00-04:00,7762.0,7762.0,7762.0,7762.0,1
2026-08-21 15:25:00-04:00,7762.5,7762.5,7762.0,7762.0,4
2026-08-21 15:40:00-04:00,7763.5,7765.0,7763.5,7765.0,2
2026-08-21 15:45:00-04:00,7767.75,7768.75,7767.5,7767.5,4
2026-08-21 15:50:00-04:00,7764.5,7764.5,7764.0,7764.0,2
2026-08-21 15:55:00-04:00,7760.0,7764.0,7755.75,7755.75,17
2026-08-21 16:00:00-04:00,7757.25,7757.25,7757.0,7757.0,2
2026-08-21 16:10:00-04:00,7757.0,7757.0,7757.0,7757.0,2
2026-08-21 16:20:00-04:00,7755.75,7756.25,7754.75,7755.5,6
2026-08-21 16:25:00-04:00,7754.0,7754.0,7754.0,7754.0,1
2026-08-21 16:55:00-04:00,7754.25,7754.25,7754.25,7754.25,1
2026-08-23 18:00:00-04:00,7758.75,7758.75,7749.25,7754.0,7
2026-08-23 18:10:00-04:00,7751.0,7751.0,7751.0,7751.0,1
2026-08-23 18:30:00-04:00,7751.0,7751.0,7751.0,7751.0,1
2026-08-23 18:40:00-04:00,7751.5,7751.5,7751.5,7751.5,1
2026-08-23 18:45:00-04:00,7756.5,7756.5,7755.5,7755.5,2
2026-08-23 19:00:00-04:00,7756.25,7756.25,7756.25,7756.25,1
2026-08-23 19:20:00-04:00,7758.75,7758.75,7758.75,7758.75,1
2026-08-23 19:25:00-04:00,7759.5,7760.0,7759.5,7760.0,4
2026-08-23 19:30:00-04:00,7762.0,7762.5,7762.0,7762.5,3
2026-08-23 20:00:00-04:00,7769.25,7769.25,7765.25,7765.25,9
2026-08-23 20:05:00-04:00,7764.25,7764.25,7764.25,7764.25,1
2026-08-23 20:20:00-04:00,7756.75,7756.75,7754.5,7754.5,2
2026-08-23 20:25:00-04:00,7752.5,7754.5,7751.25,7754.5,4
2026-08-23 20:35:00-04:00,7754.0,7754.5,7753.0,7753.0,10
2026-08-23 20:50:00-04:00,7757.5,7757.5,7757.5,7757.5,1
2026-08-23 20:55:00-04:00,7760.5,7763.5,7760.5,7763.5,4
2026-08-23 21:00:00-04:00,7765.5,7766.5,7765.5,7766.5,6
2026-08-23 21:10:00-04:00,7765.5,7768.5,7765.5,7768.5,4
2026-08-23 21:25:00-04:00,7763.0,7763.0,7762.75,7762.75,3
2026-08-23 21:40:00-04:00,7764.0,7764.0,7764.0,7764.0,1
2026-08-23 21:45:00-04:00,7762.75,7762.75,7761.25,7762.25,3
2026-08-23 21:55:00-04:00,7758.0,7758.0,7758.0,7758.0,1
2026-08-23 22:00:00-04:00,7755.75,7756.5,7755.75,7756.5,2
2026-08-23 22:05:00-04:00,7754.0,7754.0,7754.0,7754.0,1
2026-08-23 22:10:00-04:00,7761.5,7761.5,7761.5,7761.5,1
2026-08-23 22:40:00-04:00,7762.25,7762.25,7762.25,7762.25,1
2026-08-23 22:55:00-04:00,7761.25,7762.0,7760.0,7762.0,3
2026-08-23 23:00:00-04:00,7760.0,7760.0,7760.0,7760.0,1
2026-08-23 23:10:00-04:00,7756.75,7756.75,7756.75,7756.75,1
2026-08-23 23:15:00-04:00,7755.0,7755.0,7754.75,7754.75,4
2026-08-23 23:20:00-04:00,7755.75,7755.75,7754.5,7754.5,3
2026-08-23 23:40:00-04:00,7754.0,7754.0,7754.0,7754.0,1
2026-08-23 23:50:00-04:00,7749.75,7749.75,7749.0,7749.0,2
2026-08-24 00:00:00-04:00,7750.0,7750.0,7750.0,7750.0,1
2026-08-24 00:25:00-04:00,7748.5,7748.75,7747.25,7748.5,8
2026-08-24 00:30:00-04:00,7748.5,7749.25,7748.0,7748.75,11
2026-08-24 00:45:00-04:00,7749.25,7749.25,7749.25,7749.25,1
2026-08-24 00:50:00-04:00,7747.0,7747.0,7747.0,7747.0,5
2026-08-24 00:55:00-04:00,7746.25,7746.25,7746.25,7746.25,1
2026-08-24 01:00:00-04:00,7746.25,7746.25,7746.25,7746.25,1
2026-08-24 01:20:00-04:00,7748.0,7748.75,7747.75,7747.75,6
2026-08-24 01:30:00-04:00,7742.25,7742.25,7742.0,7742.0,3
2026-08-24 01:40:00-04:00,7748.25,7748.25,7745.5,7745.5,3
2026-08-24 01:45:00-04:00,7744.0,7744.0,7743.75,7743.75,2
2026-08-24 01:50:00-04:00,7744.0,7744.0,7742.75,7744.0,8
2026-08-24 01:55:00-04:00,7742.25,7742.5,7741.75,7741.75,5
2026-08-24 02:00:00-04:00,7743.25,7743.25,7740.25,7740.25,8
2026-08-24 02:05:00-04:00,7740.5,7740.5,7740.5,7740.5,2
2026-08-24 02:15:00-04:00,7737.75,7737.75,7737.25,7737.25,3
2026-08-24 02:20:00-04:00,7735.5,7738.5,7735.25,7738.5,6
2026-08-24 02:35:00-04:00,7741.25,7741.25,7741.25,7741.25,1
2026-08-24 02:50:00-04:00,7739.0,7739.0,7739.0,7739.0,1
2026-08-24 03:00:00-04:00,7739.25,7739.25,7739.0,7739.0,4
2026-08-24 03:05:00-04:00,7744.0,7744.0,7744.0,7744.0,2
2026-08-24 03:10:00-04:00,7742.75,7742.75,7742.75,7742.75,1
2026-08-24 03:30:00-04:00,7743.75,7744.5,7743.75,7744.5,7
2026-08-24 03:40:00-04:00,7742.75,7742.75,7741.25,7741.25,2
2026-08-24 03:50:00-04:00,7737.0,7737.0,7737.0,7737.0,1
2026-08-24 04:00:00-04:00,7737.75,7737.75,7736.75,7736.75,3
2026-08-24 04:05:00-04:00,7740.25,7745.5,7740.25,7745.5,5
2026-08-24 04:15:00-04:00,7742.0,7742.0,7740.75,7740.75,2
2026-08-24 04:20:00-04:00,7743.5,7743.5,7743.5,7743.5,2
2026-08-24 04:25:00-04:00,7742.75,7742.75,7742.75,7742.75,1
2026-08-24 04:40:00-04:00,7748.0,7748.0,7748.0,7748.0,1
2026-08-24 04:45:00-04:00,7748.75,7749.0,7748.25,7748.25,3
2026-08-24 05:20:00-04:00,7744.75,7744.75,7744.75,7744.75,1
2026-08-24 06:20:00-04:00,7742.25,7742.25,7742.25,7742.25,1
2026-08-24 06:25:00-04:00,7743.0,7743.0,7743.0,7743.0,1
2026-08-24 06:35:00-04:00,7744.0,7744.0,7744.0,7744.0,1
2026-08-24 06:40:00-04:00,7742.0,7742.0,7742.0,7742.0,1
2026-08-24 06:50:00-04:00,7737.25,7737.25,7737.25,7737.25,1
2026-08-24 07:00:00-04:00,7732.5,7732.5,7732.5,7732.5,1
2026-08-24 07:05:00-04:00,7732.0,7732.0,7731.75,7731.75,4
2026-08-24 07:10:00-04:00,7733.0,7733.0,7733.0,7733.0,1
2026-08-24 07:15:00-04:00,7734.25,7734.25,7734.25,7734.25,1
2026-08-24 07:25:00-04:00,7736.25,7736.25,7736.0,7736.0,2
2026-08-24 07:30:00-04:00,7741.5,7741.5,7740.25,7740.5,7
2026-08-24 07:35:00-04:00,7744.5,7750.25,7744.5,7750.25,17
2026-08-24 07:40:00-04:00,7750.5,7750.5,7749.5,7749.5,8
2026-08-24 07:45:00-04:00,7746.0,7747.0,7745.0,7745.25,22
2026-08-24 07:50:00-04:00,7745.25,7745.25,7745.25,7745.25,1
2026-08-24 07:55:00-04:00,7746.75,7746.75,7746.75,7746.75,1
2026-08-24 08:00:00-04:00,7745.75,7745.75,7745.25,7745.75,5
2026-08-24 08:05:00-04:00,7744.25,7744.25,7742.25,7742.25,5
2026-08-24 08:10:00-04:00,7742.5,7742.5,7742.5,7742.5,2
2026-08-24 08:15:00-04:00,7743.0,7743.0,7742.25,7742.25,7
2026-08-24 08:20:00-04:00,7744.25,7745.0,7744.25,7745.0,2
2026-08-24 08:25:00-04:00,7746.0,7746.0,7746.0,7746.0,10
2026-08-24 08:30:00-04:00,7745.0,7745.0,7736.0,7742.25,59
2026-08-24 08:35:00-04:00,7742.0,7743.25,7742.0,7742.75,6
2026-08-24 08:40:00-04:00,7743.25,7748.25,7742.0,7742.0,34
2026-08-24 08:45:00-04:00,7743.25,7743.25,7742.75,7743.0,5
2026-08-24 09:00:00-04:00,7743.75,7745.75,7743.0,7745.75,17
2026-08-24 09:05:00-04:00,7744.25,7744.25,7744.25,7744.25,1
2026-08-24 09:10:00-04:00,7743.5,7743.5,7743.5,7743.5,1
2026-08-24 09:25:00-04:00,7743.25,7747.5,7743.25,7747.5,7
2026-08-24 09:30:00-04:00,7748.0,7748.0,7734.0,7734.0,30
2026-08-24 09:35:00-04:00,7732.5,7735.5,7730.75,7733.5,26
2026-08-24 09:40:00-04:00,7735.5,7735.75,7724.25,7724.25,21
2026-08-24 09:45:00-04:00,7722.0,7737.75,7721.25,7733.0,45
2026-08-24 09:50:00-04:00,7730.25,7734.5,7730.25,7734.5,2
2026-08-24 09:55:00-04:00,7735.25,7735.75,7734.5,7735.75,6
2026-08-24 10:00:00-04:00,7739.5,7739.5,7730.25,7731.75,73
2026-08-24 10:05:00-04:00,7730.5,7731.5,7729.75,7731.5,4
2026-08-24 10:10:00-04:00,7729.0,7730.0,7725.5,7725.5,9
2026-08-24 10:15:00-04:00,7731.0,7731.25,7727.5,7727.5,4
2026-08-24 10:20:00-04:00,7732.5,7734.5,7732.5,7734.5,4
2026-08-24 10:25:00-04:00,7727.25,7729.75,7727.25,7728.75,7
2026-08-24 10:30:00-04:00,7732.75,7737.0,7732.75,7737.0,9
2026-08-24 10:35:00-04:00,7736.5,7738.5,7736.25,7736.25,6
2026-08-24 10:40:00-04:00,7739.5,7741.0,7735.0,7737.25,11
2026-08-24 10:45:00-04:00,7737.0,7738.5,7735.0,7738.5,8
2026-08-24 10:50:00-04:00,7739.25,7739.25,7734.5,7735.75,9
2026-08-24 10:55:00-04:00,7737.5,7737.5,7737.5,7737.5,1
2026-08-24 11:00:00-04:00,7732.75,7733.25,7731.0,7731.0,15
2026-08-24 11:05:00-04:00,7728.75,7729.25,7728.25,7729.0,5
2026-08-24 11:10:00-04:00,7731.25,7731.25,7731.25,7731.25,2
2026-08-24 11:15:00-04:00,7727.0,7728.0,7726.5,7727.5,6
2026-08-24 11:20:00-04:00,7726.0,7731.75,7724.25,7731.75,10
2026-08-24 11:25:00-04:00,7731.5,7738.75,7731.5,7737.0,63
2026-08-24 11:30:00-04:00,7736.0,7739.75,7734.5,7739.25,345
2026-08-24 11:35:00-04:00,7737.75,7741.5,7737.75,7741.5,2
2026-08-24 11:40:00-04:00,7740.25,7743.25,7740.25,7743.0,7
2026-08-24 11:45:00-04:00,7744.0,7747.75,7743.75,7743.75,10
2026-08-24 11:50:00-04:00,7744.0,7745.5,7744.0,7744.5,5
2026-08-24 11:55:00-04:00,7742.0,7743.5,7742.0,7742.75,6
2026-08-24 12:00:00-04:00,7747.25,7751.75,7744.75,7751.75,25
2026-08-24 12:05:00-04:00,7749.0,7749.0,7746.25,7746.25,6
2026-08-24 12:10:00-04:00,7746.0,7746.25,7745.5,7746.25,4
2026-08-24 12:15:00-04:00,7747.75,7751.5,7747.75,7751.5,4
2026-08-24 12:20:00-04:00,7751.75,7752.0,7751.75,7752.0,2
2026-08-24 12:25:00-04:00,7748.5,7749.75,7748.5,7749.75,2
2026-08-24 12:30:00-04:00,7748.0,7748.0,7745.5,7745.5,4
2026-08-24 12:35:00-04:00,7747.0,7747.0,7744.25,7744.25,3
2026-08-24 12:40:00-04:00,7743.75,7743.75,7743.75,7743.75,1
2026-08-24 12:45:00-04:00,7743.5,7743.5,7742.5,7742.5,5
2026-08-24 12:50:00-04:00,7742.5,7742.5,7742.5,7742.5,1
2026-08-24 12:55:00-04:00,7742.5,7742.5,7742.5,7742.5,3
2026-08-24 13:00:00-04:00,7741.5,7741.5,7740.0,7740.25,10
2026-08-24 13:05:00-04:00,7741.0,7746.5,7741.0,7744.75,11
2026-08-24 13:10:00-04:00,7744.25,7748.25,7743.75,7743.75,78
2026-08-24 13:15:00-04:00,7742.25,7742.5,7742.25,7742.25,3
2026-08-24 13:20:00-04:00,7741.0,7741.0,7736.75,7736.75,22
2026-08-24 13:25:00-04:00,7735.5,7737.25,7734.0,7737.0,12
2026-08-24 13:30:00-04:00,7734.0,7734.75,7734.0,7734.5,6
2026-08-24 13:35:00-04:00,7732.75,7732.75,7732.25,7732.25,5
2026-08-24 13:40:00-04:00,7733.5,7733.5,7731.5,7731.5,8
2026-08-24 13:45:00-04:00,7731.5,7731.5,7731.5,7731.5,1
2026-08-24 13:50:00-04:00,7734.75,7734.75,7732.25,7732.25,6
2026-08-24 13:55:00-04:00,7733.25,7733.25,7733.25,7733.25,1
2026-08-24 14:00:00-04:00,7736.25,7736.75,7735.0,7736.75,3
2026-08-24 14:05:00-04:00,7736.75,7740.0,7736.75,7740.0,6
2026-08-24 14:10:00-04:00,7742.0,7742.0,7742.0,7742.0,10
2026-08-24 14:15:00-04:00,7743.0,7745.0,7742.5,7742.5,7
2026-08-24 14:20:00-04:00,7743.5,7743.5,7743.5,7743.5,2
2026-08-24 14:25:00-04:00,7747.0,7747.0,7747.0,7747.0,1
2026-08-24 14:30:00-04:00,7749.0,7751.5,7749.0,7750.5,46
2026-08-24 14:50:00-04:00,7742.0,7742.25,7742.0,7742.25,3
2026-08-24 14:55:00-04:00,7742.0,7742.0,7742.0,7742.0,3
2026-08-24 15:00:00-04:00,7740.25,7740.25,7740.25,7740.25,1
2026-08-24 15:20:00-04:00,7741.0,7741.75,7741.0,7741.75,4
2026-08-24 15:30:00-04:00,7743.0,7743.0,7741.75,7741.75,2
2026-08-24 15:35:00-04:00,7738.0,7738.0,7737.5,7737.5,2
2026-08-24 15:40:00-04:00,7737.0,7737.0,7737.0,7737.0,1
2026-08-24 15:45:00-04:00,7737.75,7738.0,7737.75,7738.0,2
2026-08-24 15:50:00-04:00,7735.25,7735.5,7735.0,7735.0,8
2026-08-24 15:55:00-04:00,7737.25,7740.5,7736.0,7736.0,5
2026-08-24 16:00:00-04:00,7736.0,7736.25,7734.5,7735.25,8
2026-08-24 16:05:00-04:00,7737.0,7738.0,7737.0,7737.5,4
2026-08-24 16:10:00-04:00,7737.5,7737.5,7736.75,7737.0,4
2026-08-24 16:15:00-04:00,7736.0,7736.0,7736.0,7736.0,4
2026-08-24 16:20:00-04:00,7735.0,7735.0,7734.0,7734.0,6
2026-08-24 16:25:00-04:00,7733.5,7733.5,7733.5,7733.5,1
2026-08-24 16:40:00-04:00,7737.5,7737.5,7737.25,7737.25,2
2026-08-24 16:50:00-04:00,7736.25,7737.0,7736.0,7736.0,15
2026-08-24 16:55:00-04:00,7738.0,7738.0,7738.0,7738.0,1
2026-08-24 18:00:00-04:00,7741.5,7741.5,7741.5,7741.5,1
2026-08-24 18:05:00-04:00,7741.75,7741.75,7740.5,7740.5,2
2026-08-24 18:10:00-04:00,7739.75,7740.25,7739.5,7740.25,3
2026-08-24 18:40:00-04:00,7739.25,7740.25,7739.25,7740.25,2
2026-08-24 18:50:00-04:00,7739.75,7739.75,7739.75,7739.75,1
2026-08-24 19:05:00-04:00,7740.75,7740.75,7740.75,7740.75,1
2026-08-24 19:20:00-04:00,7740.75,7740.75,7740.75,7740.75,1
2026-08-24 19:30:00-04:00,7738.75,7738.75,7738.75,7738.75,1
2026-08-24 19:35:00-04:00,7736.5,7736.5,7736.5,7736.5,1
2026-08-24 19:40:00-04:00,7736.0,7736.0,7734.5,7735.0,12
2026-08-24 19:45:00-04:00,7735.25,7735.25,7735.25,7735.25,1
2026-08-24 20:00:00-04:00,7736.25,7737.0,7735.0,7735.0,4
2026-08-24 20:10:00-04:00,7732.75,7732.75,7731.25,7731.25,3
2026-08-24 20:15:00-04:00,7728.25,7728.25,7727.25,7727.75,11
2026-08-24 20:20:00-04:00,7731.75,7731.75,7731.75,7731.75,1
2026-08-24 20:25:00-04:00,7730.75,7731.75,7730.75,7731.75,3
2026-08-24 20:40:00-04:00,7738.75,7739.5,7738.75,7739.5,4
2026-08-24 20:50:00-04:00,7740.5,7740.5,7740.5,7740.5,2
2026-08-24 20:55:00-04:00,7741.0,7741.0,7740.75,7740.75,2
2026-08-24 21:00:00-04:00,7739.25,7740.75,7739.25,7740.75,5
2026-08-24 21:05:00-04:00,7740.0,7740.0,7740.0,7740.0,10
2026-08-24 21:10:00-04:00,7740.25,7740.25,7740.25,7740.25,1
2026-08-24 21:25:00-04:00,7736.75,7736.75,7736.75,7736.75,1
2026-08-24 21:35:00-04:00,7742.75,7743.0,7742.5,7743.0,8
2026-08-24 21:40:00-04:00,7741.25,7741.25,7739.25,7739.25,3
2026-08-24 21:50:00-04:00,7741.0,7741.0,7741.0,7741.0,1
2026-08-24 22:00:00-04:00,7740.75,7740.75,7740.75,7740.75,1
2026-08-24 22:05:00-04:00,7738.75,7738.75,7738.75,7738.75,1
2026-08-24 22:15:00-04:00,7737.0,7737.0,7737.0,7737.0,1
2026-08-24 22:20:00-04:00,7735.25,7736.5,7735.25,7736.5,11
2026-08-24 22:25:00-04:00,7735.0,7735.0,7735.0,7735.0,1
2026-08-24 22:45:00-04:00,7735.75,7735.75,7735.75,7735.75,1
2026-08-24 22:50:00-04:00,7734.75,7734.75,7734.75,7734.75,4
2026-08-24 23:00:00-04:00,7735.5,7735.5,7735.5,7735.5,1
2026-08-24 23:05:00-04:00,7740.25,7742.5,7740.25,7742.5,5
2026-08-24 23:10:00-04:00,7741.75,7741.75,7741.0,7741.0,4
2026-08-24 23:15:00-04:00,7742.75,7743.0,7742.75,7743.0,2
2026-08-24 23:20:00-04:00,7743.0,7743.0,7743.0,7743.0,2
2026-08-24 23:30:00-04:00,7744.25,7744.75,7744.25,7744.75,5
2026-08-25 00:10:00-04:00,7743.25,7743.25,7743.25,7743.25,1
2026-08-25 00:30:00-04:00,7745.25,7745.25,7745.25,7745.25,1
2026-08-25 00:40:00-04:00,7744.75,7744.75,7744.75,7744.75,1
2026-08-25 00:50:00-04:00,7744.0,7744.0,7741.5,7741.5,8
2026-08-25 01:00:00-04:00,7744.75,7744.75,7744.75,7744.75,1
2026-08-25 01:10:00-04:00,7744.0,7744.0,7744.0,7744.0,1
2026-08-25 01:25:00-04:00,7745.5,7745.5,7745.5,7745.5,1
2026-08-25 01:40:00-04:00,7746.75,7746.75,7746.25,7746.25,3
2026-08-25 02:05:00-04:00,7748.25,7748.25,7748.0,7748.0,2
2026-08-25 02:10:00-04:00,7748.75,7748.75,7748.75,7748.75,1
2026-08-25 02:15:00-04:00,7746.5,7746.5,7746.5,7746.5,2
2026-08-25 02:20:00-04:00,7750.5,7754.25,7750.5,7752.5,20
2026-08-25 02:25:00-04:00,7752.5,7752.75,7751.25,7751.25,4
2026-08-25 02:30:00-04:00,7750.75,7750.75,7750.75,7750.75,1
2026-08-25 02:35:00-04:00,7752.5,7752.5,7750.5,7750.5,3
2026-08-25 02:40:00-04:00,7751.0,7751.0,7751.0,7751.0,1
2026-08-25 03:00:00-04:00,7757.25,7757.25,7757.0,7757.0,2
2026-08-25 03:10:00-04:00,7754.0,7754.25,7753.75,7754.25,3
2026-08-25 03:15:00-04:00,7755.75,7755.75,7755.75,7755.75,2
2026-08-25 03:20:00-04:00,7752.0,7752.0,7752.0,7752.0,1
2026-08-25 03:50:00-04:00,7749.0,7749.0,7749.0,7749.0,1
2026-08-25 04:05:00-04:00,7749.25,7749.25,7749.25,7749.25,1
2026-08-25 04:15:00-04:00,7750.25,7752.0,7750.25,7752.0,4
2026-08-25 04:20:00-04:00,7754.75,7765.0,7753.75,7764.75,60
2026-08-25 04:25:00-04:00,7764.0,7764.0,7760.75,7760.75,9
2026-08-25 04:30:00-04:00,7760.0,7760.0,7758.25,7760.0,5
2026-08-25 04:35:00-04:00,7759.0,7759.0,7759.0,7759.0,1
2026-08-25 04:40:00-04:00,7757.5,7757.5,7757.5,7757.5,1
2026-08-25 04:55:00-04:00,7762.75,7762.75,7762.75,7762.75,1
2026-08-25 05:05:00-04:00,7765.75,7765.75,7765.0,7765.0,2
2026-08-25 05:10:00-04:00,7765.0,7767.0,7765.0,7766.75,10
2026-08-25 05:15:00-04:00,7765.75,7765.75,7765.75,7765.75,1
2026-08-25 05:20:00-04:00,7766.75,7766.75,7766.75,7766.75,1
2026-08-25 05:30:00-04:00,7767.25,7774.5,7767.25,7774.25,10
2026-08-25 05:35:00-04:00,7770.25,7770.25,7770.25,7770.25,1
2026-08-25 05:40:00-04:00,7774.0,7774.5,7774.0,7774.5,2
2026-08-25 05:45:00-04:00,7774.75,7774.75,7774.75,7774.75,5
2026-08-25 05:55:00-04:00,7778.5,7779.75,7777.5,7779.75,5
2026-08-25 06:00:00-04:00,7775.25,7775.25,7771.5,7771.75,6
2026-08-25 06:10:00-04:00,7776.75,7776.75,7775.75,7775.75,35
2026-08-25 06:35:00-04:00,7769.0,7769.25,7768.25,7769.25,4
2026-08-25 06:40:00-04:00,7768.0,7768.0,7768.0,7768.0,1
2026-08-25 06:55:00-04:00,7768.0,7769.0,7768.0,7768.25,4
2026-08-25 07:05:00-04:00,7765.0,7765.0,7759.75,7760.25,14
2026-08-25 07:10:00-04:00,7764.75,7764.75,7764.5,7764.5,3
2026-08-25 07:20:00-04:00,7766.5,7766.75,7766.5,7766.75,3
2026-08-25 07:25:00-04:00,7764.0,7764.0,7764.0,7764.0,2
2026-08-25 07:30:00-04:00,7766.0,7766.25,7766.0,7766.25,7
2026-08-25 07:35:00-04:00,7765.75,7767.25,7765.75,7767.25,3
2026-08-25 07:40:00-04:00,7768.5,7769.5,7768.5,7769.5,29
2026-08-25 07:45:00-04:00,7768.75,7771.0,7768.75,7771.0,2
2026-08-25 07:50:00-04:00,7770.75,7770.75,7770.75,7770.75,1
2026-08-25 08:00:00-04:00,7770.0,7770.0,7770.0,7770.0,4
2026-08-25 08:05:00-04:00,7770.75,7770.75,7770.75,7770.75,1
2026-08-25 08:15:00-04:00,7772.0,7775.25,7772.0,7774.25,12
2026-08-25 08:20:00-04:00,7773.25,7773.25,7770.0,7770.0,9
2026-08-25 08:30:00-04:00,7770.0,7770.0,7765.0,7765.5,32
2026-08-25 08:35:00-04:00,7765.5,7765.5,7763.25,7763.25,3
2026-08-25 08:40:00-04:00,7764.0,7764.0,7764.0,7764.0,3
2026-08-25 08:50:00-04:00,7766.25,7767.0,7766.25,7767.0,11
2026-08-25 08:55:00-04:00,7765.0,7765.0,7765.0,7765.0,1
2026-08-25 09:00:00-04:00,7763.75,7763.75,7763.75,7763.75,1
2026-08-25 09:05:00-04:00,7765.25,7766.0,7764.25,7764.25,9
2026-08-25 09:10:00-04:00,7764.5,7765.5,7763.75,7765.5,6
2026-08-25 09:15:00-04:00,7765.25,7767.0,7765.25,7767.0,9
2026-08-25 09:20:00-04:00,7765.5,7765.5,7765.5,7765.5,1
2026-08-25 09:25:00-04:00,7764.75,7764.75,7763.5,7763.5,4
2026-08-25 09:30:00-04:00,7760.5,7766.25,7760.25,7766.25,4
2026-08-25 09:35:00-04:00,7766.75,7766.75,7762.0,7762.0,5
2026-08-25 09:40:00-04:00,7760.0,7762.25,7759.5,7762.25,4
2026-08-25 09:45:00-04:00,7762.75,7766.75,7761.0,7766.75,6
2026-08-25 09:50:00-04:00,7763.0,7763.0,7762.0,7762.0,2
2026-08-25 09:55:00-04:00,7759.0,7759.0,7755.25,7756.25,17
2026-08-25 10:00:00-04:00,7754.0,7757.0,7752.5,7752.5,8
2026-08-25 10:05:00-04:00,7754.25,7754.25,7751.25,7751.25,2
2026-08-25 10:10:00-04:00,7754.5,7754.5,7751.0,7751.0,5
2026-08-25 10:15:00-04:00,7750.5,7754.0,7750.5,7754.0,6
2026-08-25 10:20:00-04:00,7750.25,7751.25,7749.25,7751.25,4
2026-08-25 10:25:00-04:00,7750.0,7750.0,7749.75,7749.75,5
2026-08-25 10:30:00-04:00,7745.5,7747.5,7730.75,7745.0,103
2026-08-25 10:35:00-04:00,7743.0,7750.25,7742.75,7750.25,12
2026-08-25 10:40:00-04:00,7747.5,7747.5,7742.25,7742.5,4
2026-08-25 10:45:00-04:00,7742.0,7742.0,7742.0,7742.0,2
2026-08-25 10:50:00-04:00,7741.25,7747.0,7741.25,7747.0,5
2026-08-25 11:00:00-04:00,7746.5,7746.5,7743.75,7745.0,5
2026-08-25 11:05:00-04:00,7745.0,7747.25,7745.0,7747.25,2
2026-08-25 11:10:00-04:00,7744.5,7744.5,7744.5,7744.5,1
2026-08-25 11:15:00-04:00,7745.0,7747.75,7744.5,7747.5,5
2026-08-25 11:20:00-04:00,7749.0,7749.25,7747.0,7747.25,10
2026-08-25 11:25:00-04:00,7746.75,7753.5,7746.75,7753.5,13
2026-08-25 11:30:00-04:00,7752.75,7757.75,7751.75,7751.75,12
2026-08-25 11:35:00-04:00,7753.5,7756.5,7751.0,7751.0,49
2026-08-25 11:40:00-04:00,7750.0,7750.0,7750.0,7750.0,2
2026-08-25 11:45:00-04:00,7749.25,7749.5,7746.5,7746.5,14
2026-08-25 11:50:00-04:00,7751.5,7751.5,7751.5,7751.5,8
2026-08-25 11:55:00-04:00,7754.0,7755.5,7753.0,7754.5,6
2026-08-25 12:00:00-04:00,7754.75,7756.75,7754.75,7756.75,2
2026-08-25 12:05:00-04:00,7755.75,7755.75,7753.75,7753.75,4
2026-08-25 12:10:00-04:00,7753.25,7753.25,7753.25,7753.25,1
2026-08-25 12:15:00-04:00,7754.75,7754.75,7754.75,7754.75,1
2026-08-25 12:20:00-04:00,7753.75,7756.0,7753.75,7756.0,10
2026-08-25 12:25:00-04:00,7755.5,7757.5,7755.5,7756.75,5
2026-08-25 12:30:00-04:00,7758.0,7758.0,7757.0,7757.0,5
2026-08-25 12:40:00-04:00,7755.0,7755.0,7755.0,7755.0,9
2026-08-25 12:45:00-04:00,7754.25,7754.25,7754.25,7754.25,1
2026-08-25 12:50:00-04:00,7753.5,7754.25,7753.5,7754.25,2
2026-08-25 12:55:00-04:00,7754.75,7758.5,7754.75,7758.5,11
2026-08-25 13:00:00-04:00,7756.5,7756.5,7756.5,7756.5,1
2026-08-25 13:05:00-04:00,7753.0,7753.0,7749.75,7749.75,7
2026-08-25 13:10:00-04:00,7750.5,7752.5,7749.75,7752.5,3
2026-08-25 13:15:00-04:00,7752.0,7752.5,7751.75,7752.5,4
2026-08-25 13:20:00-04:00,7751.0,7751.0,7751.0,7751.0,1
2026-08-25 13:25:00-04:00,7747.0,7747.75,7747.0,7747.75,5
2026-08-25 13:30:00-04:00,7747.25,7748.5,7747.25,7747.75,8
2026-08-25 13:35:00-04:00,7747.5,7747.75,7747.5,7747.75,2
2026-08-25 14:10:00-04:00,7750.25,7750.25,7748.5,7748.75,5
2026-08-25 14:15:00-04:00,7747.5,7747.5,7747.0,7747.25,4
2026-08-25 14:20:00-04:00,7749.0,7749.0,7749.0,7749.0,2
2026-08-25 14:25:00-04:00,7748.25,7749.0,7748.25,7748.75,3
2026-08-25 14:30:00-04:00,7751.25,7753.5,7751.25,7753.5,3
2026-08-25 14:40:00-04:00,7754.5,7755.0,7754.5,7755.0,13
2026-08-25 14:45:00-04:00,7757.0,7757.75,7757.0,7757.25,5
2026-08-25 14:50:00-04:00,7758.0,7758.0,7758.0,7758.0,1
2026-08-25 15:10:00-04:00,7752.75,7752.75,7752.0,7752.0,10
2026-08-25 15:15:00-04:00,7750.5,7750.5,7750.5,7750.5,1
2026-08-25 15:20:00-04:00,7748.5,7748.5,7748.5,7748.5,1
2026-08-25 15:35:00-04:00,7751.25,7752.25,7751.25,7752.25,2
2026-08-25 15:40:00-04:00,7753.5,7754.75,7753.5,7754.75,3
2026-08-25 15:50:00-04:00,7753.5,7760.0,7753.5,7760.0,10
2026-08-25 15:55:00-04:00,7760.75,7760.75,7758.5,7759.0,273
2026-08-25 16:00:00-04:00,7758.0,7759.5,7757.25,7757.5,18
2026-08-25 16:05:00-04:00,7758.0,7758.0,7757.5,7758.0,5
2026-08-25 16:10:00-04:00,7759.0,7759.25,7758.0,7758.0,30
2026-08-25 16:15:00-04:00,7758.75,7758.75,7758.25,7758.25,2
2026-08-25 16:20:00-04:00,7759.5,7762.0,7759.5,7762.0,4
2026-08-25 16:25:00-04:00,7761.75,7761.75,7760.5,7760.5,2
2026-08-25 18:45:00-04:00,7758.5,7758.5,7758.5,7758.5,1
2026-08-25 19:10:00-04:00,7758.25,7758.25,7758.25,7758.25,1
2026-08-25 19:35:00-04:00,7752.75,7752.75,7752.75,7752.75,1
2026-08-25 19:50:00-04:00,7747.0,7747.0,7747.0,7747.0,1
2026-08-25 20:00:00-04:00,7748.25,7748.25,7746.5,7746.5,4
2026-08-25 20:05:00-04:00,7748.0,7748.0,7748.0,7748.0,1
2026-08-25 20:15:00-04:00,7750.25,7751.0,7750.25,7751.0,2
2026-08-25 20:25:00-04:00,7747.25,7747.25,7747.0,7747.0,3
2026-08-25 20:30:00-04:00,7746.25,7746.25,7746.25,7746.25,4
2026-08-25 20:35:00-04:00,7744.5,7744.5,7744.5,7744.5,1
2026-08-25 21:10:00-04:00,7743.25,7743.25,7743.25,7743.25,1
2026-08-25 21:20:00-04:00,7739.75,7739.75,7739.75,7739.75,1
2026-08-25 21:25:00-04:00,7739.5,7739.5,7739.5,7739.5,1
2026-08-25 21:40:00-04:00,7738.75,7738.75,7738.75,7738.75,1
2026-08-25 21:45:00-04:00,7739.5,7739.5,7739.5,7739.5,1
2026-08-25 21:50:00-04:00,7739.0,7739.0,7737.75,7737.75,6
2026-08-25 21:55:00-04:00,7740.0,7740.0,7740.0,7740.0,1
2026-08-25 22:10:00-04:00,7741.25,7741.25,7741.25,7741.25,1
2026-08-25 22:20:00-04:00,7743.0,7744.5,7743.0,7744.5,7
2026-08-25 22:25:00-04:00,7744.5,7744.5,7744.5,7744.5,1
2026-08-25 22:35:00-04:00,7747.5,7747.5,7747.5,7747.5,4
2026-08-25 22:45:00-04:00,7751.75,7751.75,7751.75,7751.75,1
2026-08-25 22:50:00-04:00,7752.25,7752.25,7752.25,7752.25,1
2026-08-25 23:00:00-04:00,7751.5,7751.5,7751.5,7751.5,1
2026-08-25 23:10:00-04:00,7754.0,7754.0,7754.0,7754.0,1
2026-08-25 23:15:00-04:00,7753.0,7753.0,7753.0,7753.0,2
2026-08-25 23:30:00-04:00,7751.25,7751.25,7751.0,7751.0,3
2026-08-25 23:35:00-04:00,7753.75,7753.75,7753.75,7753.75,1
2026-08-25 23:50:00-04:00,7756.75,7756.75,7756.75,7756.75,1
2026-08-25 23:55:00-04:00,7756.5,7756.5,7756.5,7756.5,1
2026-08-26 00:10:00-04:00,7756.0,7756.0,7756.0,7756.0,1
2026-08-26 00:30:00-04:00,7755.75,7755.75,7755.75,7755.75,1
2026-08-26 00:45:00-04:00,7751.0,7751.0,7751.0,7751.0,1
2026-08-26 01:45:00-04:00,7750.5,7750.5,7750.5,7750.5,1
2026-08-26 02:00:00-04:00,7751.0,7751.0,7750.75,7750.75,2
2026-08-26 02:25:00-04:00,7748.0,7749.5,7746.5,7749.5,12
2026-08-26 02:30:00-04:00,7748.0,7748.0,7748.0,7748.0,1
2026-08-26 02:35:00-04:00,7752.0,7752.5,7752.0,7752.5,4
2026-08-26 02:45:00-04:00,7755.5,7756.5,7754.75,7754.75,7
2026-08-26 03:05:00-04:00,7750.25,7750.25,7750.25,7750.25,1
2026-08-26 03:15:00-04:00,7753.25,7753.25,7753.25,7753.25,1
2026-08-26 03:20:00-04:00,7751.25,7751.25,7751.25,7751.25,1
2026-08-26 03:30:00-04:00,7747.5,7747.5,7747.5,7747.5,2
2026-08-26 04:00:00-04:00,7752.75,7752.75,7752.75,7752.75,1
2026-08-26 05:00:00-04:00,7754.25,7755.25,7754.25,7755.0,8
2026-08-26 05:20:00-04:00,7752.5,7752.75,7750.25,7750.25,8
2026-08-26 05:25:00-04:00,7751.5,7751.5,7751.5,7751.5,1
2026-08-26 05:30:00-04:00,7751.75,7753.0,7751.75,7753.0,2
2026-08-26 05:35:00-04:00,7752.0,7752.0,7752.0,7752.0,1
2026-08-26 05:40:00-04:00,7753.0,7753.0,7753.0,7753.0,1
2026-08-26 06:05:00-04:00,7752.75,7752.75,7752.75,7752.75,1
2026-08-26 06:10:00-04:00,7750.75,7750.75,7750.75,7750.75,1
2026-08-26 06:35:00-04:00,7754.5,7754.5,7754.5,7754.5,4
2026-08-26 06:50:00-04:00,7753.75,7753.75,7753.25,7753.25,4
2026-08-26 06:55:00-04:00,7753.0,7753.0,7753.0,7753.0,1
2026-08-26 07:00:00-04:00,7757.0,7757.0,7757.0,7757.0,1
2026-08-26 07:15:00-04:00,7759.0,7760.75,7759.0,7759.0,8
2026-08-26 07:20:00-04:00,7757.5,7757.5,7757.5,7757.5,2
2026-08-26 07:25:00-04:00,7756.0,7756.0,7756.0,7756.0,1
2026-08-26 07:30:00-04:00,7756.75,7756.75,7756.75,7756.75,2
2026-08-26 07:35:00-04:00,7754.0,7754.0,7753.75,7753.75,2
2026-08-26 07:40:00-04:00,7751.0,7752.25,7750.5,7752.25,4
2026-08-26 07:45:00-04:00,7752.75,7752.75,7750.0,7750.0,3
2026-08-26 07:50:00-04:00,7752.5,7753.25,7752.5,7753.25,2
2026-08-26 08:00:00-04:00,7753.75,7753.75,7753.5,7753.75,4
2026-08-26 08:10:00-04:00,7754.0,7754.0,7754.0,7754.0,1
2026-08-26 08:20:00-04:00,7755.5,7757.75,7755.5,7757.75,3
2026-08-26 08:25:00-04:00,7759.0,7761.25,7759.0,7761.0,3
2026-08-26 08:30:00-04:00,7756.0,7756.0,7749.0,7749.0,31
2026-08-26 08:35:00-04:00,7748.75,7749.0,7747.0,7747.75,16
2026-08-26 08:40:00-04:00,7748.0,7750.25,7747.5,7747.5,6
2026-08-26 08:45:00-04:00,7747.75,7749.5,7746.0,7746.75,9
2026-08-26 08:50:00-04:00,7745.25,7745.25,7744.75,7745.0,4
2026-08-26 08:55:00-04:00,7745.75,7747.0,7745.0,7745.5,21
2026-08-26 09:00:00-04:00,7748.0,7748.0,7748.0,7748.0,1
2026-08-26 09:05:00-04:00,7748.25,7748.5,7747.5,7747.5,5
2026-08-26 09:10:00-04:00,7743.5,7743.5,7743.5,7743.5,1
2026-08-26 09:15:00-04:00,7747.75,7747.75,7747.25,7747.25,3
2026-08-26 09:25:00-04:00,7748.0,7748.0,7746.25,7746.25,2
2026-08-26 09:30:00-04:00,7746.0,7754.0,7746.0,7751.0,19
2026-08-26 09:35:00-04:00,7749.5,7757.25,7749.5,7755.25,18
2026-08-26 09:40:00-04:00,7756.0,7765.0,7756.0,7762.25,57
2026-08-26 09:45:00-04:00,7761.75,7763.0,7760.75,7761.75,13
2026-08-26 09:50:00-04:00,7758.0,7763.5,7758.0,7763.5,6
2026-08-26 09:55:00-04:00,7764.5,7767.5,7764.25,7766.0,7
2026-08-26 10:00:00-04:00,7766.25,7769.0,7765.75,7769.0,7
2026-08-26 10:05:00-04:00,7767.0,7767.0,7764.25,7764.25,13
2026-08-26 10:10:00-04:00,7763.75,7764.0,7760.0,7761.0,7
2026-08-26 10:15:00-04:00,7760.25,7762.0,7759.0,7759.0,7
2026-08-26 10:20:00-04:00,7758.5,7758.5,7753.25,7753.25,3
2026-08-26 10:25:00-04:00,7752.25,7752.25,7749.5,7751.0,5
2026-08-26 10:30:00-04:00,7750.0,7750.25,7748.0,7749.25,8
2026-08-26 10:35:00-04:00,7749.5,7754.0,7749.5,7752.0,3
2026-08-26 10:40:00-04:00,7751.5,7752.0,7751.5,7752.0,3
2026-08-26 10:45:00-04:00,7752.75,7754.25,7752.75,7754.25,8
2026-08-26 10:50:00-04:00,7755.5,7755.5,7755.25,7755.25,2
2026-08-26 10:55:00-04:00,7756.5,7756.5,7756.5,7756.5,1
2026-08-26 11:00:00-04:00,7759.0,7763.25,7759.0,7762.75,5
2026-08-26 11:05:00-04:00,7761.5,7761.5,7761.5,7761.5,1
2026-08-26 11:15:00-04:00,7756.25,7757.25,7756.25,7757.25,4
2026-08-26 11:20:00-04:00,7759.0,7759.0,7756.5,7756.5,6
2026-08-26 11:25:00-04:00,7758.0,7758.25,7758.0,7758.25,4
2026-08-26 11:30:00-04:00,7750.5,7750.5,7750.25,7750.25,2
2026-08-26 11:35:00-04:00,7753.25,7753.25,7753.25,7753.25,2
2026-08-26 11:40:00-04:00,7754.25,7754.25,7754.25,7754.25,2
2026-08-26 11:45:00-04:00,7759.25,7759.75,7759.25,7759.75,2
2026-08-26 11:50:00-04:00,7762.0,7762.0,7753.25,7753.25,14
2026-08-26 11:55:00-04:00,7754.0,7754.0,7754.0,7754.0,1
2026-08-26 12:00:00-04:00,7752.0,7752.0,7749.0,7749.0,4
2026-08-26 12:05:00-04:00,7750.25,7753.0,7750.25,7753.0,2
2026-08-26 12:10:00-04:00,7750.0,7750.0,7750.0,7750.0,1
2026-08-26 12:15:00-04:00,7747.75,7748.5,7747.75,7748.0,3
2026-08-26 12:25:00-04:00,7747.25,7747.25,7747.0,7747.0,2
2026-08-26 12:30:00-04:00,7747.75,7748.25,7747.75,7747.75,5
2026-08-26 12:35:00-04:00,7746.75,7746.75,7743.0,7743.0,14
2026-08-26 12:40:00-04:00,7739.0,7742.0,7738.0,7738.5,16
2026-08-26 12:45:00-04:00,7739.5,7739.5,7739.5,7739.5,2
2026-08-26 12:50:00-04:00,7741.0,7741.0,7741.0,7741.0,2
2026-08-26 12:55:00-04:00,7743.0,7746.0,7743.0,7745.5,22
2026-08-26 13:00:00-04:00,7747.25,7748.25,7747.25,7748.25,2
2026-08-26 13:05:00-04:00,7748.25,7749.75,7748.25,7749.75,3
2026-08-26 13:10:00-04:00,7749.75,7750.0,7749.5,7749.75,9
2026-08-26 13:15:00-04:00,7752.75,7753.0,7752.75,7753.0,3
2026-08-26 13:20:00-04:00,7754.25,7755.5,7754.25,7755.25,4
2026-08-26 13:25:00-04:00,7753.75,7756.25,7753.75,7756.25,2
2026-08-26 13:30:00-04:00,7756.0,7756.0,7754.75,7754.75,4
2026-08-26 13:45:00-04:00,7754.75,7754.75,7754.0,7754.0,2
2026-08-26 13:50:00-04:00,7756.0,7756.0,7756.0,7756.0,1
2026-08-26 13:55:00-04:00,7757.0,7757.0,7757.0,7757.0,1
2026-08-26 14:00:00-04:00,7755.0,7755.0,7754.5,7754.5,3
2026-08-26 14:10:00-04:00,7755.0,7755.0,7755.0,7755.0,5
2026-08-26 14:15:00-04:00,7754.0,7756.5,7754.0,7756.5,6
2026-08-26 14:20:00-04:00,7756.75,7756.75,7756.75,7756.75,1
2026-08-26 14:45:00-04:00,7759.0,7761.75,7759.0,7761.75,3
2026-08-26 14:50:00-04:00,7761.5,7763.5,7761.5,7763.5,2
2026-08-26 14:55:00-04:00,7763.75,7765.0,7763.75,7765.0,4
2026-08-26 15:00:00-04:00,7767.75,7769.25,7767.75,7768.25,5
2026-08-26 15:05:00-04:00,7769.25,7769.25,7768.0,7768.0,3
2026-08-26 15:10:00-04:00,7768.5,7768.5,7768.5,7768.5,1
2026-08-26 15:15:00-04:00,7770.25,7771.5,7770.0,7771.5,4
2026-08-26 15:20:00-04:00,7769.25,7769.25,7769.25,7769.25,1
2026-08-26 15:30:00-04:00,7767.25,7767.75,7767.25,7767.75,3
2026-08-26 15:50:00-04:00,7770.5,7770.5,7760.75,7761.0,25
2026-08-26 15:55:00-04:00,7760.25,7760.25,7754.5,7757.0,18
2026-08-26 16:00:00-04:00,7759.0,7769.5,7758.5,7767.25,32
2026-08-26 16:05:00-04:00,7767.75,7769.5,7767.75,7768.75,7
2026-08-26 16:10:00-04:00,7768.5,7770.25,7768.5,7770.25,3
2026-08-26 16:15:00-04:00,7770.0,7772.75,7769.0,7772.75,3
2026-08-26 16:20:00-04:00,7768.5,7768.5,7757.25,7760.0,5
2026-08-26 16:25:00-04:00,7763.25,7763.25,7763.25,7763.25,2
2026-08-26 16:30:00-04:00,7763.5,7763.75,7761.25,7761.25,3
2026-08-26 16:35:00-04:00,7762.0,7763.5,7762.0,7763.5,2
2026-08-26 16:40:00-04:00,7763.0,7763.0,7763.0,7763.0,1
2026-08-26 16:45:00-04:00,7763.25,7767.0,7763.25,7766.75,3
2026-08-26 16:50:00-04:00,7769.0,7770.25,7769.0,7770.25,4
2026-08-26 16:55:00-04:00,7773.0,7776.5,7773.0,7776.5,6
2026-08-26 18:00:00-04:00,7785.25,7800.5,7785.25,7800.0,23
2026-08-26 18:05:00-04:00,7798.5,7799.0,7798.5,7799.0,5
2026-08-26 18:10:00-04:00,7798.0,7800.0,7797.0,7799.75,7
2026-08-26 18:15:00-04:00,7800.0,7803.75,7800.0,7803.75,4
2026-08-26 18:20:00-04:00,7802.25,7805.5,7802.25,7805.5,4
2026-08-26 18:30:00-04:00,7805.25,7805.75,7805.25,7805.75,2
2026-08-26 18:35:00-04:00,7807.25,7807.25,7807.0,7807.0,12
2026-08-26 18:40:00-04:00,7808.0,7808.0,7808.0,7808.0,8
2026-08-26 18:45:00-04:00,7808.0,7808.25,7808.0,7808.25,5
2026-08-26 18:55:00-04:00,7803.75,7803.75,7803.75,7803.75,1
2026-08-26 19:00:00-04:00,7803.5,7803.5,7803.0,7803.0,4
2026-08-26 19:05:00-04:00,7802.0,7802.0,7802.0,7802.0,1
2026-08-26 19:10:00-04:00,7801.75,7801.75,7801.75,7801.75,1
2026-08-26 19:15:00-04:00,7800.75,7801.25,7800.0,7801.25,4
2026-08-26 20:10:00-04:00,7798.75,7799.0,7798.75,7799.0,2
2026-08-26 20:15:00-04:00,7797.5,7798.0,7797.5,7798.0,2
2026-08-26 20:20:00-04:00,7797.75,7797.75,7797.75,7797.75,3
2026-08-26 20:25:00-04:00,7799.25,7799.25,7799.25,7799.25,1
2026-08-26 20:30:00-04:00,7797.0,7797.0,7795.5,7795.5,13
2026-08-26 20:35:00-04:00,7795.0,7795.25,7792.5,7792.5,5
2026-08-26 20:40:00-04:00,7791.0,7791.5,7788.0,7788.0,8
2026-08-26 20:45:00-04:00,7787.75,7787.75,7783.25,7783.25,13
2026-08-26 20:50:00-04:00,7783.0,7784.0,7782.0,7782.25,18
2026-08-26 20:55:00-04:00,7784.25,7784.75,7784.25,7784.75,2
2026-08-26 21:00:00-04:00,7784.5,7784.5,7784.5,7784.5,1
2026-08-26 21:05:00-04:00,7785.75,7788.0,7785.75,7787.0,4
2026-08-26 21:10:00-04:00,7786.75,7786.75,7786.75,7786.75,1
2026-08-26 21:25:00-04:00,7790.0,7790.0,7789.25,7789.75,3
2026-08-26 21:30:00-04:00,7789.75,7789.75,7789.75,7789.75,1
2026-08-26 21:35:00-04:00,7792.5,7792.5,7792.5,7792.5,2
2026-08-26 21:40:00-04:00,7792.25,7792.25,7792.25,7792.25,3
2026-08-26 21:55:00-04:00,7792.75,7792.75,7792.75,7792.75,1
2026-08-26 22:00:00-04:00,7791.0,7792.75,7791.0,7792.75,5
2026-08-26 22:05:00-04:00,7791.75,7792.75,7791.75,7792.75,6
2026-08-26 22:35:00-04:00,7794.25,7794.75,7794.25,7794.75,6
2026-08-26 22:45:00-04:00,7795.0,7795.0,7795.0,7795.0,1
2026-08-26 23:20:00-04:00,7795.75,7797.25,7795.75,7797.25,7
2026-08-26 23:25:00-04:00,7797.75,7797.75,7796.75,7796.75,12
2026-08-26 23:30:00-04:00,7796.25,7796.25,7796.25,7796.25,1
2026-08-26 23:35:00-04:00,7796.75,7796.75,7796.75,7796.75,1
2026-08-26 23:40:00-04:00,7795.5,7795.5,7795.5,7795.5,1
2026-08-26 23:50:00-04:00,7792.5,7792.5,7792.5,7792.5,1
2026-08-27 00:15:00-04:00,7794.75,7794.75,7794.75,7794.75,1
2026-08-27 00:20:00-04:00,7792.75,7792.75,7792.75,7792.75,1
2026-08-27 00:25:00-04:00,7792.25,7792.25,7791.5,7791.5,3
2026-08-27 00:50:00-04:00,7787.25,7787.5,7786.25,7786.25,7
2026-08-27 01:00:00-04:00,7785.25,7785.25,7784.0,7784.0,2
2026-08-27 01:15:00-04:00,7780.0,7780.0,7780.0,7780.0,2
2026-08-27 01:20:00-04:00,7782.0,7782.0,7782.0,7782.0,1
2026-08-27 01:30:00-04:00,7780.75,7780.75,7780.5,7780.5,3
2026-08-27 01:35:00-04:00,7778.5,7780.25,7778.5,7780.25,5
2026-08-27 01:40:00-04:00,7777.5,7777.5,7777.25,7777.25,2
2026-08-27 01:45:00-04:00,7778.0,7778.0,7778.0,7778.0,1
2026-08-27 01:50:00-04:00,7778.75,7778.75,7778.75,7778.75,1
2026-08-27 01:55:00-04:00,7778.5,7779.0,7778.5,7779.0,2
2026-08-27 02:05:00-04:00,7777.5,7777.5,7775.75,7776.0,5
2026-08-27 02:10:00-04:00,7778.0,7778.25,7778.0,7778.25,2
2026-08-27 02:30:00-04:00,7780.75,7780.75,7780.75,7780.75,1
2026-08-27 02:50:00-04:00,7782.5,7782.5,7782.5,7782.5,2
2026-08-27 02:55:00-04:00,7784.75,7784.75,7784.75,7784.75,1
2026-08-27 03:00:00-04:00,7782.0,7782.0,7782.0,7782.0,2
2026-08-27 03:05:00-04:00,7787.0,7787.0,7787.0,7787.0,1
2026-08-27 03:10:00-04:00,7787.5,7787.5,7787.5,7787.5,1
2026-08-27 03:15:00-04:00,7788.0,7788.0,7787.5,7787.5,2
2026-08-27 03:30:00-04:00,7788.0,7788.0,7788.0,7788.0,3
2026-08-27 03:35:00-04:00,7788.0,7788.0,7783.5,7783.5,2
2026-08-27 03:40:00-04:00,7784.25,7784.25,7784.25,7784.25,1
2026-08-27 03:55:00-04:00,7788.75,7788.75,7788.75,7788.75,2
2026-08-27 04:05:00-04:00,7793.75,7793.75,7793.75,7793.75,1
2026-08-27 04:10:00-04:00,7798.25,7799.75,7797.75,7799.75,5
2026-08-27 04:15:00-04:00,7795.75,7795.75,7795.5,7795.5,2
2026-08-27 04:20:00-04:00,7794.0,7795.75,7794.0,7795.75,6
2026-08-27 04:25:00-04:00,7801.25,7801.25,7801.25,7801.25,1
2026-08-27 04:35:00-04:00,7798.0,7798.0,7796.25,7796.25,12
2026-08-27 04:40:00-04:00,7797.0,7797.0,7796.75,7796.75,5
2026-08-27 04:45:00-04:00,7797.5,7798.75,7797.5,7798.75,4
2026-08-27 04:50:00-04:00,7799.75,7799.75,7798.75,7798.75,3
2026-08-27 05:00:00-04:00,7794.25,7794.25,7791.0,7791.0,3
2026-08-27 05:10:00-04:00,7789.0,7789.0,7789.0,7789.0,1
2026-08-27 05:15:00-04:00,7788.0,7788.0,7788.0,7788.0,1
2026-08-27 05:25:00-04:00,7792.75,7792.75,7792.25,7792.25,3
2026-08-27 05:30:00-04:00,7794.25,7794.75,7794.25,7794.75,2
2026-08-27 05:35:00-04:00,7794.75,7794.75,7794.75,7794.75,1
2026-08-27 05:40:00-04:00,7794.5,7794.5,7794.5,7794.5,2
2026-08-27 05:55:00-04:00,7792.25,7792.75,7792.25,7792.75,2
2026-08-27 06:05:00-04:00,7790.75,7791.0,7790.0,7790.0,17
2026-08-27 06:10:00-04:00,7790.5,7790.5,7788.75,7788.75,2
2026-08-27 06:20:00-04:00,7789.5,7789.5,7788.75,7788.75,10
2026-08-27 06:25:00-04:00,7787.75,7787.75,7787.75,7787.75,2
2026-08-27 06:30:00-04:00,7788.0,7788.0,7788.0,7788.0,2
2026-08-27 06:35:00-04:00,7787.0,7787.0,7785.75,7786.25,6
2026-08-27 06:40:00-04:00,7786.0,7786.0,7786.0,7786.0,6
2026-08-27 06:50:00-04:00,7790.0,7790.0,7790.0,7790.0,6
2026-08-27 06:55:00-04:00,7791.25,7791.25,7791.0,7791.0,2
2026-08-27 07:00:00-04:00,7790.0,7790.0,7790.0,7790.0,5
2026-08-27 07:05:00-04:00,7792.0,7792.0,7792.0,7792.0,1
2026-08-27 07:10:00-04:00,7794.75,7796.75,7794.75,7795.5,7
2026-08-27 07:25:00-04:00,7791.0,7791.0,7790.25,7790.25,4
2026-08-27 07:30:00-04:00,7790.0,7791.75,7789.0,7789.0,5
2026-08-27 07:35:00-04:00,7789.25,7789.25,7785.75,7785.75,4
2026-08-27 07:40:00-04:00,7786.5,7788.5,7786.5,7788.5,3
2026-08-27 07:45:00-04:00,7784.5,7784.5,7783.25,7783.25,9
2026-08-27 07:50:00-04:00,7782.5,7784.0,7782.5,7784.0,8
2026-08-27 07:55:00-04:00,7787.0,7787.0,7787.0,7787.0,1
2026-08-27 08:00:00-04:00,7788.75,7790.25,7788.75,7789.75,3
2026-08-27 08:05:00-04:00,7790.5,7790.75,7790.5,7790.75,2
2026-08-27 08:10:00-04:00,7792.5,7792.5,7792.5,7792.5,1
2026-08-27 08:20:00-04:00,7790.0,7790.25,7790.0,7790.25,2
2026-08-27 08:25:00-04:00,7790.75,7790.75,7789.25,7789.25,12
2026-08-27 08:30:00-04:00,7789.0,7789.0,7787.5,7787.75,4
2026-08-27 08:35:00-04:00,7784.0,7784.0,7782.25,7782.25,8
2026-08-27 08:40:00-04:00,7781.0,7781.0,7780.75,7780.75,11
2026-08-27 08:45:00-04:00,7779.75,7780.0,7779.75,7779.75,4
2026-08-27 08:50:00-04:00,7779.75,7780.0,7779.75,7780.0,3
2026-08-27 08:55:00-04:00,7780.5,7780.5,7779.75,7779.75,4
2026-08-27 09:00:00-04:00,7779.0,7781.75,7779.0,7781.75,4
2026-08-27 09:05:00-04:00,7781.25,7782.0,7780.5,7780.5,6
2026-08-27 09:10:00-04:00,7778.5,7778.5,7778.5,7778.5,1
2026-08-27 09:15:00-04:00,7782.75,7783.5,7781.0,7781.0,7
2026-08-27 09:20:00-04:00,7782.25,7782.25,7780.0,7780.0,5
2026-08-27 09:25:00-04:00,7782.75,7783.5,7782.5,7783.25,8
2026-08-27 09:30:00-04:00,7784.0,7785.75,7770.0,7773.5,43
2026-08-27 09:35:00-04:00,7771.75,7780.5,7771.75,7780.5,14
2026-08-27 09:40:00-04:00,7780.75,7790.25,7778.0,7790.25,90
2026-08-27 09:45:00-04:00,7790.75,7795.0,7776.25,7776.25,45
2026-08-27 09:50:00-04:00,7779.5,7790.75,7779.5,7790.75,7
2026-08-27 09:55:00-04:00,7790.25,7790.25,7776.25,7777.25,13
2026-08-27 10:00:00-04:00,7781.25,7786.0,7781.25,7785.75,15
2026-08-27 10:05:00-04:00,7787.25,7787.25,7779.5,7780.5,7
2026-08-27 10:15:00-04:00,7788.75,7791.75,7787.25,7791.75,8
2026-08-27 10:20:00-04:00,7791.0,7793.25,7791.0,7791.0,11
2026-08-27 10:25:00-04:00,7792.5,7797.0,7792.5,7795.0,16
2026-08-27 10:30:00-04:00,7791.0,7793.25,7790.5,7793.25,4
2026-08-27 10:35:00-04:00,7793.75,7793.75,7792.0,7792.0,4
2026-08-27 10:40:00-04:00,7793.0,7795.0,7793.0,7795.0,2
2026-08-27 10:45:00-04:00,7795.0,7800.75,7795.0,7800.75,11
2026-08-27 10:50:00-04:00,7800.5,7802.75,7798.0,7798.0,11
2026-08-27 10:55:00-04:00,7796.5,7802.0,7796.5,7801.25,12
2026-08-27 11:00:00-04:00,7801.75,7805.0,7801.5,7801.5,8
2026-08-27 11:05:00-04:00,7802.75,7802.75,7802.75,7802.75,1
2026-08-27 11:10:00-04:00,7804.75,7807.25,7804.75,7807.25,4
2026-08-27 11:15:00-04:00,7808.0,7809.75,7808.0,7809.25,6
2026-08-27 11:20:00-04:00,7808.25,7809.0,7806.75,7808.25,9
2026-08-27 11:25:00-04:00,7806.5,7806.5,7802.5,7802.5,8
2026-08-27 11:30:00-04:00,7800.75,7804.0,7800.75,7804.0,8
2026-08-27 11:35:00-04:00,7798.5,7799.25,7797.75,7797.75,61
2026-08-27 11:40:00-04:00,7797.5,7801.75,7794.25,7795.0,12
2026-08-27 11:45:00-04:00,7793.0,7794.25,7793.0,7794.25,8
2026-08-27 11:50:00-04:00,7800.0,7802.5,7800.0,7801.0,6
2026-08-27 11:55:00-04:00,7805.0,7806.0,7805.0,7805.25,4
2026-08-27 12:00:00-04:00,7805.0,7808.5,7805.0,7808.5,3
2026-08-27 12:05:00-04:00,7806.5,7806.5,7803.5,7803.5,36
2026-08-27 12:10:00-04:00,7804.25,7805.0,7803.5,7805.0,6
2026-08-27 12:15:00-04:00,7806.75,7806.75,7806.75,7806.75,1
2026-08-27 12:20:00-04:00,7803.25,7803.25,7802.5,7802.5,2
2026-08-27 12:30:00-04:00,7808.5,7809.25,7808.25,7809.25,7
2026-08-27 12:35:00-04:00,7811.0,7813.0,7811.0,7813.0,7
2026-08-27 12:40:00-04:00,7815.0,7816.0,7814.75,7815.25,15
2026-08-27 12:45:00-04:00,7816.75,7818.0,7815.0,7816.0,8
2026-08-27 12:50:00-04:00,7817.0,7818.75,7817.0,7818.75,3
2026-08-27 12:55:00-04:00,7818.0,7819.0,7818.0,7819.0,2
2026-08-27 13:00:00-04:00,7820.0,7820.0,7819.5,7819.5,6
2026-08-27 13:05:00-04:00,7817.75,7821.25,7817.25,7821.25,9
2026-08-27 13:10:00-04:00,7822.0,7822.0,7821.25,7821.25,2
2026-08-27 13:15:00-04:00,7821.5,7821.5,7821.0,7821.0,2
2026-08-27 13:25:00-04:00,7818.75,7818.75,7818.75,7818.75,1
2026-08-27 13:30:00-04:00,7816.25,7819.25,7816.25,7818.0,10
2026-08-27 13:35:00-04:00,7817.25,7817.25,7816.75,7816.75,5
2026-08-27 13:40:00-04:00,7816.75,7816.75,7816.75,7816.75,1
2026-08-27 13:45:00-04:00,7814.25,7814.25,7814.25,7814.25,2
2026-08-27 13:50:00-04:00,7812.25,7812.25,7812.25,7812.25,1
2026-08-27 13:55:00-04:00,7812.25,7813.0,7812.25,7813.0,2
2026-08-27 14:00:00-04:00,7811.0,7811.5,7805.0,7805.0,15
2026-08-27 14:05:00-04:00,7804.0,7805.5,7804.0,7805.5,4
2026-08-27 14:10:00-04:00,7803.0,7803.0,7798.25,7801.0,13
2026-08-27 14:15:00-04:00,7801.25,7802.0,7799.75,7802.0,5
2026-08-27 14:20:00-04:00,7800.75,7800.75,7799.5,7799.5,4
2026-08-27 14:25:00-04:00,7797.5,7797.5,7792.5,7792.5,11
2026-08-27 14:30:00-04:00,7797.0,7797.5,7797.0,7797.25,4
2026-08-27 14:35:00-04:00,7793.75,7797.0,7793.75,7797.0,5
2026-08-27 14:40:00-04:00,7797.0,7797.0,7797.0,7797.0,1
2026-08-27 14:45:00-04:00,7796.5,7796.5,7796.5,7796.5,1
2026-08-27 14:50:00-04:00,7793.0,7793.0,7792.25,7792.25,8
2026-08-27 14:55:00-04:00,7791.0,7794.25,7791.0,7794.25,4
2026-08-27 15:00:00-04:00,7797.25,7797.25,7796.75,7796.75,3
2026-08-27 15:05:00-04:00,7799.0,7799.25,7798.25,7798.25,12
2026-08-27 15:10:00-04:00,7800.0,7800.25,7798.75,7798.75,11
2026-08-27 15:20:00-04:00,7799.75,7799.75,7799.75,7799.75,2
2026-08-27 15:30:00-04:00,7801.0,7802.75,7801.0,7802.75,8
2026-08-27 15:40:00-04:00,7804.25,7805.0,7803.0,7803.0,4
2026-08-27 15:45:00-04:00,7805.25,7805.75,7805.25,7805.75,8
2026-08-27 15:50:00-04:00,7805.75,7811.0,7803.75,7811.0,12
2026-08-27 15:55:00-04:00,7809.75,7811.25,7807.5,7809.75,26
2026-08-27 16:00:00-04:00,7808.75,7810.0,7805.25,7805.5,25
2026-08-27 16:05:00-04:00,7804.75,7805.5,7803.5,7804.0,31
2026-08-27 16:20:00-04:00,7802.0,7802.0,7801.25,7801.25,2
2026-08-27 16:30:00-04:00,7801.0,7801.0,7801.0,7801.0,1
2026-08-27 16:45:00-04:00,7800.5,7800.5,7800.5,7800.5,1
2026-08-27 16:50:00-04:00,7800.25,7800.25,7799.75,7799.75,3
2026-08-27 18:00:00-04:00,7796.25,7796.25,7795.0,7795.0,4
2026-08-27 18:05:00-04:00,7800.5,7800.5,7800.5,7800.5,1
2026-08-27 18:10:00-04:00,7798.5,7798.5,7798.5,7798.5,1
2026-08-27 19:10:00-04:00,7798.0,7798.0,7798.0,7798.0,1
2026-08-27 19:30:00-04:00,7797.0,7797.0,7796.0,7796.0,8
2026-08-27 19:45:00-04:00,7794.5,7794.5,7794.5,7794.5,1
2026-08-27 20:15:00-04:00,7799.5,7799.5,7799.5,7799.5,1
2026-08-27 20:25:00-04:00,7801.5,7801.5,7801.5,7801.5,1
2026-08-27 20:35:00-04:00,7802.25,7802.25,7802.25,7802.25,1
2026-08-27 20:40:00-04:00,7801.5,7804.25,7801.5,7803.0,5
2026-08-27 20:45:00-04:00,7803.0,7803.0,7803.0,7803.0,1
2026-08-27 20:55:00-04:00,7803.0,7803.0,7803.0,7803.0,1
2026-08-27 21:00:00-04:00,7804.25,7804.5,7804.25,7804.5,2
2026-08-27 21:10:00-04:00,7807.5,7807.5,7807.5,7807.5,1
2026-08-27 21:20:00-04:00,7807.5,7807.5,7807.5,7807.5,1
2026-08-27 21:50:00-04:00,7806.5,7808.25,7806.5,7808.25,2
2026-08-27 21:55:00-04:00,7809.0,7810.0,7809.0,7810.0,2
2026-08-27 22:05:00-04:00,7812.5,7813.75,7812.5,7813.75,8
2026-08-27 22:15:00-04:00,7814.0,7814.25,7814.0,7814.25,2
2026-08-27 22:20:00-04:00,7812.5,7814.0,7812.5,7813.5,4
2026-08-27 22:35:00-04:00,7810.25,7810.25,7808.75,7808.75,3
2026-08-27 22:50:00-04:00,7808.25,7808.25,7808.25,7808.25,1
2026-08-27 23:00:00-04:00,7809.0,7809.0,7809.0,7809.0,1
2026-08-27 23:30:00-04:00,7812.5,7812.5,7812.5,7812.5,1
2026-08-27 23:40:00-04:00,7809.25,7809.75,7809.25,7809.75,8
2026-08-28 00:05:00-04:00,7806.5,7806.5,7806.5,7806.5,1
2026-08-28 00:10:00-04:00,7807.75,7808.0,7807.75,7808.0,2
2026-08-28 00:30:00-04:00,7806.0,7806.0,7806.0,7806.0,1
2026-08-28 01:25:00-04:00,7801.75,7801.75,7801.75,7801.75,1
2026-08-28 02:20:00-04:00,7803.75,7803.75,7803.75,7803.75,1
2026-08-28 02:30:00-04:00,7802.75,7804.0,7802.75,7803.5,16
2026-08-28 02:35:00-04:00,7804.5,7804.5,7804.5,7804.5,1
2026-08-28 02:45:00-04:00,7806.75,7807.5,7806.75,7807.5,7
2026-08-28 02:50:00-04:00,7806.75,7806.75,7806.75,7806.75,1
2026-08-28 02:55:00-04:00,7810.0,7810.0,7810.0,7810.0,1
2026-08-28 03:00:00-04:00,7810.0,7810.0,7810.0,7810.0,1
2026-08-28 03:05:00-04:00,7806.5,7806.5,7806.5,7806.5,1
2026-08-28 03:10:00-04:00,7806.5,7806.75,7806.5,7806.75,2
2026-08-28 03:15:00-04:00,7808.0,7808.0,7808.0,7808.0,1
2026-08-28 03:20:00-04:00,7808.5,7808.5,7808.5,7808.5,1
2026-08-28 03:25:00-04:00,7809.5,7809.5,7809.5,7809.5,1
2026-08-28 03:35:00-04:00,7808.75,7808.75,7808.5,7808.5,4
2026-08-28 03:45:00-04:00,7807.0,7807.0,7807.0,7807.0,1
2026-08-28 03:55:00-04:00,7807.5,7807.75,7807.5,7807.75,3
2026-08-28 04:05:00-04:00,7805.0,7805.0,7803.75,7803.75,2
2026-08-28 04:30:00-04:00,7810.75,7810.75,7810.75,7810.75,2
2026-08-28 04:40:00-04:00,7809.5,7809.5,7809.5,7809.5,1
2026-08-28 04:45:00-04:00,7808.75,7808.75,7808.0,7808.0,3
2026-08-28 05:50:00-04:00,7806.0,7806.0,7806.0,7806.0,1
2026-08-28 06:05:00-04:00,7805.5,7805.5,7805.5,7805.5,1
2026-08-28 06:20:00-04:00,7804.75,7806.5,7804.75,7806.5,3
2026-08-28 06:25:00-04:00,7805.75,7805.75,7805.75,7805.75,3
2026-08-28 06:30:00-04:00,7807.0,7807.0,7807.0,7807.0,1
2026-08-28 06:35:00-04:00,7805.5,7807.0,7805.5,7807.0,4
2026-08-28 06:40:00-04:00,7806.25,7806.5,7805.25,7805.25,5
2026-08-28 06:45:00-04:00,7805.0,7805.0,7804.0,7804.0,3
2026-08-28 06:50:00-04:00,7803.5,7804.25,7803.5,7804.25,2
2026-08-28 06:55:00-04:00,7805.0,7805.0,7805.0,7805.0,1
2026-08-28 07:00:00-04:00,7805.0,7807.0,7805.0,7807.0,2
2026-08-28 07:05:00-04:00,7805.75,7805.75,7805.75,7805.75,1
2026-08-28 07:10:00-04:00,7804.75,7806.0,7804.75,7806.0,2
2026-08-28 07:15:00-04:00,7807.25,7807.25,7807.25,7807.25,1
2026-08-28 07:20:00-04:00,7808.5,7809.5,7808.5,7809.5,2
2026-08-28 07:25:00-04:00,7808.25,7808.25,7808.25,7808.25,1
2026-08-28 07:30:00-04:00,7809.0,7809.25,7809.0,7809.25,2
2026-08-28 07:35:00-04:00,7807.0,7807.0,7807.0,7807.0,1
2026-08-28 07:40:00-04:00,7807.25,7807.75,7807.0,7807.25,4
2026-08-28 07:45:00-04:00,7807.5,7807.5,7807.5,7807.5,1
2026-08-28 07:50:00-04:00,7807.0,7807.25,7807.0,7807.25,2
2026-08-28 07:55:00-04:00,7806.5,7806.5,7806.5,7806.5,1
2026-08-28 08:00:00-04:00,7807.25,7809.5,7807.25,7809.5,11
2026-08-28 08:05:00-04:00,7810.0,7810.75,7810.0,7810.75,3
2026-08-28 08:10:00-04:00,7811.0,7814.25,7811.0,7813.75,9
2026-08-28 08:15:00-04:00,7813.75,7815.25,7813.75,7815.25,6
2026-08-28 08:20:00-04:00,7817.25,7817.25,7817.25,7817.25,2
2026-08-28 08:25:00-04:00,7817.0,7817.5,7816.75,7817.5,3
2026-08-28 08:30:00-04:00,7813.5,7813.5,7813.5,7813.5,1
2026-08-28 08:35:00-04:00,7811.5,7814.25,7811.5,7814.25,3
2026-08-28 08:40:00-04:00,7813.25,7816.75,7813.25,7816.75,4
2026-08-28 08:45:00-04:00,7817.25,7817.25,7817.25,7817.25,1
2026-08-28 08:50:00-04:00,7817.75,7817.75,7817.75,7817.75,1
2026-08-28 08:55:00-04:00,7817.5,7817.5,7816.5,7816.5,2
2026-08-28 09:00:00-04:00,7817.25,7822.0,7817.25,7822.0,12
2026-08-28 09:05:00-04:00,7818.75,7819.25,7818.0,7818.5,7
2026-08-28 09:10:00-04:00,7819.0,7819.25,7816.75,7816.75,7
2026-08-28 09:20:00-04:00,7815.75,7815.75,7814.5,7814.5,2
2026-08-28 09:25:00-04:00,7814.25,7814.25,7814.25,7814.25,1
2026-08-28 09:30:00-04:00,7813.25,7817.0,7813.25,7814.5,8
2026-08-28 09:35:00-04:00,7816.25,7820.5,7816.25,7820.5,3
2026-08-28 09:40:00-04:00,7818.0,7824.5,7818.0,7822.75,5
2026-08-28 09:45:00-04:00,7822.25,7825.0,7816.75,7818.25,54
2026-08-28 09:50:00-04:00,7817.5,7818.0,7815.25,7815.5,33
2026-08-28 09:55:00-04:00,7816.0,7817.25,7816.0,7817.0,4
2026-08-28 10:00:00-04:00,7812.0,7826.5,7808.5,7813.5,66
2026-08-28 10:05:00-04:00,7813.0,7813.0,7803.5,7807.25,15
2026-08-28 10:10:00-04:00,7804.0,7804.0,7796.0,7799.0,16
2026-08-28 10:15:00-04:00,7800.5,7812.75,7800.5,7812.25,11
2026-08-28 10:20:00-04:00,7811.25,7818.0,7807.0,7808.75,38
2026-08-28 10:25:00-04:00,7812.25,7812.25,7803.5,7805.5,21
2026-08-28 10:30:00-04:00,7808.5,7818.25,7807.75,7818.25,24
2026-08-28 10:35:00-04:00,7819.0,7824.0,7818.0,7823.0,37
2026-08-28 10:40:00-04:00,7824.0,7833.0,7824.0,7831.5,23
2026-08-28 10:45:00-04:00,7832.5,7837.25,7829.75,7837.25,62
2026-08-28 10:50:00-04:00,7836.5,7845.25,7836.5,7844.5,58
2026-08-28 10:55:00-04:00,7844.0,7848.5,7844.0,7846.5,17
2026-08-28 11:00:00-04:00,7850.0,7850.75,7846.25,7846.25,21
2026-08-28 11:05:00-04:00,7845.75,7847.25,7842.5,7842.5,8
2026-08-28 11:10:00-04:00,7840.75,7841.5,7835.5,7841.5,21
2026-08-28 11:15:00-04:00,7844.0,7844.0,7842.75,7843.75,4
2026-08-28 11:20:00-04:00,7841.5,7841.5,7841.5,7841.5,3
2026-08-28 11:25:00-04:00,7846.75,7846.75,7846.75,7846.75,1
2026-08-28 11:30:00-04:00,7848.0,7848.0,7844.5,7844.75,10
2026-08-28 11:35:00-04:00,7842.5,7843.0,7834.0,7834.25,9
2026-08-28 11:40:00-04:00,7833.75,7834.0,7825.0,7825.25,29
2026-08-28 11:45:00-04:00,7825.0,7827.75,7820.25,7820.25,44
2026-08-28 11:50:00-04:00,7821.5,7821.5,7812.75,7815.25,19
2026-08-28 11:55:00-04:00,7818.5,7818.5,7806.75,7807.0,34
2026-08-28 12:00:00-04:00,7808.25,7809.75,7804.0,7807.25,22
2026-08-28 12:05:00-04:00,7808.75,7813.0,7808.5,7813.0,21
2026-08-28 12:10:00-04:00,7812.5,7812.75,7807.5,7807.5,17
2026-08-28 12:15:00-04:00,7807.75,7809.75,7795.0,7799.5,29
2026-08-28 12:20:00-04:00,7797.0,7797.0,7789.25,7793.0,32
2026-08-28 12:25:00-04:00,7791.5,7794.0,7790.25,7794.0,6
2026-08-28 12:30:00-04:00,7797.75,7801.5,7795.0,7795.0,12
2026-08-28 12:35:00-04:00,7794.0,7803.0,7794.0,7799.0,28
2026-08-28 12:40:00-04:00,7797.25,7797.25,7794.25,7794.75,6
2026-08-28 12:45:00-04:00,7802.0,7802.0,7802.0,7802.0,1
2026-08-28 12:50:00-04:00,7799.0,7804.0,7797.5,7797.5,17
2026-08-28 12:55:00-04:00,7795.25,7796.75,7795.25,7796.75,5
2026-08-28 13:00:00-04:00,7793.0,7793.0,7784.0,7788.25,15
2026-08-28 13:05:00-04:00,7786.0,7786.0,7782.75,7783.25,15
2026-08-28 13:10:00-04:00,7780.0,7790.25,7780.0,7790.25,15
2026-08-28 13:15:00-04:00,7790.5,7790.5,7788.5,7788.5,3
2026-08-28 13:25:00-04:00,7786.75,7786.75,7786.75,7786.75,1
2026-08-28 13:30:00-04:00,7788.75,7790.75,7788.75,7790.25,4
2026-08-28 13:35:00-04:00,7787.75,7787.75,7783.5,7783.5,2
2026-08-28 13:40:00-04:00,7786.25,7788.5,7785.75,7787.25,5
2026-08-28 13:45:00-04:00,7790.0,7794.0,7789.5,7794.0,15
2026-08-28 13:50:00-04:00,7793.5,7793.5,7791.5,7792.5,8
2026-08-28 13:55:00-04:00,7788.5,7792.0,7788.0,7792.0,11
2026-08-28 14:00:00-04:00,7790.5,7794.5,7790.5,7794.5,4
2026-08-28 14:05:00-04:00,7793.0,7793.5,7793.0,7793.5,3
2026-08-28 14:10:00-04:00,7793.75,7793.75,7791.0,7791.0,8
2026-08-28 14:15:00-04:00,7788.75,7791.75,7788.75,7791.0,13
2026-08-28 14:20:00-04:00,7790.25,7790.25,7786.75,7787.75,5
2026-08-28 14:25:00-04:00,7788.5,7788.5,7788.5,7788.5,1
2026-08-28 14:30:00-04:00,7788.5,7788.5,7787.5,7788.25,3
2026-08-28 14:35:00-04:00,7788.5,7788.75,7788.5,7788.75,3
2026-08-28 14:40:00-04:00,7790.25,7790.25,7790.25,7790.25,2
2026-08-28 14:45:00-04:00,7787.75,7787.75,7787.75,7787.75,1
2026-08-28 14:50:00-04:00,7784.0,7784.0,7780.75,7783.0,12
2026-08-28 14:55:00-04:00,7783.5,7784.25,7783.5,7784.25,10
2026-08-28 15:00:00-04:00,7783.0,7786.0,7783.0,7786.0,8
2026-08-28 15:05:00-04:00,7786.5,7790.75,7785.0,7790.25,13
2026-08-28 15:10:00-04:00,7790.0,7790.0,7790.0,7790.0,2
2026-08-28 15:15:00-04:00,7788.75,7790.25,7787.5,7787.5,3
2026-08-28 15:20:00-04:00,7790.75,7791.0,7789.75,7789.75,4
2026-08-28 15:25:00-04:00,7793.0,7793.5,7793.0,7793.5,9
2026-08-28 15:30:00-04:00,7791.25,7791.5,7791.25,7791.5,3
2026-08-28 15:35:00-04:00,7789.5,7790.75,7789.5,7789.75,4
2026-08-28 15:40:00-04:00,7793.75,7794.5,7793.0,7794.5,8
2026-08-28 15:45:00-04:00,7791.25,7791.25,7787.75,7787.75,5
2026-08-28 15:50:00-04:00,7793.5,7794.5,7789.0,7789.25,12
2026-08-28 15:55:00-04:00,7792.25,7795.5,7787.75,7789.5,56
2026-08-28 16:00:00-04:00,7791.0,7792.0,7789.5,7789.75,39
2026-08-28 16:05:00-04:00,7788.5,7788.5,7787.5,7787.5,2
2026-08-28 16:10:00-04:00,7788.75,7788.75,7788.5,7788.5,2
2026-08-28 16:15:00-04:00,7788.0,7788.0,7788.0,7788.0,12
2026-08-28 16:20:00-04:00,7788.25,7788.25,7788.0,7788.25,3
2026-08-28 16:35:00-04:00,7789.75,7789.75,7789.75,7789.75,3
2026-08-28 16:40:00-04:00,7788.75,7788.75,7788.75,7788.75,1
2026-08-28 16:50:00-04:00,7791.5,7791.5,7791.5,7791.5,1
2026-08-30 18:00:00-04:00,7789.25,7791.0,7774.25,7774.25,15
2026-08-30 18:05:00-04:00,7776.0,7776.0,7776.0,7776.0,1
2026-08-30 18:10:00-04:00,7776.0,7776.0,7775.25,7775.25,2
2026-08-30 18:15:00-04:00,7780.5,7780.75,7780.5,7780.75,5
2026-08-30 18:20:00-04:00,7781.5,7781.5,7781.0,7781.0,2
2026-08-30 18:25:00-04:00,7779.5,7780.0,7779.25,7780.0,3
2026-08-30 18:30:00-04:00,7779.25,7779.25,7778.0,7778.0,11
2026-08-30 18:35:00-04:00,7777.0,7777.0,7774.5,7774.5,3
2026-08-30 18:40:00-04:00,7777.0,7777.25,7774.5,7774.5,7
2026-08-30 18:45:00-04:00,7775.0,7776.5,7775.0,7776.5,4
2026-08-30 18:50:00-04:00,7775.5,7776.25,7775.5,7776.25,2
2026-08-30 18:55:00-04:00,7777.0,7777.0,7777.0,7777.0,1
2026-08-30 19:05:00-04:00,7776.5,7777.0,7775.5,7775.5,3
2026-08-30 19:10:00-04:00,7775.25,7776.25,7772.75,7772.75,12
2026-08-30 19:15:00-04:00,7772.5,7772.5,7772.5,7772.5,1
2026-08-30 19:20:00-04:00,7773.25,7773.25,7770.0,7770.0,8
2026-08-30 19:25:00-04:00,7770.0,7770.0,7770.0,7770.0,1
2026-08-30 19:30:00-04:00,7767.75,7767.75,7765.0,7765.25,6
2026-08-30 19:35:00-04:00,7768.0,7768.0,7768.0,7768.0,2
2026-08-30 19:40:00-04:00,7766.0,7766.0,7766.0,7766.0,2
2026-08-30 19:45:00-04:00,7761.5,7761.5,7758.5,7758.5,10
2026-08-30 19:55:00-04:00,7761.5,7761.5,7761.5,7761.5,1
2026-08-30 20:00:00-04:00,7757.0,7758.0,7755.75,7755.75,11
2026-08-30 20:05:00-04:00,7754.25,7756.5,7754.0,7756.5,9
2026-08-30 20:10:00-04:00,7756.5,7762.25,7756.5,7762.25,7
2026-08-30 20:15:00-04:00,7763.0,7763.0,7763.0,7763.0,2
2026-08-30 20:20:00-04:00,7766.25,7766.25,7766.25,7766.25,2
2026-08-30 20:30:00-04:00,7766.5,7770.75,7766.25,7770.75,5
2026-08-30 20:45:00-04:00,7768.25,7768.25,7767.5,7767.75,3
2026-08-30 20:55:00-04:00,7764.5,7765.25,7764.5,7765.25,2
2026-08-30 21:00:00-04:00,7758.75,7760.0,7758.75,7760.0,2
2026-08-30 21:05:00-04:00,7759.5,7760.25,7759.5,7759.75,4
2026-08-30 21:10:00-04:00,7757.0,7757.0,7757.0,7757.0,1
2026-08-30 21:20:00-04:00,7758.0,7758.0,7758.0,7758.0,1
2026-08-30 21:30:00-04:00,7755.0,7755.0,7755.0,7755.0,1
2026-08-30 21:40:00-04:00,7757.25,7757.25,7757.25,7757.25,1
2026-08-30 21:45:00-04:00,7755.75,7755.75,7755.75,7755.75,1
2026-08-30 21:50:00-04:00,7755.75,7755.75,7755.75,7755.75,1
2026-08-30 21:55:00-04:00,7756.75,7756.75,7756.75,7756.75,1
2026-08-30 22:00:00-04:00,7756.75,7756.75,7756.75,7756.75,13
2026-08-30 22:05:00-04:00,7758.75,7762.5,7758.75,7762.5,2
2026-08-30 22:15:00-04:00,7759.75,7759.75,7757.5,7759.75,10
2026-08-30 22:25:00-04:00,7756.75,7756.75,7756.75,7756.75,1
2026-08-30 22:30:00-04:00,7753.25,7753.25,7753.25,7753.25,1
2026-08-30 22:35:00-04:00,7752.0,7752.0,7752.0,7752.0,1
2026-08-30 23:00:00-04:00,7761.0,7761.0,7761.0,7761.0,2
2026-08-30 23:15:00-04:00,7760.75,7760.75,7760.5,7760.5,4
2026-08-30 23:50:00-04:00,7760.25,7760.25,7760.25,7760.25,3
2026-08-30 23:55:00-04:00,7760.0,7760.0,7760.0,7760.0,1
2026-08-31 00:15:00-04:00,7761.0,7761.0,7761.0,7761.0,4
2026-08-31 00:20:00-04:00,7760.5,7760.5,7760.5,7760.5,2
2026-08-31 00:30:00-04:00,7758.5,7758.75,7758.5,7758.75,2
2026-08-31 00:55:00-04:00,7766.75,7768.75,7766.75,7768.5,7
2026-08-31 01:00:00-04:00,7767.25,7767.25,7767.25,7767.25,1
2026-08-31 01:05:00-04:00,7769.75,7771.0,7769.75,7771.0,2
2026-08-31 01:10:00-04:00,7770.5,7770.5,7770.5,7770.5,2
2026-08-31 01:15:00-04:00,7774.5,7777.0,7774.5,7777.0,9
2026-08-31 01:25:00-04:00,7776.5,7776.5,7776.5,7776.5,1
2026-08-31 01:30:00-04:00,7773.5,7773.5,7771.5,7771.5,11
2026-08-31 01:45:00-04:00,7770.5,7770.5,7770.5,7770.5,1
2026-08-31 01:55:00-04:00,7771.25,7771.25,7771.25,7771.25,1
2026-08-31 02:05:00-04:00,7773.0,7773.0,7773.0,7773.0,1
2026-08-31 02:15:00-04:00,7775.5,7775.5,7775.0,7775.0,4
2026-08-31 02:20:00-04:00,7775.5,7777.5,7775.5,7777.25,3
2026-08-31 02:30:00-04:00,7775.5,7775.5,7775.5,7775.5,1
2026-08-31 02:35:00-04:00,7777.0,7777.0,7777.0,7777.0,3
2026-08-31 02:40:00-04:00,7777.5,7777.5,7776.75,7776.75,3
2026-08-31 02:45:00-04:00,7778.5,7778.5,7778.25,7778.25,4
2026-08-31 03:00:00-04:00,7777.0,7779.0,7777.0,7777.25,42
2026-08-31 03:05:00-04:00,7777.0,7777.0,7777.0,7777.0,1
2026-08-31 03:10:00-04:00,7777.25,7777.25,7777.25,7777.25,1
2026-08-31 03:15:00-04:00,7777.0,7777.0,7777.0,7777.0,1
2026-08-31 03:25:00-04:00,7778.25,7778.25,7778.25,7778.25,1
2026-08-31 03:30:00-04:00,7777.0,7777.0,7777.0,7777.0,25
2026-08-31 03:35:00-04:00,7777.75,7777.75,7777.75,7777.75,2
2026-08-31 03:40:00-04:00,7776.0,7776.25,7776.0,7776.0,21
2026-08-31 03:50:00-04:00,7775.75,7775.75,7775.75,7775.75,2
2026-08-31 04:00:00-04:00,7777.5,7785.0,7777.5,7781.5,27
2026-08-31 04:05:00-04:00,7779.75,7779.75,7779.75,7779.75,1
2026-08-31 04:20:00-04:00,7778.0,7778.0,7777.75,7777.75,2
2026-08-31 04:25:00-04:00,7779.75,7779.75,7779.75,7779.75,1
2026-08-31 04:30:00-04:00,7779.5,7779.5,7779.5,7779.5,1
2026-08-31 04:40:00-04:00,7778.75,7779.25,7778.75,7779.25,2
2026-08-31 04:45:00-04:00,7780.0,7780.25,7780.0,7780.25,2
2026-08-31 05:05:00-04:00,7780.75,7780.75,7779.75,7780.0,4
2026-08-31 05:15:00-04:00,7782.25,7782.25,7782.25,7782.25,1
2026-08-31 05:40:00-04:00,7778.5,7778.5,7778.5,7778.5,1
2026-08-31 05:50:00-04:00,7775.5,7775.5,7775.5,7775.5,1
2026-08-31 06:00:00-04:00,7774.5,7775.0,7774.0,7775.0,7
2026-08-31 06:05:00-04:00,7776.75,7776.75,7775.75,7775.75,6
2026-08-31 06:20:00-04:00,7776.25,7776.25,7776.25,7776.25,1
2026-08-31 06:30:00-04:00,7776.0,7776.75,7776.0,7776.75,9
2026-08-31 06:40:00-04:00,7775.75,7775.75,7775.5,7775.5,5
2026-08-31 06:50:00-04:00,7778.5,7778.5,7778.5,7778.5,1
2026-08-31 07:00:00-04:00,7776.5,7776.5,7776.5,7776.5,1
2026-08-31 07:05:00-04:00,7777.5,7777.5,7777.5,7777.5,1
2026-08-31 07:20:00-04:00,7777.0,7777.0,7777.0,7777.0,1
2026-08-31 07:30:00-04:00,7778.0,7778.5,7774.5,7774.5,14
2026-08-31 07:35:00-04:00,7773.5,7773.5,7773.0,7773.0,5
2026-08-31 07:40:00-04:00,7772.75,7772.75,7772.0,7772.0,8
2026-08-31 07:45:00-04:00,7770.5,7772.0,7769.0,7769.25,10
2026-08-31 07:50:00-04:00,7772.5,7772.5,7772.5,7772.5,2
2026-08-31 07:55:00-04:00,7771.0,7771.0,7770.0,7770.0,5
2026-08-31 08:00:00-04:00,7770.5,7771.75,7770.25,7771.75,4
2026-08-31 08:05:00-04:00,7771.25,7776.0,7765.75,7772.75,35
2026-08-31 08:10:00-04:00,7772.25,7772.25,7771.5,7771.5,4
2026-08-31 08:15:00-04:00,7774.25,7776.75,7774.25,7775.5,16
2026-08-31 08:20:00-04:00,7774.75,7774.75,7772.0,7772.0,4
2026-08-31 08:25:00-04:00,7771.25,7771.25,7763.0,7766.25,42
2026-08-31 08:30:00-04:00,7765.5,7766.25,7764.25,7766.25,8
2026-08-31 08:35:00-04:00,7766.75,7768.0,7762.5,7763.5,29
2026-08-31 08:40:00-04:00,7761.5,7761.5,7760.0,7760.0,4
2026-08-31 08:45:00-04:00,7760.75,7761.75,7760.5,7761.75,15
2026-08-31 08:50:00-04:00,7762.0,7762.0,7760.75,7760.75,2
2026-08-31 08:55:00-04:00,7761.0,7761.0,7761.0,7761.0,1
2026-08-31 09:00:00-04:00,7761.5,7762.5,7760.75,7762.5,3
2026-08-31 09:05:00-04:00,7763.25,7763.25,7763.25,7763.25,1
2026-08-31 09:10:00-04:00,7764.75,7765.0,7764.75,7765.0,3
2026-08-31 09:15:00-04:00,7767.25,7768.5,7766.75,7766.75,15
2026-08-31 09:20:00-04:00,7766.5,7767.5,7766.5,7766.75,10
2026-08-31 09:25:00-04:00,7766.5,7770.0,7765.5,7768.25,55
2026-08-31 09:30:00-04:00,7768.75,7771.0,7759.25,7759.25,30
2026-08-31 09:35:00-04:00,7755.75,7759.0,7753.5,7758.5,21
2026-08-31 09:40:00-04:00,7758.0,7760.0,7753.5,7754.5,16
2026-08-31 09:45:00-04:00,7753.5,7760.25,7751.0,7758.75,201
2026-08-31 09:50:00-04:00,7755.0,7759.75,7754.0,7759.25,21
2026-08-31 09:55:00-04:00,7760.5,7760.75,7757.0,7757.0,15
2026-08-31 10:00:00-04:00,7756.75,7756.75,7753.5,7754.0,12
2026-08-31 10:05:00-04:00,7753.0,7755.25,7750.5,7750.5,21
2026-08-31 10:10:00-04:00,7750.25,7754.25,7749.5,7754.25,14
2026-08-31 10:15:00-04:00,7753.25,7753.5,7752.25,7752.25,5
2026-08-31 10:20:00-04:00,7752.5,7754.5,7746.5,7746.5,18
2026-08-31 10:25:00-04:00,7744.75,7745.25,7743.0,7745.0,33
2026-08-31 10:30:00-04:00,7746.0,7746.75,7744.25,7745.0,17
2026-08-31 10:35:00-04:00,7748.25,7751.75,7748.25,7751.75,14
2026-08-31 10:40:00-04:00,7752.0,7755.75,7752.0,7754.5,16
2026-08-31 10:45:00-04:00,7752.75,7753.75,7749.5,7749.5,20
2026-08-31 10:50:00-04:00,7750.5,7751.5,7750.0,7751.5,7
2026-08-31 10:55:00-04:00,7755.5,7759.5,7755.5,7756.25,21
2026-08-31 11:00:00-04:00,7755.75,7759.75,7755.25,7755.25,16
2026-08-31 11:05:00-04:00,7755.5,7755.5,7752.0,7752.0,4
2026-08-31 11:10:00-04:00,7753.25,7753.75,7752.0,7753.0,8
2026-08-31 11:15:00-04:00,7752.0,7752.0,7752.0,7752.0,1
2026-08-31 11:20:00-04:00,7753.0,7756.0,7753.0,7755.25,10
2026-08-31 11:25:00-04:00,7757.25,7757.25,7754.5,7754.5,5
2026-08-31 11:30:00-04:00,7755.0,7755.0,7750.25,7752.5,46
2026-08-31 11:35:00-04:00,7753.25,7753.25,7750.75,7750.75,9
2026-08-31 11:40:00-04:00,7752.75,7753.5,7752.75,7753.5,2
2026-08-31 11:45:00-04:00,7755.0,7755.0,7753.0,7754.75,5
2026-08-31 11:50:00-04:00,7754.75,7758.0,7754.75,7756.5,12
2026-08-31 11:55:00-04:00,7753.0,7753.0,7751.5,7751.5,2
2026-08-31 12:00:00-04:00,7748.0,7749.0,7746.0,7746.0,17
2026-08-31 12:05:00-04:00,7745.0,7747.0,7745.0,7747.0,5
2026-08-31 12:10:00-04:00,7746.0,7752.25,7746.0,7751.0,7
2026-08-31 12:15:00-04:00,7750.0,7750.0,7748.25,7748.25,2
2026-08-31 12:20:00-04:00,7751.5,7751.5,7750.25,7750.25,4
2026-08-31 12:25:00-04:00,7750.25,7753.25,7750.0,7753.25,112
2026-08-31 12:30:00-04:00,7754.25,7754.25,7752.25,7753.5,16
2026-08-31 12:35:00-04:00,7753.0,7753.0,7748.75,7748.75,6
2026-08-31 12:40:00-04:00,7751.25,7752.25,7750.0,7750.0,3
2026-08-31 12:45:00-04:00,7749.75,7749.75,7749.75,7749.75,2
2026-08-31 12:50:00-04:00,7754.0,7754.75,7753.75,7754.75,6
2026-08-31 13:00:00-04:00,7752.5,7752.5,7751.5,7751.75,3
2026-08-31 13:05:00-04:00,7752.5,7752.5,7751.25,7752.25,6
2026-08-31 13:10:00-04:00,7752.0,7754.5,7752.0,7754.5,3
2026-08-31 13:15:00-04:00,7753.5,7756.25,7753.5,7756.25,6
2026-08-31 13:20:00-04:00,7753.75,7754.25,7753.5,7754.25,3
2026-08-31 13:25:00-04:00,7753.25,7753.25,7750.0,7750.0,9
2026-08-31 13:30:00-04:00,7748.0,7749.5,7747.25,7748.75,7
2026-08-31 13:40:00-04:00,7755.5,7757.5,7755.5,7757.5,18
2026-08-31 13:45:00-04:00,7758.75,7759.75,7757.0,7759.25,25
2026-08-31 13:50:00-04:00,7760.25,7763.25,7760.25,7763.25,9
2026-08-31 13:55:00-04:00,7762.5,7762.5,7759.5,7759.5,4
2026-08-31 14:00:00-04:00,7759.75,7760.5,7758.5,7760.0,23
2026-08-31 14:05:00-04:00,7760.5,7762.0,7760.5,7762.0,15
2026-08-31 14:10:00-04:00,7761.25,7761.25,7760.75,7760.75,4
2026-08-31 14:15:00-04:00,7762.25,7762.75,7761.25,7762.0,5
2026-08-31 14:20:00-04:00,7762.25,7762.25,7761.75,7761.75,3
2026-08-31 14:25:00-04:00,7759.5,7759.5,7758.5,7759.25,8
2026-08-31 14:30:00-04:00,7758.25,7759.5,7755.75,7757.25,59
2026-08-31 14:35:00-04:00,7755.75,7756.0,7749.0,7750.25,20
2026-08-31 14:40:00-04:00,7750.0,7750.5,7746.0,7748.5,17
2026-08-31 14:45:00-04:00,7749.0,7749.0,7747.5,7749.0,12
2026-08-31 14:50:00-04:00,7749.5,7751.75,7749.0,7751.75,9
2026-08-31 14:55:00-04:00,7752.0,7753.75,7752.0,7752.5,8
2026-08-31 15:00:00-04:00,7754.5,7755.5,7754.25,7754.25,3
2026-08-31 15:05:00-04:00,7753.0,7755.0,7753.0,7755.0,4
2026-08-31 15:10:00-04:00,7755.75,7756.5,7755.5,7755.5,5
2026-08-31 15:15:00-04:00,7757.0,7757.0,7756.25,7756.25,9
2026-08-31 15:20:00-04:00,7755.75,7760.0,7755.75,7758.75,8
2026-08-31 15:25:00-04:00,7758.5,7759.25,7758.5,7759.25,2
2026-08-31 15:30:00-04:00,7760.5,7760.5,7757.75,7758.0,4
2026-08-31 15:35:00-04:00,7760.0,7761.25,7760.0,7761.25,2
2026-08-31 15:40:00-04:00,7761.5,7765.5,7761.5,7765.5,12
2026-08-31 15:45:00-04:00,7764.5,7766.75,7761.75,7763.5,22
2026-08-31 15:50:00-04:00,7764.5,7771.5,7764.5,7768.25,32
2026-08-31 15:55:00-04:00,7768.0,7775.0,7761.75,7764.75,163
2026-08-31 16:00:00-04:00,7765.5,7771.5,7765.0,7770.25,78
2026-08-31 16:05:00-04:00,7768.5,7769.5,7768.25,7769.5,10
2026-08-31 16:15:00-04:00,7769.5,7769.5,7769.5,7769.5,1
2026-08-31 16:20:00-04:00,7769.25,7769.25,7769.25,7769.25,1
2026-08-31 16:25:00-04:00,7769.5,7769.5,7769.5,7769.5,1
2026-08-31 16:30:00-04:00,7768.75,7768.75,7768.75,7768.75,1
2026-08-31 16:40:00-04:00,7770.0,7770.0,7770.0,7770.0,1
2026-08-31 16:55:00-04:00,7768.5,7769.25,7768.25,7768.25,3
2026-08-31 18:00:00-04:00,7768.5,7768.5,7768.5,7768.5,1
2026-08-31 18:05:00-04:00,7769.25,7769.25,7769.25,7769.25,1
2026-08-31 18:10:00-04:00,7770.75,7770.75,7770.0,7770.0,2
2026-08-31 18:15:00-04:00,7769.25,7769.25,7768.25,7769.0,10
2026-08-31 18:20:00-04:00,7769.0,7769.0,7769.0,7769.0,1
2026-08-31 18:25:00-04:00,7769.0,7769.0,7769.0,7769.0,1
2026-08-31 18:35:00-04:00,7769.75,7769.75,7769.75,7769.75,1
2026-08-31 19:05:00-04:00,7770.0,7770.0,7770.0,7770.0,3
2026-08-31 19:15:00-04:00,7769.75,7769.75,7769.75,7769.75,1
2026-08-31 19:40:00-04:00,7771.25,7771.25,7771.25,7771.25,1
2026-08-31 20:00:00-04:00,7769.5,7769.5,7769.0,7769.0,2
2026-08-31 20:10:00-04:00,7771.25,7771.25,7771.25,7771.25,4
2026-08-31 20:15:00-04:00,7774.5,7774.5,7774.5,7774.5,4
2026-08-31 20:35:00-04:00,7771.25,7771.25,7771.25,7771.25,4
2026-08-31 21:05:00-04:00,7772.25,7772.25,7770.5,7771.5,4
2026-08-31 21:10:00-04:00,7771.0,7771.0,7770.0,7770.5,7
2026-08-31 21:25:00-04:00,7769.0,7769.0,7767.25,7767.5,4
2026-08-31 21:30:00-04:00,7766.5,7766.5,7766.5,7766.5,1
2026-08-31 21:40:00-04:00,7771.0,7771.0,7771.0,7771.0,2
2026-08-31 22:10:00-04:00,7766.25,7766.25,7766.25,7766.25,1
2026-08-31 22:20:00-04:00,7766.75,7766.75,7766.75,7766.75,2
2026-08-31 22:25:00-04:00,7764.0,7764.0,7763.25,7763.75,5
2026-08-31 22:30:00-04:00,7765.25,7766.25,7765.25,7766.25,3
2026-08-31 22:35:00-04:00,7764.75,7764.75,7762.75,7762.75,3
2026-08-31 22:40:00-04:00,7762.25,7762.25,7761.75,7761.75,2
2026-08-31 22:45:00-04:00,7761.5,7763.25,7761.5,7763.25,2
2026-08-31 22:55:00-04:00,7764.75,7764.75,7764.75,7764.75,1
2026-08-31 23:15:00-04:00,7764.25,7764.25,7764.25,7764.25,1
2026-09-01 00:40:00-04:00,7761.25,7761.25,7761.25,7761.25,1
2026-09-01 00:45:00-04:00,7761.75,7761.75,7761.75,7761.75,1
2026-09-01 00:50:00-04:00,7761.5,7761.5,7761.25,7761.25,3
2026-09-01 00:55:00-04:00,7761.0,7761.0,7759.0,7760.0,19
2026-09-01 01:00:00-04:00,7759.0,7760.25,7759.0,7760.25,5
2026-09-01 01:05:00-04:00,7760.5,7760.5,7760.5,7760.5,1
2026-09-01 01:20:00-04:00,7758.5,7758.5,7758.5,7758.5,1
2026-09-01 01:35:00-04:00,7766.25,7767.0,7766.25,7767.0,2
2026-09-01 01:40:00-04:00,7767.75,7768.0,7767.75,7768.0,2
2026-09-01 01:45:00-04:00,7769.75,7769.75,7769.75,7769.75,1
2026-09-01 01:50:00-04:00,7770.0,7770.0,7770.0,7770.0,1
2026-09-01 01:55:00-04:00,7773.5,7773.5,7772.25,7772.25,2
2026-09-01 02:00:00-04:00,7772.5,7772.5,7772.25,7772.25,2
2026-09-01 02:05:00-04:00,7769.0,7770.5,7769.0,7769.0,10
2026-09-01 02:15:00-04:00,7767.25,7767.25,7767.25,7767.25,1
2026-09-01 02:20:00-04:00,7766.75,7766.75,7765.75,7765.75,4
2026-09-01 02:25:00-04:00,7765.75,7765.75,7765.75,7765.75,1
2026-09-01 02:30:00-04:00,7765.5,7766.75,7765.5,7766.75,2
2026-09-01 02:55:00-04:00,7765.5,7766.0,7765.25,7765.25,3
2026-09-01 03:00:00-04:00,7765.0,7769.0,7765.0,7769.0,2
2026-09-01 03:05:00-04:00,7772.75,7772.75,7772.75,7772.75,1
2026-09-01 03:20:00-04:00,7769.5,7769.5,7769.5,7769.5,1
2026-09-01 03:30:00-04:00,7770.5,7770.5,7770.25,7770.25,2
2026-09-01 03:35:00-04:00,7765.5,7765.5,7760.75,7760.75,5
2026-09-01 03:40:00-04:00,7760.5,7760.5,7759.0,7759.0,3
2026-09-01 03:45:00-04:00,7756.75,7761.0,7755.0,7761.0,6
2026-09-01 03:50:00-04:00,7761.25,7761.25,7759.75,7759.75,5
2026-09-01 03:55:00-04:00,7757.75,7757.75,7757.75,7757.75,1
2026-09-01 04:00:00-04:00,7755.5,7755.5,7755.5,7755.5,1
2026-09-01 04:05:00-04:00,7758.5,7758.5,7742.5,7742.5,43
2026-09-01 04:10:00-04:00,7742.0,7745.25,7742.0,7745.25,5
2026-09-01 04:15:00-04:00,7744.5,7746.25,7739.0,7739.0,8
2026-09-01 04:20:00-04:00,7740.0,7740.0,7736.75,7736.75,13
2026-09-01 04:25:00-04:00,7736.25,7736.25,7732.5,7732.75,36
2026-09-01 04:30:00-04:00,7733.0,7735.75,7730.0,7735.75,37
2026-09-01 04:35:00-04:00,7732.5,7733.25,7730.0,7730.5,6
2026-09-01 04:40:00-04:00,7729.25,7729.25,7727.0,7728.75,4
2026-09-01 04:45:00-04:00,7729.5,7730.0,7727.5,7728.0,5
2026-09-01 04:50:00-04:00,7727.5,7730.25,7727.5,7730.25,13
2026-09-01 04:55:00-04:00,7732.5,7732.5,7726.75,7726.75,7
2026-09-01 05:00:00-04:00,7725.0,7725.25,7724.25,7724.75,6
2026-09-01 05:05:00-04:00,7723.0,7723.0,7721.0,7721.75,14
2026-09-01 05:10:00-04:00,7721.5,7721.5,7719.5,7720.5,16
2026-09-01 05:15:00-04:00,7718.0,7721.0,7717.75,7720.0,17
2026-09-01 05:20:00-04:00,7719.0,7719.0,7718.5,7718.5,3
2026-09-01 05:25:00-04:00,7716.5,7718.0,7716.0,7716.75,5
2026-09-01 05:30:00-04:00,7719.5,7719.5,7717.5,7718.75,6
2026-09-01 05:35:00-04:00,7719.5,7719.5,7717.25,7717.25,2
2026-09-01 05:40:00-04:00,7718.75,7719.0,7718.75,7719.0,5
2026-09-01 05:50:00-04:00,7720.75,7722.25,7720.75,7722.25,13
2026-09-01 05:55:00-04:00,7722.75,7722.75,7721.25,7721.5,9
2026-09-01 06:00:00-04:00,7720.5,7720.5,7719.75,7719.75,2
2026-09-01 06:05:00-04:00,7720.75,7720.75,7720.75,7720.75,1
2026-09-01 06:10:00-04:00,7720.25,7721.5,7720.25,7721.5,2
2026-09-01 06:15:00-04:00,7722.25,7722.25,7722.0,7722.0,2
2026-09-01 06:20:00-04:00,7722.75,7727.75,7722.75,7727.75,12
2026-09-01 06:25:00-04:00,7728.5,7728.5,7728.5,7728.5,4
2026-09-01 06:30:00-04:00,7730.25,7730.25,7730.25,7730.25,2
2026-09-01 06:35:00-04:00,7730.25,7731.0,7730.25,7730.5,13
2026-09-01 06:40:00-04:00,7728.25,7728.25,7724.5,7726.25,33
2026-09-01 06:45:00-04:00,7726.25,7729.25,7725.0,7725.25,90
2026-09-01 06:50:00-04:00,7723.25,7723.25,7723.25,7723.25,1
2026-09-01 06:55:00-04:00,7723.0,7723.0,7723.0,7723.0,1
2026-09-01 07:00:00-04:00,7721.0,7721.0,7721.0,7721.0,1
2026-09-01 07:05:00-04:00,7721.5,7723.0,7719.75,7721.5,13
2026-09-01 07:10:00-04:00,7722.75,7722.75,7722.75,7722.75,1
2026-09-01 07:15:00-04:00,7723.0,7723.5,7723.0,7723.5,6
2026-09-01 07:25:00-04:00,7722.5,7723.5,7721.75,7723.5,14
2026-09-01 07:30:00-04:00,7724.25,7724.25,7724.25,7724.25,1
2026-09-01 07:35:00-04:00,7724.25,7728.75,7724.25,7728.75,2
2026-09-01 07:40:00-04:00,7730.0,7730.0,7729.75,7729.75,3
2026-09-01 07:45:00-04:00,7728.0,7728.0,7727.75,7727.75,3
2026-09-01 07:50:00-04:00,7727.0,7727.0,7725.0,7725.0,4
2026-09-01 07:55:00-04:00,7721.25,7721.25,7719.0,7719.0,6
2026-09-01 08:00:00-04:00,7718.0,7719.75,7717.25,7719.75,4
2026-09-01 08:05:00-04:00,7719.0,7719.0,7719.0,7719.0,1
2026-09-01 08:10:00-04:00,7717.0,7718.75,7716.0,7718.75,7
2026-09-01 08:15:00-04:00,7719.25,7719.25,7718.0,7718.0,5
2026-09-01 08:20:00-04:00,7717.5,7717.5,7717.0,7717.0,2
2026-09-01 08:30:00-04:00,7715.75,7716.75,7715.0,7716.75,5
2026-09-01 08:35:00-04:00,7714.75,7715.75,7713.0,7715.75,28
2026-09-01 08:40:00-04:00,7714.5,7714.5,7714.5,7714.5,1
2026-09-01 08:45:00-04:00,7715.0,7717.75,7715.0,7715.0,7
2026-09-01 08:50:00-04:00,7715.75,7715.75,7714.25,7714.5,15
2026-09-01 08:55:00-04:00,7714.75,7714.75,7714.75,7714.75,1
2026-09-01 09:00:00-04:00,7713.75,7713.75,7709.0,7710.75,42
2026-09-01 09:05:00-04:00,7709.0,7709.25,7708.5,7709.25,5
2026-09-01 09:10:00-04:00,7711.0,7711.0,7711.0,7711.0,1
2026-09-01 09:15:00-04:00,7712.0,7713.0,7712.0,7713.0,9
2026-09-01 09:20:00-04:00,7712.0,7714.0,7712.0,7714.0,7
2026-09-01 09:25:00-04:00,7714.0,7715.75,7714.0,7715.75,4
2026-09-01 09:30:00-04:00,7713.5,7714.25,7708.0,7712.75,33
2026-09-01 09:35:00-04:00,7714.25,7716.5,7710.0,7713.0,44
2026-09-01 09:40:00-04:00,7711.75,7713.0,7708.0,7712.5,15
2026-09-01 09:45:00-04:00,7714.0,7715.5,7712.75,7712.75,83
2026-09-01 09:50:00-04:00,7717.25,7718.75,7710.75,7711.0,30
2026-09-01 09:55:00-04:00,7710.5,7712.25,7710.5,7711.5,11
2026-09-01 10:00:00-04:00,7712.5,7720.75,7712.5,7716.75,35
2026-09-01 10:05:00-04:00,7717.75,7723.5,7717.75,7723.5,23
2026-09-01 10:10:00-04:00,7722.5,7725.25,7720.0,7723.75,51
2026-09-01 10:15:00-04:00,7725.5,7728.75,7725.5,7728.5,13
2026-09-01 10:20:00-04:00,7728.0,7734.25,7728.0,7730.5,36
2026-09-01 10:25:00-04:00,7732.0,7734.5,7731.0,7731.5,30
2026-09-01 10:30:00-04:00,7735.75,7739.25,7735.5,7739.25,21
2026-09-01 10:35:00-04:00,7739.25,7739.25,7736.75,7736.75,5
2026-09-01 10:40:00-04:00,7736.75,7736.75,7734.0,7734.0,15
2026-09-01 10:45:00-04:00,7734.5,7737.75,7734.5,7737.75,20
2026-09-01 10:50:00-04:00,7732.75,7732.75,7729.5,7729.5,69
2026-09-01 10:55:00-04:00,7730.25,7730.25,7727.75,7728.75,9
2026-09-01 11:00:00-04:00,7729.0,7729.0,7725.0,7725.25,9
2026-09-01 11:05:00-04:00,7725.0,7725.0,7721.25,7721.75,17
2026-09-01 11:10:00-04:00,7721.25,7725.0,7721.25,7724.75,15
2026-09-01 11:15:00-04:00,7722.75,7726.75,7722.75,7726.75,6
2026-09-01 11:20:00-04:00,7728.0,7728.5,7728.0,7728.5,2
2026-09-01 11:25:00-04:00,7728.0,7728.0,7726.5,7726.5,9
2026-09-01 11:30:00-04:00,7729.75,7731.75,7728.25,7729.5,16
2026-09-01 11:35:00-04:00,7729.75,7735.0,7729.0,7735.0,14
2026-09-01 11:40:00-04:00,7735.25,7736.25,7733.75,7736.25,15
2026-09-01 11:45:00-04:00,7735.75,7739.25,7735.75,7739.25,75
2026-09-01 11:50:00-04:00,7737.5,7740.5,7737.0,7739.75,13
2026-09-01 11:55:00-04:00,7738.5,7738.5,7735.75,7737.5,9
2026-09-01 12:00:00-04:00,7737.25,7737.5,7735.0,7736.5,30
2026-09-01 12:05:00-04:00,7737.0,7737.0,7732.25,7732.75,16
2026-09-01 12:10:00-04:00,7733.0,7735.0,7729.0,7729.5,69
2026-09-01 12:15:00-04:00,7729.5,7729.5,7724.0,7724.0,30
2026-09-01 12:20:00-04:00,7724.25,7724.25,7718.75,7722.5,38
2026-09-01 12:25:00-04:00,7721.75,7722.0,7716.75,7719.0,63
2026-09-01 12:30:00-04:00,7719.5,7719.5,7711.25,7711.25,14
2026-09-01 12:35:00-04:00,7711.5,7715.0,7710.75,7714.75,44
2026-09-01 12:40:00-04:00,7714.0,7717.25,7712.0,7713.25,12
2026-09-01 12:45:00-04:00,7711.75,7713.5,7711.5,7713.5,9
2026-09-01 12:50:00-04:00,7713.25,7713.25,7711.25,7711.75,11
2026-09-01 12:55:00-04:00,7713.5,7716.5,7713.5,7716.5,6
2026-09-01 13:00:00-04:00,7715.0,7715.0,7711.75,7713.0,10
2026-09-01 13:05:00-04:00,7710.5,7711.0,7709.25,7710.25,8
2026-09-01 13:10:00-04:00,7710.5,7713.5,7710.5,7713.5,3
2026-09-01 13:15:00-04:00,7714.5,7714.5,7709.5,7709.5,29
2026-09-01 13:20:00-04:00,7709.5,7710.25,7709.0,7710.25,5
2026-09-01 13:25:00-04:00,7708.0,7710.5,7702.75,7710.5,44
2026-09-01 13:30:00-04:00,7710.75,7713.5,7710.75,7713.0,8
2026-09-01 13:35:00-04:00,7714.0,7714.5,7711.75,7711.75,8
2026-09-01 13:40:00-04:00,7713.5,7715.25,7713.5,7714.0,3
2026-09-01 13:45:00-04:00,7714.25,7714.25,7709.75,7709.75,3
2026-09-01 13:50:00-04:00,7709.0,7711.5,7708.5,7708.5,5
2026-09-01 13:55:00-04:00,7709.25,7711.5,7709.25,7711.5,4
2026-09-01 14:00:00-04:00,7711.25,7712.0,7710.75,7710.75,8
2026-09-01 14:05:00-04:00,7709.0,7709.75,7708.0,7709.75,4
2026-09-01 14:10:00-04:00,7709.0,7709.0,7706.25,7707.25,10
2026-09-01 14:15:00-04:00,7707.5,7711.5,7707.5,7711.5,4
2026-09-01 14:20:00-04:00,7710.5,7710.75,7708.5,7708.5,4
2026-09-01 14:25:00-04:00,7710.0,7710.0,7704.25,7704.75,7
2026-09-01 14:30:00-04:00,7706.0,7706.0,7700.25,7701.25,26
2026-09-01 14:35:00-04:00,7701.5,7702.0,7699.0,7699.0,7
2026-09-01 14:40:00-04:00,7698.5,7699.5,7691.0,7691.0,30
2026-09-01 14:45:00-04:00,7690.5,7695.0,7688.0,7695.0,44
2026-09-01 14:50:00-04:00,7695.0,7696.0,7694.5,7696.0,11
2026-09-01 14:55:00-04:00,7695.0,7702.0,7695.0,7701.25,18
2026-09-01 15:00:00-04:00,7702.0,7705.0,7700.75,7705.0,11
2026-09-01 15:05:00-04:00,7702.75,7704.5,7702.5,7704.25,9
2026-09-01 15:10:00-04:00,7704.75,7707.25,7704.75,7707.0,11
2026-09-01 15:15:00-04:00,7707.75,7709.75,7707.5,7707.5,8
2026-09-01 15:20:00-04:00,7706.0,7708.0,7704.75,7708.0,11
2026-09-01 15:25:00-04:00,7706.25,7706.75,7705.5,7706.75,8
2026-09-01 15:30:00-04:00,7706.25,7706.25,7701.75,7702.75,9
2026-09-01 15:35:00-04:00,7702.5,7703.5,7702.5,7703.5,4
2026-09-01 15:40:00-04:00,7704.75,7704.75,7703.25,7703.25,2
2026-09-01 15:45:00-04:00,7705.5,7707.25,7704.75,7706.5,24
2026-09-01 15:50:00-04:00,7705.0,7706.25,7700.25,7700.75,27
2026-09-01 15:55:00-04:00,7703.75,7711.75,7699.75,7710.75,91
2026-09-01 16:00:00-04:00,7711.5,7713.5,7707.75,7709.75,265
2026-09-01 16:05:00-04:00,7710.0,7710.75,7708.25,7710.5,36
2026-09-01 16:10:00-04:00,7710.5,7711.5,7710.0,7711.5,16
2026-09-01 16:15:00-04:00,7711.25,7714.25,7711.25,7714.25,21
2026-09-01 16:20:00-04:00,7715.0,7715.0,7714.75,7714.75,3
2026-09-01 16:25:00-04:00,7714.0,7714.0,7714.0,7714.0,1
2026-09-01 16:30:00-04:00,7713.75,7713.75,7713.5,7713.5,2
2026-09-01 16:40:00-04:00,7712.75,7715.0,7712.75,7715.0,8
2026-09-01 16:50:00-04:00,7714.0,7714.0,7714.0,7714.0,1
2026-09-01 16:55:00-04:00,7713.0,7713.5,7713.0,7713.5,2
2026-09-01 18:00:00-04:00,7713.5,7715.0,7710.0,7710.0,5
2026-09-01 18:05:00-04:00,7709.5,7710.0,7708.5,7710.0,10
2026-09-01 18:10:00-04:00,7709.0,7709.0,7709.0,7709.0,1
2026-09-01 18:15:00-04:00,7709.25,7709.25,7709.25,7709.25,1
2026-09-01 18:20:00-04:00,7709.0,7710.0,7708.5,7710.0,3
2026-09-01 18:25:00-04:00,7710.0,7710.0,7710.0,7710.0,1
2026-09-01 18:35:00-04:00,7710.25,7710.75,7710.25,7710.75,2
2026-09-01 18:45:00-04:00,7710.5,7713.0,7710.5,7712.75,7
2026-09-01 18:50:00-04:00,7713.75,7713.75,7713.75,7713.75,3
2026-09-01 19:05:00-04:00,7712.0,7712.0,7711.75,7712.0,3
2026-09-01 19:20:00-04:00,7711.75,7711.75,7711.5,7711.5,4
2026-09-01 19:25:00-04:00,7712.5,7712.5,7711.75,7712.25,3
2026-09-01 19:45:00-04:00,7712.5,7712.5,7712.5,7712.5,1
2026-09-01 19:50:00-04:00,7713.0,7713.0,7713.0,7713.0,12
2026-09-01 19:55:00-04:00,7713.0,7713.0,7713.0,7713.0,2
2026-09-01 20:00:00-04:00,7712.25,7712.25,7711.5,7712.0,3
2026-09-01 20:05:00-04:00,7711.5,7712.5,7710.5,7712.5,5
2026-09-01 20:10:00-04:00,7710.75,7711.25,7710.5,7711.0,5
2026-09-01 20:15:00-04:00,7711.5,7711.5,7711.5,7711.5,1
2026-09-01 20:20:00-04:00,7714.75,7717.5,7714.75,7716.25,12
2026-09-01 20:25:00-04:00,7713.0,7713.5,7712.5,7713.0,5
2026-09-01 20:30:00-04:00,7710.75,7711.25,7710.75,7711.25,2
2026-09-01 20:35:00-04:00,7711.5,7712.0,7711.25,7711.75,4
2026-09-01 20:45:00-04:00,7711.75,7711.75,7711.75,7711.75,1
2026-09-01 20:50:00-04:00,7711.5,7711.5,7710.5,7710.75,3
2026-09-01 20:55:00-04:00,7710.25,7710.25,7707.25,7707.25,6
2026-09-01 21:00:00-04:00,7706.5,7708.75,7706.5,7708.75,2
2026-09-01 21:05:00-04:00,7708.0,7708.0,7706.5,7706.5,2
2026-09-01 21:10:00-04:00,7706.0,7706.0,7704.25,7705.0,5
2026-09-01 21:15:00-04:00,7705.0,7706.5,7705.0,7706.5,2
2026-09-01 21:20:00-04:00,7708.0,7708.0,7708.0,7708.0,1
2026-09-01 21:25:00-04:00,7706.75,7706.75,7706.75,7706.75,1
2026-09-01 21:35:00-04:00,7705.0,7705.0,7705.0,7705.0,1
2026-09-01 21:40:00-04:00,7704.0,7704.0,7703.0,7703.0,2
2026-09-01 21:45:00-04:00,7702.25,7702.75,7702.0,7702.75,5
2026-09-01 21:50:00-04:00,7701.75,7701.75,7699.75,7700.75,9
2026-09-01 21:55:00-04:00,7702.0,7702.0,7701.5,7701.5,2
2026-09-01 22:00:00-04:00,7702.0,7702.0,7702.0,7702.0,1
2026-09-01 22:05:00-04:00,7702.25,7702.25,7702.25,7702.25,1
2026-09-01 22:10:00-04:00,7702.75,7702.75,7702.75,7702.75,1
2026-09-01 22:15:00-04:00,7703.5,7704.25,7703.5,7704.25,2
2026-09-01 22:20:00-04:00,7706.75,7708.25,7706.75,7707.25,3
2026-09-01 22:25:00-04:00,7707.0,7707.0,7707.0,7707.0,1
2026-09-01 22:55:00-04:00,7707.0,7707.0,7707.0,7707.0,2
2026-09-01 23:05:00-04:00,7705.5,7705.5,7705.0,7705.0,6
2026-09-01 23:20:00-04:00,7705.25,7705.25,7705.25,7705.25,2
2026-09-01 23:30:00-04:00,7704.25,7704.25,7703.0,7703.0,5
2026-09-01 23:40:00-04:00,7702.75,7702.75,7702.75,7702.75,1
2026-09-01 23:50:00-04:00,7702.0,7702.0,7702.0,7702.0,1
2026-09-01 23:55:00-04:00,7701.75,7701.75,7701.5,7701.5,3
2026-09-02 00:15:00-04:00,7701.75,7701.75,7701.5,7701.5,5
2026-09-02 00:20:00-04:00,7701.5,7702.25,7701.25,7701.25,7
2026-09-02 00:30:00-04:00,7701.5,7701.5,7701.5,7701.5,1
2026-09-02 00:45:00-04:00,7701.0,7702.0,7701.0,7702.0,5
2026-09-02 00:50:00-04:00,7702.0,7702.0,7702.0,7702.0,3
2026-09-02 00:55:00-04:00,7702.0,7702.0,7702.0,7702.0,3
2026-09-02 01:10:00-04:00,7704.0,7704.0,7704.0,7704.0,2
2026-09-02 01:15:00-04:00,7704.5,7706.0,7704.5,7705.75,3
2026-09-02 01:25:00-04:00,7706.0,7706.0,7706.0,7706.0,2
2026-09-02 01:30:00-04:00,7708.0,7708.0,7705.5,7707.0,20
2026-09-02 01:35:00-04:00,7706.0,7706.0,7703.5,7703.5,5
2026-09-02 01:40:00-04:00,7705.0,7707.0,7705.0,7706.5,3
2026-09-02 01:50:00-04:00,7707.0,7707.0,7702.5,7702.5,4
2026-09-02 02:00:00-04:00,7703.5,7703.5,7702.25,7702.25,2
2026-09-02 02:05:00-04:00,7701.0,7701.0,7701.0,7701.0,2
2026-09-02 02:15:00-04:00,7700.0,7700.25,7698.5,7698.75,6
2026-09-02 02:20:00-04:00,7699.0,7699.75,7698.25,7699.75,53
2026-09-02 02:25:00-04:00,7700.0,7702.75,7699.0,7699.0,29
2026-09-02 02:30:00-04:00,7699.0,7700.0,7698.75,7699.0,13
2026-09-02 02:35:00-04:00,7703.75,7703.75,7703.5,7703.5,18
2026-09-02 02:40:00-04:00,7705.75,7706.5,7705.75,7706.5,3
2026-09-02 02:45:00-04:00,7704.75,7705.75,7704.75,7705.75,2
2026-09-02 02:50:00-04:00,7704.25,7704.25,7704.25,7704.25,1
2026-09-02 03:00:00-04:00,7709.25,7711.5,7709.25,7711.25,6
2026-09-02 03:05:00-04:00,7712.25,7713.0,7712.25,7713.0,2
2026-09-02 03:10:00-04:00,7712.25,7712.5,7712.25,7712.5,3
2026-09-02 03:15:00-04:00,7710.0,7710.5,7710.0,7710.5,3
2026-09-02 03:20:00-04:00,7712.5,7712.5,7712.5,7712.5,1
2026-09-02 03:25:00-04:00,7709.0,7709.0,7709.0,7709.0,1
2026-09-02 03:35:00-04:00,7710.0,7710.0,7707.0,7707.0,3
2026-09-02 03:40:00-04:00,7705.25,7708.5,7705.25,7706.25,94
2026-09-02 03:45:00-04:00,7704.25,7704.25,7704.25,7704.25,1
2026-09-02 03:50:00-04:00,7705.0,7705.0,7703.0,7703.0,3
2026-09-02 04:00:00-04:00,7707.0,7707.0,7707.0,7707.0,3
2026-09-02 04:05:00-04:00,7707.25,7707.25,7707.25,7707.25,1
2026-09-02 04:10:00-04:00,7707.0,7707.0,7707.0,7707.0,1
2026-09-02 04:15:00-04:00,7705.0,7705.0,7704.5,7704.5,2
2026-09-02 04:25:00-04:00,7703.5,7703.5,7703.5,7703.5,1
2026-09-02 04:30:00-04:00,7704.75,7705.5,7704.0,7704.0,8
2026-09-02 04:40:00-04:00,7703.5,7703.5,7703.5,7703.5,1
2026-09-02 04:50:00-04:00,7697.0,7697.0,7695.25,7695.25,3
2026-09-02 04:55:00-04:00,7692.0,7692.75,7692.0,7692.75,21
2026-09-02 05:00:00-04:00,7695.0,7696.5,7695.0,7696.5,11
2026-09-02 05:05:00-04:00,7695.75,7695.75,7695.75,7695.75,10
2026-09-02 05:10:00-04:00,7696.0,7696.5,7696.0,7696.25,5
2026-09-02 05:15:00-04:00,7690.5,7692.5,7690.5,7692.5,6
2026-09-02 05:20:00-04:00,7693.25,7693.25,7691.0,7691.25,4
2026-09-02 05:25:00-04:00,7690.75,7692.5,7690.75,7691.5,3
2026-09-02 05:30:00-04:00,7691.75,7691.75,7690.0,7690.0,3
2026-09-02 05:35:00-04:00,7689.75,7690.0,7689.75,7690.0,2
2026-09-02 05:40:00-04:00,7690.25,7690.25,7690.25,7690.25,1
2026-09-02 05:45:00-04:00,7690.5,7691.25,7690.5,7691.25,5
2026-09-02 05:55:00-04:00,7692.25,7692.25,7692.25,7692.25,1
2026-09-02 06:00:00-04:00,7692.5,7692.5,7692.5,7692.5,1
2026-09-02 06:05:00-04:00,7688.0,7688.0,7688.0,7688.0,1
2026-09-02 06:10:00-04:00,7689.5,7689.5,7689.5,7689.5,1
2026-09-02 06:15:00-04:00,7692.25,7692.5,7691.0,7692.0,18
2026-09-02 06:20:00-04:00,7692.5,7692.5,7692.5,7692.5,2
2026-09-02 06:25:00-04:00,7692.5,7694.5,7692.5,7694.0,8
2026-09-02 06:30:00-04:00,7693.75,7693.75,7691.75,7691.75,4
2026-09-02 06:35:00-04:00,7691.5,7691.5,7691.5,7691.5,1
2026-09-02 06:40:00-04:00,7689.75,7689.75,7689.75,7689.75,1
2026-09-02 06:45:00-04:00,7689.0,7689.0,7689.0,7689.0,1
2026-09-02 06:50:00-04:00,7690.75,7690.75,7690.75,7690.75,1
2026-09-02 06:55:00-04:00,7692.5,7692.5,7692.5,7692.5,1
2026-09-02 07:00:00-04:00,7691.25,7691.25,7685.5,7686.5,16
2026-09-02 07:05:00-04:00,7687.0,7696.0,7687.0,7696.0,13
2026-09-02 07:10:00-04:00,7693.5,7701.25,7693.5,7701.0,14
2026-09-02 07:15:00-04:00,7699.5,7701.25,7696.5,7697.5,17
2026-09-02 07:20:00-04:00,7699.0,7699.0,7699.0,7699.0,1
2026-09-02 07:25:00-04:00,7701.25,7704.5,7701.25,7704.5,3
2026-09-02 07:30:00-04:00,7702.5,7706.25,7702.5,7706.25,4
2026-09-02 07:35:00-04:00,7707.5,7707.5,7706.25,7706.25,3
2026-09-02 07:40:00-04:00,7706.5,7706.5,7704.25,7704.25,2
2026-09-02 07:45:00-04:00,7705.0,7705.0,7705.0,7705.0,2
2026-09-02 07:55:00-04:00,7706.25,7713.0,7706.25,7713.0,10
2026-09-02 08:00:00-04:00,7712.0,7713.0,7712.0,7713.0,4
2026-09-02 08:05:00-04:00,7716.0,7717.5,7714.75,7714.75,12
2026-09-02 08:10:00-04:00,7713.75,7720.0,7713.75,7720.0,13
2026-09-02 08:15:00-04:00,7716.0,7716.5,7715.75,7716.5,29
2026-09-02 08:20:00-04:00,7719.5,7725.0,7719.0,7719.0,44
2026-09-02 08:25:00-04:00,7719.75,7719.75,7716.75,7717.25,18
2026-09-02 08:30:00-04:00,7715.0,7715.5,7713.25,7713.25,14
2026-09-02 08:35:00-04:00,7713.75,7714.0,7711.5,7712.0,7
2026-09-02 08:40:00-04:00,7711.75,7713.0,7711.5,7711.75,16
2026-09-02 08:45:00-04:00,7711.0,7711.25,7711.0,7711.25,4
2026-09-02 08:50:00-04:00,7709.75,7709.75,7707.75,7707.75,5
2026-09-02 08:55:00-04:00,7706.25,7707.0,7706.25,7707.0,10
2026-09-02 09:00:00-04:00,7707.0,7709.75,7707.0,7709.75,28
2026-09-02 09:05:00-04:00,7710.0,7710.25,7709.75,7710.25,7
2026-09-02 09:10:00-04:00,7709.5,7709.5,7709.5,7709.5,1
2026-09-02 09:15:00-04:00,7712.0,7712.0,7712.0,7712.0,1
2026-09-02 09:20:00-04:00,7712.0,7715.0,7712.0,7715.0,6
2026-09-02 09:25:00-04:00,7714.75,7721.0,7714.75,7717.25,34
2026-09-02 09:30:00-04:00,7717.75,7717.75,7710.25,7716.75,103
2026-09-02 09:35:00-04:00,7715.75,7716.0,7711.25,7715.25,17
2026-09-02 09:40:00-04:00,7716.75,7721.0,7715.5,7721.0,46
2026-09-02 09:45:00-04:00,7721.0,7721.0,7712.75,7713.25,117
2026-09-02 09:50:00-04:00,7715.5,7718.5,7713.25,7718.25,34
2026-09-02 09:55:00-04:00,7714.25,7722.25,7714.25,7722.25,27
2026-09-02 10:00:00-04:00,7724.5,7728.75,7723.75,7727.0,48
2026-09-02 10:05:00-04:00,7731.25,7733.75,7729.25,7730.0,102
2026-09-02 10:10:00-04:00,7731.0,7735.75,7729.75,7735.75,96
2026-09-02 10:15:00-04:00,7736.0,7742.75,7734.0,7741.5,86
2026-09-02 10:20:00-04:00,7741.25,7746.0,7740.75,7744.75,38
2026-09-02 10:25:00-04:00,7745.25,7748.75,7743.75,7746.0,69
2026-09-02 10:30:00-04:00,7745.75,7749.25,7743.0,7748.75,37
2026-09-02 10:35:00-04:00,7749.5,7751.25,7748.25,7749.75,149
2026-09-02 10:40:00-04:00,7752.25,7757.0,7752.0,7756.25,77
2026-09-02 10:45:00-04:00,7756.5,7756.75,7749.75,7749.75,28
2026-09-02 10:50:00-04:00,7751.0,7751.0,7746.75,7746.75,34
2026-09-02 10:55:00-04:00,7748.25,7749.0,7745.0,7745.75,46
2026-09-02 11:00:00-04:00,7745.5,7749.0,7744.5,7747.0,33
2026-09-02 11:05:00-04:00,7749.0,7749.25,7745.5,7746.75,21
2026-09-02 11:10:00-04:00,7747.25,7750.75,7746.0,7746.5,34
2026-09-02 11:15:00-04:00,7750.5,7753.25,7749.25,7752.75,27
2026-09-02 11:20:00-04:00,7751.75,7752.25,7751.0,7751.5,10
2026-09-02 11:25:00-04:00,7753.75,7757.0,7753.75,7756.25,24
2026-09-02 11:30:00-04:00,7754.75,7756.0,7753.5,7753.5,10
2026-09-02 11:35:00-04:00,7753.0,7754.5,7753.0,7754.0,5
2026-09-02 11:40:00-04:00,7751.75,7752.25,7750.0,7750.0,10
2026-09-02 11:45:00-04:00,7746.5,7746.5,7743.25,7743.25,7
2026-09-02 11:50:00-04:00,7743.75,7748.5,7743.75,7748.5,3
2026-09-02 11:55:00-04:00,7745.75,7746.25,7744.75,7746.25,8
2026-09-02 12:00:00-04:00,7751.75,7751.75,7750.25,7750.25,9
2026-09-02 12:05:00-04:00,7750.75,7751.75,7750.75,7751.0,13
2026-09-02 12:10:00-04:00,7749.75,7751.0,7749.75,7749.75,18
2026-09-02 12:15:00-04:00,7748.5,7748.5,7746.5,7748.0,14
2026-09-02 12:20:00-04:00,7748.0,7748.5,7744.0,7744.0,7
2026-09-02 12:25:00-04:00,7743.25,7744.25,7741.25,7741.25,31
2026-09-02 12:30:00-04:00,7741.75,7745.0,7741.75,7745.0,10
2026-09-02 12:35:00-04:00,7744.5,7745.5,7743.5,7744.25,16
2026-09-02 12:40:00-04:00,7742.75,7742.75,7740.75,7740.75,6
2026-09-02 12:45:00-04:00,7742.0,7742.0,7740.5,7740.5,12
2026-09-02 12:50:00-04:00,7740.75,7745.0,7740.75,7745.0,8
2026-09-02 12:55:00-04:00,7744.25,7744.25,7744.0,7744.0,4
2026-09-02 13:00:00-04:00,7742.5,7747.75,7742.25,7747.75,32
2026-09-02 13:05:00-04:00,7748.0,7748.0,7740.0,7740.0,8
2026-09-02 13:10:00-04:00,7740.75,7742.75,7740.25,7742.75,12
2026-09-02 13:15:00-04:00,7742.25,7742.25,7738.5,7739.25,14
2026-09-02 13:20:00-04:00,7739.25,7740.5,7739.25,7739.75,13
2026-09-02 13:25:00-04:00,7739.5,7741.75,7739.5,7740.75,25
2026-09-02 13:30:00-04:00,7740.75,7740.75,7737.25,7737.25,9
2026-09-02 13:35:00-04:00,7738.25,7739.0,7738.0,7739.0,5
2026-09-02 13:40:00-04:00,7738.25,7742.75,7738.0,7742.5,41
2026-09-02 13:45:00-04:00,7743.75,7746.25,7743.5,7743.5,67
2026-09-02 13:50:00-04:00,7744.5,7744.5,7742.25,7743.25,78
2026-09-02 13:55:00-04:00,7743.25,7746.25,7741.25,7745.0,57
2026-09-02 14:00:00-04:00,7746.0,7746.0,7741.0,7741.0,26
2026-09-02 14:10:00-04:00,7745.0,7745.5,7744.75,7744.75,9
2026-09-02 14:15:00-04:00,7745.25,7754.25,7745.25,7749.25,123
2026-09-02 14:20:00-04:00,7749.5,7751.0,7747.75,7747.75,19
2026-09-02 14:25:00-04:00,7747.5,7747.5,7746.0,7746.0,4
2026-09-02 14:30:00-04:00,7746.75,7748.0,7746.75,7747.75,6
2026-09-02 14:35:00-04:00,7745.5,7745.5,7743.0,7743.0,6
2026-09-02 14:40:00-04:00,7740.75,7741.25,7740.25,7741.0,6
2026-09-02 14:45:00-04:00,7740.5,7743.25,7739.75,7742.25,10
2026-09-02 14:50:00-04:00,7742.5,7743.0,7740.25,7741.75,8
2026-09-02 14:55:00-04:00,7742.5,7743.5,7740.75,7741.0,11
2026-09-02 15:00:00-04:00,7741.25,7742.5,7741.25,7742.5,5
2026-09-02 15:05:00-04:00,7743.75,7745.5,7743.25,7745.5,7
2026-09-02 15:10:00-04:00,7746.25,7747.75,7746.25,7747.75,3
2026-09-02 15:15:00-04:00,7747.25,7747.25,7746.0,7746.5,5
2026-09-02 15:20:00-04:00,7746.5,7746.5,7746.0,7746.0,5
2026-09-02 15:25:00-04:00,7745.25,7748.25,7745.25,7747.75,18
2026-09-02 15:30:00-04:00,7748.25,7748.25,7745.0,7745.0,12
2026-09-02 15:35:00-04:00,7745.25,7746.25,7744.75,7744.75,8
2026-09-02 15:40:00-04:00,7744.0,7746.75,7744.0,7746.25,5
2026-09-02 15:45:00-04:00,7746.75,7747.75,7745.75,7747.0,11
2026-09-02 15:50:00-04:00,7746.5,7746.5,7743.0,7746.25,18
2026-09-02 15:55:00-04:00,7745.5,7745.5,7741.25,7745.0,71
2026-09-02 16:00:00-04:00,7745.5,7747.0,7744.25,7747.0,51
2026-09-02 16:05:00-04:00,7748.25,7748.25,7747.0,7747.0,2
2026-09-02 16:10:00-04:00,7747.75,7748.25,7746.5,7747.5,11
2026-09-02 16:15:00-04:00,7746.25,7746.25,7735.0,7735.0,25
2026-09-02 16:20:00-04:00,7736.75,7736.75,7736.5,7736.5,2
2026-09-02 16:25:00-04:00,7738.75,7739.75,7738.0,7738.0,5
2026-09-02 16:30:00-04:00,7737.75,7737.75,7737.25,7737.25,2
2026-09-02 16:35:00-04:00,7737.5,7737.5,7737.5,7737.5,1
2026-09-02 16:40:00-04:00,7737.5,7737.5,7736.5,7736.5,2
2026-09-02 16:45:00-04:00,7736.5,7737.75,7736.5,7737.75,4
2026-09-02 16:55:00-04:00,7738.0,7738.0,7736.0,7736.0,4
2026-09-02 18:00:00-04:00,7740.75,7740.75,7739.25,7739.25,2
2026-09-02 18:10:00-04:00,7741.25,7741.25,7741.25,7741.25,2
2026-09-02 18:15:00-04:00,7743.75,7743.75,7743.75,7743.75,1
2026-09-02 18:20:00-04:00,7746.0,7746.0,7746.0,7746.0,1
2026-09-02 18:35:00-04:00,7745.0,7745.0,7745.0,7745.0,1
2026-09-02 19:10:00-04:00,7742.0,7742.0,7742.0,7742.0,1
2026-09-02 19:15:00-04:00,7742.5,7742.5,7742.5,7742.5,3
2026-09-02 19:20:00-04:00,7741.5,7741.5,7741.25,7741.25,7
2026-09-02 19:25:00-04:00,7742.5,7743.25,7742.5,7743.25,20
2026-09-02 19:35:00-04:00,7743.25,7743.25,7743.25,7743.25,5
2026-09-02 19:45:00-04:00,7748.0,7748.0,7747.0,7747.0,2
2026-09-02 19:50:00-04:00,7747.25,7747.25,7747.25,7747.25,1
2026-09-02 19:55:00-04:00,7747.5,7747.5,7747.0,7747.0,2
2026-09-02 20:10:00-04:00,7743.75,7743.75,7743.5,7743.5,2
2026-09-02 20:15:00-04:00,7739.75,7740.5,7739.75,7740.5,2
2026-09-02 20:25:00-04:00,7739.25,7739.25,7739.25,7739.25,1
2026-09-02 20:30:00-04:00,7739.25,7739.25,7739.25,7739.25,2
2026-09-02 20:40:00-04:00,7740.25,7740.25,7739.25,7739.25,6
2026-09-02 20:45:00-04:00,7740.25,7740.25,7740.25,7740.25,1
2026-09-02 20:55:00-04:00,7740.0,7740.0,7740.0,7740.0,1
2026-09-02 21:00:00-04:00,7739.0,7740.0,7738.75,7740.0,3
2026-09-02 21:05:00-04:00,7744.0,7744.0,7744.0,7744.0,1
2026-09-02 21:15:00-04:00,7745.0,7745.0,7745.0,7745.0,1
2026-09-02 21:25:00-04:00,7741.5,7741.5,7741.5,7741.5,1
2026-09-02 21:35:00-04:00,7745.25,7745.25,7745.0,7745.0,2
2026-09-02 21:55:00-04:00,7740.0,7740.0,7738.75,7738.75,8
2026-09-02 22:00:00-04:00,7738.5,7738.5,7738.5,7738.5,1
2026-09-02 22:05:00-04:00,7741.0,7742.5,7741.0,7742.5,2
2026-09-02 22:10:00-04:00,7743.5,7743.5,7743.5,7743.5,1
2026-09-02 22:25:00-04:00,7745.0,7745.0,7745.0,7745.0,1
2026-09-02 22:45:00-04:00,7743.25,7743.25,7743.25,7743.25,1
2026-09-02 22:55:00-04:00,7746.0,7746.0,7746.0,7746.0,2
2026-09-02 23:00:00-04:00,7745.0,7745.0,7744.75,7745.0,4
2026-09-02 23:10:00-04:00,7746.5,7746.5,7746.5,7746.5,1
2026-09-02 23:15:00-04:00,7748.0,7750.25,7747.5,7750.25,8
2026-09-02 23:50:00-04:00,7750.0,7750.0,7750.0,7750.0,1
2026-09-03 00:05:00-04:00,7750.25,7750.75,7750.25,7750.75,4
2026-09-03 00:40:00-04:00,7748.0,7748.0,7748.0,7748.0,1
2026-09-03 00:55:00-04:00,7746.25,7746.25,7746.25,7746.25,1
2026-09-03 01:00:00-04:00,7744.0,7744.0,7744.0,7744.0,4
2026-09-03 01:10:00-04:00,7740.0,7740.0,7740.0,7740.0,1
2026-09-03 01:15:00-04:00,7737.75,7737.75,7735.0,7735.0,6
2026-09-03 01:20:00-04:00,7732.25,7732.25,7730.0,7730.0,12
2026-09-03 01:25:00-04:00,7731.75,7732.0,7731.75,7731.75,3
2026-09-03 01:30:00-04:00,7733.0,7735.5,7733.0,7735.5,2
2026-09-03 01:35:00-04:00,7737.5,7737.5,7737.5,7737.5,1
2026-09-03 01:40:00-04:00,7735.25,7735.25,7735.25,7735.25,5
2026-09-03 01:45:00-04:00,7736.75,7739.25,7736.5,7739.25,4
2026-09-03 01:50:00-04:00,7742.5,7744.0,7742.5,7744.0,2
2026-09-03 01:55:00-04:00,7744.5,7745.5,7744.25,7745.25,59
2026-09-03 02:00:00-04:00,7745.5,7746.0,7744.0,7745.25,22
2026-09-03 02:05:00-04:00,7745.75,7746.75,7745.5,7746.5,28
2026-09-03 02:10:00-04:00,7742.5,7742.5,7742.5,7742.5,1
2026-09-03 02:15:00-04:00,7744.0,7744.0,7744.0,7744.0,1
2026-09-03 02:30:00-04:00,7742.5,7742.75,7741.25,7742.75,11
2026-09-03 02:35:00-04:00,7743.0,7743.0,7741.75,7742.25,3
2026-09-03 02:40:00-04:00,7743.25,7743.25,7743.25,7743.25,1
2026-09-03 02:50:00-04:00,7740.5,7741.25,7740.5,7741.25,5
2026-09-03 02:55:00-04:00,7739.5,7739.5,7739.5,7739.5,1
2026-09-03 03:05:00-04:00,7748.75,7748.75,7746.75,7746.75,5
2026-09-03 03:10:00-04:00,7745.75,7745.75,7745.75,7745.75,1
2026-09-03 03:20:00-04:00,7746.75,7747.0,7746.5,7746.5,3
2026-09-03 03:25:00-04:00,7746.25,7746.25,7742.0,7742.0,3
2026-09-03 03:35:00-04:00,7747.25,7750.25,7747.25,7750.25,2
2026-09-03 03:55:00-04:00,7749.5,7750.5,7749.5,7750.5,2
2026-09-03 04:00:00-04:00,7752.75,7757.0,7750.25,7754.5,31
2026-09-03 04:05:00-04:00,7759.5,7760.0,7753.0,7753.0,23
2026-09-03 04:10:00-04:00,7755.0,7755.75,7755.0,7755.75,3
2026-09-03 04:15:00-04:00,7753.5,7754.25,7752.0,7752.75,14
2026-09-03 04:20:00-04:00,7754.0,7754.0,7753.0,7753.25,7
2026-09-03 04:25:00-04:00,7755.0,7755.0,7754.5,7754.5,4
2026-09-03 04:30:00-04:00,7754.25,7754.25,7754.25,7754.25,1
2026-09-03 04:40:00-04:00,7753.75,7753.75,7753.75,7753.75,1
2026-09-03 04:50:00-04:00,7751.0,7752.0,7751.0,7751.75,6
2026-09-03 04:55:00-04:00,7751.75,7751.75,7750.25,7750.25,25
2026-09-03 05:00:00-04:00,7751.75,7752.25,7750.5,7751.25,23
2026-09-03 05:05:00-04:00,7752.25,7752.25,7751.25,7751.75,30
2026-09-03 05:10:00-04:00,7752.0,7752.5,7751.75,7752.5,7
2026-09-03 05:15:00-04:00,7751.25,7751.25,7751.25,7751.25,1
2026-09-03 05:20:00-04:00,7750.5,7750.5,7749.75,7749.75,3
2026-09-03 05:25:00-04:00,7751.0,7751.0,7749.5,7749.5,6
2026-09-03 05:30:00-04:00,7749.25,7749.25,7747.25,7747.25,6
2026-09-03 05:40:00-04:00,7746.75,7746.75,7746.75,7746.75,2
2026-09-03 05:45:00-04:00,7746.0,7746.0,7744.0,7744.0,7
2026-09-03 05:50:00-04:00,7744.25,7744.25,7743.5,7743.75,10
2026-09-03 05:55:00-04:00,7741.25,7742.0,7740.0,7740.0,18
2026-09-03 06:00:00-04:00,7741.5,7743.0,7741.5,7743.0,8
2026-09-03 06:05:00-04:00,7743.25,7743.25,7743.25,7743.25,2
2026-09-03 06:10:00-04:00,7739.0,7739.0,7738.5,7738.5,33
2026-09-03 06:15:00-04:00,7740.0,7740.0,7739.5,7739.5,2
2026-09-03 06:20:00-04:00,7738.0,7738.0,7738.0,7738.0,5
2026-09-03 06:25:00-04:00,7737.75,7737.75,7737.75,7737.75,1
2026-09-03 06:30:00-04:00,7738.5,7738.5,7738.0,7738.0,3
2026-09-03 06:40:00-04:00,7740.0,7740.0,7739.75,7739.75,3
2026-09-03 06:45:00-04:00,7739.0,7739.0,7738.75,7738.75,3
2026-09-03 07:05:00-04:00,7744.0,7748.25,7744.0,7747.25,14
2026-09-03 07:10:00-04:00,7747.0,7747.75,7747.0,7747.75,2
2026-09-03 07:15:00-04:00,7749.0,7751.0,7749.0,7751.0,5
2026-09-03 07:25:00-04:00,7751.0,7751.0,7751.0,7751.0,1
2026-09-03 07:30:00-04:00,7747.75,7748.75,7739.0,7748.75,50
2026-09-03 07:35:00-04:00,7749.5,7749.75,7746.25,7746.25,8
2026-09-03 07:40:00-04:00,7746.5,7746.5,7746.5,7746.5,1
2026-09-03 07:45:00-04:00,7745.0,7745.0,7742.5,7742.5,3
2026-09-03 07:50:00-04:00,7741.0,7741.25,7740.75,7740.75,7
2026-09-03 07:55:00-04:00,7741.0,7741.0,7741.0,7741.0,4
2026-09-03 08:00:00-04:00,7741.25,7743.5,7741.25,7743.5,6
2026-09-03 08:05:00-04:00,7744.25,7745.0,7744.25,7745.0,3
2026-09-03 08:10:00-04:00,7746.5,7746.5,7745.5,7745.5,2
2026-09-03 08:15:00-04:00,7743.5,7743.75,7743.0,7743.75,5
2026-09-03 08:20:00-04:00,7748.0,7748.25,7748.0,7748.25,2
2026-09-03 08:25:00-04:00,7748.25,7748.75,7748.25,7748.75,4
2026-09-03 08:30:00-04:00,7750.0,7766.0,7750.0,7760.5,122
2026-09-03 08:35:00-04:00,7757.75,7759.75,7756.75,7759.75,11
2026-09-03 08:40:00-04:00,7757.0,7757.0,7757.0,7757.0,1
2026-09-03 08:45:00-04:00,7757.5,7760.0,7757.5,7760.0,4
2026-09-03 08:50:00-04:00,7760.25,7766.0,7760.25,7766.0,47
2026-09-03 08:55:00-04:00,7767.0,7770.25,7766.5,7768.25,50
2026-09-03 09:00:00-04:00,7766.75,7766.75,7762.25,7765.0,10
2026-09-03 09:05:00-04:00,7763.75,7765.25,7761.25,7762.75,13
2026-09-03 09:10:00-04:00,7769.25,7770.0,7769.25,7769.5,7
2026-09-03 09:15:00-04:00,7768.75,7770.0,7764.5,7764.75,11
2026-09-03 09:20:00-04:00,7764.75,7767.25,7764.75,7766.75,22
2026-09-03 09:25:00-04:00,7766.5,7772.5,7766.5,7770.75,22
2026-09-03 09:30:00-04:00,7772.75,7784.5,7772.75,7782.0,155
2026-09-03 09:35:00-04:00,7781.25,7790.0,7777.75,7790.0,124
2026-09-03 09:40:00-04:00,7789.25,7791.0,7786.25,7789.0,54
2026-09-03 09:45:00-04:00,7791.0,7792.25,7787.5,7789.0,71
2026-09-03 09:50:00-04:00,7789.5,7793.0,7786.75,7786.75,40
2026-09-03 09:55:00-04:00,7788.25,7788.25,7784.0,7784.0,43
2026-09-03 10:00:00-04:00,7785.0,7785.25,7772.0,7774.75,91
2026-09-03 10:05:00-04:00,7774.5,7775.5,7768.0,7770.25,156
2026-09-03 10:10:00-04:00,7770.5,7775.0,7767.5,7773.5,54
2026-09-03 10:15:00-04:00,7776.0,7778.75,7775.0,7777.25,37
2026-09-03 10:20:00-04:00,7780.25,7782.25,7778.5,7781.0,24
2026-09-03 10:25:00-04:00,7780.0,7781.5,7778.75,7779.25,14
2026-09-03 10:30:00-04:00,7778.75,7780.0,7771.0,7771.0,22
2026-09-03 10:35:00-04:00,7772.5,7776.0,7772.25,7774.75,20
2026-09-03 10:40:00-04:00,7774.0,7778.5,7772.75,7774.25,28
2026-09-03 10:45:00-04:00,7774.25,7780.0,7772.75,7780.0,46
2026-09-03 10:50:00-04:00,7780.0,7780.0,7775.0,7778.0,32
2026-09-03 10:55:00-04:00,7778.25,7784.25,7767.0,7784.25,105
2026-09-03 11:00:00-04:00,7786.25,7797.5,7786.0,7797.25,217
2026-09-03 11:05:00-04:00,7797.5,7801.5,7797.5,7800.5,275
2026-09-03 11:10:00-04:00,7800.75,7807.25,7800.25,7807.0,48
2026-09-03 11:15:00-04:00,7808.5,7813.5,7808.5,7813.0,33
2026-09-03 11:20:00-04:00,7813.25,7815.5,7808.25,7814.5,47
2026-09-03 11:25:00-04:00,7815.0,7822.75,7813.75,7822.5,80
2026-09-03 11:30:00-04:00,7823.0,7825.5,7821.0,7822.25,172
2026-09-03 11:35:00-04:00,7822.5,7822.75,7818.0,7818.0,51
2026-09-03 11:40:00-04:00,7818.75,7821.75,7816.75,7819.5,103
2026-09-03 11:45:00-04:00,7819.25,7823.5,7819.25,7822.75,41
2026-09-03 11:50:00-04:00,7823.25,7825.75,7823.25,7824.5,26
2026-09-03 11:55:00-04:00,7824.75,7826.5,7823.5,7826.5,36
2026-09-03 12:00:00-04:00,7825.75,7826.0,7822.25,7822.25,160
2026-09-03 12:05:00-04:00,7821.25,7822.0,7818.5,7819.5,17
2026-09-03 12:10:00-04:00,7818.25,7820.0,7817.75,7820.0,20
2026-09-03 12:15:00-04:00,7820.5,7820.5,7819.0,7820.5,42
2026-09-03 12:20:00-04:00,7819.5,7820.0,7818.5,7819.25,32
2026-09-03 12:25:00-04:00,7818.0,7818.0,7815.5,7817.5,12
2026-09-03 12:30:00-04:00,7816.5,7819.0,7816.25,7818.75,23
2026-09-03 12:35:00-04:00,7817.75,7823.25,7817.25,7823.25,48
2026-09-03 12:40:00-04:00,7823.0,7825.25,7823.0,7824.75,38
2026-09-03 12:45:00-04:00,7823.75,7825.25,7823.75,7823.75,15
2026-09-03 12:50:00-04:00,7823.25,7824.25,7820.75,7821.25,35
2026-09-03 12:55:00-04:00,7821.75,7822.75,7820.75,7822.0,12
2026-09-03 13:00:00-04:00,7821.5,7821.5,7820.5,7820.75,4
2026-09-03 13:05:00-04:00,7821.0,7822.0,7817.75,7817.75,12
2026-09-03 13:10:00-04:00,7817.25,7818.0,7816.75,7817.25,36
2026-09-03 13:15:00-04:00,7818.25,7818.25,7816.75,7816.75,11
2026-09-03 13:20:00-04:00,7816.0,7816.25,7814.5,7815.75,20
2026-09-03 13:25:00-04:00,7815.75,7819.0,7815.75,7818.25,19
2026-09-03 13:30:00-04:00,7821.0,7821.75,7820.5,7821.75,7
2026-09-03 13:35:00-04:00,7822.0,7823.0,7822.0,7823.0,7
2026-09-03 13:40:00-04:00,7823.25,7824.25,7823.25,7823.75,8
2026-09-03 13:45:00-04:00,7824.25,7824.5,7822.25,7823.0,35
2026-09-03 13:50:00-04:00,7823.0,7828.0,7822.75,7827.0,31
2026-09-03 13:55:00-04:00,7828.0,7828.0,7825.75,7825.75,14
2026-09-03 14:00:00-04:00,7826.25,7832.5,7826.25,7830.75,138
2026-09-03 14:05:00-04:00,7831.0,7832.5,7830.0,7831.5,67
2026-09-03 14:10:00-04:00,7831.5,7832.5,7830.5,7831.75,64
2026-09-03 14:15:00-04:00,7831.5,7833.5,7830.0,7830.0,48
2026-09-03 14:20:00-04:00,7830.75,7831.0,7829.0,7830.0,18
2026-09-03 14:25:00-04:00,7831.0,7831.0,7830.5,7830.75,12
2026-09-03 14:30:00-04:00,7830.5,7832.0,7829.75,7832.0,7
2026-09-03 14:35:00-04:00,7831.5,7831.75,7831.25,7831.5,9
2026-09-03 14:40:00-04:00,7831.0,7831.0,7828.5,7829.25,8
2026-09-03 14:45:00-04:00,7829.5,7830.75,7829.5,7830.75,29
2026-09-03 14:50:00-04:00,7831.25,7831.25,7829.0,7829.25,11
2026-09-03 14:55:00-04:00,7829.0,7829.0,7827.75,7828.25,11
2026-09-03 15:00:00-04:00,7830.0,7830.0,7828.25,7828.75,9
2026-09-03 15:05:00-04:00,7828.75,7830.0,7828.25,7828.5,9
2026-09-03 15:10:00-04:00,7829.0,7829.0,7826.75,7826.75,10
2026-09-03 15:15:00-04:00,7827.25,7827.5,7826.25,7827.5,9
2026-09-03 15:20:00-04:00,7828.5,7828.5,7825.25,7825.25,16
2026-09-03 15:25:00-04:00,7824.75,7826.5,7824.75,7826.5,9
2026-09-03 15:30:00-04:00,7827.25,7828.25,7825.75,7825.75,22
2026-09-03 15:35:00-04:00,7827.0,7828.25,7827.0,7827.25,10
2026-09-03 15:40:00-04:00,7827.25,7827.25,7825.25,7825.75,17
2026-09-03 15:45:00-04:00,7826.0,7826.25,7824.25,7825.25,31
2026-09-03 15:50:00-04:00,7825.5,7825.5,7823.5,7825.0,20
2026-09-03 15:55:00-04:00,7824.75,7824.75,7819.75,7824.0,88
2026-09-03 16:00:00-04:00,7824.0,7826.0,7818.75,7820.75,86
2026-09-03 16:05:00-04:00,7820.5,7822.0,7820.5,7822.0,4
2026-09-03 16:10:00-04:00,7820.25,7820.5,7820.25,7820.5,2
2026-09-03 16:15:00-04:00,7820.25,7820.25,7819.5,7820.0,11
2026-09-03 16:20:00-04:00,7818.25,7818.5,7818.0,7818.5,5
2026-09-03 16:30:00-04:00,7818.0,7818.0,7818.0,7818.0,1
2026-09-03 16:45:00-04:00,7817.0,7817.0,7816.75,7816.75,7
2026-09-03 16:50:00-04:00,7816.25,7816.25,7816.25,7816.25,4
2026-09-03 16:55:00-04:00,7816.25,7817.0,7816.25,7817.0,4
2026-09-03 18:00:00-04:00,7818.0,7819.5,7817.0,7818.25,11
2026-09-03 18:05:00-04:00,7816.5,7816.5,7816.5,7816.5,1
2026-09-03 18:15:00-04:00,7818.5,7818.5,7818.5,7818.5,1
2026-09-03 18:20:00-04:00,7817.75,7817.75,7817.75,7817.75,1
2026-09-03 18:25:00-04:00,7817.75,7818.25,7817.75,7818.25,2
2026-09-03 18:30:00-04:00,7819.5,7819.5,7819.5,7819.5,4
2026-09-03 18:35:00-04:00,7819.0,7819.0,7819.0,7819.0,1
2026-09-03 18:45:00-04:00,7819.5,7819.5,7819.5,7819.5,1
2026-09-03 18:55:00-04:00,7820.5,7820.5,7820.5,7820.5,2
2026-09-03 19:05:00-04:00,7820.5,7821.0,7820.5,7821.0,45
2026-09-03 19:10:00-04:00,7821.0,7821.0,7820.0,7820.0,7
2026-09-03 19:15:00-04:00,7819.25,7819.5,7819.25,7819.5,2
2026-09-03 19:25:00-04:00,7820.25,7820.25,7820.25,7820.25,3
2026-09-03 19:55:00-04:00,7820.25,7820.25,7820.25,7820.25,1
2026-09-03 20:10:00-04:00,7820.5,7820.75,7820.25,7820.25,3
2026-09-03 20:15:00-04:00,7820.25,7820.5,7820.25,7820.5,8
2026-09-03 20:20:00-04:00,7821.75,7821.75,7821.75,7821.75,1
2026-09-03 20:25:00-04:00,7821.0,7821.0,7821.0,7821.0,3
2026-09-03 20:35:00-04:00,7820.75,7820.75,7820.75,7820.75,2
2026-09-03 20:40:00-04:00,7822.0,7822.0,7822.0,7822.0,1
2026-09-03 20:45:00-04:00,7822.5,7822.5,7822.5,7822.5,1
2026-09-03 20:55:00-04:00,7823.0,7823.0,7823.0,7823.0,2
2026-09-03 21:00:00-04:00,7823.0,7823.0,7822.5,7822.5,3
2026-09-03 21:10:00-04:00,7821.75,7821.75,7821.75,7821.75,1
2026-09-03 21:35:00-04:00,7823.5,7823.5,7823.5,7823.5,1
2026-09-03 22:00:00-04:00,7823.5,7824.0,7823.5,7823.5,3
2026-09-03 22:05:00-04:00,7823.5,7823.5,7823.25,7823.25,4
2026-09-03 22:25:00-04:00,7825.0,7825.0,7825.0,7825.0,2
2026-09-03 22:45:00-04:00,7824.5,7824.5,7824.5,7824.5,2
2026-09-03 22:50:00-04:00,7825.0,7825.0,7825.0,7825.0,1
2026-09-03 22:55:00-04:00,7826.0,7826.0,7826.0,7826.0,1
2026-09-03 23:15:00-04:00,7825.25,7825.25,7825.25,7825.25,1
2026-09-03 23:20:00-04:00,7826.0,7826.0,7825.75,7825.75,3
2026-09-03 23:30:00-04:00,7826.0,7826.0,7826.0,7826.0,2
2026-09-03 23:55:00-04:00,7826.0,7826.0,7826.0,7826.0,1
2026-09-04 00:10:00-04:00,7826.0,7826.0,7826.0,7826.0,1
2026-09-04 00:20:00-04:00,7827.25,7827.25,7827.25,7827.25,1
2026-09-04 00:30:00-04:00,7828.75,7828.75,7828.75,7828.75,1
2026-09-04 01:00:00-04:00,7828.5,7828.5,7828.5,7828.5,1
2026-09-04 01:05:00-04:00,7830.25,7830.25,7829.75,7829.75,2
2026-09-04 01:15:00-04:00,7831.0,7831.25,7831.0,7831.25,2
2026-09-04 01:30:00-04:00,7830.5,7830.5,7830.5,7830.5,1
2026-09-04 01:35:00-04:00,7830.75,7830.75,7830.75,7830.75,1
2026-09-04 01:50:00-04:00,7827.75,7827.75,7827.75,7827.75,1
2026-09-04 02:00:00-04:00,7829.5,7829.5,7829.5,7829.5,1
2026-09-04 02:20:00-04:00,7829.5,7830.5,7829.5,7830.0,7
2026-09-04 02:25:00-04:00,7830.0,7830.0,7830.0,7830.0,1
2026-09-04 02:30:00-04:00,7829.5,7829.5,7827.75,7827.75,3
2026-09-04 02:35:00-04:00,7827.75,7827.75,7827.5,7827.5,2
2026-09-04 02:55:00-04:00,7823.75,7823.75,7823.75,7823.75,1
2026-09-04 03:00:00-04:00,7823.25,7823.25,7823.25,7823.25,1
2026-09-04 03:05:00-04:00,7825.0,7825.0,7825.0,7825.0,1
2026-09-04 03:10:00-04:00,7825.0,7825.0,7825.0,7825.0,1
2026-09-04 03:15:00-04:00,7824.25,7824.25,7824.25,7824.25,1
2026-09-04 03:20:00-04:00,7825.75,7825.75,7825.75,7825.75,1
2026-09-04 03:35:00-04:00,7828.0,7828.0,7828.0,7828.0,1
2026-09-04 03:40:00-04:00,7830.5,7830.5,7830.5,7830.5,1
2026-09-04 03:50:00-04:00,7828.0,7828.0,7828.0,7828.0,8
2026-09-04 03:55:00-04:00,7827.75,7827.75,7827.75,7827.75,1
2026-09-04 04:00:00-04:00,7827.0,7827.5,7827.0,7827.5,3
2026-09-04 04:10:00-04:00,7827.25,7827.75,7826.75,7827.75,3
2026-09-04 04:15:00-04:00,7827.5,7827.5,7827.5,7827.5,2
2026-09-04 04:20:00-04:00,7827.5,7827.5,7827.25,7827.25,4
2026-09-04 04:30:00-04:00,7828.0,7828.0,7828.0,7828.0,1
2026-09-04 04:35:00-04:00,7827.75,7828.25,7827.25,7827.75,6
2026-09-04 04:40:00-04:00,7827.5,7827.5,7826.75,7826.75,10
2026-09-04 04:45:00-04:00,7828.5,7829.25,7828.5,7829.25,3
2026-09-04 04:55:00-04:00,7830.5,7830.5,7830.5,7830.5,1
2026-09-04 05:05:00-04:00,7828.5,7828.5,7828.5,7828.5,2
2026-09-04 05:10:00-04:00,7826.0,7826.0,7826.0,7826.0,1
2026-09-04 05:15:00-04:00,7826.0,7826.25,7826.0,7826.25,3
2026-09-04 05:30:00-04:00,7822.75,7823.0,7822.75,7823.0,3
2026-09-04 05:40:00-04:00,7825.75,7826.0,7825.75,7826.0,2
2026-09-04 05:45:00-04:00,7826.25,7826.5,7826.25,7826.5,9
2026-09-04 05:50:00-04:00,7825.75,7825.75,7825.75,7825.75,1
2026-09-04 05:55:00-04:00,7825.25,7825.25,7825.0,7825.0,3
2026-09-04 06:05:00-04:00,7825.75,7825.75,7825.75,7825.75,2
2026-09-04 06:10:00-04:00,7827.75,7827.75,7827.75,7827.75,1
2026-09-04 06:15:00-04:00,7827.25,7827.25,7827.0,7827.0,4
2026-09-04 06:25:00-04:00,7828.25,7829.0,7828.25,7829.0,3
2026-09-04 06:35:00-04:00,7827.25,7828.0,7826.5,7827.75,16
2026-09-04 06:40:00-04:00,7828.0,7829.25,7827.5,7828.5,11
2026-09-04 06:45:00-04:00,7830.0,7830.5,7830.0,7830.5,5
2026-09-04 06:50:00-04:00,7830.0,7830.0,7830.0,7830.0,1
2026-09-04 07:20:00-04:00,7826.75,7826.75,7826.75,7826.75,1
2026-09-04 07:25:00-04:00,7827.0,7827.0,7826.75,7826.75,2
2026-09-04 07:35:00-04:00,7827.5,7827.5,7827.5,7827.5,1
2026-09-04 07:40:00-04:00,7827.5,7827.5,7827.5,7827.5,1
2026-09-04 07:45:00-04:00,7828.0,7829.25,7828.0,7829.25,6
2026-09-04 07:55:00-04:00,7829.75,7830.0,7829.75,7830.0,2
2026-09-04 08:00:00-04:00,7830.0,7830.0,7822.5,7822.5,9
2026-09-04 08:05:00-04:00,7822.25,7822.5,7819.0,7819.25,24
2026-09-04 08:10:00-04:00,7820.75,7820.75,7817.5,7817.5,7
2026-09-04 08:15:00-04:00,7818.25,7818.25,7812.0,7817.75,81
2026-09-04 08:20:00-04:00,7821.25,7821.5,7821.25,7821.5,10
2026-09-04 08:25:00-04:00,7822.5,7824.5,7822.5,7824.25,7
2026-09-04 08:30:00-04:00,7825.0,7825.0,7800.25,7805.25,240
2026-09-04 08:35:00-04:00,7806.0,7810.0,7805.5,7808.5,63
2026-09-04 08:40:00-04:00,7808.75,7811.5,7807.0,7807.25,75
2026-09-04 08:45:00-04:00,7807.25,7807.5,7799.5,7803.0,66
2026-09-04 08:50:00-04:00,7803.75,7807.25,7803.75,7804.75,35
2026-09-04 08:55:00-04:00,7804.0,7806.75,7804.0,7806.25,11
2026-09-04 09:00:00-04:00,7803.75,7805.75,7802.5,7804.0,71
2026-09-04 09:05:00-04:00,7804.0,7807.25,7804.0,7804.75,12
2026-09-04 09:10:00-04:00,7803.75,7803.75,7803.75,7803.75,1
2026-09-04 09:15:00-04:00,7806.25,7808.5,7806.25,7807.0,8
2026-09-04 09:20:00-04:00,7808.25,7810.25,7807.75,7810.25,13
2026-09-04 09:25:00-04:00,7810.5,7810.5,7808.5,7809.25,46
2026-09-04 09:30:00-04:00,7810.0,7817.75,7809.25,7817.0,148
2026-09-04 09:35:00-04:00,7816.25,7818.0,7813.75,7815.0,27
2026-09-04 09:40:00-04:00,7814.0,7814.5,7808.25,7810.0,175
2026-09-04 09:45:00-04:00,7811.75,7815.5,7810.0,7815.0,20
2026-09-04 09:50:00-04:00,7814.5,7814.5,7809.75,7813.0,20
2026-09-04 09:55:00-04:00,7812.75,7814.5,7810.75,7810.75,23
2026-09-04 10:00:00-04:00,7811.75,7812.0,7808.5,7809.0,23
2026-09-04 10:05:00-04:00,7810.0,7810.5,7804.75,7805.0,28
2026-09-04 10:10:00-04:00,7804.75,7806.25,7798.25,7806.25,39
2026-09-04 10:15:00-04:00,7806.25,7806.25,7800.5,7800.5,13
2026-09-04 10:20:00-04:00,7799.0,7801.5,7799.0,7801.0,45
2026-09-04 10:25:00-04:00,7801.25,7802.25,7797.25,7801.75,36
2026-09-04 10:30:00-04:00,7802.25,7802.25,7797.0,7797.5,70
2026-09-04 10:35:00-04:00,7797.75,7801.0,7797.25,7800.25,132
2026-09-04 10:40:00-04:00,7800.5,7800.5,7792.25,7792.25,116
2026-09-04 10:45:00-04:00,7792.25,7794.25,7786.75,7786.75,180
2026-09-04 10:50:00-04:00,7786.75,7790.5,7785.0,7785.0,146
2026-09-04 10:55:00-04:00,7785.0,7786.5,7782.25,7783.0,193
2026-09-04 11:00:00-04:00,7783.25,7785.25,7779.75,7784.25,135
2026-09-04 11:05:00-04:00,7783.5,7786.5,7783.0,7785.75,150
2026-09-04 11:10:00-04:00,7785.75,7788.5,7783.25,7788.5,126
2026-09-04 11:15:00-04:00,7788.5,7789.0,7781.75,7782.5,112
2026-09-04 11:20:00-04:00,7782.75,7783.25,7780.5,7781.75,126
2026-09-04 11:25:00-04:00,7781.75,7783.75,7780.5,7783.5,113
2026-09-04 11:30:00-04:00,7783.0,7783.25,7779.0,7781.0,129
2026-09-04 11:35:00-04:00,7781.5,7784.25,7781.25,7784.25,68
2026-09-04 11:40:00-04:00,7784.5,7789.25,7784.0,7788.75,82
2026-09-04 11:45:00-04:00,7788.75,7789.5,7785.5,7786.75,64
2026-09-04 11:50:00-04:00,7786.75,7788.5,7786.0,7788.25,69
2026-09-04 11:55:00-04:00,7788.0,7789.0,7786.0,7788.5,74
2026-09-04 12:00:00-04:00,7788.75,7790.0,7787.5,7790.0,73
2026-09-04 12:05:00-04:00,7790.5,7795.0,7788.75,7792.25,105
2026-09-04 12:10:00-04:00,7793.0,7796.5,7792.0,7796.25,81
2026-09-04 12:15:00-04:00,7796.5,7797.75,7794.75,7797.75,59
2026-09-04 12:20:00-04:00,7798.25,7800.75,7797.5,7797.5,50
2026-09-04 12:25:00-04:00,7797.75,7797.75,7796.0,7797.0,31
2026-09-04 12:30:00-04:00,7795.75,7798.5,7794.75,7798.5,24
2026-09-04 12:35:00-04:00,7797.25,7797.25,7796.5,7797.25,8
2026-09-04 12:40:00-04:00,7797.5,7798.75,7796.75,7798.75,9
2026-09-04 12:45:00-04:00,7799.0,7801.5,7799.0,7801.25,40
2026-09-04 12:50:00-04:00,7801.5,7802.0,7800.5,7800.75,9
2026-09-04 12:55:00-04:00,7800.5,7800.5,7798.75,7799.25,32
2026-09-04 13:00:00-04:00,7798.25,7798.25,7793.0,7793.0,19
2026-09-04 13:05:00-04:00,7794.75,7795.5,7792.25,7793.25,38
2026-09-04 13:10:00-04:00,7793.25,7794.0,7793.0,7793.25,10
2026-09-04 13:15:00-04:00,7792.5,7793.5,7791.75,7792.25,27
2026-09-04 13:20:00-04:00,7792.5,7792.5,7790.0,7790.5,17
2026-09-04 13:25:00-04:00,7790.0,7790.5,7788.0,7788.0,9
2026-09-04 13:30:00-04:00,7787.75,7787.75,7784.0,7784.75,47
2026-09-04 13:35:00-04:00,7785.75,7785.75,7785.25,7785.5,14
2026-09-04 13:40:00-04:00,7783.5,7784.0,7782.0,7782.5,15
2026-09-04 13:45:00-04:00,7782.25,7783.5,7780.0,7782.75,37
2026-09-04 13:50:00-04:00,7782.5,7783.75,7782.25,7783.5,8
2026-09-04 13:55:00-04:00,7782.5,7783.75,7782.5,7783.75,4
2026-09-04 14:00:00-04:00,7783.25,7783.75,7781.25,7781.5,4
2026-09-04 14:05:00-04:00,7781.25,7784.5,7781.25,7784.5,14
2026-09-04 14:10:00-04:00,7784.75,7785.75,7784.5,7785.0,9
2026-09-04 14:15:00-04:00,7785.5,7786.75,7785.0,7786.75,12
2026-09-04 14:20:00-04:00,7787.0,7788.0,7787.0,7788.0,5
2026-09-04 14:25:00-04:00,7787.75,7788.5,7787.5,7787.75,5
2026-09-04 14:30:00-04:00,7788.0,7789.0,7788.0,7789.0,4
2026-09-04 14:35:00-04:00,7789.0,7789.25,7787.0,7787.5,6
2026-09-04 14:40:00-04:00,7787.5,7790.5,7787.0,7790.5,24
2026-09-04 14:45:00-04:00,7790.25,7791.0,7790.25,7791.0,7
2026-09-04 14:50:00-04:00,7790.75,7792.0,7790.75,7791.25,9
2026-09-04 14:55:00-04:00,7791.25,7792.75,7791.25,7792.0,6
2026-09-04 15:00:00-04:00,7791.75,7792.25,7787.25,7787.25,13
2026-09-04 15:05:00-04:00,7786.5,7786.5,7785.5,7785.75,15
2026-09-04 15:10:00-04:00,7785.5,7786.75,7785.0,7785.25,12
2026-09-04 15:15:00-04:00,7785.25,7785.75,7785.0,7785.25,5
2026-09-04 15:20:00-04:00,7786.0,7787.0,7785.25,7785.25,10
2026-09-04 15:25:00-04:00,7786.75,7787.5,7786.75,7787.5,5
2026-09-04 15:30:00-04:00,7788.75,7789.5,7787.75,7789.0,10
2026-09-04 15:35:00-04:00,7788.5,7788.5,7785.75,7785.75,4
2026-09-04 15:40:00-04:00,7786.75,7788.0,7786.75,7788.0,10
2026-09-04 15:45:00-04:00,7788.25,7791.0,7788.0,7790.75,17
2026-09-04 15:50:00-04:00,7790.25,7793.0,7790.0,7792.75,53
2026-09-04 15:55:00-04:00,7793.25,7793.25,7786.75,7790.75,143
2026-09-04 16:00:00-04:00,7791.25,7791.5,7787.0,7787.0,52
2026-09-04 16:05:00-04:00,7785.75,7786.0,7784.0,7784.75,10
2026-09-04 16:10:00-04:00,7784.5,7786.5,7784.5,7786.5,8
2026-09-04 16:15:00-04:00,7785.0,7785.0,7785.0,7785.0,1
2026-09-04 16:25:00-04:00,7783.75,7783.75,7783.75,7783.75,3
2026-09-04 16:30:00-04:00,7783.25,7783.25,7782.25,7782.25,17
2026-09-04 16:35:00-04:00,7782.5,7782.5,7782.5,7782.5,4
2026-09-04 16:40:00-04:00,7781.5,7782.25,7781.5,7782.25,2
2026-09-04 16:45:00-04:00,7783.0,7783.0,7783.0,7783.0,1
2026-09-04 16:50:00-04:00,7782.25,7782.5,7782.25,7782.5,3
2026-09-04 16:55:00-04:00,7783.0,7783.0,7783.0,7783.0,1
2026-09-06 18:00:00-04:00,7787.0,7790.0,7786.5,7788.75,9
2026-09-06 18:05:00-04:00,7788.75,7789.25,7788.25,7789.25,6
2026-09-06 18:10:00-04:00,7789.25,7789.25,7788.75,7788.75,4
2026-09-06 18:15:00-04:00,7789.25,7789.5,7788.25,7789.0,13
2026-09-06 18:20:00-04:00,7789.0,7789.0,7788.5,7788.75,11
2026-09-06 18:25:00-04:00,7789.25,7789.25,7788.5,7788.5,8
2026-09-06 18:30:00-04:00,7788.25,7789.5,7788.25,7788.5,15
2026-09-06 18:35:00-04:00,7788.5,7788.75,7788.25,7788.25,6
2026-09-06 18:40:00-04:00,7789.5,7789.5,7789.25,7789.25,4
2026-09-06 18:45:00-04:00,7789.5,7789.5,7789.25,7789.25,4
2026-09-06 18:50:00-04:00,7789.25,7789.5,7789.25,7789.5,2
2026-09-06 18:55:00-04:00,7789.5,7789.75,7789.25,7789.25,4
2026-09-06 19:00:00-04:00,7788.75,7789.25,7788.75,7789.25,5
2026-09-06 19:05:00-04:00,7789.75,7789.75,7789.0,7789.0,4
2026-09-06 19:10:00-04:00,7788.5,7788.75,7788.5,7788.75,7
2026-09-06 19:15:00-04:00,7789.25,7789.25,7788.75,7789.0,4
2026-09-06 19:20:00-04:00,7787.75,7787.75,7787.75,7787.75,5
2026-09-06 19:25:00-04:00,7786.75,7787.0,7786.75,7787.0,2
2026-09-06 19:30:00-04:00,7787.25,7787.25,7787.25,7787.25,3
2026-09-06 19:35:00-04:00,7787.0,7789.75,7787.0,7789.5,9
2026-09-06 19:40:00-04:00,7788.0,7788.75,7788.0,7788.75,2
2026-09-06 19:50:00-04:00,7788.75,7788.75,7788.5,7788.5,15
2026-09-06 19:55:00-04:00,7788.5,7788.5,7787.5,7787.5,3
2026-09-06 20:00:00-04:00,7787.25,7787.25,7786.25,7786.25,23
2026-09-06 20:05:00-04:00,7786.0,7790.25,7786.0,7788.5,22
2026-09-06 20:10:00-04:00,7788.75,7790.5,7788.75,7790.5,3
2026-09-06 20:15:00-04:00,7788.5,7789.5,7787.5,7787.5,17
2026-09-06 20:20:00-04:00,7786.5,7786.5,7786.0,7786.0,2
2026-09-06 20:25:00-04:00,7786.75,7786.75,7786.0,7786.0,4
2026-09-06 20:30:00-04:00,7785.5,7785.5,7784.75,7785.25,7
2026-09-06 20:35:00-04:00,7783.75,7783.75,7783.75,7783.75,1
2026-09-06 20:40:00-04:00,7784.5,7786.5,7784.5,7786.0,12
2026-09-06 20:45:00-04:00,7786.25,7787.25,7786.25,7787.0,9
2026-09-06 20:50:00-04:00,7786.5,7786.5,7785.25,7785.5,9
2026-09-06 20:55:00-04:00,7785.0,7785.0,7784.0,7784.0,2
2026-09-06 21:00:00-04:00,7784.25,7784.5,7784.25,7784.5,3
2026-09-06 21:05:00-04:00,7785.25,7785.25,7783.25,7783.5,9
2026-09-06 21:10:00-04:00,7783.25,7783.75,7783.25,7783.75,4
2026-09-06 21:15:00-04:00,7783.25,7784.0,7782.75,7784.0,7
2026-09-06 21:20:00-04:00,7783.0,7783.25,7782.75,7783.25,17
2026-09-06 21:25:00-04:00,7786.25,7786.25,7786.25,7786.25,1
2026-09-06 21:30:00-04:00,7788.25,7788.25,7787.25,7787.25,10
2026-09-06 21:40:00-04:00,7787.75,7787.75,7787.5,7787.75,5
2026-09-06 21:45:00-04:00,7787.0,7787.0,7787.0,7787.0,1
2026-09-06 21:50:00-04:00,7786.5,7786.5,7786.5,7786.5,1
2026-09-06 21:55:00-04:00,7787.75,7788.0,7787.25,7787.25,7
2026-09-06 22:00:00-04:00,7786.5,7786.5,7786.5,7786.5,1
2026-09-06 22:05:00-04:00,7786.75,7786.75,7786.5,7786.75,6
2026-09-06 22:10:00-04:00,7787.0,7787.0,7787.0,7787.0,1
2026-09-06 22:15:00-04:00,7786.5,7786.5,7785.75,7785.75,8
2026-09-06 22:20:00-04:00,7786.0,7786.0,7784.75,7784.75,7
2026-09-06 22:25:00-04:00,7785.75,7786.5,7785.75,7786.5,4
2026-09-06 22:30:00-04:00,7787.25,7787.25,7787.0,7787.0,3
2026-09-06 22:35:00-04:00,7788.25,7788.25,7788.25,7788.25,1
2026-09-06 22:50:00-04:00,7785.75,7785.75,7785.75,7785.75,1
2026-09-06 22:55:00-04:00,7784.5,7784.5,7783.75,7784.0,10
2026-09-06 23:00:00-04:00,7782.75,7782.75,7782.5,7782.5,8
2026-09-06 23:05:00-04:00,7782.25,7782.5,7781.75,7782.25,7
2026-09-06 23:10:00-04:00,7782.0,7782.0,7781.0,7781.5,6
2026-09-06 23:15:00-04:00,7782.25,7782.25,7782.25,7782.25,1
2026-09-06 23:20:00-04:00,7783.75,7783.75,7783.75,7783.75,1
2026-09-06 23:25:00-04:00,7784.25,7784.25,7784.25,7784.25,2
2026-09-06 23:30:00-04:00,7787.5,7787.5,7787.5,7787.5,1
2026-09-06 23:35:00-04:00,7788.0,7788.0,7785.75,7785.75,4
2026-09-06 23:40:00-04:00,7785.25,7785.25,7784.0,7784.0,5
2026-09-06 23:50:00-04:00,7783.5,7783.5,7783.25,7783.25,3
2026-09-06 23:55:00-04:00,7783.0,7783.0,7782.25,7782.25,3
2026-09-07 00:00:00-04:00,7780.75,7780.75,7780.5,7780.5,2
2026-09-07 00:05:00-04:00,7781.0,7781.5,7781.0,7781.5,2
2026-09-07 00:10:00-04:00,7781.25,7781.25,7781.25,7781.25,1
2026-09-07 00:15:00-04:00,7780.0,7780.25,7780.0,7780.25,6
2026-09-07 00:20:00-04:00,7779.75,7779.75,7779.0,7779.0,4
2026-09-07 00:25:00-04:00,7780.0,7780.0,7779.75,7779.75,2
2026-09-07 00:30:00-04:00,7778.5,7778.5,7778.25,7778.5,4
2026-09-07 00:35:00-04:00,7778.5,7778.5,7777.25,7777.25,9
2026-09-07 00:40:00-04:00,7779.25,7779.25,7779.0,7779.0,3
2026-09-07 00:45:00-04:00,7779.0,7779.0,7778.75,7779.0,4
2026-09-07 00:50:00-04:00,7779.5,7779.5,7779.5,7779.5,1
2026-09-07 00:55:00-04:00,7780.5,7782.0,7780.5,7782.0,4
2026-09-07 01:00:00-04:00,7781.5,7781.5,7780.5,7780.5,4
2026-09-07 01:05:00-04:00,7781.0,7781.0,7781.0,7781.0,1
2026-09-07 01:10:00-04:00,7780.25,7780.25,7780.0,7780.0,3
2026-09-07 01:15:00-04:00,7781.0,7781.0,7780.75,7780.75,5
2026-09-07 01:20:00-04:00,7780.75,7781.75,7780.75,7781.75,7
2026-09-07 01:25:00-04:00,7782.25,7783.0,7781.5,7783.0,11
2026-09-07 01:30:00-04:00,7784.25,7784.25,7783.5,7784.25,8
2026-09-07 01:35:00-04:00,7784.0,7784.25,7784.0,7784.25,3
2026-09-07 01:40:00-04:00,7783.75,7787.0,7783.75,7787.0,7
2026-09-07 01:45:00-04:00,7786.75,7786.75,7786.75,7786.75,1
2026-09-07 01:50:00-04:00,7785.5,7785.75,7784.5,7785.25,7
2026-09-07 01:55:00-04:00,7783.25,7783.25,7783.0,7783.25,7
2026-09-07 02:00:00-04:00,7783.25,7784.25,7783.25,7784.25,8
2026-09-07 02:05:00-04:00,7784.0,7784.0,7781.75,7782.0,8
2026-09-07 02:10:00-04:00,7782.75,7785.75,7782.75,7785.75,9
2026-09-07 02:15:00-04:00,7786.75,7787.5,7786.75,7786.75,7
2026-09-07 02:20:00-04:00,7787.25,7787.75,7787.25,7787.75,4
2026-09-07 02:25:00-04:00,7787.25,7788.0,7786.25,7786.5,9
2026-09-07 02:30:00-04:00,7788.75,7788.75,7788.75,7788.75,1
2026-09-07 02:35:00-04:00,7790.0,7791.0,7790.0,7791.0,5
2026-09-07 02:40:00-04:00,7791.5,7792.0,7790.5,7790.5,4
2026-09-07 02:50:00-04:00,7788.5,7788.5,7788.5,7788.5,2
2026-09-07 02:55:00-04:00,7790.25,7791.0,7790.25,7791.0,3
2026-09-07 03:00:00-04:00,7790.75,7793.75,7790.75,7793.75,8
2026-09-07 03:05:00-04:00,7794.0,7795.75,7793.75,7794.25,30
2026-09-07 03:10:00-04:00,7794.25,7794.25,7792.0,7792.25,8
2026-09-07 03:15:00-04:00,7792.25,7792.25,7791.0,7791.0,6
2026-09-07 03:20:00-04:00,7789.75,7791.25,7789.75,7791.25,6
2026-09-07 03:25:00-04:00,7792.0,7792.0,7791.5,7791.5,2
2026-09-07 03:30:00-04:00,7788.25,7788.25,7788.25,7788.25,2
2026-09-07 03:35:00-04:00,7788.5,7789.0,7788.25,7788.25,9
2026-09-07 03:40:00-04:00,7786.0,7786.0,7784.0,7785.5,7
2026-09-07 03:45:00-04:00,7786.75,7786.75,7786.5,7786.5,2
2026-09-07 03:50:00-04:00,7789.75,7791.25,7789.0,7789.0,21
2026-09-07 03:55:00-04:00,7789.75,7791.75,7789.75,7791.0,58
2026-09-07 04:00:00-04:00,7791.5,7791.5,7789.25,7790.75,72
2026-09-07 04:05:00-04:00,7791.0,7792.0,7791.0,7791.0,6
2026-09-07 04:10:00-04:00,7790.25,7790.25,7787.25,7788.0,20
2026-09-07 04:15:00-04:00,7789.75,7791.25,7789.0,7791.25,12
2026-09-07 04:20:00-04:00,7791.0,7791.0,7789.5,7789.5,6
2026-09-07 04:25:00-04:00,7789.5,7789.75,7789.5,7789.75,3
2026-09-07 04:30:00-04:00,7790.25,7790.25,7789.5,7789.75,6
2026-09-07 04:35:00-04:00,7790.5,7790.5,7790.25,7790.25,2
2026-09-07 04:40:00-04:00,7789.5,7789.5,7788.5,7788.5,5
2026-09-07 04:45:00-04:00,7788.5,7789.0,7786.75,7789.0,11
2026-09-07 04:50:00-04:00,7788.5,7789.0,7788.5,7788.5,11
2026-09-07 05:00:00-04:00,7788.5,7789.25,7788.5,7789.25,3
2026-09-07 05:05:00-04:00,7788.5,7788.5,7787.5,7787.75,9
2026-09-07 05:10:00-04:00,7787.25,7787.5,7787.0,7787.0,11
2026-09-07 05:15:00-04:00,7787.0,7787.25,7785.25,7786.0,7
2026-09-07 05:20:00-04:00,7785.5,7785.5,7784.75,7784.75,4
2026-09-07 05:25:00-04:00,7785.0,7785.0,7785.0,7785.0,2
2026-09-07 05:30:00-04:00,7785.0,7785.0,7784.75,7785.0,3
2026-09-07 05:35:00-04:00,7783.0,7785.0,7783.0,7784.75,7
2026-09-07 05:40:00-04:00,7786.5,7786.5,7786.5,7786.5,1
2026-09-07 05:50:00-04:00,7785.25,7785.5,7785.25,7785.5,2
2026-09-07 05:55:00-04:00,7785.75,7785.75,7784.5,7784.5,9
2026-09-07 06:00:00-04:00,7784.5,7786.0,7784.5,7785.25,12
2026-09-07 06:05:00-04:00,7785.5,7785.5,7784.5,7784.5,5
2026-09-07 06:10:00-04:00,7785.5,7785.5,7785.25,7785.25,5
2026-09-07 06:15:00-04:00,7786.0,7786.25,7786.0,7786.25,11
2026-09-07 06:20:00-04:00,7787.25,7787.25,7787.25,7787.25,1
2026-09-07 06:25:00-04:00,7786.0,7786.0,7785.5,7785.5,3
2026-09-07 06:30:00-04:00,7786.5,7786.5,7786.5,7786.5,1
2026-09-07 06:35:00-04:00,7785.5,7785.5,7785.25,7785.25,3
2026-09-07 06:40:00-04:00,7785.25,7785.5,7785.25,7785.25,5
2026-09-07 06:45:00-04:00,7785.25,7785.25,7783.0,7783.0,7
2026-09-07 06:50:00-04:00,7782.75,7782.75,7780.25,7780.25,8
2026-09-07 06:55:00-04:00,7780.0,7780.75,7778.25,7780.0,44
2026-09-07 07:00:00-04:00,7779.25,7779.25,7775.25,7777.25,42
2026-09-07 07:05:00-04:00,7778.25,7779.0,7774.75,7774.75,15
2026-09-07 07:10:00-04:00,7775.0,7779.0,7774.75,7778.5,26
2026-09-07 07:15:00-04:00,7777.0,7777.5,7777.0,7777.5,5
2026-09-07 07:20:00-04:00,7777.75,7777.75,7772.75,7773.75,20
2026-09-07 07:25:00-04:00,7772.5,7773.75,7772.5,7773.75,6
2026-09-07 07:30:00-04:00,7775.0,7776.0,7773.0,7773.0,9
2026-09-07 07:35:00-04:00,7772.75,7775.25,7772.5,7775.25,12
2026-09-07 07:40:00-04:00,7776.0,7776.0,7776.0,7776.0,2
2026-09-07 07:45:00-04:00,7775.75,7776.0,7775.75,7775.75,12
2026-09-07 07:50:00-04:00,7775.75,7775.75,7775.0,7775.5,14
2026-09-07 07:55:00-04:00,7775.0,7775.0,7773.0,7773.0,10
2026-09-07 08:00:00-04:00,7772.75,7773.0,7772.75,7773.0,4
2026-09-07 08:05:00-04:00,7774.5,7775.25,7774.5,7775.25,8
2026-09-07 08:10:00-04:00,7774.25,7774.25,7772.25,7772.25,4
2026-09-07 08:15:00-04:00,7772.25,7772.25,7771.5,7772.0,6
2026-09-07 08:20:00-04:00,7772.25,7773.25,7771.25,7773.25,11
2026-09-07 08:25:00-04:00,7772.25,7772.75,7772.25,7772.25,3
2026-09-07 08:30:00-04:00,7773.0,7773.5,7773.0,7773.5,2
2026-09-07 08:35:00-04:00,7772.75,7774.5,7772.5,7774.5,7
2026-09-07 08:40:00-04:00,7774.5,7774.5,7772.75,7773.75,6
2026-09-07 08:45:00-04:00,7773.75,7775.5,7773.75,7775.5,11
2026-09-07 08:50:00-04:00,7776.0,7779.75,7776.0,7779.75,28
2026-09-07 08:55:00-04:00,7779.25,7779.25,7777.25,7777.5,15
2026-09-07 09:00:00-04:00,7777.75,7777.75,7776.75,7777.5,14
2026-09-07 09:05:00-04:00,7778.25,7778.5,7777.0,7778.25,10
2026-09-07 09:10:00-04:00,7779.25,7780.75,7779.25,7780.5,6
2026-09-07 09:15:00-04:00,7778.75,7780.0,7778.5,7778.5,26
2026-09-07 09:20:00-04:00,7780.25,7783.0,7780.25,7783.0,12
2026-09-07 09:25:00-04:00,7783.5,7783.5,7781.0,7781.25,18
2026-09-07 09:30:00-04:00,7782.25,7784.5,7781.75,7782.5,31
2026-09-07 09:35:00-04:00,7781.75,7782.0,7780.0,7780.75,18
2026-09-07 09:40:00-04:00,7780.0,7781.25,7780.0,7780.5,10
2026-09-07 09:45:00-04:00,7780.75,7782.0,7780.75,7781.5,8
2026-09-07 09:50:00-04:00,7781.75,7782.0,7780.75,7782.0,21
2026-09-07 09:55:00-04:00,7780.75,7780.75,7780.75,7780.75,1
2026-09-07 10:00:00-04:00,7780.0,7782.75,7778.25,7778.5,52
2026-09-07 10:05:00-04:00,7778.25,7780.0,7778.25,7778.5,14
2026-09-07 10:10:00-04:00,7777.75,7778.25,7777.5,7778.0,18
2026-09-07 10:15:00-04:00,7778.25,7778.25,7777.25,7777.25,7
2026-09-07 10:20:00-04:00,7776.5,7777.0,7776.25,7777.0,3
2026-09-07 10:25:00-04:00,7776.5,7777.5,7776.5,7777.5,6
2026-09-07 10:30:00-04:00,7776.75,7776.75,7774.5,7774.5,10
2026-09-07 10:35:00-04:00,7774.5,7778.5,7773.75,7778.5,7
2026-09-07 10:40:00-04:00,7777.0,7779.0,7776.5,7779.0,15
2026-09-07 10:45:00-04:00,7777.75,7777.75,7777.5,7777.5,3
2026-09-07 10:50:00-04:00,7777.5,7777.75,7776.5,7776.5,15
2026-09-07 10:55:00-04:00,7776.75,7776.75,7771.75,7771.75,16
2026-09-07 11:00:00-04:00,7771.75,7774.5,7771.75,7774.0,12
2026-09-07 11:05:00-04:00,7773.5,7774.25,7772.75,7773.5,16
2026-09-07 11:10:00-04:00,7773.5,7773.5,7772.25,7772.75,20
2026-09-07 11:15:00-04:00,7772.5,7773.0,7772.5,7772.5,10
2026-09-07 11:20:00-04:00,7772.75,7772.75,7771.25,7771.5,7
2026-09-07 11:25:00-04:00,7771.75,7774.25,7771.0,7773.5,11
2026-09-07 11:30:00-04:00,7773.75,7774.25,7773.5,7773.5,6
2026-09-07 11:35:00-04:00,7773.75,7776.0,7773.75,7775.25,10
2026-09-07 11:40:00-04:00,7775.25,7775.25,7774.0,7775.0,12
2026-09-07 11:45:00-04:00,7774.25,7774.5,7774.25,7774.5,4
2026-09-07 11:50:00-04:00,7774.25,7774.25,7774.0,7774.25,6
2026-09-07 11:55:00-04:00,7773.5,7774.5,7772.5,7774.5,54
2026-09-07 12:00:00-04:00,7775.5,7775.5,7774.25,7774.5,9
2026-09-07 12:05:00-04:00,7775.5,7775.5,7774.5,7774.5,7
2026-09-07 12:10:00-04:00,7774.5,7776.0,7774.5,7776.0,10
2026-09-07 12:15:00-04:00,7776.25,7776.25,7776.0,7776.0,6
2026-09-07 12:20:00-04:00,7776.25,7776.25,7775.0,7775.0,5
2026-09-07 12:25:00-04:00,7774.5,7774.5,7774.5,7774.5,1
2026-09-07 12:30:00-04:00,7776.0,7776.0,7776.0,7776.0,1
2026-09-07 12:40:00-04:00,7777.25,7777.25,7777.25,7777.25,3
2026-09-07 12:45:00-04:00,7777.0,7777.0,7776.25,7776.25,9
2026-09-07 12:50:00-04:00,7776.5,7777.0,7776.5,7776.5,10
2026-09-07 12:55:00-04:00,7777.0,7777.0,7775.75,7775.75,3
2026-09-07 18:00:00-04:00,7776.25,7776.25,7776.25,7776.25,1
2026-09-07 18:10:00-04:00,7776.0,7776.0,7775.75,7775.75,3
2026-09-07 18:15:00-04:00,7775.25,7775.25,7775.25,7775.25,2
2026-09-07 18:20:00-04:00,7775.25,7775.25,7774.25,7774.25,6
2026-09-07 18:25:00-04:00,7773.0,7773.5,7773.0,7773.5,13
2026-09-07 18:30:00-04:00,7772.0,7772.0,7771.0,7771.0,8
2026-09-07 18:35:00-04:00,7771.0,7771.0,7770.0,7771.0,9
2026-09-07 18:40:00-04:00,7772.75,7772.75,7772.75,7772.75,1
2026-09-07 18:45:00-04:00,7771.5,7772.25,7771.25,7772.0,6
2026-09-07 18:50:00-04:00,7771.5,7771.5,7771.5,7771.5,2
2026-09-07 18:55:00-04:00,7772.0,7772.75,7772.0,7772.25,5
2026-09-07 19:00:00-04:00,7772.5,7772.5,7771.75,7772.25,7
2026-09-07 19:05:00-04:00,7771.5,7771.5,7770.5,7771.0,13
2026-09-07 19:15:00-04:00,7771.0,7771.5,7766.0,7771.5,20
2026-09-07 19:20:00-04:00,7769.5,7770.0,7768.75,7770.0,13
2026-09-07 19:25:00-04:00,7771.0,7771.25,7770.5,7770.5,9
2026-09-07 19:30:00-04:00,7770.25,7770.25,7770.25,7770.25,2
2026-09-07 19:35:00-04:00,7774.75,7775.25,7773.75,7774.0,19
2026-09-07 19:40:00-04:00,7774.25,7777.0,7774.25,7777.0,8
2026-09-07 19:45:00-04:00,7777.0,7778.5,7776.5,7777.5,28
2026-09-07 19:50:00-04:00,7777.75,7779.25,7777.75,7779.25,10
2026-09-07 19:55:00-04:00,7778.0,7778.75,7778.0,7778.75,5
2026-09-07 20:00:00-04:00,7779.75,7782.0,7778.5,7780.25,26
2026-09-07 20:05:00-04:00,7780.0,7780.25,7777.5,7779.0,12
2026-09-07 20:10:00-04:00,7778.25,7779.0,7777.75,7777.75,12
2026-09-07 20:15:00-04:00,7776.25,7777.25,7774.25,7776.75,26
2026-09-07 20:20:00-04:00,7776.75,7777.5,7772.0,7772.75,39
2026-09-07 20:25:00-04:00,7773.5,7777.75,7773.0,7777.75,16
2026-09-07 20:30:00-04:00,7777.25,7780.0,7777.25,7780.0,6
2026-09-07 20:35:00-04:00,7779.75,7779.75,7779.5,7779.5,6
2026-09-07 20:40:00-04:00,7778.75,7778.75,7778.75,7778.75,2
2026-09-07 20:45:00-04:00,7778.5,7778.75,7778.5,7778.75,3
2026-09-07 20:50:00-04:00,7779.25,7779.5,7779.25,7779.25,7
2026-09-07 20:55:00-04:00,7779.25,7779.25,7779.0,7779.0,6
2026-09-07 21:00:00-04:00,7778.25,7778.25,7772.75,7772.75,14
2026-09-07 21:05:00-04:00,7773.0,7777.75,7771.75,7777.75,19
2026-09-07 21:10:00-04:00,7778.0,7778.0,7776.75,7777.0,12
2026-09-07 21:15:00-04:00,7778.0,7778.0,7777.75,7778.0,3
2026-09-07 21:20:00-04:00,7778.75,7780.0,7778.75,7780.0,5
2026-09-07 21:25:00-04:00,7780.0,7780.25,7779.75,7780.25,6
2026-09-07 21:30:00-04:00,7781.0,7782.25,7781.0,7781.75,10
2026-09-07 21:35:00-04:00,7782.75,7785.0,7782.5,7784.5,10
2026-09-07 21:40:00-04:00,7783.75,7783.75,7783.5,7783.5,3
2026-09-07 21:45:00-04:00,7783.25,7785.0,7783.25,7784.5,3
2026-09-07 21:50:00-04:00,7785.25,7786.75,7785.0,7786.75,17
2026-09-07 21:55:00-04:00,7787.25,7787.75,7787.25,7787.75,11
2026-09-07 22:00:00-04:00,7788.0,7788.5,7787.0,7787.0,11
2026-09-07 22:05:00-04:00,7786.25,7786.25,7785.0,7785.5,17
2026-09-07 22:10:00-04:00,7786.0,7786.0,7785.5,7786.0,11
2026-09-07 22:15:00-04:00,7785.75,7786.5,7785.75,7786.5,3
2026-09-07 22:20:00-04:00,7787.0,7788.25,7787.0,7788.0,4
2026-09-07 22:25:00-04:00,7787.25,7787.25,7786.5,7787.25,6
2026-09-07 22:30:00-04:00,7785.25,7785.25,7785.25,7785.25,1
2026-09-07 22:35:00-04:00,7786.75,7786.75,7786.75,7786.75,5
2026-09-07 22:40:00-04:00,7785.75,7785.75,7785.0,7785.0,2
2026-09-07 22:50:00-04:00,7784.5,7784.5,7781.5,7781.5,7
2026-09-07 22:55:00-04:00,7780.0,7780.25,7780.0,7780.25,3
2026-09-07 23:00:00-04:00,7780.75,7781.75,7780.75,7781.75,14
2026-09-07 23:05:00-04:00,7781.25,7783.25,7781.25,7783.25,7
2026-09-07 23:10:00-04:00,7784.5,7785.25,7784.5,7785.0,3
2026-09-07 23:15:00-04:00,7784.75,7785.5,7784.75,7785.5,3
2026-09-07 23:20:00-04:00,7787.25,7787.5,7786.5,7786.5,5
2026-09-07 23:25:00-04:00,7786.5,7790.25,7786.0,7790.25,19
2026-09-07 23:30:00-04:00,7790.0,7790.25,7788.25,7788.5,15
2026-09-07 23:35:00-04:00,7787.75,7789.25,7787.75,7789.25,3
2026-09-07 23:40:00-04:00,7788.75,7788.75,7788.75,7788.75,3
2026-09-07 23:45:00-04:00,7789.0,7789.0,7789.0,7789.0,3
2026-09-07 23:50:00-04:00,7787.5,7787.5,7787.5,7787.5,1
2026-09-08 00:00:00-04:00,7790.25,7790.25,7790.25,7790.25,1
2026-09-08 00:05:00-04:00,7790.5,7791.0,7790.5,7791.0,2
2026-09-08 00:10:00-04:00,7790.0,7790.0,7790.0,7790.0,1
2026-09-08 00:15:00-04:00,7790.5,7790.5,7790.5,7790.5,1
2026-09-08 00:20:00-04:00,7791.75,7791.75,7791.75,7791.75,11
2026-09-08 00:25:00-04:00,7792.0,7792.0,7792.0,7792.0,9
2026-09-08 00:30:00-04:00,7791.0,7791.0,7791.0,7791.0,1
2026-09-08 00:40:00-04:00,7792.75,7792.75,7792.75,7792.75,3
2026-09-08 00:50:00-04:00,7790.75,7791.0,7790.75,7791.0,4
2026-09-08 00:55:00-04:00,7790.75,7791.75,7790.75,7791.75,2
2026-09-08 01:00:00-04:00,7790.5,7790.5,7789.5,7789.5,3
2026-09-08 01:05:00-04:00,7788.75,7788.75,7785.0,7785.0,8
2026-09-08 01:10:00-04:00,7785.0,7785.0,7782.75,7784.25,17
2026-09-08 01:15:00-04:00,7782.5,7785.0,7782.5,7785.0,6
2026-09-08 01:20:00-04:00,7788.25,7789.0,7786.75,7786.75,10
2026-09-08 01:25:00-04:00,7786.75,7786.75,7784.25,7784.25,11
2026-09-08 01:30:00-04:00,7782.75,7782.75,7779.0,7779.0,21
2026-09-08 01:35:00-04:00,7779.0,7780.5,7779.0,7780.0,7
2026-09-08 01:40:00-04:00,7780.0,7780.0,7776.5,7777.0,8
2026-09-08 01:45:00-04:00,7776.0,7778.25,7776.0,7778.0,10
2026-09-08 01:50:00-04:00,7776.75,7777.0,7773.25,7773.25,14
2026-09-08 01:55:00-04:00,7772.75,7773.75,7772.5,7772.5,10
2026-09-08 02:00:00-04:00,7773.0,7773.5,7770.75,7772.0,20
2026-09-08 02:05:00-04:00,7770.0,7771.25,7769.0,7770.75,15
2026-09-08 02:10:00-04:00,7769.25,7769.25,7768.0,7769.0,22
2026-09-08 02:15:00-04:00,7769.25,7769.75,7762.5,7762.5,39
2026-09-08 02:20:00-04:00,7762.0,7767.75,7762.0,7766.25,21
2026-09-08 02:25:00-04:00,7766.75,7766.75,7765.25,7766.0,6
2026-09-08 02:30:00-04:00,7765.5,7766.25,7763.75,7763.75,16
2026-09-08 02:35:00-04:00,7764.5,7768.5,7762.75,7768.5,16
2026-09-08 02:40:00-04:00,7770.0,7771.0,7769.25,7770.0,16
2026-09-08 02:45:00-04:00,7770.0,7771.5,7769.75,7770.25,26
2026-09-08 02:50:00-04:00,7770.5,7770.5,7768.25,7768.25,27
2026-09-08 02:55:00-04:00,7768.75,7769.25,7768.5,7769.25,7
2026-09-08 03:00:00-04:00,7770.0,7772.0,7769.5,7772.0,17
2026-09-08 03:05:00-04:00,7774.0,7776.75,7773.5,7773.5,21
2026-09-08 03:10:00-04:00,7773.0,7774.25,7772.5,7772.5,15
2026-09-08 03:15:00-04:00,7772.25,7772.5,7769.75,7772.25,28
2026-09-08 03:20:00-04:00,7773.0,7773.0,7770.5,7772.75,5
2026-09-08 03:25:00-04:00,7773.0,7773.0,7771.0,7771.5,7
2026-09-08 03:30:00-04:00,7772.0,7772.0,7768.5,7768.5,10
2026-09-08 03:35:00-04:00,7766.5,7766.75,7765.0,7765.0,9
2026-09-08 03:40:00-04:00,7763.75,7764.25,7761.0,7763.0,35
2026-09-08 03:45:00-04:00,7762.75,7763.5,7761.25,7762.5,45
2026-09-08 03:50:00-04:00,7761.75,7761.75,7757.75,7757.75,35
2026-09-08 03:55:00-04:00,7757.75,7759.75,7757.75,7759.0,13
2026-09-08 04:00:00-04:00,7759.75,7760.75,7754.5,7756.0,65
2026-09-08 04:05:00-04:00,7756.0,7763.0,7756.0,7759.0,78
2026-09-08 04:10:00-04:00,7759.0,7759.25,7756.75,7757.25,22
2026-09-08 04:15:00-04:00,7760.25,7761.75,7759.5,7760.25,39
2026-09-08 04:20:00-04:00,7759.25,7759.25,7757.75,7759.0,12
2026-09-08 04:25:00-04:00,7759.5,7761.25,7757.75,7757.75,32
2026-09-08 04:30:00-04:00,7757.75,7761.25,7755.75,7761.25,54
2026-09-08 04:35:00-04:00,7756.75,7757.5,7756.5,7757.5,7
2026-09-08 04:40:00-04:00,7757.5,7759.0,7756.5,7757.0,27
2026-09-08 04:45:00-04:00,7756.0,7762.5,7755.5,7757.25,99
2026-09-08 04:50:00-04:00,7759.0,7759.0,7755.5,7756.5,24
2026-09-08 04:55:00-04:00,7757.5,7758.25,7757.5,7758.25,5
2026-09-08 05:00:00-04:00,7756.5,7761.0,7756.5,7760.25,9
2026-09-08 05:05:00-04:00,7761.5,7762.75,7761.25,7761.25,25
2026-09-08 05:10:00-04:00,7762.25,7765.75,7762.25,7764.25,36
2026-09-08 05:15:00-04:00,7764.75,7764.75,7764.25,7764.25,4
2026-09-08 05:20:00-04:00,7763.75,7765.75,7763.75,7765.5,32
2026-09-08 05:25:00-04:00,7766.25,7767.25,7765.5,7767.0,48
2026-09-08 05:30:00-04:00,7767.0,7769.25,7766.75,7768.75,12
2026-09-08 05:35:00-04:00,7769.25,7770.25,7769.25,7770.0,24
2026-09-08 05:40:00-04:00,7769.75,7773.75,7769.75,7770.5,81
2026-09-08 05:45:00-04:00,7770.0,7771.75,7770.0,7771.75,12
2026-09-08 05:50:00-04:00,7772.5,7773.75,7772.5,7773.25,64
2026-09-08 05:55:00-04:00,7773.5,7776.25,7773.5,7776.25,23
2026-09-08 06:00:00-04:00,7775.25,7776.0,7773.5,7773.5,30
2026-09-08 06:05:00-04:00,7773.75,7773.75,7772.75,7772.75,8
2026-09-08 06:10:00-04:00,7771.75,7772.0,7771.75,7772.0,3
2026-09-08 06:15:00-04:00,7772.75,7773.25,7772.75,7773.25,11
2026-09-08 06:20:00-04:00,7773.75,7785.75,7773.75,7774.75,559
2026-09-08 06:25:00-04:00,7774.75,7775.25,7773.5,7774.25,36
2026-09-08 06:30:00-04:00,7773.25,7773.25,7769.0,7770.25,54
2026-09-08 06:35:00-04:00,7770.0,7771.75,7770.0,7771.0,46
2026-09-08 06:40:00-04:00,7771.0,7771.0,7769.25,7770.0,77
2026-09-08 06:45:00-04:00,7770.25,7770.25,7767.0,7767.25,73
2026-09-08 06:50:00-04:00,7767.5,7767.5,7763.25,7765.25,32
2026-09-08 06:55:00-04:00,7765.75,7767.0,7765.75,7766.75,6
2026-09-08 07:00:00-04:00,7766.25,7767.0,7765.0,7765.0,11
2026-09-08 07:05:00-04:00,7766.25,7769.25,7761.5,7765.25,102
2026-09-08 07:10:00-04:00,7764.75,7764.75,7760.5,7763.0,40
2026-09-08 07:15:00-04:00,7763.5,7767.25,7763.5,7767.25,31
2026-09-08 07:20:00-04:00,7767.75,7767.75,7766.0,7766.0,7
2026-09-08 07:25:00-04:00,7765.75,7765.75,7765.5,7765.5,12
2026-09-08 07:30:00-04:00,7764.75,7765.5,7764.75,7765.5,4
2026-09-08 07:35:00-04:00,7767.0,7768.0,7766.5,7766.75,8
2026-09-08 07:40:00-04:00,7765.5,7765.75,7765.25,7765.25,14
2026-09-08 07:45:00-04:00,7765.25,7765.25,7763.25,7764.75,33
2026-09-08 07:50:00-04:00,7764.5,7768.5,7764.5,7768.5,26
2026-09-08 07:55:00-04:00,7768.5,7773.25,7768.25,7773.25,48
2026-09-08 08:00:00-04:00,7772.75,7772.75,7770.0,7770.5,24
2026-09-08 08:05:00-04:00,7770.5,7770.75,7769.5,7770.75,12
2026-09-08 08:10:00-04:00,7770.75,7771.0,7765.0,7765.25,34
2026-09-08 08:15:00-04:00,7763.75,7770.5,7763.75,7769.25,65
2026-09-08 08:20:00-04:00,7769.75,7771.0,7768.5,7770.0,75
2026-09-08 08:25:00-04:00,7771.25,7772.25,7770.5,7772.25,14
2026-09-08 08:30:00-04:00,7772.5,7776.75,7772.5,7775.25,60
2026-09-08 08:35:00-04:00,7775.5,7776.25,7774.75,7775.25,35
2026-09-08 08:40:00-04:00,7776.75,7777.25,7775.5,7777.25,40
2026-09-08 08:45:00-04:00,7777.75,7779.5,7776.25,7778.5,25
2026-09-08 08:50:00-04:00,7779.0,7780.25,7778.0,7780.25,82
2026-09-08 08:55:00-04:00,7780.75,7781.0,7779.0,7780.75,53
2026-09-08 09:00:00-04:00,7780.75,7781.5,7778.0,7780.25,77
2026-09-08 09:05:00-04:00,7780.5,7781.5,7779.5,7779.75,84
2026-09-08 09:10:00-04:00,7779.75,7781.5,7779.75,7780.75,10
2026-09-08 09:15:00-04:00,7780.25,7782.0,7780.25,7781.75,31
2026-09-08 09:20:00-04:00,7782.0,7782.5,7780.75,7781.25,201
2026-09-08 09:25:00-04:00,7781.5,7782.75,7778.0,7778.0,454
2026-09-08 09:30:00-04:00,7779.0,7784.5,7774.25,7776.0,258
2026-09-08 09:35:00-04:00,7775.5,7775.5,7769.0,7769.5,190
2026-09-08 09:40:00-04:00,7768.25,7768.25,7758.75,7760.25,133
2026-09-08 09:45:00-04:00,7760.25,7765.5,7759.75,7763.75,130
2026-09-08 09:50:00-04:00,7764.5,7764.5,7755.5,7761.0,130
2026-09-08 09:55:00-04:00,7760.5,7768.25,7760.25,7762.0,113
2026-09-08 10:00:00-04:00,7762.0,7763.5,7753.0,7756.75,336
2026-09-08 10:05:00-04:00,7755.75,7761.25,7752.0,7752.0,193
2026-09-08 10:10:00-04:00,7751.25,7754.75,7747.25,7752.0,141
2026-09-08 10:15:00-04:00,7752.75,7754.75,7749.0,7752.0,104
2026-09-08 10:20:00-04:00,7752.5,7758.5,7750.75,7758.25,107
2026-09-08 10:25:00-04:00,7758.5,7758.75,7751.5,7754.25,159
2026-09-08 10:30:00-04:00,7754.5,7757.5,7751.75,7757.5,134
2026-09-08 10:35:00-04:00,7757.0,7758.0,7753.75,7756.0,112
2026-09-08 10:40:00-04:00,7756.0,7759.25,7755.5,7758.25,110
2026-09-08 10:45:00-04:00,7758.0,7760.0,7754.0,7760.0,146
2026-09-08 10:50:00-04:00,7759.75,7764.5,7759.25,7763.25,247
2026-09-08 10:55:00-04:00,7764.0,7766.5,7761.0,7763.5,152
2026-09-08 11:00:00-04:00,7763.5,7765.5,7762.25,7764.25,114
2026-09-08 11:05:00-04:00,7763.5,7765.5,7762.0,7762.5,56
2026-09-08 11:10:00-04:00,7764.25,7770.25,7764.25,7768.0,70
2026-09-08 11:15:00-04:00,7768.0,7770.75,7766.75,7767.25,61
2026-09-08 11:20:00-04:00,7768.0,7768.0,7760.25,7767.0,533
2026-09-08 11:25:00-04:00,7767.25,7770.75,7765.5,7765.5,253
2026-09-08 11:30:00-04:00,7765.75,7768.0,7763.75,7765.5,148
2026-09-08 11:35:00-04:00,7765.5,7765.5,7761.0,7762.0,145
2026-09-08 11:40:00-04:00,7762.25,7767.5,7761.5,7766.75,148
2026-09-08 11:45:00-04:00,7767.5,7767.5,7762.0,7762.75,75
2026-09-08 11:50:00-04:00,7762.75,7765.0,7762.5,7762.75,125
2026-09-08 11:55:00-04:00,7762.75,7764.0,7760.75,7760.75,56
2026-09-08 12:00:00-04:00,7760.25,7763.75,7759.25,7763.75,89
2026-09-08 12:05:00-04:00,7763.75,7764.75,7760.75,7760.75,65
2026-09-08 12:10:00-04:00,7760.5,7760.5,7757.5,7759.5,86
2026-09-08 12:15:00-04:00,7759.5,7759.5,7755.25,7756.5,75
2026-09-08 12:20:00-04:00,7756.25,7761.25,7755.75,7761.25,73
2026-09-08 12:25:00-04:00,7761.5,7763.5,7758.0,7758.0,72
2026-09-08 12:30:00-04:00,7758.25,7760.5,7757.75,7759.5,68
2026-09-08 12:35:00-04:00,7759.0,7759.75,7756.75,7756.75,59
2026-09-08 12:40:00-04:00,7757.25,7758.5,7755.5,7757.5,60
2026-09-08 12:45:00-04:00,7758.25,7760.25,7756.5,7759.75,49
2026-09-08 12:50:00-04:00,7759.75,7763.5,7758.5,7760.0,217
2026-09-08 12:55:00-04:00,7760.0,7760.25,7752.75,7756.5,608
2026-09-08 13:00:00-04:00,7756.75,7766.0,7756.5,7765.75,225
2026-09-08 13:05:00-04:00,7766.25,7768.5,7763.0,7763.0,159
2026-09-08 13:10:00-04:00,7763.25,7764.5,7762.5,7764.0,14
2026-09-08 13:15:00-04:00,7763.5,7764.25,7762.75,7763.75,9
2026-09-08 13:20:00-04:00,7763.25,7764.0,7762.0,7763.5,16
2026-09-08 13:25:00-04:00,7763.5,7763.5,7759.5,7762.25,23
2026-09-08 13:30:00-04:00,7763.25,7764.75,7762.25,7764.5,35
2026-09-08 13:35:00-04:00,7764.25,7766.0,7764.25,7765.25,16
2026-09-08 13:40:00-04:00,7764.25,7764.25,7761.0,7761.0,21
2026-09-08 13:45:00-04:00,7762.0,7762.75,7760.75,7762.5,13
2026-09-08 13:50:00-04:00,7763.0,7765.5,7762.5,7765.25,20
2026-09-08 13:55:00-04:00,7764.75,7764.75,7762.75,7762.75,23
2026-09-08 14:00:00-04:00,7763.0,7763.5,7762.25,7763.5,31
2026-09-08 14:05:00-04:00,7763.0,7765.5,7763.0,7764.25,24
2026-09-08 14:10:00-04:00,7765.0,7765.75,7764.5,7764.5,24
2026-09-08 14:15:00-04:00,7765.0,7765.75,7764.25,7764.75,20
2026-09-08 14:20:00-04:00,7765.75,7766.0,7763.25,7763.25,18
2026-09-08 14:25:00-04:00,7763.0,7765.25,7763.0,7765.25,20
2026-09-08 14:30:00-04:00,7765.0,7765.0,7763.0,7763.25,19
2026-09-08 14:35:00-04:00,7761.75,7761.75,7759.5,7759.5,90
2026-09-08 14:40:00-04:00,7758.75,7762.5,7758.5,7762.5,28
2026-09-08 14:45:00-04:00,7763.25,7763.25,7744.0,7750.75,270
2026-09-08 14:50:00-04:00,7751.75,7757.5,7749.0,7757.25,92
2026-09-08 14:55:00-04:00,7757.0,7757.75,7755.25,7755.25,26
2026-09-08 15:00:00-04:00,7755.25,7756.25,7753.0,7753.0,40
2026-09-08 15:05:00-04:00,7753.25,7757.0,7753.25,7755.75,25
2026-09-08 15:10:00-04:00,7755.75,7758.0,7755.75,7756.0,23
2026-09-08 15:15:00-04:00,7756.5,7757.25,7753.75,7754.25,29
2026-09-08 15:20:00-04:00,7753.75,7756.0,7753.25,7753.25,20
2026-09-08 15:25:00-04:00,7753.5,7758.0,7753.25,7757.25,26
2026-09-08 15:30:00-04:00,7757.25,7758.25,7754.75,7757.25,24
2026-09-08 15:35:00-04:00,7756.75,7757.25,7756.0,7756.75,10
2026-09-08 15:40:00-04:00,7756.75,7758.0,7755.25,7755.25,18
2026-09-08 15:45:00-04:00,7755.5,7756.5,7750.25,7753.0,88
2026-09-08 15:50:00-04:00,7754.0,7754.0,7742.5,7744.5,418
2026-09-08 15:55:00-04:00,7746.0,7749.25,7740.0,7747.75,343
2026-09-08 16:00:00-04:00,7747.5,7749.0,7742.25,7743.5,122
2026-09-08 16:05:00-04:00,7741.0,7744.75,7740.75,7744.25,53
2026-09-08 16:10:00-04:00,7744.25,7745.5,7743.75,7745.25,31
2026-09-08 16:15:00-04:00,7745.75,7745.75,7744.5,7745.25,6
2026-09-08 16:20:00-04:00,7746.0,7746.0,7745.25,7745.75,3
2026-09-08 16:25:00-04:00,7745.0,7745.75,7741.0,7743.5,38
2026-09-08 16:30:00-04:00,7741.75,7742.0,7741.0,7742.0,4
2026-09-08 16:35:00-04:00,7742.75,7743.75,7742.75,7743.75,3
2026-09-08 16:40:00-04:00,7743.25,7743.75,7743.25,7743.5,4
2026-09-08 16:50:00-04:00,7745.0,7745.0,7745.0,7745.0,1
2026-09-08 16:55:00-04:00,7745.0,7746.0,7745.0,7746.0,3
2026-09-08 18:00:00-04:00,7743.75,7743.75,7743.75,7743.75,4
2026-09-08 18:15:00-04:00,7746.0,7746.0,7746.0,7746.0,1
2026-09-08 18:20:00-04:00,7746.25,7746.25,7745.5,7745.5,6
2026-09-08 18:25:00-04:00,7746.0,7746.75,7746.0,7746.75,6
2026-09-08 18:30:00-04:00,7746.0,7746.0,7746.0,7746.0,1
2026-09-08 18:35:00-04:00,7746.5,7746.75,7746.5,7746.75,4
2026-09-08 18:50:00-04:00,7747.25,7747.5,7747.25,7747.5,2
2026-09-08 18:55:00-04:00,7748.25,7748.25,7748.25,7748.25,2
2026-09-08 19:00:00-04:00,7748.5,7748.5,7747.75,7747.75,3
2026-09-08 19:05:00-04:00,7747.75,7748.25,7747.75,7748.0,4
2026-09-08 19:10:00-04:00,7747.5,7747.5,7747.0,7747.5,4
2026-09-08 19:15:00-04:00,7746.5,7746.5,7745.5,7745.75,9
2026-09-08 19:20:00-04:00,7745.25,7745.75,7745.0,7745.75,3
2026-09-08 19:25:00-04:00,7744.75,7745.0,7744.5,7745.0,7
2026-09-08 19:30:00-04:00,7745.25,7745.25,7744.75,7744.75,3
2026-09-08 19:35:00-04:00,7743.75,7744.0,7743.0,7743.0,9
2026-09-08 19:40:00-04:00,7743.0,7743.0,7743.0,7743.0,1
2026-09-08 19:45:00-04:00,7741.5,7741.5,7741.5,7741.5,4
2026-09-08 19:50:00-04:00,7742.0,7742.5,7740.0,7740.0,10
2026-09-08 19:55:00-04:00,7740.5,7741.25,7739.75,7740.0,17
2026-09-08 20:00:00-04:00,7742.5,7748.5,7742.5,7748.5,21
2026-09-08 20:05:00-04:00,7749.0,7750.5,7748.0,7748.0,26
2026-09-08 20:10:00-04:00,7747.75,7749.75,7747.75,7748.25,12
2026-09-08 20:15:00-04:00,7746.75,7746.75,7743.5,7745.5,24
2026-09-08 20:20:00-04:00,7744.75,7745.5,7744.5,7745.0,9
2026-09-08 20:25:00-04:00,7745.0,7745.0,7744.0,7744.0,2
2026-09-08 20:30:00-04:00,7743.25,7744.75,7743.25,7743.75,5
2026-09-08 20:35:00-04:00,7743.5,7743.5,7743.5,7743.5,2
2026-09-08 20:40:00-04:00,7744.5,7744.75,7744.0,7744.75,8
2026-09-08 20:45:00-04:00,7746.25,7746.25,7746.25,7746.25,1
2026-09-08 20:50:00-04:00,7748.0,7749.5,7748.0,7749.25,12
2026-09-08 20:55:00-04:00,7749.25,7749.25,7748.5,7748.5,3
2026-09-08 21:00:00-04:00,7748.75,7750.25,7748.5,7748.5,18
2026-09-08 21:05:00-04:00,7749.25,7750.25,7748.25,7750.25,9
2026-09-08 21:10:00-04:00,7750.25,7750.25,7750.25,7750.25,1
2026-09-08 21:15:00-04:00,7750.25,7751.25,7750.25,7751.25,7
2026-09-08 21:20:00-04:00,7751.5,7753.0,7751.5,7752.75,20
2026-09-08 21:25:00-04:00,7752.75,7753.75,7752.5,7753.0,45
2026-09-08 21:30:00-04:00,7753.0,7753.0,7752.25,7752.25,6
2026-09-08 21:35:00-04:00,7754.5,7754.5,7752.75,7753.75,9
2026-09-08 21:40:00-04:00,7753.25,7753.25,7751.75,7752.0,6
2026-09-08 21:45:00-04:00,7753.0,7753.5,7753.0,7753.0,6
2026-09-08 21:50:00-04:00,7753.0,7753.0,7750.75,7750.75,4
2026-09-08 22:00:00-04:00,7753.0,7753.0,7752.75,7752.75,2
2026-09-08 22:05:00-04:00,7753.5,7754.0,7753.25,7754.0,5
2026-09-08 22:10:00-04:00,7753.75,7753.75,7751.75,7751.75,3
2026-09-08 22:15:00-04:00,7751.75,7751.75,7751.75,7751.75,2
2026-09-08 22:20:00-04:00,7751.75,7752.5,7751.5,7752.5,3
2026-09-08 22:30:00-04:00,7752.5,7752.5,7752.25,7752.5,9
2026-09-08 22:35:00-04:00,7752.25,7752.25,7752.25,7752.25,1
2026-09-08 22:40:00-04:00,7753.0,7753.75,7752.75,7753.75,14
2026-09-08 22:45:00-04:00,7753.5,7754.0,7753.0,7753.75,11
2026-09-08 22:50:00-04:00,7754.0,7754.25,7753.75,7754.0,9
2026-09-08 22:55:00-04:00,7753.0,7753.25,7753.0,7753.25,4
2026-09-08 23:00:00-04:00,7753.0,7753.0,7751.25,7751.25,6
2026-09-08 23:05:00-04:00,7751.25,7751.5,7750.25,7750.5,11
2026-09-08 23:10:00-04:00,7751.5,7751.5,7750.75,7750.75,7
2026-09-08 23:15:00-04:00,7751.75,7752.0,7751.75,7751.75,5
2026-09-08 23:20:00-04:00,7751.75,7751.75,7751.75,7751.75,1
2026-09-08 23:25:00-04:00,7752.75,7752.75,7752.75,7752.75,4
2026-09-08 23:30:00-04:00,7751.75,7751.75,7751.25,7751.25,3
2026-09-08 23:35:00-04:00,7752.25,7752.75,7752.0,7752.75,10
2026-09-08 23:40:00-04:00,7752.0,7752.0,7751.5,7751.5,3
2026-09-08 23:45:00-04:00,7752.0,7752.0,7751.25,7751.25,2
2026-09-08 23:50:00-04:00,7749.25,7749.5,7749.25,7749.5,2
2026-09-09 00:00:00-04:00,7749.75,7751.25,7749.75,7751.25,5
2026-09-09 00:05:00-04:00,7751.0,7751.0,7750.75,7751.0,6
2026-09-09 00:10:00-04:00,7749.5,7749.75,7748.5,7748.75,35
2026-09-09 00:15:00-04:00,7749.0,7749.25,7748.0,7748.0,5
2026-09-09 00:20:00-04:00,7750.5,7752.75,7750.5,7752.75,8
2026-09-09 00:25:00-04:00,7752.25,7752.25,7752.0,7752.0,3
2026-09-09 00:30:00-04:00,7751.75,7753.25,7751.75,7753.25,3
2026-09-09 00:35:00-04:00,7754.5,7754.5,7754.5,7754.5,6
2026-09-09 00:40:00-04:00,7754.0,7754.25,7753.75,7754.25,6
2026-09-09 00:45:00-04:00,7754.75,7754.75,7754.75,7754.75,3
2026-09-09 00:50:00-04:00,7755.25,7755.75,7755.25,7755.75,2
2026-09-09 00:55:00-04:00,7756.0,7756.5,7755.5,7755.75,13
2026-09-09 01:00:00-04:00,7755.0,7755.0,7754.75,7755.0,3
2026-09-09 01:10:00-04:00,7755.0,7755.0,7755.0,7755.0,2
2026-09-09 01:20:00-04:00,7750.5,7751.75,7750.5,7751.75,6
2026-09-09 01:25:00-04:00,7752.5,7753.75,7752.5,7753.25,20
2026-09-09 01:30:00-04:00,7751.25,7752.5,7751.25,7752.5,3
2026-09-09 01:35:00-04:00,7752.5,7753.75,7752.5,7753.75,3
2026-09-09 01:40:00-04:00,7753.5,7754.0,7753.25,7753.25,10
2026-09-09 01:45:00-04:00,7753.0,7754.0,7753.0,7754.0,2
2026-09-09 01:50:00-04:00,7755.25,7757.0,7755.25,7757.0,13
2026-09-09 01:55:00-04:00,7757.25,7757.75,7756.75,7757.75,4
2026-09-09 02:00:00-04:00,7757.75,7758.0,7757.5,7758.0,4
2026-09-09 02:05:00-04:00,7758.0,7758.0,7755.75,7756.0,5
2026-09-09 02:10:00-04:00,7755.0,7756.5,7755.0,7756.5,11
2026-09-09 02:15:00-04:00,7757.25,7757.5,7757.0,7757.0,7
2026-09-09 02:20:00-04:00,7755.5,7755.75,7755.5,7755.5,8
2026-09-09 02:25:00-04:00,7755.5,7755.5,7751.5,7751.75,16
2026-09-09 02:30:00-04:00,7752.0,7752.0,7752.0,7752.0,1
2026-09-09 02:35:00-04:00,7755.25,7755.25,7754.75,7754.75,3
2026-09-09 02:40:00-04:00,7755.0,7755.25,7755.0,7755.25,3
2026-09-09 02:50:00-04:00,7754.25,7754.75,7754.0,7754.0,3
2026-09-09 02:55:00-04:00,7752.0,7752.0,7752.0,7752.0,4
2026-09-09 03:00:00-04:00,7750.75,7754.25,7750.5,7754.0,23
2026-09-09 03:05:00-04:00,7754.75,7755.0,7754.75,7755.0,6
2026-09-09 03:10:00-04:00,7755.5,7757.75,7753.75,7753.75,14
2026-09-09 03:15:00-04:00,7751.5,7752.75,7751.0,7751.75,11
2026-09-09 03:20:00-04:00,7753.5,7756.25,7753.25,7756.0,9
2026-09-09 03:25:00-04:00,7755.25,7757.0,7754.5,7757.0,6
2026-09-09 03:30:00-04:00,7756.25,7756.25,7756.25,7756.25,2
2026-09-09 03:35:00-04:00,7756.0,7756.5,7754.5,7754.5,4
2026-09-09 03:40:00-04:00,7754.75,7755.25,7753.25,7753.75,10
2026-09-09 03:45:00-04:00,7753.0,7753.0,7750.0,7750.25,13
2026-09-09 03:50:00-04:00,7750.0,7750.25,7748.75,7750.25,11
2026-09-09 03:55:00-04:00,7752.0,7752.0,7752.0,7752.0,1
2026-09-09 04:00:00-04:00,7751.5,7754.25,7751.5,7754.25,2
2026-09-09 04:05:00-04:00,7753.5,7753.5,7752.0,7752.25,5
2026-09-09 04:10:00-04:00,7752.25,7753.25,7751.75,7751.75,7
2026-09-09 04:15:00-04:00,7751.25,7751.75,7750.75,7751.75,8
2026-09-09 04:20:00-04:00,7752.0,7752.0,7749.0,7749.0,9
2026-09-09 04:25:00-04:00,7748.5,7749.25,7748.0,7749.25,11
2026-09-09 04:30:00-04:00,7751.5,7752.5,7751.25,7751.5,8
2026-09-09 04:35:00-04:00,7749.75,7749.75,7747.25,7747.25,5
2026-09-09 04:40:00-04:00,7747.0,7749.75,7746.75,7747.0,15
2026-09-09 04:45:00-04:00,7746.25,7747.0,7745.25,7746.75,21
2026-09-09 04:50:00-04:00,7746.5,7748.75,7746.5,7748.75,5
2026-09-09 04:55:00-04:00,7750.0,7750.0,7749.0,7749.0,51
2026-09-09 05:05:00-04:00,7747.0,7747.25,7746.25,7746.25,14
2026-09-09 05:10:00-04:00,7745.25,7748.0,7745.0,7746.5,43
2026-09-09 05:15:00-04:00,7747.75,7748.0,7746.75,7746.75,9
2026-09-09 05:20:00-04:00,7746.5,7746.5,7742.0,7742.25,24
2026-09-09 05:25:00-04:00,7742.75,7744.5,7742.75,7744.5,7
2026-09-09 05:30:00-04:00,7744.25,7744.75,7741.0,7741.25,14
2026-09-09 05:35:00-04:00,7741.0,7741.0,7737.75,7739.5,43
2026-09-09 05:40:00-04:00,7738.5,7738.5,7736.25,7736.75,20
2026-09-09 05:45:00-04:00,7736.5,7737.5,7734.5,7735.0,58
2026-09-09 05:50:00-04:00,7735.5,7735.5,7728.5,7729.25,52
2026-09-09 05:55:00-04:00,7729.5,7729.5,7723.75,7725.25,175
2026-09-09 06:00:00-04:00,7725.5,7729.25,7722.25,7728.75,82
2026-09-09 06:05:00-04:00,7729.25,7730.25,7727.25,7727.5,43
2026-09-09 06:10:00-04:00,7727.0,7729.0,7724.75,7726.5,29
2026-09-09 06:15:00-04:00,7725.5,7729.5,7724.0,7729.5,33
2026-09-09 06:20:00-04:00,7730.5,7731.0,7726.5,7726.75,14
2026-09-09 06:25:00-04:00,7727.25,7727.75,7726.25,7727.25,65
2026-09-09 06:30:00-04:00,7727.0,7727.5,7725.5,7726.0,73
2026-09-09 06:35:00-04:00,7726.25,7727.25,7725.0,7725.75,47
2026-09-09 06:40:00-04:00,7725.5,7725.75,7721.5,7721.5,38
2026-09-09 06:45:00-04:00,7721.25,7721.5,7718.0,7719.5,86
2026-09-09 06:50:00-04:00,7719.5,7720.0,7713.75,7717.0,88
2026-09-09 06:55:00-04:00,7716.5,7718.75,7715.75,7716.5,49
2026-09-09 07:00:00-04:00,7716.5,7719.75,7715.5,7719.75,24
2026-09-09 07:05:00-04:00,7717.75,7721.75,7716.5,7721.75,33
2026-09-09 07:10:00-04:00,7721.5,7724.0,7720.75,7720.75,46
2026-09-09 07:15:00-04:00,7720.25,7720.25,7717.25,7718.5,20
2026-09-09 07:20:00-04:00,7719.0,7724.5,7716.75,7724.25,32
2026-09-09 07:25:00-04:00,7724.25,7724.75,7722.5,7722.5,19
2026-09-09 07:30:00-04:00,7721.75,7721.75,7717.25,7717.75,58
2026-09-09 07:35:00-04:00,7718.5,7721.0,7718.25,7720.75,14
2026-09-09 07:40:00-04:00,7720.75,7721.0,7717.5,7717.5,23
2026-09-09 07:45:00-04:00,7717.25,7728.5,7717.25,7727.25,496
2026-09-09 07:50:00-04:00,7727.25,7730.0,7722.5,7723.75,513
2026-09-09 07:55:00-04:00,7722.5,7722.75,7719.75,7719.75,35
2026-09-09 08:00:00-04:00,7719.75,7719.75,7716.25,7716.25,17
2026-09-09 08:05:00-04:00,7717.0,7717.25,7715.0,7716.5,39
2026-09-09 08:10:00-04:00,7715.75,7715.75,7711.25,7711.5,33
2026-09-09 08:15:00-04:00,7712.25,7714.0,7711.75,7711.75,44
2026-09-09 08:20:00-04:00,7713.75,7716.0,7713.75,7715.0,22
2026-09-09 08:25:00-04:00,7714.75,7715.0,7713.75,7713.75,17
2026-09-09 08:30:00-04:00,7713.0,7717.25,7712.5,7717.25,23
2026-09-09 08:35:00-04:00,7718.5,7720.5,7718.5,7720.0,129
2026-09-09 08:40:00-04:00,7719.5,7719.75,7717.25,7719.0,95
2026-09-09 08:45:00-04:00,7719.75,7721.75,7719.25,7721.75,41
2026-09-09 08:50:00-04:00,7722.5,7723.0,7720.25,7720.75,39
2026-09-09 08:55:00-04:00,7720.75,7723.0,7720.75,7722.0,21
2026-09-09 09:00:00-04:00,7721.75,7725.75,7721.0,7724.25,60
2026-09-09 09:05:00-04:00,7724.75,7724.75,7722.25,7722.75,48
2026-09-09 09:10:00-04:00,7722.75,7723.75,7721.75,7722.75,97
2026-09-09 09:15:00-04:00,7723.0,7724.0,7721.5,7724.0,64
2026-09-09 09:20:00-04:00,7724.0,7724.25,7721.5,7723.0,16
2026-09-09 09:25:00-04:00,7724.0,7728.75,7724.0,7727.0,60
2026-09-09 09:30:00-04:00,7727.25,7730.0,7719.0,7727.25,230
2026-09-09 09:35:00-04:00,7727.75,7728.0,7722.5,7723.5,122
2026-09-09 09:40:00-04:00,7724.5,7726.25,7720.25,7724.0,100
2026-09-09 09:45:00-04:00,7723.0,7728.5,7720.75,7724.75,252
2026-09-09 09:50:00-04:00,7725.0,7726.0,7720.75,7723.75,129
2026-09-09 09:55:00-04:00,7723.25,7728.0,7723.25,7727.0,105
2026-09-09 10:00:00-04:00,7727.25,7728.25,7719.75,7724.75,185
2026-09-09 10:05:00-04:00,7724.0,7727.75,7723.5,7726.75,88
2026-09-09 10:10:00-04:00,7726.75,7727.0,7722.75,7725.25,49
2026-09-09 10:15:00-04:00,7724.25,7724.75,7713.75,7716.25,240
2026-09-09 10:20:00-04:00,7716.0,7717.25,7710.5,7710.5,158
2026-09-09 10:25:00-04:00,7711.0,7731.25,7711.0,7725.5,212
2026-09-09 10:30:00-04:00,7725.5,7725.75,7720.25,7721.0,69
2026-09-09 10:35:00-04:00,7721.25,7723.0,7718.5,7721.5,49
2026-09-09 10:40:00-04:00,7721.5,7724.25,7720.5,7724.25,37
2026-09-09 10:45:00-04:00,7721.0,7723.25,7720.25,7722.75,22
2026-09-09 10:50:00-04:00,7722.75,7725.0,7721.75,7722.5,51
2026-09-09 10:55:00-04:00,7724.75,7724.75,7721.0,7723.75,46
2026-09-09 11:00:00-04:00,7724.75,7730.5,7712.75,7714.25,395
2026-09-09 11:05:00-04:00,7714.75,7715.75,7707.25,7707.5,179
2026-09-09 11:10:00-04:00,7708.25,7708.25,7700.0,7701.5,252
2026-09-09 11:15:00-04:00,7701.5,7706.25,7700.5,7705.0,172
2026-09-09 11:20:00-04:00,7704.75,7706.25,7695.5,7695.5,109
2026-09-09 11:25:00-04:00,7696.25,7701.0,7694.0,7700.75,202
2026-09-09 11:30:00-04:00,7700.5,7706.75,7700.25,7706.75,163
2026-09-09 11:35:00-04:00,7707.25,7714.75,7703.0,7714.25,264
2026-09-09 11:40:00-04:00,7714.25,7716.0,7706.5,7706.75,180
2026-09-09 11:45:00-04:00,7708.25,7708.75,7705.75,7708.5,43
2026-09-09 11:50:00-04:00,7709.25,7711.75,7709.25,7711.0,37
2026-09-09 11:55:00-04:00,7710.25,7710.25,7704.25,7707.5,74
2026-09-09 12:00:00-04:00,7707.25,7709.25,7706.75,7709.25,44
2026-09-09 12:05:00-04:00,7708.75,7709.5,7700.75,7700.75,54
2026-09-09 12:10:00-04:00,7700.25,7704.25,7700.0,7702.5,52
2026-09-09 12:15:00-04:00,7701.75,7701.75,7699.25,7700.0,47
2026-09-09 12:20:00-04:00,7700.0,7703.0,7698.75,7703.0,101
2026-09-09 12:25:00-04:00,7703.25,7703.75,7700.25,7700.25,86
2026-09-09 12:30:00-04:00,7701.75,7707.25,7701.75,7707.0,31
2026-09-09 12:35:00-04:00,7706.75,7708.25,7705.25,7708.25,66
2026-09-09 12:40:00-04:00,7707.75,7710.0,7706.75,7710.0,130
2026-09-09 12:45:00-04:00,7710.5,7711.0,7708.0,7710.75,51
2026-09-09 12:50:00-04:00,7712.25,7715.0,7712.25,7713.0,117
2026-09-09 12:55:00-04:00,7712.0,7713.0,7711.0,7711.75,31
2026-09-09 13:00:00-04:00,7711.5,7715.75,7709.75,7709.75,179
2026-09-09 13:05:00-04:00,7710.0,7713.5,7709.75,7712.0,61
2026-09-09 13:10:00-04:00,7711.75,7717.25,7711.25,7717.25,62
2026-09-09 13:15:00-04:00,7717.5,7718.5,7714.75,7714.75,53
2026-09-09 13:20:00-04:00,7714.75,7716.5,7713.75,7716.5,33
2026-09-09 13:25:00-04:00,7717.75,7717.75,7714.5,7714.5,91
2026-09-09 13:30:00-04:00,7715.5,7716.25,7713.0,7713.5,96
2026-09-09 13:35:00-04:00,7713.5,7714.25,7709.5,7710.5,46
2026-09-09 13:40:00-04:00,7710.25,7715.0,7710.25,7715.0,42
2026-09-09 13:45:00-04:00,7715.25,7717.0,7714.75,7715.5,21
2026-09-09 13:50:00-04:00,7716.25,7718.75,7715.25,7718.0,40
2026-09-09 13:55:00-04:00,7718.5,7718.5,7716.25,7716.25,49
2026-09-09 14:00:00-04:00,7716.0,7718.75,7715.75,7717.0,117
2026-09-09 14:05:00-04:00,7716.75,7716.75,7713.0,7713.0,51
2026-09-09 14:10:00-04:00,7713.5,7713.5,7711.0,7711.0,20
2026-09-09 14:15:00-04:00,7709.75,7712.25,7708.5,7711.0,67
2026-09-09 14:20:00-04:00,7711.5,7716.0,7711.5,7715.5,35
2026-09-09 14:25:00-04:00,7715.25,7716.25,7713.25,7713.25,33
2026-09-09 14:30:00-04:00,7714.0,7714.0,7712.0,7713.75,20
2026-09-09 14:35:00-04:00,7713.5,7716.0,7713.5,7715.75,36
2026-09-09 14:40:00-04:00,7716.0,7718.75,7716.0,7717.5,67
2026-09-09 14:45:00-04:00,7717.0,7717.25,7715.25,7715.5,15
2026-09-09 14:50:00-04:00,7716.5,7719.0,7716.25,7719.0,39
2026-09-09 14:55:00-04:00,7718.5,7719.25,7714.75,7714.75,23
2026-09-09 15:00:00-04:00,7714.25,7716.5,7712.25,7712.25,40
2026-09-09 15:05:00-04:00,7712.75,7716.5,7712.25,7716.5,33
2026-09-09 15:10:00-04:00,7716.75,7716.75,7715.5,7715.5,18
2026-09-09 15:15:00-04:00,7715.5,7719.0,7715.5,7719.0,25
2026-09-09 15:20:00-04:00,7718.75,7719.0,7717.75,7718.25,58
2026-09-09 15:25:00-04:00,7718.25,7720.0,7717.0,7717.25,43
2026-09-09 15:30:00-04:00,7716.5,7716.5,7715.25,7716.25,17
2026-09-09 15:35:00-04:00,7716.0,7716.5,7714.0,7714.0,29
2026-09-09 15:40:00-04:00,7713.75,7714.0,7712.0,7714.0,30
2026-09-09 15:45:00-04:00,7713.75,7715.5,7712.25,7715.5,21
2026-09-09 15:50:00-04:00,7714.0,7714.0,7708.25,7710.5,94
2026-09-09 15:55:00-04:00,7710.25,7711.25,7707.25,7710.5,550
2026-09-09 16:00:00-04:00,7710.25,7711.75,7708.0,7708.75,159
2026-09-09 16:05:00-04:00,7709.25,7712.0,7709.25,7711.25,45
2026-09-09 16:10:00-04:00,7711.75,7712.75,7711.0,7712.0,14
2026-09-09 16:15:00-04:00,7711.75,7711.75,7711.5,7711.5,8
2026-09-09 16:20:00-04:00,7711.0,7711.5,7711.0,7711.5,4
2026-09-09 16:25:00-04:00,7711.75,7711.75,7711.5,7711.75,3
2026-09-09 16:30:00-04:00,7711.25,7711.25,7711.25,7711.25,18
2026-09-09 16:35:00-04:00,7713.25,7713.5,7713.25,7713.5,2
2026-09-09 16:40:00-04:00,7712.75,7712.75,7712.25,7712.25,2
2026-09-09 16:50:00-04:00,7712.25,7712.25,7712.25,7712.25,2
2026-09-09 16:55:00-04:00,7713.0,7714.5,7713.0,7713.5,7
2026-09-09 18:00:00-04:00,7713.5,7716.5,7713.0,7713.0,17
2026-09-09 18:05:00-04:00,7713.25,7713.25,7713.25,7713.25,2
2026-09-09 18:10:00-04:00,7713.25,7714.0,7713.25,7713.25,11
2026-09-09 18:20:00-04:00,7712.75,7713.25,7712.75,7712.75,11
2026-09-09 18:25:00-04:00,7713.0,7713.0,7711.75,7711.75,6
2026-09-09 18:30:00-04:00,7712.25,7713.5,7712.25,7713.25,25
2026-09-09 18:35:00-04:00,7713.0,7713.75,7713.0,7713.0,14
2026-09-09 18:40:00-04:00,7713.0,7713.5,7712.75,7713.5,124
2026-09-09 18:45:00-04:00,7713.5,7713.5,7713.25,7713.25,7
2026-09-09 18:50:00-04:00,7713.0,7713.0,7712.75,7712.75,7
2026-09-09 18:55:00-04:00,7712.5,7712.75,7712.25,7712.75,15
2026-09-09 19:00:00-04:00,7713.0,7713.0,7712.0,7712.25,10
2026-09-09 19:05:00-04:00,7712.5,7712.75,7712.25,7712.5,8
2026-09-09 19:10:00-04:00,7712.0,7712.25,7712.0,7712.25,3
2026-09-09 19:15:00-04:00,7712.0,7714.0,7711.75,7713.5,36
2026-09-09 19:20:00-04:00,7713.25,7713.5,7713.0,7713.0,7
2026-09-09 19:25:00-04:00,7713.25,7713.25,7712.25,7713.0,23
2026-09-09 19:30:00-04:00,7713.25,7713.75,7713.25,7713.5,9
2026-09-09 19:35:00-04:00,7713.5,7714.0,7713.25,7713.25,7
2026-09-09 19:40:00-04:00,7713.75,7713.75,7713.25,7713.75,16
2026-09-09 19:45:00-04:00,7714.0,7714.75,7713.75,7714.75,17
2026-09-09 19:50:00-04:00,7714.75,7718.75,7714.5,7718.75,36
2026-09-09 19:55:00-04:00,7718.25,7718.25,7716.5,7718.0,26
2026-09-09 20:00:00-04:00,7718.25,7718.5,7716.75,7718.0,46
2026-09-09 20:05:00-04:00,7718.75,7720.0,7718.75,7719.5,26
2026-09-09 20:10:00-04:00,7719.5,7720.5,7718.25,7718.25,29
2026-09-09 20:15:00-04:00,7717.75,7721.0,7717.75,7720.25,23
2026-09-09 20:20:00-04:00,7720.25,7720.75,7720.0,7720.5,42
2026-09-09 20:25:00-04:00,7720.25,7722.25,7719.0,7721.5,44
2026-09-09 20:30:00-04:00,7721.5,7721.75,7719.75,7719.75,16
2026-09-09 20:35:00-04:00,7720.25,7720.25,7719.25,7719.5,8
2026-09-09 20:40:00-04:00,7719.0,7720.0,7718.25,7720.0,34
2026-09-09 20:45:00-04:00,7719.75,7720.25,7717.5,7717.75,29
2026-09-09 20:50:00-04:00,7715.5,7716.5,7715.0,7716.5,28
2026-09-09 20:55:00-04:00,7715.25,7715.25,7713.25,7713.25,39
2026-09-09 21:00:00-04:00,7713.5,7715.25,7713.5,7714.5,21
2026-09-09 21:05:00-04:00,7715.25,7716.25,7714.0,7714.75,29
2026-09-09 21:10:00-04:00,7714.75,7714.75,7712.25,7713.5,13
2026-09-09 21:15:00-04:00,7714.0,7715.75,7713.75,7715.75,20
2026-09-09 21:20:00-04:00,7716.25,7716.25,7712.75,7712.75,37
2026-09-09 21:25:00-04:00,7713.0,7713.25,7710.5,7711.0,33
2026-09-09 21:30:00-04:00,7711.75,7712.0,7710.0,7710.0,22
2026-09-09 21:35:00-04:00,7710.0,7711.0,7710.0,7710.75,30
2026-09-09 21:40:00-04:00,7712.75,7715.5,7712.75,7715.25,34
2026-09-09 21:45:00-04:00,7715.0,7717.25,7714.25,7717.25,34
2026-09-09 21:50:00-04:00,7717.25,7717.5,7714.0,7714.0,81
2026-09-09 21:55:00-04:00,7714.5,7717.25,7714.5,7717.25,63
2026-09-09 22:00:00-04:00,7717.25,7717.25,7716.75,7716.75,25
2026-09-09 22:05:00-04:00,7718.0,7718.0,7716.5,7716.75,47
2026-09-09 22:10:00-04:00,7716.0,7716.5,7714.5,7716.5,35
2026-09-09 22:15:00-04:00,7716.75,7716.75,7714.25,7714.5,25
2026-09-09 22:20:00-04:00,7715.0,7716.0,7715.0,7715.5,15
2026-09-09 22:25:00-04:00,7715.75,7716.0,7714.5,7715.5,17
2026-09-09 22:30:00-04:00,7714.75,7717.25,7714.75,7717.25,13
2026-09-09 22:35:00-04:00,7717.5,7719.75,7717.5,7719.75,12
2026-09-09 22:40:00-04:00,7720.0,7721.25,7719.5,7720.0,11
2026-09-09 22:45:00-04:00,7720.25,7720.25,7719.5,7720.0,8
2026-09-09 22:50:00-04:00,7719.75,7721.0,7719.25,7720.75,18
2026-09-09 22:55:00-04:00,7720.0,7720.0,7719.5,7719.5,3
2026-09-09 23:00:00-04:00,7720.75,7722.0,7720.5,7722.0,13
2026-09-09 23:05:00-04:00,7721.5,7721.5,7721.5,7721.5,1
2026-09-09 23:10:00-04:00,7721.75,7722.25,7720.5,7720.75,24
2026-09-09 23:15:00-04:00,7720.5,7721.0,7720.5,7720.75,13
2026-09-09 23:20:00-04:00,7721.5,7722.0,7719.5,7719.5,29
2026-09-09 23:25:00-04:00,7719.5,7719.5,7718.25,7719.5,9
2026-09-09 23:30:00-04:00,7719.5,7720.5,7719.5,7720.0,6
2026-09-09 23:35:00-04:00,7720.5,7720.5,7719.5,7719.5,2
2026-09-09 23:40:00-04:00,7720.25,7720.5,7720.0,7720.5,7
2026-09-09 23:45:00-04:00,7720.5,7722.0,7720.5,7721.75,9
2026-09-09 23:50:00-04:00,7721.0,7721.75,7721.0,7721.5,21
2026-09-10 00:00:00-04:00,7722.25,7722.25,7721.75,7722.0,7
2026-09-10 00:05:00-04:00,7722.5,7723.25,7722.5,7723.25,4
2026-09-10 00:10:00-04:00,7722.75,7723.0,7722.5,7722.75,7
2026-09-10 00:15:00-04:00,7722.75,7723.0,7721.5,7721.75,26
2026-09-10 00:20:00-04:00,7721.25,7722.5,7721.25,7722.5,9
2026-09-10 00:25:00-04:00,7722.0,7722.75,7722.0,7722.75,8
2026-09-10 00:30:00-04:00,7722.5,7722.5,7722.0,7722.0,5
2026-09-10 00:35:00-04:00,7722.5,7723.25,7722.0,7723.25,16
2026-09-10 00:40:00-04:00,7723.5,7723.5,7722.75,7722.75,3
2026-09-10 00:45:00-04:00,7723.75,7724.0,7723.5,7724.0,4
2026-09-10 00:50:00-04:00,7724.0,7725.5,7724.0,7725.0,6
2026-09-10 00:55:00-04:00,7725.25,7725.25,7725.0,7725.0,10
2026-09-10 01:00:00-04:00,7725.0,7726.0,7725.0,7725.0,11
2026-09-10 01:05:00-04:00,7724.5,7724.5,7724.0,7724.25,9
2026-09-10 01:10:00-04:00,7724.5,7724.5,7724.5,7724.5,1
2026-09-10 01:15:00-04:00,7725.5,7725.75,7725.5,7725.5,8
2026-09-10 01:20:00-04:00,7726.25,7726.25,7726.25,7726.25,4
2026-09-10 01:25:00-04:00,7726.5,7728.75,7726.25,7728.5,54
2026-09-10 01:30:00-04:00,7729.0,7730.0,7728.25,7729.25,28
2026-09-10 01:35:00-04:00,7730.25,7731.0,7728.75,7728.75,24
2026-09-10 01:40:00-04:00,7729.0,7729.5,7728.75,7728.75,20
2026-09-10 01:45:00-04:00,7729.75,7731.5,7729.25,7730.0,33
2026-09-10 01:50:00-04:00,7729.0,7729.0,7728.0,7728.0,29
2026-09-10 01:55:00-04:00,7727.5,7729.25,7727.0,7729.25,27
2026-09-10 02:00:00-04:00,7729.0,7730.5,7728.75,7729.25,31
2026-09-10 02:05:00-04:00,7729.25,7729.25,7727.0,7728.0,32
2026-09-10 02:10:00-04:00,7728.25,7728.25,7727.5,7727.5,17
2026-09-10 02:15:00-04:00,7727.5,7727.5,7727.25,7727.25,5
2026-09-10 02:20:00-04:00,7725.75,7726.75,7725.75,7726.75,17
2026-09-10 02:25:00-04:00,7726.75,7729.5,7726.5,7729.5,25
2026-09-10 02:30:00-04:00,7729.5,7731.0,7729.0,7730.0,35
2026-09-10 02:35:00-04:00,7730.0,7731.75,7729.5,7731.75,31
2026-09-10 02:40:00-04:00,7731.75,7731.75,7730.75,7730.75,17
2026-09-10 02:45:00-04:00,7730.75,7731.75,7730.75,7731.75,11
2026-09-10 02:50:00-04:00,7732.25,7732.25,7730.25,7730.25,47
2026-09-10 02:55:00-04:00,7730.25,7730.25,7729.25,7730.0,32
2026-09-10 03:00:00-04:00,7729.25,7729.5,7727.0,7727.0,22
2026-09-10 03:05:00-04:00,7726.25,7728.25,7726.25,7727.75,31
2026-09-10 03:10:00-04:00,7728.25,7729.25,7727.75,7728.0,25
2026-09-10 03:15:00-04:00,7728.5,7729.0,7728.25,7728.25,11
2026-09-10 03:20:00-04:00,7729.75,7730.0,7728.5,7728.75,27
2026-09-10 03:25:00-04:00,7728.75,7729.0,7723.75,7723.75,19
2026-09-10 03:30:00-04:00,7724.25,7724.75,7722.75,7723.0,20
2026-09-10 03:35:00-04:00,7723.75,7726.0,7723.75,7723.75,38
2026-09-10 03:40:00-04:00,7723.75,7726.75,7723.5,7726.75,37
2026-09-10 03:45:00-04:00,7726.25,7727.0,7724.75,7725.0,42
2026-09-10 03:50:00-04:00,7727.0,7727.0,7725.5,7726.25,20
2026-09-10 03:55:00-04:00,7726.5,7727.0,7726.0,7726.0,6
2026-09-10 04:00:00-04:00,7725.5,7728.25,7725.5,7726.25,71
2026-09-10 04:05:00-04:00,7725.75,7727.25,7723.75,7725.5,46
2026-09-10 04:10:00-04:00,7725.25,7726.75,7724.0,7724.0,30
2026-09-10 04:15:00-04:00,7723.75,7723.75,7722.25,7723.0,38
2026-09-10 04:20:00-04:00,7724.5,7725.5,7723.0,7724.75,38
2026-09-10 04:25:00-04:00,7725.5,7726.5,7724.25,7726.25,46
2026-09-10 04:30:00-04:00,7726.75,7727.0,7721.5,7721.5,75
2026-09-10 04:35:00-04:00,7721.75,7724.25,7721.75,7722.25,27
2026-09-10 04:40:00-04:00,7722.75,7723.0,7718.5,7718.75,65
2026-09-10 04:45:00-04:00,7719.75,7721.0,7717.5,7717.75,105
2026-09-10 04:50:00-04:00,7718.25,7718.75,7717.0,7718.5,66
2026-09-10 04:55:00-04:00,7718.5,7718.5,7717.0,7718.0,49
2026-09-10 05:00:00-04:00,7718.0,7721.0,7717.25,7720.5,135
2026-09-10 05:05:00-04:00,7720.25,7720.25,7719.0,7719.25,23
2026-09-10 05:10:00-04:00,7717.5,7718.75,7717.0,7718.0,28
2026-09-10 05:15:00-04:00,7717.5,7718.75,7717.25,7718.75,18
2026-09-10 05:20:00-04:00,7718.5,7719.75,7716.75,7716.75,50
2026-09-10 05:25:00-04:00,7716.5,7717.0,7715.25,7716.0,45
2026-09-10 05:30:00-04:00,7715.0,7715.0,7712.5,7715.0,81
2026-09-10 05:35:00-04:00,7715.0,7715.0,7712.75,7713.0,43
2026-09-10 05:40:00-04:00,7713.0,7715.5,7711.0,7715.5,200
2026-09-10 05:45:00-04:00,7715.5,7717.25,7715.25,7717.25,127
2026-09-10 05:50:00-04:00,7717.0,7719.5,7716.75,7718.0,152
2026-09-10 05:55:00-04:00,7717.75,7718.5,7716.75,7717.5,81
2026-09-10 06:00:00-04:00,7717.0,7719.25,7715.75,7718.5,103
2026-09-10 06:05:00-04:00,7718.5,7719.0,7716.25,7716.5,88
2026-09-10 06:10:00-04:00,7716.5,7717.25,7715.75,7716.5,78
2026-09-10 06:15:00-04:00,7716.25,7717.75,7716.25,7717.75,90
2026-09-10 06:20:00-04:00,7717.75,7718.0,7716.5,7717.25,82
2026-09-10 06:25:00-04:00,7717.25,7719.0,7716.25,7716.75,141
2026-09-10 06:30:00-04:00,7716.5,7716.5,7713.0,7713.75,91
2026-09-10 06:35:00-04:00,7713.75,7718.0,7713.5,7717.75,171
2026-09-10 06:40:00-04:00,7717.75,7719.0,7717.0,7717.0,109
2026-09-10 06:45:00-04:00,7717.0,7717.0,7715.25,7716.5,120
2026-09-10 06:50:00-04:00,7716.5,7716.75,7712.5,7712.5,131
2026-09-10 06:55:00-04:00,7712.25,7722.75,7712.25,7714.5,548
2026-09-10 07:00:00-04:00,7714.0,7714.5,7710.5,7712.5,288
2026-09-10 07:05:00-04:00,7713.0,7713.25,7709.75,7710.75,138
2026-09-10 07:10:00-04:00,7710.5,7711.75,7708.75,7711.0,172
2026-09-10 07:15:00-04:00,7710.75,7711.75,7709.75,7709.75,118
2026-09-10 07:20:00-04:00,7710.25,7710.5,7708.75,7710.25,97
2026-09-10 07:25:00-04:00,7710.25,7710.5,7709.0,7709.0,75
2026-09-10 07:30:00-04:00,7709.0,7714.25,7709.0,7713.5,149
2026-09-10 07:35:00-04:00,7713.25,7714.25,7712.0,7713.0,106
2026-09-10 07:40:00-04:00,7712.75,7712.75,7709.25,7710.25,124
2026-09-10 07:45:00-04:00,7710.25,7711.75,7707.25,7707.75,214
2026-09-10 07:50:00-04:00,7707.5,7707.5,7702.75,7703.5,267
2026-09-10 07:55:00-04:00,7703.25,7703.25,7697.5,7697.5,390
2026-09-10 08:00:00-04:00,7697.5,7700.5,7695.5,7696.0,327
2026-09-10 08:05:00-04:00,7696.0,7697.5,7695.25,7695.5,269
2026-09-10 08:10:00-04:00,7695.0,7698.75,7694.5,7698.75,75
2026-09-10 08:15:00-04:00,7697.75,7698.25,7693.75,7694.0,114
2026-09-10 08:20:00-04:00,7694.0,7694.0,7692.0,7692.25,197
2026-09-10 08:25:00-04:00,7692.25,7693.25,7689.0,7693.0,148
2026-09-10 08:30:00-04:00,7695.0,7695.25,7671.0,7671.0,1336
2026-09-10 08:35:00-04:00,7671.25,7679.0,7671.25,7675.5,866
2026-09-10 08:40:00-04:00,7675.0,7675.0,7664.5,7668.25,715
2026-09-10 08:45:00-04:00,7668.75,7670.75,7663.5,7670.75,677
2026-09-10 08:50:00-04:00,7670.0,7672.5,7668.75,7671.75,589
2026-09-10 08:55:00-04:00,7671.5,7671.5,7665.75,7667.25,594
2026-09-10 09:00:00-04:00,7667.25,7674.75,7666.75,7674.0,555
2026-09-10 09:05:00-04:00,7674.25,7674.5,7667.75,7669.0,452
2026-09-10 09:10:00-04:00,7669.0,7671.25,7666.5,7666.75,166
2026-09-10 09:15:00-04:00,7666.0,7669.75,7664.75,7666.5,440
2026-09-10 09:20:00-04:00,7667.25,7668.5,7664.5,7664.5,262
2026-09-10 09:25:00-04:00,7664.5,7666.25,7661.75,7664.5,697
2026-09-10 09:30:00-04:00,7664.5,7669.0,7661.0,7662.75,1762
2026-09-10 09:35:00-04:00,7663.0,7670.75,7660.5,7669.75,1511
2026-09-10 09:40:00-04:00,7669.25,7672.75,7666.0,7666.25,1302
2026-09-10 09:45:00-04:00,7666.5,7675.0,7666.5,7671.5,1364
2026-09-10 09:50:00-04:00,7671.25,7671.25,7657.5,7658.0,656
2026-09-10 09:55:00-04:00,7658.25,7658.5,7652.0,7652.75,763
2026-09-10 10:00:00-04:00,7653.25,7662.25,7653.0,7657.5,979
2026-09-10 10:05:00-04:00,7657.5,7658.5,7650.75,7652.5,563
2026-09-10 10:10:00-04:00,7652.5,7662.0,7651.75,7658.0,688
2026-09-10 10:15:00-04:00,7658.0,7664.75,7655.75,7664.25,634
2026-09-10 10:20:00-04:00,7664.25,7685.25,7663.75,7678.5,2520
2026-09-10 10:25:00-04:00,7678.5,7683.5,7670.5,7671.5,1758
2026-09-10 10:30:00-04:00,7671.75,7677.0,7671.0,7674.5,513
2026-09-10 10:35:00-04:00,7675.0,7681.0,7675.0,7678.25,595
2026-09-10 10:40:00-04:00,7677.75,7679.0,7671.75,7673.25,448
2026-09-10 10:45:00-04:00,7672.5,7675.0,7669.5,7672.75,415
2026-09-10 10:50:00-04:00,7672.5,7676.5,7670.0,7676.5,381
2026-09-10 10:55:00-04:00,7676.5,7679.75,7673.75,7678.75,234
2026-09-10 11:00:00-04:00,7678.75,7679.0,7670.0,7673.0,818
2026-09-10 11:05:00-04:00,7673.0,7679.0,7673.0,7674.75,278
2026-09-10 11:10:00-04:00,7674.75,7679.25,7674.0,7675.0,616
2026-09-10 11:15:00-04:00,7675.0,7677.0,7673.5,7674.75,519
2026-09-10 11:20:00-04:00,7675.5,7678.25,7671.0,7678.0,518
2026-09-10 11:25:00-04:00,7678.0,7680.25,7676.25,7676.5,414
2026-09-10 11:30:00-04:00,7676.75,7680.5,7674.75,7679.25,277
2026-09-10 11:35:00-04:00,7679.25,7684.5,7675.25,7677.25,354
2026-09-10 11:40:00-04:00,7676.75,7679.0,7675.5,7678.5,444
2026-09-10 11:45:00-04:00,7679.0,7679.75,7672.25,7676.0,585
2026-09-10 11:50:00-04:00,7675.5,7678.0,7671.0,7671.0,683
2026-09-10 11:55:00-04:00,7670.5,7671.25,7666.5,7670.25,890
2026-09-10 12:00:00-04:00,7669.75,7675.25,7669.0,7670.25,657
2026-09-10 12:05:00-04:00,7670.0,7670.75,7665.0,7665.5,610
2026-09-10 12:10:00-04:00,7665.25,7667.25,7662.75,7665.75,671
2026-09-10 12:15:00-04:00,7665.75,7669.0,7663.5,7665.0,649
2026-09-10 12:20:00-04:00,7665.0,7667.5,7664.75,7665.0,301
2026-09-10 12:25:00-04:00,7665.25,7665.5,7662.25,7665.5,403
2026-09-10 12:30:00-04:00,7665.25,7668.5,7659.5,7659.5,1248
2026-09-10 12:35:00-04:00,7659.5,7666.75,7657.0,7666.25,573
2026-09-10 12:40:00-04:00,7666.5,7673.25,7665.75,7672.75,360
2026-09-10 12:45:00-04:00,7672.5,7677.75,7672.5,7672.75,288
2026-09-10 12:50:00-04:00,7673.5,7676.5,7671.5,7676.0,334
2026-09-10 12:55:00-04:00,7676.5,7678.25,7675.25,7677.0,145
2026-09-10 13:00:00-04:00,7676.0,7683.0,7672.25,7674.5,523
2026-09-10 13:05:00-04:00,7675.0,7677.25,7673.0,7674.0,376
2026-09-10 13:10:00-04:00,7675.0,7679.0,7674.5,7674.75,208
2026-09-10 13:15:00-04:00,7674.5,7676.25,7672.75,7674.5,177
2026-09-10 13:20:00-04:00,7674.0,7675.5,7670.75,7671.25,100
2026-09-10 13:25:00-04:00,7671.25,7671.75,7669.75,7670.5,89
2026-09-10 13:30:00-04:00,7670.0,7671.75,7668.0,7670.25,147
2026-09-10 13:35:00-04:00,7670.25,7672.25,7664.75,7665.25,204
2026-09-10 13:40:00-04:00,7665.5,7669.0,7664.5,7668.0,319
2026-09-10 13:45:00-04:00,7668.75,7669.0,7666.75,7667.25,126
2026-09-10 13:50:00-04:00,7667.25,7670.25,7666.75,7668.75,343
2026-09-10 13:55:00-04:00,7668.5,7669.25,7667.0,7667.75,235
2026-09-10 14:00:00-04:00,7667.75,7670.25,7663.0,7664.0,265
2026-09-10 14:05:00-04:00,7664.25,7666.25,7661.5,7662.0,232
2026-09-10 14:10:00-04:00,7661.75,7663.5,7659.5,7662.0,293
2026-09-10 14:15:00-04:00,7661.5,7662.25,7658.25,7661.0,403
2026-09-10 14:20:00-04:00,7662.0,7665.25,7662.0,7663.0,519
2026-09-10 14:25:00-04:00,7663.0,7664.0,7660.75,7661.75,191
2026-09-10 14:30:00-04:00,7661.5,7661.5,7657.25,7661.0,227
2026-09-10 14:35:00-04:00,7661.0,7663.25,7659.75,7663.25,166
2026-09-10 14:40:00-04:00,7663.0,7664.0,7662.25,7663.0,96
2026-09-10 14:45:00-04:00,7662.75,7665.5,7659.25,7662.75,311
2026-09-10 14:50:00-04:00,7662.25,7668.5,7660.5,7664.5,521
2026-09-10 14:55:00-04:00,7664.5,7665.75,7661.5,7663.0,166
2026-09-10 15:00:00-04:00,7661.5,7662.5,7658.0,7658.25,345
2026-09-10 15:05:00-04:00,7658.25,7664.75,7658.0,7664.5,360
2026-09-10 15:10:00-04:00,7664.5,7664.5,7660.25,7662.75,306
2026-09-10 15:15:00-04:00,7663.0,7664.5,7658.75,7660.25,218
2026-09-10 15:20:00-04:00,7660.0,7662.0,7658.5,7661.75,247
2026-09-10 15:25:00-04:00,7662.5,7662.5,7660.25,7661.5,394
2026-09-10 15:30:00-04:00,7661.25,7665.0,7659.75,7664.75,291
2026-09-10 15:35:00-04:00,7664.5,7666.75,7661.75,7665.0,181
2026-09-10 15:40:00-04:00,7665.25,7668.0,7665.25,7665.75,151
2026-09-10 15:45:00-04:00,7665.75,7667.5,7663.5,7666.5,280
2026-09-10 15:50:00-04:00,7666.25,7668.5,7661.75,7664.0,945
2026-09-10 15:55:00-04:00,7664.0,7666.5,7662.25,7664.75,3658
2026-09-10 16:00:00-04:00,7664.75,7665.5,7662.5,7663.75,995
2026-09-10 16:05:00-04:00,7663.5,7668.0,7661.75,7667.25,272
2026-09-10 16:10:00-04:00,7667.75,7672.0,7665.75,7672.0,368
2026-09-10 16:15:00-04:00,7672.0,7672.25,7669.75,7670.25,123
2026-09-10 16:20:00-04:00,7670.75,7671.75,7670.5,7671.75,125
2026-09-10 16:25:00-04:00,7671.5,7671.75,7669.25,7669.5,181
2026-09-10 16:30:00-04:00,7669.75,7670.5,7669.25,7670.5,197
2026-09-10 16:35:00-04:00,7670.25,7671.0,7669.75,7670.75,156
2026-09-10 16:40:00-04:00,7670.5,7671.0,7670.0,7670.25,114
2026-09-10 16:45:00-04:00,7670.25,7671.25,7669.75,7670.5,214
2026-09-10 16:50:00-04:00,7670.5,7671.5,7670.25,7671.5,160
2026-09-10 16:55:00-04:00,7671.0,7671.25,7665.5,7668.75,140
2026-09-10 18:00:00-04:00,7665.5,7669.0,7665.5,7669.0,55
2026-09-10 18:05:00-04:00,7668.75,7669.25,7666.75,7669.0,36
2026-09-10 18:10:00-04:00,7668.75,7669.5,7668.0,7668.5,29
2026-09-10 18:15:00-04:00,7669.25,7671.25,7668.5,7671.25,41
2026-09-10 18:20:00-04:00,7672.25,7673.0,7670.0,7670.25,62
2026-09-10 18:25:00-04:00,7670.5,7670.5,7667.25,7667.25,48
2026-09-10 18:30:00-04:00,7668.0,7668.0,7666.0,7667.25,118
2026-09-10 18:35:00-04:00,7667.0,7667.75,7666.5,7666.75,100
2026-09-10 18:40:00-04:00,7666.5,7666.75,7664.75,7665.0,143
2026-09-10 18:45:00-04:00,7664.75,7667.5,7664.5,7667.5,67
2026-09-10 18:50:00-04:00,7666.75,7666.75,7664.75,7664.75,23
2026-09-10 18:55:00-04:00,7665.75,7666.0,7665.0,7665.25,27
2026-09-10 19:00:00-04:00,7665.5,7666.75,7665.25,7665.25,37
2026-09-10 19:05:00-04:00,7665.75,7666.5,7665.5,7666.5,39
2026-09-10 19:10:00-04:00,7666.25,7667.0,7666.0,7667.0,15
2026-09-10 19:15:00-04:00,7666.5,7667.25,7666.5,7667.0,22
2026-09-10 19:20:00-04:00,7667.0,7667.25,7665.5,7665.5,14
2026-09-10 19:25:00-04:00,7665.75,7667.0,7665.75,7666.0,13
2026-09-10 19:30:00-04:00,7666.5,7667.25,7666.0,7666.0,29
2026-09-10 19:35:00-04:00,7666.0,7666.75,7665.75,7666.75,28
2026-09-10 19:40:00-04:00,7666.5,7667.0,7665.5,7666.75,79
2026-09-10 19:45:00-04:00,7666.75,7666.75,7665.0,7665.0,50
2026-09-10 19:50:00-04:00,7665.0,7665.25,7662.75,7663.0,74
2026-09-10 19:55:00-04:00,7663.0,7663.0,7660.25,7660.75,187
2026-09-10 20:00:00-04:00,7660.75,7667.0,7660.0,7665.75,280
2026-09-10 20:05:00-04:00,7666.0,7671.75,7666.0,7669.5,209
2026-09-10 20:10:00-04:00,7669.25,7671.75,7669.25,7670.0,109
2026-09-10 20:15:00-04:00,7670.75,7671.75,7669.5,7670.25,79
2026-09-10 20:20:00-04:00,7669.75,7672.0,7669.0,7671.5,82
2026-09-10 20:25:00-04:00,7671.0,7674.75,7671.0,7674.75,47
2026-09-10 20:30:00-04:00,7674.0,7674.25,7671.25,7672.0,37
2026-09-10 20:35:00-04:00,7673.75,7677.75,7673.75,7676.75,90
2026-09-10 20:40:00-04:00,7676.5,7676.75,7671.5,7672.5,211
2026-09-10 20:45:00-04:00,7672.25,7674.5,7672.25,7674.0,80
2026-09-10 20:50:00-04:00,7674.0,7677.0,7674.0,7676.75,80
2026-09-10 20:55:00-04:00,7676.75,7679.0,7676.5,7678.75,83
2026-09-10 21:00:00-04:00,7679.0,7681.5,7678.25,7680.75,98
2026-09-10 21:05:00-04:00,7680.75,7680.75,7678.75,7679.75,107
2026-09-10 21:10:00-04:00,7680.0,7681.25,7679.0,7679.0,134
2026-09-10 21:15:00-04:00,7679.0,7679.0,7677.25,7677.25,28
2026-09-10 21:20:00-04:00,7677.25,7677.25,7674.75,7675.25,63
2026-09-10 21:25:00-04:00,7675.25,7676.0,7675.0,7675.0,37
2026-09-10 21:30:00-04:00,7674.75,7676.75,7674.5,7675.5,100
2026-09-10 21:35:00-04:00,7675.75,7676.5,7673.25,7673.5,62
2026-09-10 21:40:00-04:00,7673.0,7674.0,7672.0,7673.75,111
2026-09-10 21:45:00-04:00,7674.0,7674.0,7672.25,7673.25,55
2026-09-10 21:50:00-04:00,7673.0,7673.5,7672.25,7673.25,39
2026-09-10 21:55:00-04:00,7673.5,7675.25,7673.25,7675.25,53
2026-09-10 22:00:00-04:00,7675.5,7676.5,7674.25,7674.75,44
2026-09-10 22:05:00-04:00,7675.5,7675.5,7674.25,7674.5,46
2026-09-10 22:10:00-04:00,7675.0,7676.0,7674.5,7675.5,22
2026-09-10 22:15:00-04:00,7674.75,7675.0,7673.25,7673.25,43
2026-09-10 22:20:00-04:00,7673.5,7674.25,7672.75,7672.75,17
2026-09-10 22:25:00-04:00,7672.75,7672.75,7670.5,7671.75,72
2026-09-10 22:30:00-04:00,7671.5,7672.0,7668.75,7669.0,76
2026-09-10 22:35:00-04:00,7669.25,7671.25,7669.25,7671.25,17
2026-09-10 22:40:00-04:00,7671.25,7671.75,7668.25,7668.5,37
2026-09-10 22:45:00-04:00,7670.0,7672.75,7668.0,7672.5,81
2026-09-10 22:50:00-04:00,7673.0,7673.25,7668.75,7668.75,86
2026-09-10 22:55:00-04:00,7668.5,7669.75,7668.25,7669.0,85
2026-09-10 23:00:00-04:00,7667.5,7669.5,7667.25,7669.0,37
2026-09-10 23:05:00-04:00,7667.25,7667.25,7666.25,7667.25,32
2026-09-10 23:10:00-04:00,7667.75,7667.75,7665.25,7667.5,43
2026-09-10 23:15:00-04:00,7667.5,7668.5,7666.5,7667.75,53
2026-09-10 23:20:00-04:00,7667.75,7668.25,7665.25,7665.75,33
2026-09-10 23:25:00-04:00,7666.0,7667.25,7666.0,7666.5,26
2026-09-10 23:30:00-04:00,7665.75,7666.0,7663.0,7664.0,43
2026-09-10 23:35:00-04:00,7664.5,7666.5,7664.25,7666.0,37
2026-09-10 23:40:00-04:00,7666.0,7669.5,7666.0,7668.75,41
2026-09-10 23:45:00-04:00,7669.25,7669.25,7665.25,7665.75,51
2026-09-10 23:50:00-04:00,7665.25,7667.0,7664.75,7666.25,32
2026-09-10 23:55:00-04:00,7667.0,7668.0,7666.25,7666.25,38
2026-09-11 00:00:00-04:00,7666.75,7669.75,7664.25,7668.75,124
2026-09-11 00:05:00-04:00,7668.5,7670.75,7668.0,7669.75,54
2026-09-11 00:10:00-04:00,7669.75,7672.5,7667.0,7671.25,116
2026-09-11 00:15:00-04:00,7672.25,7672.25,7670.5,7670.5,37
2026-09-11 00:20:00-04:00,7671.25,7673.75,7671.25,7673.75,47
2026-09-11 00:25:00-04:00,7674.25,7676.5,7674.0,7676.25,126
2026-09-11 00:30:00-04:00,7676.25,7677.75,7675.75,7675.75,67
2026-09-11 00:35:00-04:00,7675.75,7677.0,7675.75,7676.5,18
2026-09-11 00:40:00-04:00,7676.5,7677.75,7676.5,7677.75,28
2026-09-11 00:45:00-04:00,7678.25,7678.5,7677.0,7678.5,65
2026-09-11 00:50:00-04:00,7678.25,7679.75,7677.75,7678.25,138
2026-09-11 00:55:00-04:00,7678.25,7679.0,7676.75,7676.75,147
2026-09-11 01:00:00-04:00,7676.5,7677.25,7676.25,7677.0,43
2026-09-11 01:05:00-04:00,7677.0,7680.5,7676.75,7680.0,108
2026-09-11 01:10:00-04:00,7680.0,7681.5,7679.25,7680.75,57
2026-09-11 01:15:00-04:00,7682.25,7682.25,7679.5,7680.5,46
2026-09-11 01:20:00-04:00,7679.75,7680.0,7678.5,7679.75,24
2026-09-11 01:25:00-04:00,7679.25,7679.25,7677.25,7677.25,72
2026-09-11 01:30:00-04:00,7677.75,7681.0,7677.75,7680.75,63
2026-09-11 01:35:00-04:00,7680.75,7682.75,7680.75,7682.5,44
2026-09-11 01:40:00-04:00,7682.5,7685.75,7682.25,7685.75,113
2026-09-11 01:45:00-04:00,7685.75,7688.25,7684.0,7688.25,90
2026-09-11 01:50:00-04:00,7688.25,7691.0,7687.0,7690.0,109
2026-09-11 01:55:00-04:00,7690.25,7693.0,7690.0,7691.75,145
2026-09-11 02:00:00-04:00,7691.0,7692.25,7689.0,7689.5,83
2026-09-11 02:05:00-04:00,7688.75,7694.25,7688.75,7692.0,85
2026-09-11 02:10:00-04:00,7691.75,7694.75,7690.5,7693.75,111
2026-09-11 02:15:00-04:00,7693.25,7694.25,7692.0,7693.5,87
2026-09-11 02:20:00-04:00,7693.75,7693.75,7691.75,7692.5,63
2026-09-11 02:25:00-04:00,7692.75,7693.0,7691.0,7692.5,134
2026-09-11 02:30:00-04:00,7692.75,7694.25,7689.25,7689.5,182
2026-09-11 02:35:00-04:00,7690.0,7693.5,7690.0,7692.75,124
2026-09-11 02:40:00-04:00,7692.5,7692.75,7690.5,7691.75,193
2026-09-11 02:45:00-04:00,7692.5,7697.75,7692.5,7696.0,135
2026-09-11 02:50:00-04:00,7695.5,7696.75,7695.0,7696.0,90
2026-09-11 02:55:00-04:00,7696.0,7697.5,7695.25,7696.75,105
2026-09-11 03:00:00-04:00,7696.25,7698.25,7696.0,7698.0,230
2026-09-11 03:05:00-04:00,7698.5,7698.75,7696.0,7696.75,159
2026-09-11 03:10:00-04:00,7696.75,7698.0,7695.0,7696.0,172
2026-09-11 03:15:00-04:00,7696.25,7697.0,7694.5,7695.5,110
2026-09-11 03:20:00-04:00,7695.5,7696.5,7695.0,7695.5,68
2026-09-11 03:25:00-04:00,7695.25,7695.25,7692.75,7692.75,112
2026-09-11 03:30:00-04:00,7692.5,7694.25,7691.0,7691.25,119
2026-09-11 03:35:00-04:00,7691.25,7693.25,7691.25,7692.5,179
2026-09-11 03:40:00-04:00,7692.75,7692.75,7691.0,7692.0,73
2026-09-11 03:45:00-04:00,7691.5,7692.0,7690.25,7690.25,102
2026-09-11 03:50:00-04:00,7690.25,7691.75,7690.25,7691.25,53
2026-09-11 03:55:00-04:00,7691.75,7693.25,7691.5,7692.0,52
2026-09-11 04:00:00-04:00,7692.5,7696.0,7691.25,7692.0,122
2026-09-11 04:05:00-04:00,7691.75,7692.25,7689.5,7689.5,172
2026-09-11 04:10:00-04:00,7690.75,7694.0,7688.75,7692.5,462
2026-09-11 04:15:00-04:00,7692.75,7696.75,7692.0,7694.25,172
2026-09-11 04:20:00-04:00,7694.25,7709.25,7694.0,7701.0,1463
2026-09-11 04:25:00-04:00,7700.75,7701.5,7696.25,7697.0,253
2026-09-11 04:30:00-04:00,7697.0,7704.0,7697.0,7702.25,323
2026-09-11 04:35:00-04:00,7703.0,7703.0,7700.0,7700.25,158
2026-09-11 04:40:00-04:00,7700.75,7701.5,7699.75,7699.75,79
2026-09-11 04:45:00-04:00,7700.0,7703.0,7699.5,7702.0,128
2026-09-11 04:50:00-04:00,7702.75,7707.75,7702.0,7706.25,336
2026-09-11 04:55:00-04:00,7706.25,7709.5,7705.5,7709.5,222
2026-09-11 05:00:00-04:00,7709.75,7712.75,7708.75,7709.25,324
2026-09-11 05:05:00-04:00,7709.0,7709.0,7705.25,7705.25,68
2026-09-11 05:10:00-04:00,7704.75,7705.75,7703.25,7703.25,125
2026-09-11 05:15:00-04:00,7703.0,7705.25,7702.5,7705.25,83
2026-09-11 05:20:00-04:00,7705.0,7706.0,7704.25,7705.0,81
2026-09-11 05:25:00-04:00,7705.0,7705.5,7704.5,7704.75,67
2026-09-11 05:30:00-04:00,7704.75,7705.75,7704.75,7705.5,61
2026-09-11 05:35:00-04:00,7705.5,7706.25,7705.0,7706.0,80
2026-09-11 05:40:00-04:00,7706.0,7706.75,7705.0,7705.25,107
2026-09-11 05:45:00-04:00,7705.0,7706.75,7704.25,7706.0,96
2026-09-11 05:50:00-04:00,7705.75,7706.25,7705.25,7706.0,111
2026-09-11 05:55:00-04:00,7705.5,7708.0,7705.5,7707.5,44
2026-09-11 06:00:00-04:00,7706.75,7710.75,7701.25,7710.5,906
2026-09-11 06:05:00-04:00,7710.25,7710.25,7708.75,7709.75,123
2026-09-11 06:10:00-04:00,7709.75,7710.0,7707.5,7708.0,59
2026-09-11 06:15:00-04:00,7708.25,7709.25,7707.25,7708.5,93
2026-09-11 06:20:00-04:00,7708.25,7709.0,7706.5,7707.0,120
2026-09-11 06:25:00-04:00,7707.5,7708.0,7705.75,7706.5,55
2026-09-11 06:30:00-04:00,7706.5,7708.5,7706.25,7708.5,35
2026-09-11 06:35:00-04:00,7708.5,7709.5,7706.25,7707.75,69
2026-09-11 06:40:00-04:00,7707.75,7707.75,7706.5,7706.5,76
2026-09-11 06:45:00-04:00,7706.25,7706.25,7704.5,7705.0,66
2026-09-11 06:50:00-04:00,7705.5,7705.75,7704.75,7704.75,42
2026-09-11 06:55:00-04:00,7704.75,7705.5,7704.25,7705.0,145
2026-09-11 07:00:00-04:00,7705.0,7706.0,7704.5,7705.0,81
2026-09-11 07:05:00-04:00,7704.75,7704.75,7702.25,7702.75,80
2026-09-11 07:10:00-04:00,7702.5,7703.5,7702.25,7702.75,105
2026-09-11 07:15:00-04:00,7703.0,7705.0,7702.25,7705.0,149
2026-09-11 07:20:00-04:00,7705.25,7705.25,7702.75,7704.5,109
2026-09-11 07:25:00-04:00,7704.75,7707.5,7704.75,7705.75,180
2026-09-11 07:30:00-04:00,7706.25,7706.75,7702.5,7703.0,135
2026-09-11 07:35:00-04:00,7703.0,7704.5,7702.25,7704.25,99
2026-09-11 07:40:00-04:00,7704.0,7706.75,7704.0,7706.75,112
2026-09-11 07:45:00-04:00,7706.75,7708.25,7704.0,7707.25,168
2026-09-11 07:50:00-04:00,7707.25,7707.25,7705.75,7706.75,84
2026-09-11 07:55:00-04:00,7706.75,7708.75,7706.0,7706.75,98
2026-09-11 08:00:00-04:00,7707.0,7707.75,7704.0,7706.0,186
2026-09-11 08:05:00-04:00,7705.75,7706.5,7704.75,7706.5,202
2026-09-11 08:10:00-04:00,7706.75,7710.25,7705.5,7708.0,291
2026-09-11 08:15:00-04:00,7708.25,7712.0,7707.0,7710.75,192
2026-09-11 08:20:00-04:00,7710.75,7712.75,7709.75,7709.75,365
2026-09-11 08:25:00-04:00,7710.0,7722.25,7709.0,7721.5,435
2026-09-11 08:30:00-04:00,7719.0,7722.5,7684.0,7710.5,1876
2026-09-11 08:35:00-04:00,7710.25,7717.5,7707.5,7714.5,1075
2026-09-11 08:40:00-04:00,7714.75,7716.75,7711.75,7713.75,584
2026-09-11 08:45:00-04:00,7713.25,7725.0,7712.0,7722.75,944
2026-09-11 08:50:00-04:00,7722.75,7735.5,7722.75,7734.5,1273
2026-09-11 08:55:00-04:00,7734.25,7744.25,7733.5,7743.0,1035
2026-09-11 09:00:00-04:00,7743.0,7750.5,7742.75,7744.25,1385
2026-09-11 09:05:00-04:00,7744.0,7746.75,7738.25,7740.25,1144
2026-09-11 09:10:00-04:00,7740.0,7741.25,7732.25,7734.0,954
2026-09-11 09:15:00-04:00,7733.75,7735.5,7732.0,7732.25,441
2026-09-11 09:20:00-04:00,7732.5,7734.75,7732.5,7733.75,356
2026-09-11 09:25:00-04:00,7733.75,7739.5,7731.25,7732.0,1027
2026-09-11 09:30:00-04:00,7732.25,7743.5,7727.0,7743.0,3631
2026-09-11 09:35:00-04:00,7742.75,7745.5,7738.0,7740.75,3779
2026-09-11 09:40:00-04:00,7740.75,7743.5,7731.25,7739.5,3328
2026-09-11 09:45:00-04:00,7739.75,7744.75,7733.5,7735.0,2632
2026-09-11 09:50:00-04:00,7735.0,7738.0,7732.25,7736.5,1583
2026-09-11 09:55:00-04:00,7736.5,7749.75,7735.5,7748.25,833
2026-09-11 10:00:00-04:00,7748.75,7748.75,7738.5,7739.5,1693
2026-09-11 10:05:00-04:00,7739.25,7741.0,7734.25,7739.25,1330
2026-09-11 10:10:00-04:00,7739.0,7742.25,7732.75,7733.75,1481
2026-09-11 10:15:00-04:00,7734.0,7742.75,7731.5,7742.25,960
2026-09-11 10:20:00-04:00,7742.25,7745.5,7741.0,7742.25,663
2026-09-11 10:25:00-04:00,7742.75,7746.0,7740.75,7742.25,766
2026-09-11 10:30:00-04:00,7742.5,7742.75,7731.75,7732.25,980
2026-09-11 10:35:00-04:00,7732.25,7732.25,7725.25,7728.0,1415
2026-09-11 10:40:00-04:00,7728.0,7732.25,7723.5,7725.25,1457
2026-09-11 10:45:00-04:00,7725.25,7732.75,7720.75,7731.75,2436
2026-09-11 10:50:00-04:00,7731.75,7732.0,7724.25,7724.75,1258
2026-09-11 10:55:00-04:00,7724.75,7726.5,7721.25,7724.25,740
2026-09-11 11:00:00-04:00,7724.25,7731.25,7722.5,7731.25,1164
2026-09-11 11:05:00-04:00,7731.25,7737.5,7730.5,7733.5,1163
2026-09-11 11:10:00-04:00,7733.75,7734.25,7725.75,7730.25,1264
2026-09-11 11:15:00-04:00,7730.75,7740.75,7730.75,7738.75,772
2026-09-11 11:20:00-04:00,7739.25,7743.75,7738.5,7743.5,749
2026-09-11 11:25:00-04:00,7743.5,7747.75,7742.0,7745.0,1543
2026-09-11 11:30:00-04:00,7745.0,7746.75,7742.25,7744.25,987
2026-09-11 11:35:00-04:00,7744.0,7745.5,7741.0,7744.25,617
2026-09-11 11:40:00-04:00,7744.5,7747.75,7743.75,7746.5,639
2026-09-11 11:45:00-04:00,7746.25,7746.5,7742.75,7744.0,461
2026-09-11 11:50:00-04:00,7744.25,7745.0,7739.25,7740.5,465
2026-09-11 11:55:00-04:00,7740.25,7743.25,7739.0,7742.5,787
2026-09-11 12:00:00-04:00,7742.5,7747.5,7742.5,7746.75,741
2026-09-11 12:05:00-04:00,7747.0,7747.25,7743.0,7744.25,712
2026-09-11 12:10:00-04:00,7744.5,7745.25,7740.5,7741.0,393
2026-09-11 12:15:00-04:00,7741.25,7741.75,7739.25,7740.0,591
2026-09-11 12:20:00-04:00,7740.5,7741.5,7738.0,7738.5,559
2026-09-11 12:25:00-04:00,7739.0,7741.25,7734.0,7734.5,1803
2026-09-11 12:30:00-04:00,7735.0,7742.75,7733.5,7742.0,1356
2026-09-11 12:35:00-04:00,7740.75,7741.25,7734.5,7734.5,518
2026-09-11 12:40:00-04:00,7734.5,7739.75,7733.5,7739.75,843
2026-09-11 12:45:00-04:00,7740.0,7741.25,7738.25,7738.5,688
2026-09-11 12:50:00-04:00,7738.5,7740.75,7738.25,7739.75,680
2026-09-11 12:55:00-04:00,7739.5,7742.0,7739.5,7741.75,283
2026-09-11 13:00:00-04:00,7742.0,7744.0,7741.0,7741.75,609
2026-09-11 13:05:00-04:00,7741.75,7746.25,7741.25,7742.75,1155
2026-09-11 13:10:00-04:00,7742.5,7744.0,7740.5,7740.75,681
2026-09-11 13:15:00-04:00,7741.0,7744.5,7741.0,7744.5,408
2026-09-11 13:20:00-04:00,7744.75,7747.75,7744.0,7747.75,554
2026-09-11 13:25:00-04:00,7748.0,7748.5,7744.5,7745.0,382
2026-09-11 13:30:00-04:00,7745.0,7747.75,7744.25,7745.0,602
2026-09-11 13:35:00-04:00,7745.25,7745.75,7743.0,7743.5,357
2026-09-11 13:40:00-04:00,7743.5,7745.25,7743.25,7743.75,310
2026-09-11 13:45:00-04:00,7743.75,7744.5,7742.75,7744.25,277
2026-09-11 13:50:00-04:00,7744.5,7745.0,7743.5,7743.75,302
2026-09-11 13:55:00-04:00,7744.0,7744.0,7741.5,7742.5,362
2026-09-11 14:00:00-04:00,7742.75,7745.5,7742.5,7744.25,630
2026-09-11 14:05:00-04:00,7744.0,7744.25,7741.25,7742.25,556
2026-09-11 14:10:00-04:00,7742.5,7742.75,7740.5,7741.25,1040
2026-09-11 14:15:00-04:00,7741.0,7742.75,7740.5,7741.25,703
2026-09-11 14:20:00-04:00,7741.25,7741.75,7736.25,7739.0,2085
2026-09-11 14:25:00-04:00,7739.0,7740.75,7737.25,7739.75,847
2026-09-11 14:30:00-04:00,7739.75,7741.25,7736.75,7740.0,515
2026-09-11 14:35:00-04:00,7740.0,7740.75,7738.0,7738.25,421
2026-09-11 14:40:00-04:00,7738.25,7739.25,7736.25,7736.75,331
2026-09-11 14:45:00-04:00,7736.75,7738.75,7735.25,7736.0,581
2026-09-11 14:50:00-04:00,7736.0,7737.25,7735.75,7736.25,440
2026-09-11 14:55:00-04:00,7736.0,7738.0,7735.25,7735.5,537
2026-09-11 15:00:00-04:00,7735.75,7737.25,7735.5,7737.0,412
2026-09-11 15:05:00-04:00,7736.75,7737.0,7732.5,7733.5,452
2026-09-11 15:10:00-04:00,7733.0,7734.5,7731.0,7734.5,690
2026-09-11 15:15:00-04:00,7734.75,7736.25,7734.0,7735.0,602
2026-09-11 15:20:00-04:00,7735.25,7737.5,7734.25,7737.25,1483
2026-09-11 15:25:00-04:00,7737.25,7738.0,7735.5,7735.5,1359
2026-09-11 15:30:00-04:00,7735.75,7736.5,7734.25,7735.0,1250
2026-09-11 15:35:00-04:00,7735.0,7735.5,7733.75,7734.5,726
2026-09-11 15:40:00-04:00,7734.5,7735.75,7733.75,7735.5,850
2026-09-11 15:45:00-04:00,7735.25,7735.5,7732.25,7732.5,937
2026-09-11 15:50:00-04:00,7732.25,7733.5,7729.25,7732.0,2336
2026-09-11 15:55:00-04:00,7731.75,7732.25,7725.25,7726.75,13964
2026-09-11 16:00:00-04:00,7726.5,7728.75,7726.25,7728.5,2724
2026-09-11 16:05:00-04:00,7728.5,7729.5,7728.0,7729.0,685
2026-09-11 16:10:00-04:00,7729.0,7729.75,7727.25,7728.25,879
2026-09-11 16:15:00-04:00,7728.5,7728.5,7727.25,7727.5,423
2026-09-11 16:20:00-04:00,7728.0,7729.25,7728.0,7729.0,432
2026-09-11 16:25:00-04:00,7729.0,7729.25,7728.0,7728.5,185
2026-09-11 16:30:00-04:00,7728.5,7731.25,7728.25,7730.0,349
2026-09-11 16:35:00-04:00,7730.25,7730.25,7729.5,7729.5,150
2026-09-11 16:40:00-04:00,7729.5,7730.0,7727.75,7728.5,163
2026-09-11 16:45:00-04:00,7729.0,7729.0,7727.5,7727.5,230
2026-09-11 16:50:00-04:00,7728.0,7729.25,7727.5,7729.25,114
2026-09-11 16:55:00-04:00,7729.0,7729.5,7728.0,7728.5,119
2026-09-13 18:00:00-04:00,7680.0,7693.0,7672.5,7684.5,2112
2026-09-13 18:05:00-04:00,7684.25,7688.0,7675.75,7676.25,1304
2026-09-13 18:10:00-04:00,7676.0,7679.75,7674.25,7678.75,894
2026-09-13 18:15:00-04:00,7679.25,7680.5,7676.0,7680.25,423
2026-09-13 18:20:00-04:00,7680.0,7681.75,7679.0,7680.75,486
2026-09-13 18:25:00-04:00,7680.75,7685.75,7680.75,7685.5,612
2026-09-13 18:30:00-04:00,7685.5,7689.5,7684.75,7688.75,786
2026-09-13 18:35:00-04:00,7688.75,7688.75,7685.75,7687.75,420
2026-09-13 18:40:00-04:00,7687.5,7687.5,7684.0,7684.25,462
2026-09-13 18:45:00-04:00,7684.25,7686.25,7683.5,7685.25,270
2026-09-13 18:50:00-04:00,7685.25,7686.75,7684.75,7686.25,151
2026-09-13 18:55:00-04:00,7686.25,7687.25,7685.25,7685.5,230
2026-09-13 19:00:00-04:00,7685.5,7686.75,7684.25,7684.75,205
2026-09-13 19:05:00-04:00,7684.75,7686.25,7684.5,7686.25,149
2026-09-13 19:10:00-04:00,7686.0,7687.25,7685.75,7686.5,100
2026-09-13 19:15:00-04:00,7686.75,7687.0,7686.0,7686.0,68
2026-09-13 19:20:00-04:00,7685.75,7690.75,7685.75,7690.75,170
2026-09-13 19:25:00-04:00,7690.75,7691.75,7689.5,7691.75,286
2026-09-13 19:30:00-04:00,7691.5,7692.25,7690.5,7690.5,291
2026-09-13 19:35:00-04:00,7690.25,7690.25,7685.0,7686.5,505
2026-09-13 19:40:00-04:00,7686.5,7687.75,7684.75,7685.75,248
2026-09-13 19:45:00-04:00,7685.5,7685.5,7682.5,7683.5,626
2026-09-13 19:50:00-04:00,7683.5,7686.25,7683.0,7683.5,307
2026-09-13 19:55:00-04:00,7683.5,7684.0,7681.25,7682.25,434
2026-09-13 20:00:00-04:00,7682.0,7686.75,7681.0,7685.25,784
2026-09-13 20:05:00-04:00,7685.25,7690.0,7685.25,7689.5,554
2026-09-13 20:10:00-04:00,7689.25,7690.25,7686.5,7688.0,440
2026-09-13 20:15:00-04:00,7687.75,7690.0,7686.75,7688.25,671
2026-09-13 20:20:00-04:00,7688.0,7688.25,7686.0,7687.5,589
2026-09-13 20:25:00-04:00,7687.5,7688.0,7684.5,7686.5,456
2026-09-13 20:30:00-04:00,7686.75,7689.25,7686.5,7688.0,282
2026-09-13 20:35:00-04:00,7688.25,7689.0,7686.0,7686.5,287
2026-09-13 20:40:00-04:00,7686.5,7690.25,7686.0,7689.75,374
2026-09-13 20:45:00-04:00,7690.0,7691.25,7689.0,7690.25,439
2026-09-13 20:50:00-04:00,7690.25,7691.25,7689.75,7691.0,246
2026-09-13 20:55:00-04:00,7691.0,7691.25,7688.25,7688.5,241
2026-09-13 21:00:00-04:00,7688.25,7691.25,7687.0,7689.25,580
2026-09-13 21:05:00-04:00,7689.25,7691.25,7689.0,7691.0,267
2026-09-13 21:10:00-04:00,7691.0,7692.5,7688.75,7689.0,395
2026-09-13 21:15:00-04:00,7688.75,7689.25,7687.5,7688.0,243
2026-09-13 21:20:00-04:00,7688.0,7689.5,7687.0,7688.75,233
2026-09-13 21:25:00-04:00,7688.5,7691.0,7687.75,7690.5,229
2026-09-13 21:30:00-04:00,7690.75,7691.0,7688.5,7689.0,305
2026-09-13 21:35:00-04:00,7689.25,7694.0,7689.25,7693.75,280
2026-09-13 21:40:00-04:00,7693.75,7694.75,7692.75,7693.75,241
2026-09-13 21:45:00-04:00,7694.0,7697.5,7693.75,7697.25,624
2026-09-13 21:50:00-04:00,7697.25,7699.0,7697.0,7698.75,309
2026-09-13 21:55:00-04:00,7698.5,7701.25,7698.25,7699.75,596
2026-09-13 22:00:00-04:00,7699.75,7700.5,7698.25,7698.25,298
2026-09-13 22:05:00-04:00,7698.25,7701.0,7698.25,7699.75,374
2026-09-13 22:10:00-04:00,7699.5,7700.75,7699.0,7699.25,261
2026-09-13 22:15:00-04:00,7699.25,7699.75,7698.0,7699.25,275
2026-09-13 22:20:00-04:00,7699.0,7700.25,7698.75,7699.0,155
2026-09-13 22:25:00-04:00,7699.0,7699.5,7698.75,7699.0,136
2026-09-13 22:30:00-04:00,7698.75,7700.0,7698.25,7699.25,250
2026-09-13 22:35:00-04:00,7699.0,7699.25,7697.75,7697.75,606
2026-09-13 22:40:00-04:00,7697.75,7698.25,7695.5,7696.5,341
2026-09-13 22:45:00-04:00,7696.0,7698.5,7696.0,7698.25,156
2026-09-13 22:50:00-04:00,7698.25,7698.75,7698.0,7698.0,171
2026-09-13 22:55:00-04:00,7698.0,7698.0,7696.25,7696.75,166
2026-09-13 23:00:00-04:00,7696.5,7696.5,7694.25,7694.25,243
2026-09-13 23:05:00-04:00,7694.0,7695.5,7694.0,7695.0,314
2026-09-13 23:10:00-04:00,7695.0,7695.0,7692.5,7692.75,397
2026-09-13 23:15:00-04:00,7692.75,7693.5,7691.25,7692.25,368
2026-09-13 23:20:00-04:00,7692.25,7692.75,7691.5,7692.5,249
2026-09-13 23:25:00-04:00,7692.75,7693.75,7691.75,7693.5,206
2026-09-13 23:30:00-04:00,7693.5,7693.5,7690.75,7691.5,282
2026-09-13 23:35:00-04:00,7691.75,7692.0,7690.5,7691.0,134
2026-09-13 23:40:00-04:00,7691.25,7691.25,7689.5,7690.0,233
2026-09-13 23:45:00-04:00,7690.0,7691.0,7689.0,7690.25,228
2026-09-13 23:50:00-04:00,7690.0,7691.0,7689.25,7690.75,124
2026-09-13 23:55:00-04:00,7690.75,7690.75,7689.0,7689.5,126
2026-09-14 00:00:00-04:00,7689.75,7691.25,7689.5,7691.25,158
2026-09-14 00:05:00-04:00,7691.25,7691.5,7689.75,7690.25,222
2026-09-14 00:10:00-04:00,7690.25,7690.25,7688.25,7688.25,209
2026-09-14 00:15:00-04:00,7688.25,7689.25,7688.0,7689.25,135
2026-09-14 00:20:00-04:00,7689.5,7689.5,7688.5,7689.5,122
2026-09-14 00:25:00-04:00,7689.5,7690.0,7689.25,7689.25,97
2026-09-14 00:30:00-04:00,7689.25,7689.25,7686.5,7686.75,191
2026-09-14 00:35:00-04:00,7687.0,7689.5,7686.25,7689.5,200
2026-09-14 00:40:00-04:00,7689.25,7690.0,7686.5,7687.5,156
2026-09-14 00:45:00-04:00,7687.25,7689.5,7687.0,7689.0,127
2026-09-14 00:50:00-04:00,7689.25,7690.5,7687.5,7687.75,175
2026-09-14 00:55:00-04:00,7687.5,7688.5,7686.75,7687.25,109
2026-09-14 01:00:00-04:00,7687.25,7688.0,7686.75,7688.0,86
2026-09-14 01:05:00-04:00,7687.75,7688.5,7687.0,7687.25,111
2026-09-14 01:10:00-04:00,7687.25,7687.75,7686.0,7687.5,137
2026-09-14 01:15:00-04:00,7687.75,7687.75,7685.5,7686.0,89
2026-09-14 01:20:00-04:00,7686.25,7686.25,7683.5,7683.75,214
2026-09-14 01:25:00-04:00,7684.0,7687.0,7683.5,7686.25,143
2026-09-14 01:30:00-04:00,7686.25,7687.25,7685.0,7686.0,193
2026-09-14 01:35:00-04:00,7686.25,7688.0,7685.25,7686.75,202
2026-09-14 01:40:00-04:00,7686.5,7686.75,7682.5,7684.25,266
2026-09-14 01:45:00-04:00,7684.5,7685.5,7682.75,7683.25,211
2026-09-14 01:50:00-04:00,7683.25,7686.5,7682.75,7686.5,182
2026-09-14 01:55:00-04:00,7686.75,7687.25,7685.0,7687.25,249
2026-09-14 02:00:00-04:00,7687.5,7690.25,7686.75,7689.5,410
2026-09-14 02:05:00-04:00,7689.5,7690.5,7688.5,7689.5,231
2026-09-14 02:10:00-04:00,7689.5,7691.75,7689.0,7690.5,311
2026-09-14 02:15:00-04:00,7690.25,7691.0,7689.5,7690.25,249
2026-09-14 02:20:00-04:00,7690.25,7691.0,7687.5,7690.25,331
2026-09-14 02:25:00-04:00,7689.75,7690.75,7688.25,7688.5,543
2026-09-14 02:30:00-04:00,7688.25,7688.25,7683.5,7684.5,639
2026-09-14 02:35:00-04:00,7684.5,7684.75,7683.25,7684.25,279
2026-09-14 02:40:00-04:00,7684.25,7684.75,7679.25,7681.5,777
2026-09-14 02:45:00-04:00,7681.75,7683.0,7679.25,7679.25,325
2026-09-14 02:50:00-04:00,7679.5,7681.5,7679.0,7680.25,367
2026-09-14 02:55:00-04:00,7680.0,7681.0,7675.5,7677.0,1300
2026-09-14 03:00:00-04:00,7677.0,7680.5,7674.5,7680.5,1021
2026-09-14 03:05:00-04:00,7680.5,7682.25,7678.75,7680.5,825
2026-09-14 03:10:00-04:00,7680.25,7683.0,7678.5,7682.0,807
2026-09-14 03:15:00-04:00,7681.75,7682.5,7679.25,7680.0,709
2026-09-14 03:20:00-04:00,7679.75,7682.5,7678.0,7681.0,698
2026-09-14 03:25:00-04:00,7681.25,7681.75,7678.0,7678.75,779
2026-09-14 03:30:00-04:00,7678.75,7680.5,7678.0,7678.75,553
2026-09-14 03:35:00-04:00,7678.5,7679.25,7677.0,7677.5,920
2026-09-14 03:40:00-04:00,7677.75,7678.75,7672.5,7673.5,1336
2026-09-14 03:45:00-04:00,7673.5,7676.0,7672.25,7675.25,1320
2026-09-14 03:50:00-04:00,7675.25,7675.5,7671.25,7673.25,1747
2026-09-14 03:55:00-04:00,7673.25,7676.5,7673.25,7675.75,701
2026-09-14 04:00:00-04:00,7676.0,7680.75,7674.75,7679.0,2051
2026-09-14 04:05:00-04:00,7679.0,7680.75,7677.5,7680.5,1392
2026-09-14 04:10:00-04:00,7680.5,7680.5,7675.75,7677.75,1601
2026-09-14 04:15:00-04:00,7677.75,7678.0,7674.0,7674.75,1099
2026-09-14 04:20:00-04:00,7674.75,7676.25,7673.5,7674.0,806
2026-09-14 04:25:00-04:00,7674.0,7674.75,7670.75,7671.0,1466
2026-09-14 04:30:00-04:00,7671.0,7674.25,7670.75,7673.0,937
2026-09-14 04:35:00-04:00,7673.25,7676.5,7673.25,7676.5,722
2026-09-14 04:40:00-04:00,7676.75,7677.5,7674.5,7675.0,802
2026-09-14 04:45:00-04:00,7675.0,7676.25,7670.0,7672.0,1475
2026-09-14 04:50:00-04:00,7672.0,7673.75,7669.5,7669.75,1043
2026-09-14 04:55:00-04:00,7669.75,7675.5,7669.5,7675.25,1056
2026-09-14 05:00:00-04:00,7675.25,7676.75,7673.75,7674.25,918
2026-09-14 05:05:00-04:00,7674.25,7675.5,7672.75,7674.0,768
2026-09-14 05:10:00-04:00,7673.75,7675.0,7667.0,7668.5,2017
2026-09-14 05:15:00-04:00,7668.25,7668.5,7665.25,7665.75,1492
2026-09-14 05:20:00-04:00,7665.5,7666.75,7661.25,7662.25,2009
2026-09-14 05:25:00-04:00,7662.0,7668.0,7661.75,7666.75,1416
2026-09-14 05:30:00-04:00,7666.75,7668.75,7666.0,7666.5,1148
2026-09-14 05:35:00-04:00,7666.5,7666.5,7662.75,7663.5,978
2026-09-14 05:40:00-04:00,7663.5,7666.5,7661.75,7662.25,1504
2026-09-14 05:45:00-04:00,7662.25,7665.25,7661.75,7663.0,924
2026-09-14 05:50:00-04:00,7663.0,7666.0,7661.75,7665.5,885
2026-09-14 05:55:00-04:00,7665.5,7666.25,7662.5,7664.25,949
2026-09-14 06:00:00-04:00,7664.25,7666.0,7663.5,7664.75,526
2026-09-14 06:05:00-04:00,7665.0,7666.75,7664.25,7665.5,437
2026-09-14 06:10:00-04:00,7665.5,7668.25,7665.0,7666.75,773
2026-09-14 06:15:00-04:00,7666.75,7667.25,7663.75,7665.25,908
2026-09-14 06:20:00-04:00,7665.25,7670.25,7665.25,7669.5,717
2026-09-14 06:25:00-04:00,7669.5,7671.75,7669.5,7671.25,540
2026-09-14 06:30:00-04:00,7671.5,7672.75,7670.75,7672.5,546
2026-09-14 06:35:00-04:00,7672.5,7674.5,7672.5,7672.75,524
2026-09-14 06:40:00-04:00,7672.75,7676.25,7672.25,7675.0,685
2026-09-14 06:45:00-04:00,7675.0,7677.0,7675.0,7676.25,487
2026-09-14 06:50:00-04:00,7676.25,7676.75,7673.75,7674.25,629
2026-09-14 06:55:00-04:00,7674.0,7678.25,7674.0,7676.75,852
2026-09-14 07:00:00-04:00,7676.75,7679.5,7674.25,7679.25,1776
2026-09-14 07:05:00-04:00,7679.25,7680.25,7678.25,7679.5,1205
2026-09-14 07:10:00-04:00,7679.5,7681.25,7677.0,7679.25,1050
2026-09-14 07:15:00-04:00,7679.25,7681.25,7679.25,7680.75,825
2026-09-14 07:20:00-04:00,7680.75,7682.75,7679.5,7682.25,1163
2026-09-14 07:25:00-04:00,7682.25,7684.75,7681.75,7684.25,1032
2026-09-14 07:30:00-04:00,7684.25,7685.25,7680.75,7681.25,961
2026-09-14 07:35:00-04:00,7681.25,7682.0,7677.75,7681.5,657
2026-09-14 07:40:00-04:00,7681.5,7684.25,7681.0,7682.25,1828
2026-09-14 07:45:00-04:00,7682.5,7684.0,7679.5,7683.25,1573
2026-09-14 07:50:00-04:00,7683.25,7683.25,7679.0,7680.5,1110
2026-09-14 07:55:00-04:00,7680.75,7681.75,7678.5,7678.75,876
2026-09-14 08:00:00-04:00,7678.75,7679.0,7674.25,7675.25,1339
2026-09-14 08:05:00-04:00,7675.25,7678.0,7673.75,7677.0,1602
2026-09-14 08:10:00-04:00,7677.0,7679.5,7675.5,7677.0,1076
2026-09-14 08:15:00-04:00,7677.0,7682.25,7676.5,7677.75,4495
2026-09-14 08:20:00-04:00,7678.0,7679.25,7676.0,7677.5,1473
2026-09-14 08:25:00-04:00,7677.5,7677.75,7674.5,7676.75,992
2026-09-14 08:30:00-04:00,7676.75,7679.25,7672.75,7673.75,1438
2026-09-14 08:35:00-04:00,7673.75,7674.0,7663.0,7667.75,5957
2026-09-14 08:40:00-04:00,7667.75,7675.0,7663.25,7674.25,4814
2026-09-14 08:45:00-04:00,7674.25,7676.0,7670.5,7672.75,2007
2026-09-14 08:50:00-04:00,7672.75,7674.25,7670.0,7670.75,1262
2026-09-14 08:55:00-04:00,7670.75,7674.0,7668.5,7673.5,1241
2026-09-14 09:00:00-04:00,7673.5,7673.5,7664.75,7666.0,3026
2026-09-14 09:05:00-04:00,7666.0,7668.5,7663.5,7666.0,2597
2026-09-14 09:10:00-04:00,7666.0,7674.25,7665.25,7673.25,2236
2026-09-14 09:15:00-04:00,7673.25,7675.75,7671.75,7674.75,2842
2026-09-14 09:20:00-04:00,7674.75,7676.25,7674.0,7674.75,1450
2026-09-14 09:25:00-04:00,7674.75,7675.75,7672.5,7673.25,4331
2026-09-14 09:30:00-04:00,7673.5,7675.75,7668.75,7670.5,18941
2026-09-14 09:35:00-04:00,7670.5,7672.5,7668.0,7669.0,11670
2026-09-14 09:40:00-04:00,7669.25,7678.5,7667.75,7677.5,12693
2026-09-14 09:45:00-04:00,7677.75,7689.5,7677.5,7686.5,12086
2026-09-14 09:50:00-04:00,7686.75,7690.0,7684.0,7685.25,13119
2026-09-14 09:55:00-04:00,7685.5,7686.0,7681.25,7683.25,11744
2026-09-14 10:00:00-04:00,7683.25,7689.25,7682.5,7688.0,8649
2026-09-14 10:05:00-04:00,7688.0,7694.75,7686.5,7692.25,9857
2026-09-14 10:10:00-04:00,7692.25,7694.0,7687.5,7687.75,9081
2026-09-14 10:15:00-04:00,7688.0,7690.0,7681.0,7681.75,8426
2026-09-14 10:20:00-04:00,7682.0,7682.0,7671.25,7671.25,13271
2026-09-14 10:25:00-04:00,7671.25,7671.75,7665.25,7671.25,15572
2026-09-14 10:30:00-04:00,7671.0,7674.5,7668.0,7674.0,11050
2026-09-14 10:35:00-04:00,7674.0,7674.0,7666.0,7667.75,9551
2026-09-14 10:40:00-04:00,7667.75,7670.0,7664.0,7669.75,10462
2026-09-14 10:45:00-04:00,7670.0,7673.75,7667.75,7669.5,7618
2026-09-14 10:50:00-04:00,7669.5,7669.75,7664.0,7665.25,6813
2026-09-14 10:55:00-04:00,7665.25,7669.25,7662.25,7669.0,9090
2026-09-14 11:00:00-04:00,7668.75,7669.0,7664.75,7665.25,7395
2026-09-14 11:05:00-04:00,7665.25,7682.5,7664.5,7674.25,30278
2026-09-14 11:10:00-04:00,7674.5,7675.25,7669.25,7669.25,6620
2026-09-14 11:15:00-04:00,7669.25,7675.0,7668.0,7673.75,7779
2026-09-14 11:20:00-04:00,7674.0,7679.0,7672.75,7678.75,7958
2026-09-14 11:25:00-04:00,7678.5,7682.25,7676.25,7679.5,10392
2026-09-14 11:30:00-04:00,7679.25,7692.5,7678.0,7691.5,27296
2026-09-14 11:35:00-04:00,7691.5,7696.25,7688.0,7696.0,16354
2026-09-14 11:40:00-04:00,7696.0,7706.5,7693.75,7705.0,22765
2026-09-14 11:45:00-04:00,7705.25,7705.5,7698.5,7698.75,11162
2026-09-14 11:50:00-04:00,7698.5,7703.0,7697.0,7702.5,7559
2026-09-14 11:55:00-04:00,7702.25,7704.5,7701.0,7702.0,5936
2026-09-14 12:00:00-04:00,7701.75,7703.5,7697.25,7697.25,5596
2026-09-14 12:05:00-04:00,7697.25,7699.25,7696.0,7698.25,5331
2026-09-14 12:10:00-04:00,7698.0,7701.0,7697.75,7698.75,5140
2026-09-14 12:15:00-04:00,7699.0,7709.0,7698.75,7708.0,8143
2026-09-14 12:20:00-04:00,7708.0,7710.5,7704.5,7708.25,6018
2026-09-14 12:25:00-04:00,7708.5,7709.25,7703.0,7704.25,5884
2026-09-14 12:30:00-04:00,7704.25,7708.75,7703.5,7703.75,8553
2026-09-14 12:35:00-04:00,7703.5,7705.75,7702.25,7704.75,4426
2026-09-14 12:40:00-04:00,7704.5,7707.25,7703.25,7707.25,4750
2026-09-14 12:45:00-04:00,7707.25,7719.25,7704.5,7717.0,19313
2026-09-14 12:50:00-04:00,7717.0,7719.75,7714.5,7714.75,8566
2026-09-14 12:55:00-04:00,7715.0,7715.25,7709.5,7713.0,6873
2026-09-14 13:00:00-04:00,7713.0,7714.75,7709.25,7710.75,5246
2026-09-14 13:05:00-04:00,7710.75,7712.25,7707.5,7708.5,4148
2026-09-14 13:10:00-04:00,7708.5,7712.5,7705.5,7705.5,6033
2026-09-14 13:15:00-04:00,7705.75,7706.75,7703.0,7704.5,5267
2026-09-14 13:20:00-04:00,7704.5,7708.25,7704.25,7707.0,3848
2026-09-14 13:25:00-04:00,7707.0,7711.25,7705.75,7711.25,5081
2026-09-14 13:30:00-04:00,7711.25,7712.75,7709.0,7710.75,6052
2026-09-14 13:35:00-04:00,7710.75,7712.75,7709.25,7712.5,3178
2026-09-14 13:40:00-04:00,7712.25,7712.5,7709.25,7710.25,2986
2026-09-14 13:45:00-04:00,7710.25,7712.5,7709.5,7710.75,3713
2026-09-14 13:50:00-04:00,7710.75,7712.75,7709.75,7712.0,3865
2026-09-14 13:55:00-04:00,7712.0,7712.5,7707.5,7707.5,3238
2026-09-14 14:00:00-04:00,7707.5,7712.25,7706.0,7706.5,6594
2026-09-14 14:05:00-04:00,7706.5,7710.25,7705.25,7708.5,3080
2026-09-14 14:10:00-04:00,7708.5,7708.75,7705.75,7707.5,2993
2026-09-14 14:15:00-04:00,7707.75,7709.0,7706.0,7706.75,3592
2026-09-14 14:20:00-04:00,7706.75,7707.5,7705.25,7705.5,2866
2026-09-14 14:25:00-04:00,7705.5,7706.25,7703.25,7704.5,4860
2026-09-14 14:30:00-04:00,7704.75,7708.0,7704.0,7706.5,4059
2026-09-14 14:35:00-04:00,7706.5,7709.25,7706.25,7707.5,2567
2026-09-14 14:40:00-04:00,7707.5,7709.5,7706.5,7707.75,3134
2026-09-14 14:45:00-04:00,7707.75,7709.75,7705.25,7709.5,6607
2026-09-14 14:50:00-04:00,7709.25,7709.75,7707.25,7707.5,2754
2026-09-14 14:55:00-04:00,7707.5,7709.0,7705.25,7705.5,4405
2026-09-14 15:00:00-04:00,7705.5,7706.5,7703.0,7703.5,8568
2026-09-14 15:05:00-04:00,7703.75,7704.25,7700.5,7703.0,5658
2026-09-14 15:10:00-04:00,7702.75,7705.75,7702.75,7704.75,3392
2026-09-14 15:15:00-04:00,7704.75,7705.0,7702.25,7703.25,3743
2026-09-14 15:20:00-04:00,7703.25,7704.0,7700.75,7702.75,4930
2026-09-14 15:25:00-04:00,7702.5,7703.5,7701.5,7702.0,3955
2026-09-14 15:30:00-04:00,7701.75,7704.0,7701.25,7702.0,4600
2026-09-14 15:35:00-04:00,7702.0,7702.25,7700.25,7700.75,4670
2026-09-14 15:40:00-04:00,7700.75,7702.0,7700.0,7700.5,5095
2026-09-14 15:45:00-04:00,7700.5,7703.0,7700.25,7702.0,5775
2026-09-14 15:50:00-04:00,7701.75,7703.25,7695.5,7697.25,12233
2026-09-14 15:55:00-04:00,7697.25,7698.25,7691.25,7692.5,63007
2026-09-14 16:00:00-04:00,7692.75,7694.75,7690.5,7692.25,12301
2026-09-14 16:05:00-04:00,7692.25,7692.5,7690.75,7691.25,3617
2026-09-14 16:10:00-04:00,7691.0,7693.0,7690.75,7692.25,3159
2026-09-14 16:15:00-04:00,7692.25,7692.5,7689.5,7692.0,3057
2026-09-14 16:20:00-04:00,7692.25,7694.75,7692.25,7694.5,1062
2026-09-14 16:25:00-04:00,7694.5,7695.75,7694.0,7695.5,782
2026-09-14 16:30:00-04:00,7695.5,7695.75,7694.0,7694.75,906
2026-09-14 16:35:00-04:00,7694.75,7695.75,7694.25,7695.0,958
2026-09-14 16:40:00-04:00,7695.0,7695.75,7694.75,7695.0,826
2026-09-14 16:45:00-04:00,7695.0,7698.0,7695.0,7698.0,1189
2026-09-14 16:50:00-04:00,7698.0,7699.25,7697.5,7699.0,1518
2026-09-14 16:55:00-04:00,7699.25,7700.25,7698.25,7700.0,1270
2026-09-14 18:00:00-04:00,7699.25,7700.25,7696.0,7698.0,599
2026-09-14 18:05:00-04:00,7697.75,7697.75,7695.5,7696.0,432
2026-09-14 18:10:00-04:00,7696.25,7697.0,7696.0,7696.75,283
2026-09-14 18:15:00-04:00,7696.75,7697.5,7695.0,7696.25,500
2026-09-14 18:20:00-04:00,7696.5,7696.75,7696.0,7696.25,157
2026-09-14 18:25:00-04:00,7696.25,7696.5,7695.0,7696.25,192
2026-09-14 18:30:00-04:00,7696.5,7697.25,7696.25,7697.0,305
2026-09-14 18:35:00-04:00,7697.0,7697.25,7696.25,7696.25,173
2026-09-14 18:40:00-04:00,7696.25,7696.25,7695.5,7695.5,113
2026-09-14 18:45:00-04:00,7695.75,7697.5,7695.75,7697.5,121
2026-09-14 18:50:00-04:00,7697.5,7698.5,7697.5,7697.75,282
2026-09-14 18:55:00-04:00,7697.75,7697.75,7696.75,7696.75,154
2026-09-14 19:00:00-04:00,7696.75,7697.0,7694.75,7696.0,330
2026-09-14 19:05:00-04:00,7696.0,7696.25,7695.25,7696.25,77
2026-09-14 19:10:00-04:00,7696.25,7697.5,7696.0,7697.0,193
2026-09-14 19:15:00-04:00,7697.0,7697.25,7694.75,7695.0,281
2026-09-14 19:20:00-04:00,7695.0,7696.5,7694.5,7696.25,235
2026-09-14 19:25:00-04:00,7696.0,7696.75,7695.0,7695.0,253
2026-09-14 19:30:00-04:00,7695.0,7696.25,7694.75,7695.5,292
2026-09-14 19:35:00-04:00,7695.75,7696.75,7695.5,7696.5,208
2026-09-14 19:40:00-04:00,7696.5,7697.0,7695.25,7696.0,200
2026-09-14 19:45:00-04:00,7696.25,7696.75,7694.75,7695.5,428
2026-09-14 19:50:00-04:00,7695.5,7695.5,7694.0,7694.75,396
2026-09-14 19:55:00-04:00,7694.75,7696.5,7694.75,7696.0,473
2026-09-14 20:00:00-04:00,7696.0,7697.5,7693.25,7694.0,1333
2026-09-14 20:05:00-04:00,7694.25,7696.75,7692.0,7696.25,776
2026-09-14 20:10:00-04:00,7696.25,7696.5,7694.0,7696.0,463
2026-09-14 20:15:00-04:00,7696.0,7696.0,7692.75,7694.0,609
2026-09-14 20:20:00-04:00,7693.75,7696.25,7692.75,7696.25,398
2026-09-14 20:25:00-04:00,7696.25,7696.5,7694.5,7694.75,299
2026-09-14 20:30:00-04:00,7695.0,7695.75,7694.25,7694.25,357
2026-09-14 20:35:00-04:00,7694.25,7697.5,7694.0,7697.25,422
2026-09-14 20:40:00-04:00,7697.5,7700.25,7697.5,7699.5,636
2026-09-14 20:45:00-04:00,7699.5,7699.5,7697.25,7698.75,453
2026-09-14 20:50:00-04:00,7698.5,7700.5,7698.5,7699.5,567
2026-09-14 20:55:00-04:00,7699.5,7700.0,7697.25,7697.75,478
2026-09-14 21:00:00-04:00,7697.5,7700.75,7696.25,7700.0,642
2026-09-14 21:05:00-04:00,7699.75,7699.75,7697.25,7698.75,392
2026-09-14 21:10:00-04:00,7698.5,7700.5,7698.5,7700.25,286
2026-09-14 21:15:00-04:00,7700.25,7701.0,7699.75,7700.25,299
2026-09-14 21:20:00-04:00,7700.0,7700.5,7699.5,7700.0,278
2026-09-14 21:25:00-04:00,7699.75,7700.0,7697.75,7698.0,481
2026-09-14 21:30:00-04:00,7698.25,7698.25,7695.25,7695.25,735
2026-09-14 21:35:00-04:00,7695.25,7695.5,7693.0,7694.25,668
2026-09-14 21:40:00-04:00,7694.25,7694.25,7690.0,7692.0,1169
2026-09-14 21:45:00-04:00,7692.0,7693.5,7690.75,7693.5,466
2026-09-14 21:50:00-04:00,7693.5,7695.0,7690.5,7693.5,681
2026-09-14 21:55:00-04:00,7693.25,7694.75,7692.75,7693.5,551
2026-09-14 22:00:00-04:00,7693.25,7695.25,7692.75,7694.5,423
2026-09-14 22:05:00-04:00,7694.75,7694.75,7692.75,7694.0,619
2026-09-14 22:10:00-04:00,7694.0,7694.5,7693.25,7693.5,302
2026-09-14 22:15:00-04:00,7693.5,7693.5,7692.0,7692.0,232
2026-09-14 22:20:00-04:00,7692.25,7693.0,7691.5,7692.75,375
2026-09-14 22:25:00-04:00,7692.75,7693.5,7692.25,7692.5,215
2026-09-14 22:30:00-04:00,7692.5,7693.5,7691.75,7692.25,408
2026-09-14 22:35:00-04:00,7692.0,7692.75,7690.5,7691.5,551
2026-09-14 22:40:00-04:00,7691.5,7692.0,7690.0,7690.5,483
2026-09-14 22:45:00-04:00,7690.5,7691.75,7690.0,7691.5,605
2026-09-14 22:50:00-04:00,7691.5,7691.75,7689.75,7691.25,415
2026-09-14 22:55:00-04:00,7691.25,7692.0,7690.25,7690.5,439
2026-09-14 23:00:00-04:00,7690.25,7691.75,7689.5,7689.75,802
2026-09-14 23:05:00-04:00,7690.0,7690.0,7688.5,7688.5,755
2026-09-14 23:10:00-04:00,7688.25,7689.25,7687.75,7688.75,553
2026-09-14 23:15:00-04:00,7688.75,7689.25,7688.0,7688.0,320
2026-09-14 23:20:00-04:00,7688.0,7688.5,7687.75,7688.0,245
2026-09-14 23:25:00-04:00,7688.0,7688.25,7687.25,7688.0,408
2026-09-14 23:30:00-04:00,7688.0,7688.5,7687.0,7688.0,379
2026-09-14 23:35:00-04:00,7688.25,7688.75,7687.25,7687.5,233
2026-09-14 23:40:00-04:00,7687.5,7687.75,7687.0,7687.75,256
2026-09-14 23:45:00-04:00,7687.75,7688.5,7685.75,7686.5,960
2026-09-14 23:50:00-04:00,7686.5,7686.5,7683.0,7683.25,1562
2026-09-14 23:55:00-04:00,7683.25,7683.5,7681.75,7682.25,465
2026-09-15 00:00:00-04:00,7682.0,7683.25,7680.5,7683.0,654
2026-09-15 00:05:00-04:00,7683.0,7684.5,7681.5,7682.0,411
2026-09-15 00:10:00-04:00,7682.0,7682.75,7680.25,7680.5,343
2026-09-15 00:15:00-04:00,7680.5,7681.0,7679.5,7679.75,543
2026-09-15 00:20:00-04:00,7680.0,7680.25,7676.5,7677.0,873
2026-09-15 00:25:00-04:00,7677.0,7677.25,7674.25,7675.5,1289
2026-09-15 00:30:00-04:00,7675.75,7676.75,7674.75,7675.5,778
2026-09-15 00:35:00-04:00,7675.75,7675.75,7671.75,7673.25,1041
2026-09-15 00:40:00-04:00,7673.5,7677.0,7673.0,7675.5,1017
2026-09-15 00:45:00-04:00,7675.5,7676.75,7674.25,7675.0,647
2026-09-15 00:50:00-04:00,7674.75,7675.0,7670.75,7672.25,816
2026-09-15 00:55:00-04:00,7672.25,7672.25,7668.75,7669.0,566
2026-09-15 01:00:00-04:00,7668.75,7671.25,7668.75,7669.0,741
2026-09-15 01:05:00-04:00,7669.0,7670.0,7666.0,7666.0,1010
2026-09-15 01:10:00-04:00,7666.0,7666.75,7664.75,7665.75,963
2026-09-15 01:15:00-04:00,7665.5,7665.5,7663.0,7664.25,805
2026-09-15 01:20:00-04:00,7664.0,7666.0,7663.75,7665.0,648
2026-09-15 01:25:00-04:00,7665.0,7669.0,7664.5,7668.25,471
2026-09-15 01:30:00-04:00,7668.0,7670.0,7667.0,7669.25,804
2026-09-15 01:35:00-04:00,7669.0,7669.25,7665.75,7668.25,699
2026-09-15 01:40:00-04:00,7668.5,7675.0,7668.25,7674.5,1235
2026-09-15 01:45:00-04:00,7674.5,7677.0,7673.25,7674.5,1102
2026-09-15 01:50:00-04:00,7674.75,7679.25,7673.75,7679.0,960
2026-09-15 01:55:00-04:00,7679.0,7679.0,7674.5,7674.75,440
2026-09-15 02:00:00-04:00,7675.0,7677.75,7674.75,7676.75,951
2026-09-15 02:05:00-04:00,7676.75,7677.0,7673.5,7674.5,791
2026-09-15 02:10:00-04:00,7674.5,7676.0,7673.0,7674.75,658
2026-09-15 02:15:00-04:00,7674.5,7675.25,7673.75,7675.0,459
2026-09-15 02:20:00-04:00,7674.75,7675.75,7672.75,7673.0,479
2026-09-15 02:25:00-04:00,7673.25,7673.5,7671.5,7672.0,371
2026-09-15 02:30:00-04:00,7672.0,7672.25,7669.5,7669.5,2106
2026-09-15 02:35:00-04:00,7669.75,7671.75,7668.0,7669.25,821
2026-09-15 02:40:00-04:00,7669.25,7671.0,7667.5,7668.0,904
2026-09-15 02:45:00-04:00,7668.0,7669.75,7667.5,7668.25,503
2026-09-15 02:50:00-04:00,7668.25,7668.75,7665.75,7666.5,1057
2026-09-15 02:55:00-04:00,7666.25,7668.75,7664.75,7667.5,926
2026-09-15 03:00:00-04:00,7667.5,7670.0,7664.25,7668.0,2737
2026-09-15 03:05:00-04:00,7668.0,7669.0,7664.0,7666.25,1202
2026-09-15 03:10:00-04:00,7666.5,7667.25,7660.25,7660.75,2068
2026-09-15 03:15:00-04:00,7660.5,7664.25,7660.5,7664.25,1194
2026-09-15 03:20:00-04:00,7664.25,7668.0,7663.25,7668.0,1869
2026-09-15 03:25:00-04:00,7668.25,7668.75,7662.75,7665.25,1086
2026-09-15 03:30:00-04:00,7665.25,7666.75,7663.75,7665.0,944
2026-09-15 03:35:00-04:00,7664.75,7665.25,7660.25,7660.5,1198
2026-09-15 03:40:00-04:00,7660.5,7661.0,7656.25,7656.5,3221
2026-09-15 03:45:00-04:00,7656.25,7659.75,7656.0,7657.75,2259
2026-09-15 03:50:00-04:00,7658.0,7658.75,7653.5,7656.25,1971
2026-09-15 03:55:00-04:00,7656.0,7659.0,7654.5,7658.5,1723
2026-09-15 04:00:00-04:00,7658.75,7658.75,7653.0,7654.0,3224
2026-09-15 04:05:00-04:00,7654.0,7654.5,7647.25,7647.25,3560
2026-09-15 04:10:00-04:00,7647.0,7653.5,7645.0,7653.25,2567
2026-09-15 04:15:00-04:00,7653.25,7658.25,7652.75,7658.25,1502
2026-09-15 04:20:00-04:00,7658.25,7660.0,7654.75,7655.25,1384
2026-09-15 04:25:00-04:00,7655.5,7657.0,7651.25,7654.0,2749
2026-09-15 04:30:00-04:00,7654.0,7655.0,7651.75,7652.25,1333
2026-09-15 04:35:00-04:00,7652.25,7654.75,7650.75,7652.5,1631
2026-09-15 04:40:00-04:00,7652.5,7652.5,7649.5,7650.0,631
2026-09-15 04:45:00-04:00,7650.25,7650.5,7649.25,7650.5,530
2026-09-15 04:50:00-04:00,7650.0,7652.0,7650.0,7651.0,866
2026-09-15 04:55:00-04:00,7651.0,7653.75,7649.0,7651.0,1389
2026-09-15 05:00:00-04:00,7651.25,7651.5,7648.25,7650.75,1301
2026-09-15 05:05:00-04:00,7650.5,7653.25,7649.25,7649.5,1569
2026-09-15 05:10:00-04:00,7649.25,7651.75,7648.5,7650.25,1995
2026-09-15 05:15:00-04:00,7650.0,7651.0,7645.75,7646.75,2011
2026-09-15 05:20:00-04:00,7647.0,7652.0,7646.5,7647.5,2151
2026-09-15 05:25:00-04:00,7647.75,7652.25,7646.75,7652.0,1052
2026-09-15 05:30:00-04:00,7652.0,7654.25,7650.75,7654.25,1288
2026-09-15 05:35:00-04:00,7654.0,7658.75,7653.75,7658.25,2052
2026-09-15 05:40:00-04:00,7658.25,7659.0,7657.0,7657.5,898
2026-09-15 05:45:00-04:00,7657.5,7664.0,7657.5,7663.25,1636
2026-09-15 05:50:00-04:00,7663.25,7666.25,7663.0,7665.75,1730
2026-09-15 05:55:00-04:00,7666.0,7666.5,7663.75,7666.0,1186
2026-09-15 06:00:00-04:00,7666.25,7667.5,7665.0,7665.5,1608
2026-09-15 06:05:00-04:00,7665.5,7667.0,7664.25,7666.75,957
2026-09-15 06:10:00-04:00,7666.75,7672.0,7666.75,7667.75,2159
2026-09-15 06:15:00-04:00,7667.5,7667.5,7665.0,7666.0,1292
2026-09-15 06:20:00-04:00,7666.25,7669.0,7666.0,7668.75,928
2026-09-15 06:25:00-04:00,7668.75,7669.25,7667.25,7668.25,913
2026-09-15 06:30:00-04:00,7668.5,7669.75,7667.0,7669.75,1331
2026-09-15 06:35:00-04:00,7669.5,7671.5,7668.75,7671.25,1294
2026-09-15 06:40:00-04:00,7671.0,7676.25,7670.5,7672.0,1853
2026-09-15 06:45:00-04:00,7672.25,7673.5,7670.25,7673.0,1295
2026-09-15 06:50:00-04:00,7673.0,7676.5,7672.75,7676.0,1175
2026-09-15 06:55:00-04:00,7676.0,7680.5,7675.25,7676.25,2098
2026-09-15 07:00:00-04:00,7676.0,7678.25,7675.5,7677.25,1682
2026-09-15 07:05:00-04:00,7677.25,7680.0,7675.25,7679.75,1668
2026-09-15 07:10:00-04:00,7679.5,7680.25,7678.25,7678.75,1404
2026-09-15 07:15:00-04:00,7678.75,7681.5,7678.0,7680.0,1387
2026-09-15 07:20:00-04:00,7680.25,7680.75,7678.25,7679.0,1076
2026-09-15 07:25:00-04:00,7679.0,7679.5,7677.25,7678.25,1310
2026-09-15 07:30:00-04:00,7678.25,7678.5,7675.5,7678.5,1366
2026-09-15 07:35:00-04:00,7678.5,7680.0,7677.0,7677.25,1532
2026-09-15 07:40:00-04:00,7677.25,7679.0,7676.75,7678.0,1454
2026-09-15 07:45:00-04:00,7678.0,7679.75,7677.75,7678.0,1315
2026-09-15 07:50:00-04:00,7678.25,7681.25,7677.5,7678.75,1709
2026-09-15 07:55:00-04:00,7678.5,7682.25,7678.0,7681.75,1707
2026-09-15 08:00:00-04:00,7681.75,7683.25,7679.25,7681.75,3326
2026-09-15 08:05:00-04:00,7682.0,7682.0,7679.75,7680.75,1802
2026-09-15 08:10:00-04:00,7681.0,7684.25,7680.5,7683.75,2035
2026-09-15 08:15:00-04:00,7683.75,7685.25,7681.5,7683.5,2898
2026-09-15 08:20:00-04:00,7683.5,7683.75,7678.5,7679.5,2262
2026-09-15 08:25:00-04:00,7679.5,7683.75,7679.5,7683.0,1330
2026-09-15 08:30:00-04:00,7683.0,7685.75,7679.75,7685.75,2015
2026-09-15 08:35:00-04:00,7686.0,7686.25,7683.75,7685.25,2074
2026-09-15 08:40:00-04:00,7685.25,7685.5,7681.75,7684.0,1897
2026-09-15 08:45:00-04:00,7684.0,7695.0,7683.5,7692.5,7533
2026-09-15 08:50:00-04:00,7692.5,7696.25,7690.75,7695.75,4231
2026-09-15 08:55:00-04:00,7696.0,7697.5,7687.75,7689.25,7165
2026-09-15 09:00:00-04:00,7689.0,7692.25,7688.0,7692.25,3550
2026-09-15 09:05:00-04:00,7692.25,7692.5,7689.25,7689.75,2948
2026-09-15 09:10:00-04:00,7690.0,7691.25,7688.0,7688.5,2786
2026-09-15 09:15:00-04:00,7688.5,7692.5,7687.75,7689.25,3219
2026-09-15 09:20:00-04:00,7689.0,7690.75,7687.5,7690.25,3935
2026-09-15 09:25:00-04:00,7690.25,7693.5,7684.25,7684.25,7402
2026-09-15 09:30:00-04:00,7684.5,7687.0,7670.25,7672.0,32570
2026-09-15 09:35:00-04:00,7672.0,7681.75,7671.75,7681.0,18514
2026-09-15 09:40:00-04:00,7681.0,7683.25,7677.0,7682.5,13134
2026-09-15 09:45:00-04:00,7682.5,7684.75,7675.0,7676.25,13075
2026-09-15 09:50:00-04:00,7676.25,7680.5,7674.5,7679.5,13918
2026-09-15 09:55:00-04:00,7679.5,7680.0,7676.5,7678.25,10995
2026-09-15 10:00:00-04:00,7678.5,7678.5,7671.0,7671.0,14107
2026-09-15 10:05:00-04:00,7671.0,7673.75,7667.5,7668.0,14551
2026-09-15 10:10:00-04:00,7667.75,7667.75,7661.5,7662.25,18178
2026-09-15 10:15:00-04:00,7662.25,7667.0,7661.75,7664.75,17697
2026-09-15 10:20:00-04:00,7665.0,7666.25,7654.0,7658.75,19222
2026-09-15 10:25:00-04:00,7659.0,7659.75,7657.0,7657.0,13794
2026-09-15 10:30:00-04:00,7657.25,7658.75,7652.0,7655.75,18014
2026-09-15 10:35:00-04:00,7655.75,7658.5,7652.5,7653.5,12892
2026-09-15 10:40:00-04:00,7653.5,7654.75,7650.75,7654.0,11968
2026-09-15 10:45:00-04:00,7654.25,7656.0,7651.5,7651.5,11640
2026-09-15 10:50:00-04:00,7651.25,7652.0,7643.5,7647.75,30383
2026-09-15 10:55:00-04:00,7647.75,7650.75,7645.5,7646.25,16962
2026-09-15 11:00:00-04:00,7646.5,7654.0,7646.25,7654.0,16348
2026-09-15 11:05:00-04:00,7654.0,7655.0,7650.0,7650.75,10579
2026-09-15 11:10:00-04:00,7651.0,7653.0,7649.0,7651.75,11493
2026-09-15 11:15:00-04:00,7651.5,7655.75,7650.0,7654.5,9013
2026-09-15 11:20:00-04:00,7654.5,7657.25,7651.75,7656.75,9699
2026-09-15 11:25:00-04:00,7656.75,7657.25,7653.75,7656.75,7961
2026-09-15 11:30:00-04:00,7657.0,7657.75,7651.25,7655.25,12592
2026-09-15 11:35:00-04:00,7655.5,7657.25,7653.5,7655.0,6995
2026-09-15 11:40:00-04:00,7655.0,7659.75,7655.0,7657.25,10625
2026-09-15 11:45:00-04:00,7657.25,7657.75,7651.0,7651.75,7767
2026-09-15 11:50:00-04:00,7651.75,7657.75,7651.5,7652.75,15943
2026-09-15 11:55:00-04:00,7653.0,7658.0,7651.5,7653.0,12380
2026-09-15 12:00:00-04:00,7653.0,7655.25,7651.75,7655.25,6859
2026-09-15 12:05:00-04:00,7655.0,7655.0,7648.0,7649.25,7574
2026-09-15 12:10:00-04:00,7649.25,7650.25,7648.5,7649.75,4923
2026-09-15 12:15:00-04:00,7649.75,7653.0,7649.0,7653.0,5370
2026-09-15 12:20:00-04:00,7652.75,7659.0,7652.75,7658.75,10770
2026-09-15 12:25:00-04:00,7658.75,7661.0,7657.0,7658.0,9229
2026-09-15 12:30:00-04:00,7657.75,7660.0,7655.0,7658.75,9897
2026-09-15 12:35:00-04:00,7658.5,7659.5,7656.5,7657.25,5620
2026-09-15 12:40:00-04:00,7657.25,7658.75,7656.5,7658.25,4486
2026-09-15 12:45:00-04:00,7658.25,7659.5,7655.0,7656.5,6473
2026-09-15 12:50:00-04:00,7656.5,7662.25,7656.25,7662.0,7363
2026-09-15 12:55:00-04:00,7662.0,7662.75,7657.5,7659.25,7777
2026-09-15 13:00:00-04:00,7659.5,7660.25,7653.25,7653.5,10073
2026-09-15 13:05:00-04:00,7653.5,7656.25,7652.25,7654.0,8634
2026-09-15 13:10:00-04:00,7654.0,7657.5,7653.0,7653.0,7239
2026-09-15 13:15:00-04:00,7653.0,7653.25,7650.5,7652.25,5943
2026-09-15 13:20:00-04:00,7652.0,7652.75,7648.5,7648.5,6020
2026-09-15 13:25:00-04:00,7648.5,7651.25,7648.0,7650.75,6503
2026-09-15 13:30:00-04:00,7650.75,7654.0,7650.25,7652.25,7773
2026-09-15 13:35:00-04:00,7652.25,7653.75,7651.25,7653.25,5358
2026-09-15 13:40:00-04:00,7653.25,7654.75,7651.0,7653.75,5833
2026-09-15 13:45:00-04:00,7653.5,7655.0,7651.5,7652.0,4818
2026-09-15 13:50:00-04:00,7651.75,7655.0,7651.75,7654.75,4200
2026-09-15 13:55:00-04:00,7654.75,7656.25,7653.75,7655.25,5190
2026-09-15 14:00:00-04:00,7655.5,7657.5,7653.5,7657.5,5879
2026-09-15 14:05:00-04:00,7657.5,7659.25,7656.5,7659.25,4574
2026-09-15 14:10:00-04:00,7659.25,7662.0,7658.0,7660.25,6777
2026-09-15 14:15:00-04:00,7660.5,7660.75,7657.0,7657.5,8657
2026-09-15 14:20:00-04:00,7657.5,7658.75,7656.25,7657.0,5169
2026-09-15 14:25:00-04:00,7657.25,7659.25,7655.75,7659.25,5958
2026-09-15 14:30:00-04:00,7659.25,7659.25,7653.5,7654.25,6916
2026-09-15 14:35:00-04:00,7654.25,7655.5,7653.75,7655.0,4243
2026-09-15 14:40:00-04:00,7654.75,7658.5,7653.5,7654.0,10482
2026-09-15 14:45:00-04:00,7654.25,7654.75,7649.5,7650.75,8026
2026-09-15 14:50:00-04:00,7650.75,7653.75,7650.75,7653.25,5883
2026-09-15 14:55:00-04:00,7653.0,7657.25,7652.5,7657.0,6129
2026-09-15 15:00:00-04:00,7657.25,7658.75,7655.0,7655.75,8011
2026-09-15 15:05:00-04:00,7655.75,7656.25,7654.5,7655.75,4741
2026-09-15 15:10:00-04:00,7655.75,7656.0,7653.0,7654.0,5378
2026-09-15 15:15:00-04:00,7654.0,7655.25,7653.0,7654.5,4917
2026-09-15 15:20:00-04:00,7654.25,7654.5,7653.0,7653.75,4140
2026-09-15 15:25:00-04:00,7653.5,7654.0,7651.75,7652.5,4301
2026-09-15 15:30:00-04:00,7652.5,7653.5,7651.5,7651.75,6657
2026-09-15 15:35:00-04:00,7652.0,7652.0,7648.5,7649.25,7753
2026-09-15 15:40:00-04:00,7649.5,7651.0,7648.0,7650.25,7663
2026-09-15 15:45:00-04:00,7650.25,7653.25,7649.25,7652.75,9912
2026-09-15 15:50:00-04:00,7652.75,7653.5,7648.75,7652.75,14471
2026-09-15 15:55:00-04:00,7652.75,7657.75,7651.0,7656.75,75399
2026-09-15 16:00:00-04:00,7656.75,7662.25,7656.5,7661.75,14910
2026-09-15 16:05:00-04:00,7662.0,7662.75,7661.0,7662.0,3520
2026-09-15 16:10:00-04:00,7661.75,7665.0,7661.5,7664.25,4540
2026-09-15 16:15:00-04:00,7664.5,7664.75,7663.0,7663.75,2506
2026-09-15 16:20:00-04:00,7663.75,7664.25,7663.0,7664.0,1181
2026-09-15 16:25:00-04:00,7663.75,7664.25,7663.0,7663.5,1277
2026-09-15 16:30:00-04:00,7663.25,7665.25,7663.0,7663.25,1558
2026-09-15 16:35:00-04:00,7663.5,7664.0,7663.0,7663.25,952
2026-09-15 16:40:00-04:00,7663.0,7664.25,7663.0,7663.5,602
2026-09-15 16:45:00-04:00,7663.75,7664.5,7663.0,7664.5,1032
2026-09-15 16:50:00-04:00,7664.25,7664.5,7663.25,7663.75,819
2026-09-15 16:55:00-04:00,7663.5,7664.0,7663.25,7663.75,1163
2026-09-15 18:00:00-04:00,7663.25,7665.0,7661.75,7663.75,1072
2026-09-15 18:05:00-04:00,7663.5,7663.5,7661.75,7662.75,462
2026-09-15 18:10:00-04:00,7662.75,7662.75,7661.5,7661.75,213
2026-09-15 18:15:00-04:00,7662.0,7663.0,7661.75,7661.75,253
2026-09-15 18:20:00-04:00,7661.75,7663.75,7661.5,7663.0,729
2026-09-15 18:25:00-04:00,7663.0,7663.75,7662.75,7663.25,436
2026-09-15 18:30:00-04:00,7663.0,7665.0,7663.0,7664.5,319
2026-09-15 18:35:00-04:00,7664.5,7666.75,7664.5,7666.5,468
2026-09-15 18:40:00-04:00,7666.25,7666.25,7665.0,7665.75,393
2026-09-15 18:45:00-04:00,7665.75,7666.75,7665.25,7666.5,349
2026-09-15 18:50:00-04:00,7666.5,7667.0,7666.25,7667.0,198
2026-09-15 18:55:00-04:00,7667.0,7667.25,7666.5,7666.5,123
2026-09-15 19:00:00-04:00,7666.5,7666.75,7664.75,7665.0,381
2026-09-15 19:05:00-04:00,7665.0,7665.25,7664.5,7664.75,139
2026-09-15 19:10:00-04:00,7665.0,7665.25,7664.25,7664.25,123
2026-09-15 19:15:00-04:00,7664.5,7664.75,7663.5,7663.75,156
2026-09-15 19:20:00-04:00,7663.75,7664.0,7663.25,7663.5,168
2026-09-15 19:25:00-04:00,7663.5,7663.75,7662.5,7663.0,255
2026-09-15 19:30:00-04:00,7662.75,7663.5,7662.75,7663.0,208
2026-09-15 19:35:00-04:00,7663.0,7664.25,7662.5,7664.25,330
2026-09-15 19:40:00-04:00,7664.25,7666.25,7664.0,7665.5,443
2026-09-15 19:45:00-04:00,7665.75,7666.25,7664.75,7665.0,266
2026-09-15 19:50:00-04:00,7665.0,7666.5,7664.75,7666.5,244
2026-09-15 19:55:00-04:00,7666.5,7666.5,7665.0,7665.5,209
2026-09-15 20:00:00-04:00,7665.5,7667.0,7663.0,7664.25,772
2026-09-15 20:05:00-04:00,7664.5,7665.75,7664.0,7664.0,267
2026-09-15 20:10:00-04:00,7664.25,7667.25,7663.5,7666.25,408
2026-09-15 20:15:00-04:00,7666.25,7667.0,7665.0,7666.5,746
2026-09-15 20:20:00-04:00,7666.25,7666.5,7665.25,7665.25,343
2026-09-15 20:25:00-04:00,7665.0,7666.25,7664.5,7666.25,349
2026-09-15 20:30:00-04:00,7666.25,7667.25,7664.5,7664.75,334
2026-09-15 20:35:00-04:00,7664.75,7665.75,7663.75,7665.5,455
2026-09-15 20:40:00-04:00,7665.5,7665.75,7664.5,7664.5,352
2026-09-15 20:45:00-04:00,7664.5,7666.25,7663.75,7665.5,521
2026-09-15 20:50:00-04:00,7665.75,7666.25,7665.25,7665.75,333
2026-09-15 20:55:00-04:00,7665.5,7665.75,7664.25,7665.0,348
2026-09-15 21:00:00-04:00,7665.0,7665.75,7663.25,7663.25,488
2026-09-15 21:05:00-04:00,7663.25,7663.5,7660.0,7661.0,1685
2026-09-15 21:10:00-04:00,7661.0,7666.5,7660.0,7666.25,1252
2026-09-15 21:15:00-04:00,7666.25,7666.75,7665.0,7666.0,652
2026-09-15 21:20:00-04:00,7666.0,7667.5,7665.5,7667.0,498
2026-09-15 21:25:00-04:00,7667.0,7667.75,7666.0,7666.0,498
2026-09-15 21:30:00-04:00,7666.0,7666.0,7663.5,7665.0,563
2026-09-15 21:35:00-04:00,7665.25,7665.75,7661.75,7662.5,635
2026-09-15 21:40:00-04:00,7662.25,7663.5,7662.25,7662.25,400
2026-09-15 21:45:00-04:00,7662.25,7664.25,7661.75,7661.75,650
2026-09-15 21:50:00-04:00,7661.75,7662.0,7659.0,7659.5,1045
2026-09-15 21:55:00-04:00,7659.5,7660.25,7658.75,7659.0,501
2026-09-15 22:00:00-04:00,7659.0,7664.25,7659.0,7663.25,1004
2026-09-15 22:05:00-04:00,7663.25,7663.5,7660.5,7662.25,713
2026-09-15 22:10:00-04:00,7662.25,7663.5,7659.75,7660.75,926
2026-09-15 22:15:00-04:00,7660.75,7662.5,7660.5,7662.25,699
2026-09-15 22:20:00-04:00,7662.0,7663.75,7661.25,7663.5,460
2026-09-15 22:25:00-04:00,7663.25,7666.25,7663.25,7666.0,726
2026-09-15 22:30:00-04:00,7666.0,7668.0,7665.5,7667.0,945
2026-09-15 22:35:00-04:00,7667.0,7668.25,7666.25,7666.75,535
2026-09-15 22:40:00-04:00,7666.75,7666.75,7664.25,7665.0,643
2026-09-15 22:45:00-04:00,7665.0,7666.5,7665.0,7666.0,421
2026-09-15 22:50:00-04:00,7665.75,7667.25,7665.25,7666.5,259
2026-09-15 22:55:00-04:00,7666.75,7668.25,7666.25,7668.0,310
2026-09-15 23:00:00-04:00,7668.0,7671.0,7668.0,7670.25,895
2026-09-15 23:05:00-04:00,7670.0,7671.5,7669.75,7670.25,590
2026-09-15 23:10:00-04:00,7670.5,7673.5,7669.5,7672.5,1200
2026-09-15 23:15:00-04:00,7672.75,7676.0,7672.5,7675.5,1299
2026-09-15 23:20:00-04:00,7675.75,7678.0,7674.75,7676.75,1444
2026-09-15 23:25:00-04:00,7676.75,7677.25,7674.0,7674.0,569
2026-09-15 23:30:00-04:00,7673.75,7674.0,7671.5,7671.5,624
2026-09-15 23:35:00-04:00,7671.75,7671.75,7670.0,7671.5,588
2026-09-15 23:40:00-04:00,7671.75,7672.75,7671.0,7672.25,486
2026-09-15 23:45:00-04:00,7672.25,7674.0,7672.25,7672.75,510
2026-09-15 23:50:00-04:00,7672.5,7673.75,7672.5,7672.5,462
2026-09-15 23:55:00-04:00,7672.25,7673.5,7672.0,7672.75,307
2026-09-16 00:00:00-04:00,7672.75,7674.5,7672.5,7674.0,306
2026-09-16 00:05:00-04:00,7673.75,7673.75,7672.5,7672.75,392
2026-09-16 00:10:00-04:00,7672.75,7673.25,7672.25,7672.25,202
2026-09-16 00:15:00-04:00,7672.25,7672.75,7671.25,7671.25,306
2026-09-16 00:20:00-04:00,7671.5,7673.25,7671.5,7672.5,402
2026-09-16 00:25:00-04:00,7672.5,7672.5,7670.25,7670.75,429
2026-09-16 00:30:00-04:00,7670.5,7671.0,7667.5,7668.0,615
2026-09-16 00:35:00-04:00,7668.0,7669.0,7667.25,7668.5,345
2026-09-16 00:40:00-04:00,7668.5,7669.75,7667.25,7668.0,320
2026-09-16 00:45:00-04:00,7668.0,7670.0,7668.0,7669.75,225
2026-09-16 00:50:00-04:00,7669.75,7670.5,7668.75,7669.0,316
2026-09-16 00:55:00-04:00,7669.0,7669.5,7668.0,7668.0,316
2026-09-16 01:00:00-04:00,7668.0,7668.5,7665.5,7668.25,774
2026-09-16 01:05:00-04:00,7668.5,7669.25,7667.25,7669.0,404
2026-09-16 01:10:00-04:00,7669.0,7670.0,7668.0,7669.25,290
2026-09-16 01:15:00-04:00,7669.25,7671.25,7669.25,7670.5,318
2026-09-16 01:20:00-04:00,7670.25,7670.75,7668.75,7669.5,377
2026-09-16 01:25:00-04:00,7669.5,7671.5,7668.75,7671.25,457
2026-09-16 01:30:00-04:00,7671.25,7671.25,7669.5,7670.75,221
2026-09-16 01:35:00-04:00,7670.75,7672.0,7670.5,7671.25,360
2026-09-16 01:40:00-04:00,7671.25,7673.5,7671.25,7673.5,579
2026-09-16 01:45:00-04:00,7673.25,7674.0,7670.25,7670.25,620
2026-09-16 01:50:00-04:00,7670.25,7671.75,7670.0,7671.5,553
2026-09-16 01:55:00-04:00,7671.5,7672.0,7670.5,7670.75,404
2026-09-16 02:00:00-04:00,7670.5,7674.5,7669.5,7670.25,1290
2026-09-16 02:05:00-04:00,7670.25,7674.0,7670.25,7673.0,796
2026-09-16 02:10:00-04:00,7673.0,7675.25,7672.75,7673.75,866
2026-09-16 02:15:00-04:00,7673.5,7674.25,7672.25,7674.0,420
2026-09-16 02:20:00-04:00,7674.0,7674.25,7671.0,7672.0,285
2026-09-16 02:25:00-04:00,7672.0,7672.75,7669.75,7671.5,654
2026-09-16 02:30:00-04:00,7671.5,7672.25,7669.75,7671.75,823
2026-09-16 02:35:00-04:00,7671.5,7671.75,7670.0,7670.75,876
2026-09-16 02:40:00-04:00,7670.75,7671.0,7669.25,7671.0,603
2026-09-16 02:45:00-04:00,7671.0,7671.5,7669.5,7671.0,1011
2026-09-16 02:50:00-04:00,7670.75,7674.5,7670.75,7673.0,615
2026-09-16 02:55:00-04:00,7672.75,7674.5,7672.0,7673.75,803
2026-09-16 03:00:00-04:00,7673.75,7678.0,7672.5,7677.5,2267
2026-09-16 03:05:00-04:00,7677.5,7677.75,7674.25,7676.0,2029
2026-09-16 03:10:00-04:00,7676.25,7677.25,7675.0,7676.5,1445
2026-09-16 03:15:00-04:00,7676.5,7676.75,7672.25,7672.25,1321
2026-09-16 03:20:00-04:00,7672.25,7675.5,7671.75,7674.5,1093
2026-09-16 03:25:00-04:00,7674.25,7675.5,7674.0,7674.5,788
2026-09-16 03:30:00-04:00,7674.5,7676.75,7674.5,7675.0,1090
2026-09-16 03:35:00-04:00,7675.25,7675.25,7672.75,7673.0,794
2026-09-16 03:40:00-04:00,7673.0,7673.75,7672.0,7672.25,923
2026-09-16 03:45:00-04:00,7672.5,7673.0,7671.75,7672.0,618
2026-09-16 03:50:00-04:00,7672.0,7672.25,7669.75,7669.75,788
2026-09-16 03:55:00-04:00,7669.75,7672.75,7669.75,7670.75,737
2026-09-16 04:00:00-04:00,7670.75,7671.25,7666.75,7667.25,1433
2026-09-16 04:05:00-04:00,7667.25,7668.25,7664.75,7666.25,1451
2026-09-16 04:10:00-04:00,7666.0,7666.5,7663.5,7666.0,1130
2026-09-16 04:15:00-04:00,7666.0,7672.25,7665.75,7668.5,3069
2026-09-16 04:20:00-04:00,7668.5,7671.25,7666.5,7667.0,2790
2026-09-16 04:25:00-04:00,7667.0,7669.0,7665.25,7668.5,975
2026-09-16 04:30:00-04:00,7668.5,7671.0,7666.0,7667.75,1137
2026-09-16 04:35:00-04:00,7667.75,7668.5,7665.75,7665.75,1117
2026-09-16 04:40:00-04:00,7666.0,7670.5,7665.75,7670.0,1145
2026-09-16 04:45:00-04:00,7670.25,7671.0,7668.75,7669.25,590
2026-09-16 04:50:00-04:00,7669.0,7672.25,7669.0,7671.75,723
2026-09-16 04:55:00-04:00,7671.5,7673.5,7671.5,7672.75,839
2026-09-16 05:00:00-04:00,7672.5,7673.25,7670.75,7672.75,919
2026-09-16 05:05:00-04:00,7672.75,7673.75,7671.0,7672.25,953
2026-09-16 05:10:00-04:00,7672.0,7672.5,7669.0,7669.25,785
2026-09-16 05:15:00-04:00,7669.25,7669.75,7665.5,7666.0,874
2026-09-16 05:20:00-04:00,7665.75,7667.75,7665.5,7665.75,867
2026-09-16 05:25:00-04:00,7666.0,7670.75,7665.75,7667.5,2443
2026-09-16 05:30:00-04:00,7667.5,7669.5,7667.0,7669.0,754
2026-09-16 05:35:00-04:00,7669.25,7671.75,7668.5,7671.75,1094
2026-09-16 05:40:00-04:00,7671.75,7674.75,7671.25,7673.5,914
2026-09-16 05:45:00-04:00,7673.75,7673.75,7670.75,7671.75,735
2026-09-16 05:50:00-04:00,7671.75,7674.25,7671.75,7673.75,417
2026-09-16 05:55:00-04:00,7673.75,7675.0,7673.0,7673.0,412
2026-09-16 06:00:00-04:00,7673.25,7674.0,7671.0,7671.25,871
2026-09-16 06:05:00-04:00,7671.25,7673.5,7670.25,7673.0,1595
2026-09-16 06:10:00-04:00,7673.0,7673.5,7669.5,7671.75,2113
2026-09-16 06:15:00-04:00,7671.75,7672.75,7670.5,7672.25,865
2026-09-16 06:20:00-04:00,7672.0,7673.0,7671.25,7671.75,902
2026-09-16 06:25:00-04:00,7672.0,7673.0,7671.5,7672.75,748
2026-09-16 06:30:00-04:00,7672.75,7673.0,7672.0,7672.0,668
2026-09-16 06:35:00-04:00,7672.25,7673.0,7671.75,7673.0,716
2026-09-16 06:40:00-04:00,7673.25,7673.5,7672.75,7673.25,445
2026-09-16 06:45:00-04:00,7673.25,7673.25,7672.0,7673.0,428
2026-09-16 06:50:00-04:00,7673.0,7673.25,7671.75,7672.0,405
2026-09-16 06:55:00-04:00,7672.0,7677.0,7671.75,7676.5,1450
2026-09-16 07:00:00-04:00,7676.5,7681.5,7674.5,7675.75,6257
2026-09-16 07:05:00-04:00,7675.75,7678.0,7673.5,7676.25,1987
2026-09-16 07:10:00-04:00,7676.25,7677.25,7673.5,7673.5,781
2026-09-16 07:15:00-04:00,7673.75,7674.25,7672.0,7674.25,869
2026-09-16 07:20:00-04:00,7674.0,7675.25,7672.75,7674.75,835
2026-09-16 07:25:00-04:00,7675.0,7676.25,7674.5,7675.0,1016
2026-09-16 07:30:00-04:00,7675.25,7677.75,7675.0,7677.25,1367
2026-09-16 07:35:00-04:00,7677.25,7679.5,7676.75,7678.75,1107
2026-09-16 07:40:00-04:00,7678.75,7681.25,7675.5,7680.0,3480
2026-09-16 07:45:00-04:00,7680.0,7681.0,7679.75,7680.75,762
2026-09-16 07:50:00-04:00,7681.0,7683.0,7680.75,7682.75,1287
2026-09-16 07:55:00-04:00,7682.75,7683.5,7681.75,7683.25,1384
2026-09-16 08:00:00-04:00,7683.0,7689.25,7682.5,7683.75,3458
2026-09-16 08:05:00-04:00,7684.0,7686.25,7682.75,7685.5,1773
2026-09-16 08:10:00-04:00,7685.5,7685.5,7683.25,7683.25,1425
2026-09-16 08:15:00-04:00,7683.25,7684.0,7682.0,7683.0,2310
2026-09-16 08:20:00-04:00,7683.0,7683.25,7679.5,7679.75,2305
2026-09-16 08:25:00-04:00,7680.0,7684.0,7680.0,7683.75,1861
2026-09-16 08:30:00-04:00,7683.5,7684.0,7679.25,7681.25,3132
2026-09-16 08:35:00-04:00,7681.0,7681.5,7675.5,7676.5,2245
2026-09-16 08:40:00-04:00,7676.25,7677.5,7675.0,7675.25,2078
2026-09-16 08:45:00-04:00,7675.0,7679.0,7674.0,7679.0,2000
2026-09-16 08:50:00-04:00,7679.0,7680.75,7676.0,7676.0,2222
2026-09-16 08:55:00-04:00,7676.0,7680.75,7675.5,7679.75,2339
2026-09-16 09:00:00-04:00,7679.75,7681.0,7673.0,7673.75,4315
2026-09-16 09:05:00-04:00,7673.75,7677.25,7673.25,7677.0,1871
2026-09-16 09:10:00-04:00,7677.0,7680.5,7676.25,7680.5,2000
2026-09-16 09:15:00-04:00,7680.5,7681.25,7677.5,7678.0,3695
2026-09-16 09:20:00-04:00,7677.75,7682.25,7677.25,7679.75,5653
2026-09-16 09:25:00-04:00,7680.0,7680.75,7676.25,7676.5,4639
2026-09-16 09:30:00-04:00,7676.5,7679.0,7673.25,7673.75,22856
2026-09-16 09:35:00-04:00,7674.0,7676.75,7669.25,7670.25,13360
2026-09-16 09:40:00-04:00,7670.0,7673.25,7669.0,7669.75,12654
2026-09-16 09:45:00-04:00,7669.75,7681.5,7669.5,7681.25,16577
2026-09-16 09:50:00-04:00,7681.25,7686.5,7680.75,7684.5,12383
2026-09-16 09:55:00-04:00,7684.5,7686.25,7681.75,7684.25,8637
2026-09-16 10:00:00-04:00,7684.5,7686.5,7678.0,7678.75,10785
2026-09-16 10:05:00-04:00,7678.75,7680.5,7675.25,7679.0,11818
2026-09-16 10:10:00-04:00,7679.0,7680.0,7673.0,7677.5,9496
2026-09-16 10:15:00-04:00,7677.75,7679.25,7674.0,7675.0,9536
2026-09-16 10:20:00-04:00,7674.75,7675.5,7671.25,7671.75,8620
2026-09-16 10:25:00-04:00,7671.75,7672.25,7669.5,7671.75,8156
2026-09-16 10:30:00-04:00,7671.75,7674.25,7670.0,7673.75,10894
2026-09-16 10:35:00-04:00,7673.75,7677.25,7671.25,7676.0,9506
2026-09-16 10:40:00-04:00,7676.0,7680.75,7675.5,7680.75,7529
2026-09-16 10:45:00-04:00,7680.5,7682.0,7678.0,7678.25,8226
2026-09-16 10:50:00-04:00,7678.25,7681.25,7678.0,7678.75,5766
2026-09-16 10:55:00-04:00,7679.0,7685.0,7679.0,7684.25,7711
2026-09-16 11:00:00-04:00,7684.5,7688.5,7683.75,7687.25,13155
2026-09-16 11:05:00-04:00,7687.25,7692.75,7684.5,7691.25,18560
2026-09-16 11:10:00-04:00,7691.25,7692.5,7687.25,7689.75,14202
2026-09-16 11:15:00-04:00,7690.0,7690.25,7685.75,7688.5,7975
2026-09-16 11:20:00-04:00,7688.5,7688.5,7686.25,7688.0,6842
2026-09-16 11:25:00-04:00,7687.75,7690.5,7685.25,7686.0,7783
2026-09-16 11:30:00-04:00,7685.75,7687.0,7682.0,7683.75,9303
2026-09-16 11:35:00-04:00,7683.75,7688.0,7683.5,7686.25,6776
2026-09-16 11:40:00-04:00,7686.25,7688.25,7685.5,7688.0,4546
2026-09-16 11:45:00-04:00,7687.75,7699.0,7687.0,7692.5,26715
2026-09-16 11:50:00-04:00,7692.75,7693.0,7688.75,7689.75,9161
2026-09-16 11:55:00-04:00,7690.0,7690.75,7688.25,7689.0,5861
2026-09-16 12:00:00-04:00,7689.0,7689.75,7685.25,7685.5,7593
2026-09-16 12:05:00-04:00,7685.25,7687.25,7685.0,7686.75,4833
2026-09-16 12:10:00-04:00,7686.75,7687.25,7683.75,7685.75,4418
2026-09-16 12:15:00-04:00,7685.75,7686.75,7684.75,7685.5,3987
2026-09-16 12:20:00-04:00,7685.25,7685.25,7681.5,7681.75,5806
2026-09-16 12:25:00-04:00,7681.75,7683.5,7680.25,7683.25,4381
2026-09-16 12:30:00-04:00,7683.25,7684.0,7678.25,7678.75,5266
2026-09-16 12:35:00-04:00,7678.75,7681.25,7678.5,7680.75,4008
2026-09-16 12:40:00-04:00,7680.75,7682.0,7679.75,7680.75,3181
2026-09-16 12:45:00-04:00,7680.75,7683.5,7680.75,7682.5,3966
2026-09-16 12:50:00-04:00,7682.5,7683.0,7678.75,7680.75,5794
2026-09-16 12:55:00-04:00,7680.75,7681.75,7679.25,7679.25,3081
2026-09-16 13:00:00-04:00,7679.5,7679.75,7674.0,7675.5,6791
2026-09-16 13:05:00-04:00,7675.5,7677.75,7675.5,7677.5,4576
2026-09-16 13:10:00-04:00,7677.5,7679.75,7675.75,7678.75,4938
2026-09-16 13:15:00-04:00,7678.75,7680.0,7678.25,7679.25,4651
2026-09-16 13:20:00-04:00,7679.25,7680.75,7676.75,7677.75,3907
2026-09-16 13:25:00-04:00,7677.75,7681.0,7677.75,7680.75,3594
2026-09-16 13:30:00-04:00,7681.0,7682.25,7678.0,7679.5,5017
2026-09-16 13:35:00-04:00,7679.5,7680.5,7677.75,7677.75,3151
2026-09-16 13:40:00-04:00,7677.75,7678.0,7674.5,7674.75,4662
2026-09-16 13:45:00-04:00,7674.75,7678.75,7674.75,7677.0,4608
2026-09-16 13:50:00-04:00,7677.25,7680.0,7676.25,7679.25,4567
2026-09-16 13:55:00-04:00,7679.25,7684.75,7677.75,7683.5,5025
2026-09-16 14:00:00-04:00,7684.5,7691.0,7668.75,7683.75,27937
2026-09-16 14:05:00-04:00,7684.0,7694.25,7682.75,7688.5,25465
2026-09-16 14:10:00-04:00,7688.25,7690.25,7679.5,7681.25,16373
2026-09-16 14:15:00-04:00,7681.25,7685.0,7678.0,7681.0,16735
2026-09-16 14:20:00-04:00,7681.0,7684.5,7677.5,7680.25,12635
2026-09-16 14:25:00-04:00,7680.25,7681.5,7669.25,7678.0,19813
2026-09-16 14:30:00-04:00,7678.25,7680.75,7656.25,7657.5,36965
2026-09-16 14:35:00-04:00,7657.25,7661.25,7641.0,7660.0,45177
2026-09-16 14:40:00-04:00,7659.75,7683.25,7658.75,7671.25,35847
2026-09-16 14:45:00-04:00,7671.5,7677.25,7655.25,7656.5,26103
2026-09-16 14:50:00-04:00,7656.25,7659.25,7631.0,7631.75,38151
2026-09-16 14:55:00-04:00,7632.0,7638.0,7617.5,7618.75,47451
2026-09-16 15:00:00-04:00,7618.75,7633.75,7617.0,7627.5,39730
2026-09-16 15:05:00-04:00,7627.25,7627.75,7609.75,7611.75,35197
2026-09-16 15:10:00-04:00,7611.75,7613.5,7591.0,7592.5,40208
2026-09-16 15:15:00-04:00,7592.5,7600.75,7584.0,7588.75,32666
2026-09-16 15:20:00-04:00,7589.0,7593.0,7580.25,7586.25,33818
2026-09-16 15:25:00-04:00,7586.5,7592.75,7575.0,7591.75,30625
2026-09-16 15:30:00-04:00,7591.75,7606.0,7590.5,7605.25,34227
2026-09-16 15:35:00-04:00,7605.5,7606.25,7594.0,7604.0,23971
2026-09-16 15:40:00-04:00,7604.0,7608.0,7597.25,7600.75,21692
2026-09-16 15:45:00-04:00,7600.75,7616.75,7600.5,7615.0,20492
2026-09-16 15:50:00-04:00,7615.0,7623.25,7614.0,7621.75,25795
2026-09-16 15:55:00-04:00,7621.75,7625.0,7618.5,7622.25,68384
2026-09-16 16:00:00-04:00,7622.25,7626.0,7620.0,7623.75,24272
2026-09-16 16:05:00-04:00,7623.5,7624.25,7620.5,7622.0,6915
2026-09-16 16:10:00-04:00,7621.75,7622.75,7620.75,7621.75,3508
2026-09-16 16:15:00-04:00,7621.75,7623.0,7620.0,7621.25,3336
2026-09-16 16:20:00-04:00,7621.25,7621.5,7620.0,7620.0,1418
2026-09-16 16:25:00-04:00,7620.0,7620.5,7617.25,7620.25,2877
2026-09-16 16:30:00-04:00,7620.25,7622.75,7619.0,7622.25,1529
2026-09-16 16:35:00-04:00,7622.0,7622.5,7620.5,7622.5,1446
2026-09-16 16:40:00-04:00,7622.5,7623.0,7619.75,7621.25,1988
2026-09-16 16:45:00-04:00,7621.25,7622.5,7620.75,7622.25,1421
2026-09-16 16:50:00-04:00,7622.25,7623.0,7620.5,7621.5,1115
2026-09-16 16:55:00-04:00,7621.5,7622.75,7618.5,7622.0,2053
2026-09-16 18:00:00-04:00,7624.0,7625.0,7617.5,7618.0,1674
2026-09-16 18:05:00-04:00,7618.25,7625.75,7618.25,7625.25,1142
2026-09-16 18:10:00-04:00,7625.25,7628.25,7624.75,7626.25,908
2026-09-16 18:15:00-04:00,7626.25,7627.75,7625.5,7627.5,561
2026-09-16 18:20:00-04:00,7627.75,7629.75,7627.25,7629.25,1020
2026-09-16 18:25:00-04:00,7629.5,7632.5,7629.0,7632.25,883
2026-09-16 18:30:00-04:00,7632.25,7634.75,7632.0,7634.25,991
2026-09-16 18:35:00-04:00,7634.5,7637.5,7634.0,7637.0,798
2026-09-16 18:40:00-04:00,7637.0,7639.75,7637.0,7638.75,1003
2026-09-16 18:45:00-04:00,7638.5,7639.25,7635.75,7636.0,1121
2026-09-16 18:50:00-04:00,7636.0,7636.5,7635.0,7635.25,689
2026-09-16 18:55:00-04:00,7635.25,7636.75,7634.75,7636.75,621
2026-09-16 19:00:00-04:00,7636.5,7638.25,7635.75,7637.0,537
2026-09-16 19:05:00-04:00,7637.0,7640.0,7636.5,7639.5,751
2026-09-16 19:10:00-04:00,7639.5,7640.0,7638.0,7638.5,338
2026-09-16 19:15:00-04:00,7638.75,7643.25,7638.75,7641.25,965
2026-09-16 19:20:00-04:00,7641.5,7644.75,7641.5,7644.25,732
2026-09-16 19:25:00-04:00,7644.25,7647.75,7643.0,7645.0,1161
2026-09-16 19:30:00-04:00,7645.25,7648.25,7645.25,7647.75,700
2026-09-16 19:35:00-04:00,7647.75,7647.75,7645.0,7646.5,636
2026-09-16 19:40:00-04:00,7646.5,7654.0,7645.5,7652.0,3675
2026-09-16 19:45:00-04:00,7652.25,7656.25,7651.5,7655.25,2679
2026-09-16 19:50:00-04:00,7655.0,7657.0,7653.75,7655.75,988
2026-09-16 19:55:00-04:00,7655.5,7657.5,7654.75,7657.25,1187
2026-09-16 20:00:00-04:00,7657.5,7660.0,7656.0,7659.0,2618
2026-09-16 20:05:00-04:00,7658.75,7662.25,7657.5,7661.25,1438
2026-09-16 20:10:00-04:00,7661.5,7662.0,7656.0,7656.0,1839
2026-09-16 20:15:00-04:00,7656.0,7660.25,7654.0,7659.5,3091
2026-09-16 20:20:00-04:00,7659.25,7660.0,7655.75,7657.5,1347
2026-09-16 20:25:00-04:00,7657.0,7658.75,7656.0,7656.75,732
2026-09-16 20:30:00-04:00,7656.75,7663.5,7656.75,7662.25,2409
2026-09-16 20:35:00-04:00,7662.25,7664.75,7661.75,7664.5,1525
2026-09-16 20:40:00-04:00,7664.25,7667.75,7664.0,7665.5,2285
2026-09-16 20:45:00-04:00,7665.5,7665.5,7662.0,7663.75,1568
2026-09-16 20:50:00-04:00,7663.75,7664.0,7659.75,7660.75,1395
2026-09-16 20:55:00-04:00,7660.75,7666.0,7660.5,7664.0,1443
2026-09-16 21:00:00-04:00,7664.0,7665.0,7662.0,7664.5,1237
2026-09-16 21:05:00-04:00,7664.25,7668.0,7664.0,7664.25,976
2026-09-16 21:10:00-04:00,7664.25,7664.25,7660.75,7663.75,1147
2026-09-16 21:15:00-04:00,7663.5,7664.0,7662.0,7663.25,931
2026-09-16 21:20:00-04:00,7663.0,7664.5,7662.75,7663.25,843
2026-09-16 21:25:00-04:00,7663.5,7664.25,7662.5,7663.25,761
2026-09-16 21:30:00-04:00,7663.25,7666.75,7663.25,7664.25,1000
2026-09-16 21:35:00-04:00,7664.5,7666.25,7662.0,7662.25,792
2026-09-16 21:40:00-04:00,7662.0,7663.75,7659.5,7663.5,1852
2026-09-16 21:45:00-04:00,7663.25,7664.25,7663.0,7663.5,622
2026-09-16 21:50:00-04:00,7663.25,7663.75,7660.5,7662.5,1556
2026-09-16 21:55:00-04:00,7662.5,7663.0,7658.25,7660.0,1184
2026-09-16 22:00:00-04:00,7660.0,7664.0,7659.75,7664.0,921
2026-09-16 22:05:00-04:00,7664.0,7664.75,7660.75,7661.5,1235
2026-09-16 22:10:00-04:00,7661.5,7662.75,7661.0,7662.0,739
2026-09-16 22:15:00-04:00,7661.5,7663.75,7661.5,7663.25,679
2026-09-16 22:20:00-04:00,7663.25,7664.25,7662.25,7663.5,609
2026-09-16 22:25:00-04:00,7663.25,7665.25,7662.75,7663.75,1020
2026-09-16 22:30:00-04:00,7664.0,7667.25,7663.75,7666.0,1222
2026-09-16 22:35:00-04:00,7666.25,7668.75,7665.75,7668.0,789
2026-09-16 22:40:00-04:00,7667.75,7669.75,7667.5,7668.75,672
2026-09-16 22:45:00-04:00,7668.5,7668.75,7666.75,7667.75,524
2026-09-16 22:50:00-04:00,7667.5,7668.5,7665.0,7665.5,592
2026-09-16 22:55:00-04:00,7665.25,7666.5,7664.75,7665.25,592
2026-09-16 23:00:00-04:00,7665.25,7666.5,7664.75,7666.25,635
2026-09-16 23:05:00-04:00,7666.25,7667.5,7666.0,7666.25,435
2026-09-16 23:10:00-04:00,7666.5,7667.5,7664.75,7667.25,447
2026-09-16 23:15:00-04:00,7667.5,7667.75,7665.75,7666.25,510
2026-09-16 23:20:00-04:00,7666.0,7668.0,7664.75,7668.0,526
2026-09-16 23:25:00-04:00,7668.0,7668.25,7667.5,7668.0,274
2026-09-16 23:30:00-04:00,7667.75,7668.5,7666.75,7667.75,435
2026-09-16 23:35:00-04:00,7668.0,7668.75,7667.0,7668.75,306
2026-09-16 23:40:00-04:00,7668.75,7670.25,7668.5,7669.5,593
2026-09-16 23:45:00-04:00,7669.5,7669.75,7666.75,7669.25,978
2026-09-16 23:50:00-04:00,7669.25,7669.25,7667.75,7668.0,578
2026-09-16 23:55:00-04:00,7668.25,7670.0,7668.0,7669.0,602
2026-09-17 00:00:00-04:00,7668.75,7670.25,7668.75,7669.75,382
2026-09-17 00:05:00-04:00,7669.75,7669.75,7668.25,7668.75,301
2026-09-17 00:10:00-04:00,7668.75,7669.0,7667.25,7668.25,513
2026-09-17 00:15:00-04:00,7668.25,7668.25,7666.75,7666.75,407
2026-09-17 00:20:00-04:00,7666.75,7667.0,7666.25,7666.5,414
2026-09-17 00:25:00-04:00,7666.5,7668.0,7665.75,7667.25,355
2026-09-17 00:30:00-04:00,7667.25,7667.75,7666.0,7666.75,527
2026-09-17 00:35:00-04:00,7667.0,7669.25,7666.75,7669.0,405
2026-09-17 00:40:00-04:00,7669.0,7670.25,7668.5,7668.75,650
2026-09-17 00:45:00-04:00,7669.0,7670.25,7668.75,7668.75,427
2026-09-17 00:50:00-04:00,7668.75,7668.75,7666.5,7667.0,435
2026-09-17 00:55:00-04:00,7667.0,7668.0,7666.75,7667.25,231
2026-09-17 01:00:00-04:00,7667.25,7667.75,7666.5,7667.0,447
2026-09-17 01:05:00-04:00,7667.0,7667.0,7666.0,7666.0,423
2026-09-17 01:10:00-04:00,7666.0,7666.25,7664.0,7664.5,514
2026-09-17 01:15:00-04:00,7664.5,7664.75,7663.5,7663.75,738
2026-09-17 01:20:00-04:00,7663.75,7663.75,7662.5,7663.5,638
2026-09-17 01:25:00-04:00,7663.25,7665.25,7663.25,7663.5,441
2026-09-17 01:30:00-04:00,7663.5,7664.0,7661.25,7662.75,1123
2026-09-17 01:35:00-04:00,7662.75,7662.75,7660.0,7661.25,980
2026-09-17 01:40:00-04:00,7661.25,7661.5,7659.0,7659.0,805
2026-09-17 01:45:00-04:00,7659.0,7660.0,7658.75,7659.25,649
2026-09-17 01:50:00-04:00,7659.25,7660.25,7657.75,7658.25,710
2026-09-17 01:55:00-04:00,7658.25,7658.25,7656.25,7657.25,617
2026-09-17 02:00:00-04:00,7657.0,7663.25,7656.75,7662.25,1444
2026-09-17 02:05:00-04:00,7662.0,7664.5,7660.25,7661.5,1534
2026-09-17 02:10:00-04:00,7661.5,7662.25,7659.75,7661.5,1101
2026-09-17 02:15:00-04:00,7661.75,7662.0,7658.5,7661.5,1846
2026-09-17 02:20:00-04:00,7661.5,7665.5,7660.75,7665.5,1073
2026-09-17 02:25:00-04:00,7665.75,7671.5,7665.25,7671.25,2316
2026-09-17 02:30:00-04:00,7671.25,7674.0,7671.0,7672.25,2398
2026-09-17 02:35:00-04:00,7672.25,7675.0,7671.75,7672.0,1283
2026-09-17 02:40:00-04:00,7672.25,7676.75,7672.25,7676.25,1328
2026-09-17 02:45:00-04:00,7676.0,7677.5,7675.0,7676.0,1208
2026-09-17 02:50:00-04:00,7676.0,7677.0,7675.5,7676.25,690
2026-09-17 02:55:00-04:00,7676.25,7676.25,7674.25,7675.25,1105
2026-09-17 03:00:00-04:00,7675.25,7679.0,7673.5,7678.5,3099
2026-09-17 03:05:00-04:00,7678.25,7683.25,7678.25,7682.5,3173
2026-09-17 03:10:00-04:00,7682.75,7684.0,7679.5,7680.25,2160
2026-09-17 03:15:00-04:00,7680.5,7683.75,7679.5,7680.75,1745
2026-09-17 03:20:00-04:00,7680.5,7683.0,7678.75,7682.25,1966
2026-09-17 03:25:00-04:00,7682.25,7687.0,7682.0,7686.75,2815
2026-09-17 03:30:00-04:00,7686.5,7689.25,7685.75,7686.5,2800
2026-09-17 03:35:00-04:00,7686.5,7686.75,7685.0,7686.5,1663
2026-09-17 03:40:00-04:00,7686.25,7686.75,7684.75,7685.75,1214
2026-09-17 03:45:00-04:00,7685.75,7686.25,7683.0,7683.0,1798
2026-09-17 03:50:00-04:00,7683.0,7683.5,7680.5,7680.75,2024
2026-09-17 03:55:00-04:00,7680.75,7680.75,7679.0,7680.25,1509
2026-09-17 04:00:00-04:00,7680.0,7681.75,7678.25,7680.75,2522
2026-09-17 04:05:00-04:00,7680.5,7681.0,7679.0,7679.5,1654
2026-09-17 04:10:00-04:00,7679.25,7680.25,7673.5,7674.5,2128
2026-09-17 04:15:00-04:00,7674.25,7675.25,7671.25,7672.75,1550
2026-09-17 04:20:00-04:00,7672.75,7675.25,7672.25,7675.25,1127
2026-09-17 04:25:00-04:00,7675.25,7678.25,7675.0,7677.75,1645
2026-09-17 04:30:00-04:00,7677.75,7679.75,7676.25,7679.75,1563
2026-09-17 04:35:00-04:00,7679.75,7680.5,7678.5,7680.25,1071
2026-09-17 04:40:00-04:00,7680.5,7680.75,7678.0,7679.0,614
2026-09-17 04:45:00-04:00,7679.0,7680.75,7678.75,7680.25,679
2026-09-17 04:50:00-04:00,7680.5,7684.0,7680.25,7683.5,1238
2026-09-17 04:55:00-04:00,7683.5,7684.5,7682.5,7683.25,1066
2026-09-17 05:00:00-04:00,7683.25,7686.5,7683.0,7685.0,1067
2026-09-17 05:05:00-04:00,7685.25,7687.0,7684.75,7686.25,882
2026-09-17 05:10:00-04:00,7686.5,7689.25,7686.5,7686.75,1558
2026-09-17 05:15:00-04:00,7686.75,7687.75,7684.5,7684.5,885
2026-09-17 05:20:00-04:00,7684.5,7686.0,7684.25,7685.25,1213
2026-09-17 05:25:00-04:00,7685.25,7685.25,7683.5,7683.75,1125
2026-09-17 05:30:00-04:00,7683.5,7686.75,7683.5,7686.25,780
2026-09-17 05:35:00-04:00,7686.25,7687.0,7685.0,7685.25,1484
2026-09-17 05:40:00-04:00,7685.0,7686.5,7685.0,7685.75,918
2026-09-17 05:45:00-04:00,7685.5,7685.75,7681.25,7682.0,1005
2026-09-17 05:50:00-04:00,7682.25,7684.0,7682.25,7683.75,906
2026-09-17 05:55:00-04:00,7683.75,7685.0,7682.25,7682.75,952
2026-09-17 06:00:00-04:00,7682.5,7684.75,7682.5,7684.25,758
2026-09-17 06:05:00-04:00,7684.25,7687.0,7684.0,7685.75,1179
2026-09-17 06:10:00-04:00,7685.75,7686.75,7685.25,7685.25,704
2026-09-17 06:15:00-04:00,7685.25,7686.0,7683.5,7683.5,838
2026-09-17 06:20:00-04:00,7683.5,7688.5,7683.5,7688.5,1112
2026-09-17 06:25:00-04:00,7688.5,7689.5,7687.25,7687.5,1106
2026-09-17 06:30:00-04:00,7687.75,7689.5,7685.75,7685.75,1933
2026-09-17 06:35:00-04:00,7686.0,7688.25,7685.5,7687.25,1344
2026-09-17 06:40:00-04:00,7687.25,7687.75,7684.25,7684.75,949
2026-09-17 06:45:00-04:00,7684.75,7685.5,7684.25,7685.0,653
2026-09-17 06:50:00-04:00,7685.0,7687.0,7685.0,7686.25,713
2026-09-17 06:55:00-04:00,7686.5,7688.75,7686.0,7687.5,868
2026-09-17 07:00:00-04:00,7687.75,7690.75,7687.5,7688.0,4120
2026-09-17 07:05:00-04:00,7688.25,7688.75,7687.0,7687.0,2444
2026-09-17 07:10:00-04:00,7687.0,7688.5,7685.75,7688.0,2510
2026-09-17 07:15:00-04:00,7688.25,7688.75,7684.75,7686.0,1418
2026-09-17 07:20:00-04:00,7686.25,7688.25,7685.75,7686.0,1625
2026-09-17 07:25:00-04:00,7686.0,7687.25,7685.0,7686.25,1404
2026-09-17 07:30:00-04:00,7686.0,7687.5,7685.25,7685.25,1247
2026-09-17 07:35:00-04:00,7685.5,7687.25,7684.5,7686.5,1180
2026-09-17 07:40:00-04:00,7686.25,7686.25,7683.0,7683.0,1281
2026-09-17 07:45:00-04:00,7683.0,7685.0,7682.5,7683.5,1200
2026-09-17 07:50:00-04:00,7683.75,7688.0,7682.25,7687.0,1923
2026-09-17 07:55:00-04:00,7687.0,7695.5,7685.5,7695.25,9649
2026-09-17 08:00:00-04:00,7695.0,7695.75,7690.0,7694.5,7996
2026-09-17 08:05:00-04:00,7694.75,7701.75,7693.5,7701.5,8625
2026-09-17 08:10:00-04:00,7701.5,7703.5,7700.75,7701.75,4818
2026-09-17 08:15:00-04:00,7702.0,7708.25,7701.25,7708.0,6895
2026-09-17 08:20:00-04:00,7708.25,7712.0,7708.0,7710.75,6876
2026-09-17 08:25:00-04:00,7710.75,7716.75,7710.0,7716.5,6994
2026-09-17 08:30:00-04:00,7716.25,7722.25,7713.0,7721.25,8078
2026-09-17 08:35:00-04:00,7721.5,7722.25,7717.5,7720.75,7870
2026-09-17 08:40:00-04:00,7720.5,7721.5,7717.5,7717.75,4568
2026-09-17 08:45:00-04:00,7717.75,7718.0,7715.25,7716.25,5882
2026-09-17 08:50:00-04:00,7716.5,7720.0,7716.25,7718.0,3184
2026-09-17 08:55:00-04:00,7718.0,7719.25,7716.25,7717.5,2583
2026-09-17 09:00:00-04:00,7717.75,7722.0,7716.5,7718.5,4807
2026-09-17 09:05:00-04:00,7718.75,7719.5,7716.5,7716.5,3331
2026-09-17 09:10:00-04:00,7716.5,7717.5,7714.75,7716.0,3910
2026-09-17 09:15:00-04:00,7716.0,7718.5,7715.5,7715.75,4643
2026-09-17 09:20:00-04:00,7716.0,7717.0,7713.5,7713.75,2878
2026-09-17 09:25:00-04:00,7713.75,7717.0,7712.5,7713.5,6522
2026-09-17 09:30:00-04:00,7713.5,7716.25,7695.5,7695.5,37837
2026-09-17 09:35:00-04:00,7695.75,7697.75,7691.75,7693.0,24643
2026-09-17 09:40:00-04:00,7693.0,7694.25,7688.25,7690.5,24092
2026-09-17 09:45:00-04:00,7690.75,7696.0,7688.25,7694.75,24391
2026-09-17 09:50:00-04:00,7695.0,7697.25,7691.25,7691.25,20080
2026-09-17 09:55:00-04:00,7691.0,7693.75,7688.5,7693.75,15389
2026-09-17 10:00:00-04:00,7693.5,7693.75,7683.75,7686.75,20262
2026-09-17 10:05:00-04:00,7687.0,7687.25,7680.5,7683.0,16374
2026-09-17 10:10:00-04:00,7683.0,7692.75,7681.75,7692.25,17807
2026-09-17 10:15:00-04:00,7692.25,7695.75,7691.0,7695.75,18016
2026-09-17 10:20:00-04:00,7695.5,7701.5,7693.25,7700.75,16197
2026-09-17 10:25:00-04:00,7700.75,7703.75,7697.0,7697.5,17174
2026-09-17 10:30:00-04:00,7697.5,7701.25,7696.25,7700.75,12130
2026-09-17 10:35:00-04:00,7700.75,7701.5,7697.25,7697.75,10415
2026-09-17 10:40:00-04:00,7697.75,7703.25,7697.25,7699.5,13151
2026-09-17 10:45:00-04:00,7699.5,7700.25,7691.25,7693.0,16082
2026-09-17 10:50:00-04:00,7693.0,7693.75,7685.5,7686.5,15813
2026-09-17 10:55:00-04:00,7686.25,7691.5,7684.5,7688.25,15567
2026-09-17 11:00:00-04:00,7688.0,7690.25,7686.0,7686.25,12467
2026-09-17 11:05:00-04:00,7686.25,7689.25,7683.75,7688.0,11075
2026-09-17 11:10:00-04:00,7688.0,7692.75,7686.75,7692.0,12057
2026-09-17 11:15:00-04:00,7691.75,7695.5,7689.75,7694.75,9925
2026-09-17 11:20:00-04:00,7695.0,7695.25,7691.0,7693.25,8308
2026-09-17 11:25:00-04:00,7693.25,7698.0,7693.0,7696.25,10734
2026-09-17 11:30:00-04:00,7696.25,7698.75,7695.25,7698.0,8748
2026-09-17 11:35:00-04:00,7698.25,7701.25,7697.5,7701.0,9085
2026-09-17 11:40:00-04:00,7700.75,7706.25,7700.75,7703.5,11420
2026-09-17 11:45:00-04:00,7703.5,7705.5,7702.75,7704.25,8425
2026-09-17 11:50:00-04:00,7704.5,7705.5,7701.75,7705.0,9859
2026-09-17 11:55:00-04:00,7704.75,7706.5,7701.5,7706.5,8607
2026-09-17 12:00:00-04:00,7706.5,7707.25,7704.25,7704.5,9026
2026-09-17 12:05:00-04:00,7704.25,7706.25,7701.5,7705.75,8554
2026-09-17 12:10:00-04:00,7705.75,7706.25,7702.25,7704.0,6172
2026-09-17 12:15:00-04:00,7703.75,7705.0,7702.75,7704.0,4555
2026-09-17 12:20:00-04:00,7703.75,7706.75,7703.25,7706.0,4855
2026-09-17 12:25:00-04:00,7706.0,7707.5,7705.0,7706.25,5558
2026-09-17 12:30:00-04:00,7706.25,7707.75,7700.5,7702.0,9854
2026-09-17 12:35:00-04:00,7702.0,7704.25,7701.0,7703.0,6912
2026-09-17 12:40:00-04:00,7703.0,7707.75,7702.0,7707.5,7350
2026-09-17 12:45:00-04:00,7707.5,7708.0,7705.25,7705.75,6280
2026-09-17 12:50:00-04:00,7706.0,7706.75,7704.75,7705.0,4548
2026-09-17 12:55:00-04:00,7705.0,7706.0,7697.0,7706.0,27657
2026-09-17 13:00:00-04:00,7706.0,7708.75,7704.25,7707.75,11195
2026-09-17 13:05:00-04:00,7707.75,7709.25,7704.25,7705.25,6317
2026-09-17 13:10:00-04:00,7705.0,7705.5,7702.75,7703.5,6516
2026-09-17 13:15:00-04:00,7703.75,7704.5,7702.25,7703.25,5532
2026-09-17 13:20:00-04:00,7703.0,7703.75,7699.75,7700.25,7382
2026-09-17 13:25:00-04:00,7700.5,7702.5,7699.5,7702.0,5826
2026-09-17 13:30:00-04:00,7702.0,7704.75,7700.25,7704.75,5585
2026-09-17 13:35:00-04:00,7704.75,7705.25,7703.0,7703.75,4769
2026-09-17 13:40:00-04:00,7703.75,7706.5,7703.75,7706.0,5712
2026-09-17 13:45:00-04:00,7705.75,7708.0,7705.25,7706.0,5578
2026-09-17 13:50:00-04:00,7706.0,7706.0,7704.25,7705.0,5398
2026-09-17 13:55:00-04:00,7705.0,7707.75,7705.0,7707.75,5691
2026-09-17 14:00:00-04:00,7707.75,7709.75,7706.5,7709.25,6736
2026-09-17 14:05:00-04:00,7709.0,7710.0,7705.75,7706.75,7150
2026-09-17 14:10:00-04:00,7706.5,7709.25,7705.75,7708.75,6723
2026-09-17 14:15:00-04:00,7709.0,7711.25,7707.75,7710.25,7962
2026-09-17 14:20:00-04:00,7710.25,7710.75,7707.0,7707.25,6005
2026-09-17 14:25:00-04:00,7707.25,7709.75,7706.75,7708.5,6015
2026-09-17 14:30:00-04:00,7708.75,7710.25,7706.25,7706.5,6655
2026-09-17 14:35:00-04:00,7706.5,7706.75,7703.25,7703.5,7794
2026-09-17 14:40:00-04:00,7703.5,7705.25,7702.75,7704.75,7480
2026-09-17 14:45:00-04:00,7705.0,7708.0,7704.25,7706.25,6747
2026-09-17 14:50:00-04:00,7706.25,7706.5,7703.25,7704.25,6336
2026-09-17 14:55:00-04:00,7704.5,7706.0,7703.75,7705.75,6204
2026-09-17 15:00:00-04:00,7705.75,7710.0,7705.5,7709.75,9505
2026-09-17 15:05:00-04:00,7709.75,7711.75,7708.5,7709.25,8941
2026-09-17 15:10:00-04:00,7709.25,7710.25,7708.0,7709.0,6475
2026-09-17 15:15:00-04:00,7709.0,7710.5,7708.0,7710.25,5519
2026-09-17 15:20:00-04:00,7710.25,7710.25,7707.0,7707.25,5181
2026-09-17 15:25:00-04:00,7707.25,7709.0,7706.25,7706.75,5981
2026-09-17 15:30:00-04:00,7706.75,7710.25,7706.75,7709.0,7749
2026-09-17 15:35:00-04:00,7709.25,7711.5,7709.0,7710.5,7938
2026-09-17 15:40:00-04:00,7710.75,7712.0,7708.0,7711.75,9677
2026-09-17 15:45:00-04:00,7711.5,7711.75,7707.75,7708.25,11313
2026-09-17 15:50:00-04:00,7708.5,7715.5,7707.75,7711.25,26126
2026-09-17 15:55:00-04:00,7711.25,7712.75,7705.0,7707.5,75853
2026-09-17 16:00:00-04:00,7707.25,7708.0,7704.75,7705.0,18177
2026-09-17 16:05:00-04:00,7705.0,7708.5,7705.0,7708.0,5091
2026-09-17 16:10:00-04:00,7707.75,7708.0,7704.0,7704.5,4292
2026-09-17 16:15:00-04:00,7704.25,7705.25,7702.0,7702.25,3488
2026-09-17 16:20:00-04:00,7702.0,7703.0,7702.0,7702.25,1384
2026-09-17 16:25:00-04:00,7702.25,7703.0,7701.75,7702.0,1041
2026-09-17 16:30:00-04:00,7701.75,7702.5,7701.5,7701.75,951
2026-09-17 16:35:00-04:00,7701.75,7703.0,7701.75,7702.5,948
2026-09-17 16:40:00-04:00,7702.5,7703.0,7701.5,7701.75,1087
2026-09-17 16:45:00-04:00,7701.5,7702.0,7701.0,7701.5,1186
2026-09-17 16:50:00-04:00,7701.5,7703.0,7701.0,7702.75,1069
2026-09-17 16:55:00-04:00,7702.5,7704.0,7701.75,7702.25,1253
2026-09-17 18:00:00-04:00,7703.5,7704.25,7701.0,7701.25,922
2026-09-17 18:05:00-04:00,7701.5,7702.0,7699.5,7700.0,545
2026-09-17 18:10:00-04:00,7700.25,7701.5,7700.25,7701.5,308
2026-09-17 18:15:00-04:00,7701.25,7701.5,7699.75,7700.5,255
2026-09-17 18:20:00-04:00,7700.75,7701.0,7698.5,7699.0,361
2026-09-17 18:25:00-04:00,7699.5,7700.0,7697.75,7698.0,473
2026-09-17 18:30:00-04:00,7697.75,7698.5,7697.5,7697.75,357
2026-09-17 18:35:00-04:00,7698.0,7699.25,7697.75,7698.25,661
2026-09-17 18:40:00-04:00,7698.25,7698.25,7697.0,7698.0,461
2026-09-17 18:45:00-04:00,7698.0,7698.25,7697.25,7698.0,217
2026-09-17 18:50:00-04:00,7698.0,7698.25,7697.0,7697.0,275
2026-09-17 18:55:00-04:00,7697.25,7699.25,7697.0,7699.0,286
2026-09-17 19:00:00-04:00,7699.25,7700.75,7699.25,7700.5,435
2026-09-17 19:05:00-04:00,7700.5,7701.75,7700.5,7701.75,363
2026-09-17 19:10:00-04:00,7701.75,7702.0,7699.5,7700.0,433
2026-09-17 19:15:00-04:00,7700.0,7700.25,7699.0,7700.25,160
2026-09-17 19:20:00-04:00,7700.0,7701.5,7700.0,7700.75,163
2026-09-17 19:25:00-04:00,7700.75,7701.0,7699.25,7700.0,178
2026-09-17 19:30:00-04:00,7700.0,7701.0,7699.5,7700.75,300
2026-09-17 19:35:00-04:00,7700.75,7701.5,7700.5,7701.0,159
2026-09-17 19:40:00-04:00,7701.0,7702.25,7701.0,7701.25,274
2026-09-17 19:45:00-04:00,7701.5,7702.5,7700.75,7701.5,333
2026-09-17 19:50:00-04:00,7701.5,7702.0,7700.5,7701.5,450
2026-09-17 19:55:00-04:00,7701.5,7701.75,7700.75,7700.75,241
2026-09-17 20:00:00-04:00,7700.75,7701.75,7698.5,7700.0,1719
2026-09-17 20:05:00-04:00,7700.0,7701.0,7698.0,7700.0,816
2026-09-17 20:10:00-04:00,7700.25,7701.25,7698.0,7701.25,472
2026-09-17 20:15:00-04:00,7701.0,7702.0,7699.75,7701.5,694
2026-09-17 20:20:00-04:00,7701.5,7702.25,7700.25,7702.0,659
2026-09-17 20:25:00-04:00,7702.0,7702.75,7700.25,7701.0,711
2026-09-17 20:30:00-04:00,7701.0,7703.0,7701.0,7702.75,628
2026-09-17 20:35:00-04:00,7702.75,7702.75,7699.75,7699.75,534
2026-09-17 20:40:00-04:00,7699.75,7701.75,7698.75,7701.25,980
2026-09-17 20:45:00-04:00,7701.25,7701.5,7698.75,7699.0,497
2026-09-17 20:50:00-04:00,7699.0,7699.75,7698.25,7699.5,537
2026-09-17 20:55:00-04:00,7699.5,7699.5,7699.0,7699.5,391
2026-09-17 21:00:00-04:00,7699.5,7701.25,7698.0,7698.5,898
2026-09-17 21:05:00-04:00,7698.25,7699.75,7698.25,7698.5,495
2026-09-17 21:10:00-04:00,7698.5,7699.0,7697.5,7698.0,467
2026-09-17 21:15:00-04:00,7697.75,7697.75,7696.0,7697.5,747
2026-09-17 21:20:00-04:00,7697.5,7698.5,7696.75,7697.25,425
2026-09-17 21:25:00-04:00,7697.5,7697.5,7696.75,7697.25,306
2026-09-17 21:30:00-04:00,7697.5,7697.75,7696.25,7697.25,412
2026-09-17 21:35:00-04:00,7697.0,7698.25,7696.5,7697.5,540
2026-09-17 21:40:00-04:00,7697.5,7699.75,7697.5,7697.5,566
2026-09-17 21:45:00-04:00,7697.75,7700.75,7697.75,7700.0,576
2026-09-17 21:50:00-04:00,7700.25,7700.5,7698.5,7700.0,494
2026-09-17 21:55:00-04:00,7700.0,7701.25,7699.25,7701.0,436
2026-09-17 22:00:00-04:00,7701.0,7701.75,7700.75,7700.75,546
2026-09-17 22:05:00-04:00,7700.75,7701.5,7700.0,7700.25,309
2026-09-17 22:10:00-04:00,7700.25,7700.75,7699.0,7700.75,399
2026-09-17 22:15:00-04:00,7700.75,7701.5,7700.25,7701.5,287
2026-09-17 22:20:00-04:00,7701.75,7703.0,7701.25,7702.75,369
2026-09-17 22:25:00-04:00,7702.75,7703.25,7701.75,7703.0,349
2026-09-17 22:30:00-04:00,7703.0,7704.0,7702.5,7703.75,410
2026-09-17 22:35:00-04:00,7704.0,7704.0,7702.25,7703.0,333
2026-09-17 22:40:00-04:00,7703.0,7704.25,7702.75,7703.0,228
2026-09-17 22:45:00-04:00,7703.0,7704.0,7703.0,7703.75,348
2026-09-17 22:50:00-04:00,7704.0,7705.0,7702.75,7703.75,851
2026-09-17 22:55:00-04:00,7703.5,7704.5,7703.0,7703.75,553
2026-09-17 23:00:00-04:00,7703.75,7705.75,7703.5,7705.75,656
2026-09-17 23:05:00-04:00,7705.75,7708.0,7705.75,7707.5,994
2026-09-17 23:10:00-04:00,7707.5,7709.5,7707.5,7709.25,1009
2026-09-17 23:15:00-04:00,7709.0,7709.0,7707.0,7708.0,566
2026-09-17 23:20:00-04:00,7708.0,7709.5,7708.0,7708.5,482
2026-09-17 23:25:00-04:00,7708.75,7709.75,7708.75,7709.0,337
2026-09-17 23:30:00-04:00,7709.0,7710.5,7708.5,7709.75,784
2026-09-17 23:35:00-04:00,7710.0,7711.0,7710.0,7710.75,436
2026-09-17 23:40:00-04:00,7710.75,7712.0,7710.75,7711.5,386
2026-09-17 23:45:00-04:00,7711.75,7714.25,7711.75,7713.75,931
2026-09-17 23:50:00-04:00,7713.75,7714.25,7712.75,7713.25,385
2026-09-17 23:55:00-04:00,7713.25,7713.5,7712.5,7713.5,282
2026-09-18 00:00:00-04:00,7713.75,7714.75,7713.0,7714.5,447
2026-09-18 00:05:00-04:00,7714.5,7715.25,7714.25,7715.0,409
2026-09-18 00:10:00-04:00,7715.0,7715.75,7714.5,7714.75,353
2026-09-18 00:15:00-04:00,7714.75,7715.5,7713.75,7714.75,409
2026-09-18 00:20:00-04:00,7714.5,7714.75,7713.75,7714.0,383
2026-09-18 00:25:00-04:00,7713.75,7715.0,7712.75,7715.0,424
2026-09-18 00:30:00-04:00,7715.25,7717.0,7715.25,7716.0,495
2026-09-18 00:35:00-04:00,7716.0,7716.25,7715.25,7716.0,304
2026-09-18 00:40:00-04:00,7716.0,7719.25,7715.5,7718.75,735
2026-09-18 00:45:00-04:00,7719.0,7719.5,7718.5,7719.25,437
2026-09-18 00:50:00-04:00,7719.5,7721.25,7719.5,7720.25,853
2026-09-18 00:55:00-04:00,7720.25,7721.75,7720.0,7721.75,637
2026-09-18 01:00:00-04:00,7721.5,7722.5,7721.25,7722.5,451
2026-09-18 01:05:00-04:00,7722.25,7722.5,7721.75,7722.0,411
2026-09-18 01:10:00-04:00,7722.25,7723.0,7722.0,7722.75,479
2026-09-18 01:15:00-04:00,7723.0,7723.5,7722.5,7722.75,455
2026-09-18 01:20:00-04:00,7723.0,7723.5,7722.25,7723.5,495
2026-09-18 01:25:00-04:00,7723.75,7724.5,7722.25,7723.25,794
2026-09-18 01:30:00-04:00,7723.5,7725.5,7723.0,7725.0,848
2026-09-18 01:35:00-04:00,7725.0,7728.0,7725.0,7727.75,1087
2026-09-18 01:40:00-04:00,7727.75,7730.0,7727.25,7730.0,1242
2026-09-18 01:45:00-04:00,7729.75,7730.25,7727.0,7727.0,1280
2026-09-18 01:50:00-04:00,7727.0,7728.5,7726.25,7726.5,678
2026-09-18 01:55:00-04:00,7726.25,7727.0,7725.75,7726.75,694
2026-09-18 02:00:00-04:00,7726.75,7729.25,7726.75,7728.0,1733
2026-09-18 02:05:00-04:00,7728.0,7728.25,7726.75,7727.25,791
2026-09-18 02:10:00-04:00,7727.5,7728.25,7727.25,7728.0,680
2026-09-18 02:15:00-04:00,7728.0,7729.0,7725.75,7726.5,959
2026-09-18 02:20:00-04:00,7726.5,7730.25,7726.25,7729.5,826
2026-09-18 02:25:00-04:00,7729.5,7730.75,7728.25,7728.75,1418
2026-09-18 02:30:00-04:00,7728.75,7733.5,7728.75,7733.0,1598
2026-09-18 02:35:00-04:00,7733.0,7734.25,7732.25,7734.25,1071
2026-09-18 02:40:00-04:00,7734.0,7734.5,7732.5,7733.5,979
2026-09-18 02:45:00-04:00,7733.5,7734.5,7732.5,7734.0,1082
2026-09-18 02:50:00-04:00,7734.0,7734.5,7733.25,7733.5,668
2026-09-18 02:55:00-04:00,7733.75,7734.75,7733.25,7733.75,885
2026-09-18 03:00:00-04:00,7733.75,7734.75,7732.25,7733.5,1702
2026-09-18 03:05:00-04:00,7733.5,7734.0,7732.25,7733.75,1180
2026-09-18 03:10:00-04:00,7733.75,7736.0,7733.25,7733.25,1414
2026-09-18 03:15:00-04:00,7733.25,7735.25,7733.0,7734.5,1117
2026-09-18 03:20:00-04:00,7734.5,7735.25,7733.75,7734.75,1537
2026-09-18 03:25:00-04:00,7735.0,7738.0,7734.75,7737.75,1831
2026-09-18 03:30:00-04:00,7737.75,7739.25,7735.0,7735.75,1750
2026-09-18 03:35:00-04:00,7736.0,7737.0,7734.5,7736.5,1376
2026-09-18 03:40:00-04:00,7736.5,7736.5,7733.25,7734.25,1621
2026-09-18 03:45:00-04:00,7734.25,7735.75,7733.75,7735.25,1128
2026-09-18 03:50:00-04:00,7735.5,7736.75,7734.25,7736.75,710
2026-09-18 03:55:00-04:00,7736.5,7736.5,7733.75,7734.5,1310
2026-09-18 04:00:00-04:00,7734.25,7735.5,7732.5,7732.5,1780
2026-09-18 04:05:00-04:00,7732.5,7733.5,7730.5,7730.5,1062
2026-09-18 04:10:00-04:00,7730.75,7731.5,7728.75,7729.25,1608
2026-09-18 04:15:00-04:00,7729.25,7730.25,7728.5,7730.25,910
2026-09-18 04:20:00-04:00,7730.25,7732.0,7728.5,7729.0,1131
2026-09-18 04:25:00-04:00,7729.25,7729.75,7725.0,7725.25,1517
2026-09-18 04:30:00-04:00,7725.5,7727.75,7724.5,7727.5,1408
2026-09-18 04:35:00-04:00,7727.5,7728.25,7726.25,7727.5,894
2026-09-18 04:40:00-04:00,7727.25,7729.25,7726.75,7729.0,1110
2026-09-18 04:45:00-04:00,7728.75,7730.25,7728.25,7728.5,898
2026-09-18 04:50:00-04:00,7728.75,7729.5,7727.5,7727.5,960
2026-09-18 04:55:00-04:00,7727.5,7729.0,7727.0,7727.5,598
2026-09-18 05:00:00-04:00,7727.5,7727.5,7725.5,7726.5,1161
2026-09-18 05:05:00-04:00,7726.5,7728.5,7726.25,7726.75,744
2026-09-18 05:10:00-04:00,7726.75,7728.25,7726.25,7726.75,554
2026-09-18 05:15:00-04:00,7726.75,7728.5,7726.5,7728.25,524
2026-09-18 05:20:00-04:00,7728.5,7728.5,7727.0,7727.0,393
2026-09-18 05:25:00-04:00,7727.0,7727.25,7723.5,7723.75,1313
2026-09-18 05:30:00-04:00,7723.75,7723.75,7721.5,7721.75,1254
2026-09-18 05:35:00-04:00,7721.75,7723.0,7718.75,7718.75,1285
2026-09-18 05:40:00-04:00,7718.75,7720.0,7717.25,7717.25,1485
2026-09-18 05:45:00-04:00,7717.5,7719.0,7716.75,7718.25,1050
2026-09-18 05:50:00-04:00,7718.0,7719.75,7717.5,7719.0,1208
2026-09-18 05:55:00-04:00,7719.0,7719.25,7716.75,7717.0,1290
2026-09-18 06:00:00-04:00,7716.75,7718.25,7716.0,7717.0,1315
2026-09-18 06:05:00-04:00,7716.75,7718.5,7716.5,7717.5,973
2026-09-18 06:10:00-04:00,7717.75,7718.5,7716.75,7718.5,928
2026-09-18 06:15:00-04:00,7718.25,7719.75,7718.0,7719.0,1042
2026-09-18 06:20:00-04:00,7719.0,7720.25,7718.75,7719.0,744
2026-09-18 06:25:00-04:00,7719.0,7719.25,7717.25,7719.25,4170
2026-09-18 06:30:00-04:00,7719.25,7723.0,7719.0,7722.75,2380
2026-09-18 06:35:00-04:00,7723.0,7725.25,7722.75,7724.5,1726
2026-09-18 06:40:00-04:00,7724.75,7725.25,7724.25,7724.75,1011
2026-09-18 06:45:00-04:00,7724.75,7725.0,7721.75,7722.5,904
2026-09-18 06:50:00-04:00,7722.75,7722.75,7720.25,7720.75,991
2026-09-18 06:55:00-04:00,7720.75,7721.75,7719.75,7720.25,1257
2026-09-18 07:00:00-04:00,7720.25,7724.0,7717.25,7724.0,2979
2026-09-18 07:05:00-04:00,7724.0,7724.0,7713.75,7717.75,7345
2026-09-18 07:10:00-04:00,7718.0,7719.25,7714.75,7717.5,1555
2026-09-18 07:15:00-04:00,7717.25,7717.25,7711.75,7713.25,1986
2026-09-18 07:20:00-04:00,7713.25,7714.75,7711.5,7713.25,1836
2026-09-18 07:25:00-04:00,7713.25,7714.0,7712.25,7713.0,1430
2026-09-18 07:30:00-04:00,7712.75,7716.5,7712.75,7715.0,2231
2026-09-18 07:35:00-04:00,7715.0,7717.75,7714.5,7716.25,1401
2026-09-18 07:40:00-04:00,7716.25,7716.5,7712.25,7713.0,1574
2026-09-18 07:45:00-04:00,7713.0,7714.25,7712.0,7713.75,1132
2026-09-18 07:50:00-04:00,7713.5,7714.0,7712.25,7713.5,1052
2026-09-18 07:55:00-04:00,7713.75,7714.0,7710.25,7712.0,1836
2026-09-18 08:00:00-04:00,7712.25,7714.5,7708.25,7712.5,3919
2026-09-18 08:05:00-04:00,7712.5,7715.0,7705.5,7705.5,6684
2026-09-18 08:10:00-04:00,7705.75,7705.75,7702.0,7703.0,3361
2026-09-18 08:15:00-04:00,7703.25,7705.5,7701.0,7701.0,3594
2026-09-18 08:20:00-04:00,7701.0,7702.5,7697.75,7697.75,4627
2026-09-18 08:25:00-04:00,7698.0,7700.5,7697.75,7699.0,2051
2026-09-18 08:30:00-04:00,7699.0,7703.0,7698.0,7702.25,2723
2026-09-18 08:35:00-04:00,7702.0,7703.25,7699.5,7702.0,3006
2026-09-18 08:40:00-04:00,7702.0,7703.75,7700.75,7702.5,2396
2026-09-18 08:45:00-04:00,7702.25,7703.5,7701.0,7701.0,2336
2026-09-18 08:50:00-04:00,7701.0,7702.25,7700.5,7701.5,1742
2026-09-18 08:55:00-04:00,7701.75,7702.0,7699.25,7700.75,2062
2026-09-18 09:00:00-04:00,7700.75,7702.25,7699.25,7700.25,3810
2026-09-18 09:05:00-04:00,7700.25,7702.5,7700.0,7701.75,3619
2026-09-18 09:10:00-04:00,7701.75,7703.0,7701.0,7701.5,2622
2026-09-18 09:15:00-04:00,7701.5,7703.25,7701.0,7702.75,3457
2026-09-18 09:20:00-04:00,7702.5,7702.75,7698.0,7698.25,3090
2026-09-18 09:25:00-04:00,7698.0,7710.0,7692.25,7710.0,27301
2026-09-18 09:30:00-04:00,7710.0,7714.5,7706.25,7706.75,39530
2026-09-18 09:35:00-04:00,7706.75,7708.0,7701.75,7705.0,22178
2026-09-18 09:40:00-04:00,7705.25,7710.25,7703.5,7705.0,17815
2026-09-18 09:45:00-04:00,7705.0,7707.5,7700.5,7701.0,15517
2026-09-18 09:50:00-04:00,7700.75,7701.25,7694.75,7695.0,19594
2026-09-18 09:55:00-04:00,7695.0,7697.0,7691.25,7693.0,17594
2026-09-18 10:00:00-04:00,7693.0,7695.25,7685.0,7686.25,25443
2026-09-18 10:05:00-04:00,7686.25,7690.5,7684.0,7690.25,21791
2026-09-18 10:10:00-04:00,7690.0,7695.0,7687.5,7688.0,23202
2026-09-18 10:15:00-04:00,7687.75,7689.5,7683.25,7689.25,17404
2026-09-18 10:20:00-04:00,7689.25,7691.75,7686.5,7687.25,15460
2026-09-18 10:25:00-04:00,7687.25,7692.0,7686.25,7689.0,10404
2026-09-18 10:30:00-04:00,7688.75,7690.0,7686.25,7687.5,13290
2026-09-18 10:35:00-04:00,7687.5,7693.5,7685.25,7690.5,17919
2026-09-18 10:40:00-04:00,7690.5,7690.75,7684.0,7685.5,13242
2026-09-18 10:45:00-04:00,7685.75,7690.75,7684.0,7690.0,13331
2026-09-18 10:50:00-04:00,7690.0,7695.25,7688.75,7693.75,15621
2026-09-18 10:55:00-04:00,7694.0,7695.25,7691.75,7695.0,10319
2026-09-18 11:00:00-04:00,7695.0,7695.5,7689.5,7692.5,12051
2026-09-18 11:05:00-04:00,7692.25,7696.0,7691.5,7693.0,10300
2026-09-18 11:10:00-04:00,7692.75,7695.0,7690.5,7691.25,9180
2026-09-18 11:15:00-04:00,7691.25,7693.5,7690.0,7693.25,8161
2026-09-18 11:20:00-04:00,7693.25,7694.5,7692.0,7693.75,7624
2026-09-18 11:25:00-04:00,7693.75,7696.25,7693.5,7695.5,8675
2026-09-18 11:30:00-04:00,7695.5,7697.0,7690.5,7693.75,17012
2026-09-18 11:35:00-04:00,7693.5,7694.75,7687.75,7688.5,11173
2026-09-18 11:40:00-04:00,7688.25,7689.5,7686.5,7688.25,12570
2026-09-18 11:45:00-04:00,7688.5,7689.5,7686.25,7687.0,8211
2026-09-18 11:50:00-04:00,7687.0,7689.0,7684.25,7684.75,6700
2026-09-18 11:55:00-04:00,7685.0,7687.5,7683.75,7685.25,8354
2026-09-18 12:00:00-04:00,7685.25,7685.5,7682.0,7683.5,8422
2026-09-18 12:05:00-04:00,7683.5,7687.75,7683.25,7687.0,7919
2026-09-18 12:10:00-04:00,7687.0,7687.5,7685.0,7685.75,6911
2026-09-18 12:15:00-04:00,7685.75,7687.25,7684.25,7686.5,6384
2026-09-18 12:20:00-04:00,7686.5,7686.5,7677.25,7677.75,11702
2026-09-18 12:25:00-04:00,7677.75,7684.75,7675.0,7683.25,24913
2026-09-18 12:30:00-04:00,7683.25,7689.0,7681.25,7687.0,16019
2026-09-18 12:35:00-04:00,7687.0,7688.5,7684.0,7685.5,8056
2026-09-18 12:40:00-04:00,7685.5,7688.75,7684.0,7686.75,6372
2026-09-18 12:45:00-04:00,7686.75,7687.75,7683.5,7687.5,7257
2026-09-18 12:50:00-04:00,7687.5,7691.5,7687.5,7690.5,8619
2026-09-18 12:55:00-04:00,7690.5,7691.5,7689.0,7689.75,7586
2026-09-18 13:00:00-04:00,7690.0,7690.75,7687.5,7689.75,5955
2026-09-18 13:05:00-04:00,7689.5,7691.5,7688.5,7689.25,4919
2026-09-18 13:10:00-04:00,7689.25,7689.5,7686.25,7689.25,6134
2026-09-18 13:15:00-04:00,7689.25,7691.0,7688.5,7689.5,5830
2026-09-18 13:20:00-04:00,7689.75,7691.25,7688.5,7691.25,3386
2026-09-18 13:25:00-04:00,7691.25,7692.0,7689.75,7690.0,3660
2026-09-18 13:30:00-04:00,7690.25,7690.75,7688.25,7690.25,5145
2026-09-18 13:35:00-04:00,7690.25,7693.5,7690.25,7693.0,5235
2026-09-18 13:40:00-04:00,7693.0,7694.0,7691.5,7694.0,5110
2026-09-18 13:45:00-04:00,7694.0,7694.5,7692.25,7692.75,5879
2026-09-18 13:50:00-04:00,7692.5,7695.0,7692.5,7694.25,4186
2026-09-18 13:55:00-04:00,7694.0,7695.0,7693.5,7694.5,4384
2026-09-18 14:00:00-04:00,7694.75,7696.0,7693.0,7695.25,6283
2026-09-18 14:05:00-04:00,7695.5,7695.75,7693.75,7694.25,4334
2026-09-18 14:10:00-04:00,7694.5,7695.5,7693.0,7694.5,5438
2026-09-18 14:15:00-04:00,7694.5,7697.75,7694.5,7697.75,5310
2026-09-18 14:20:00-04:00,7697.75,7703.25,7697.5,7700.25,15821
2026-09-18 14:25:00-04:00,7700.0,7701.75,7698.75,7701.75,6713
2026-09-18 14:30:00-04:00,7701.75,7702.25,7699.5,7702.25,5910
2026-09-18 14:35:00-04:00,7702.0,7702.5,7699.0,7700.5,7083
2026-09-18 14:40:00-04:00,7700.5,7702.75,7699.75,7702.5,4469
2026-09-18 14:45:00-04:00,7702.25,7712.25,7702.25,7709.75,23795
2026-09-18 14:50:00-04:00,7709.75,7715.75,7709.0,7712.25,15785
2026-09-18 14:55:00-04:00,7712.25,7712.25,7708.75,7710.0,8716
2026-09-18 15:00:00-04:00,7709.75,7711.75,7708.0,7710.5,7861
2026-09-18 15:05:00-04:00,7710.5,7712.0,7708.0,7709.25,7076
2026-09-18 15:10:00-04:00,7709.5,7711.25,7707.75,7709.0,8030
2026-09-18 15:15:00-04:00,7709.0,7709.75,7707.5,7709.25,5970
2026-09-18 15:20:00-04:00,7709.25,7710.5,7707.5,7708.5,6595
2026-09-18 15:25:00-04:00,7708.25,7709.0,7705.75,7706.25,6650
2026-09-18 15:30:00-04:00,7706.25,7706.5,7704.25,7704.75,9327
2026-09-18 15:35:00-04:00,7704.75,7710.0,7704.25,7709.5,10751
2026-09-18 15:40:00-04:00,7709.5,7712.25,7708.25,7712.0,9111
2026-09-18 15:45:00-04:00,7712.25,7715.0,7711.0,7715.0,13273
2026-09-18 15:50:00-04:00,7714.75,7716.75,7710.25,7712.75,25282
2026-09-18 15:55:00-04:00,7712.75,7718.25,7710.25,7712.25,118483
2026-09-18 16:00:00-04:00,7712.25,7723.5,7711.5,7722.25,36016
2026-09-18 16:05:00-04:00,7722.25,7724.0,7721.75,7722.5,7487
2026-09-18 16:10:00-04:00,7722.75,7729.25,7722.5,7725.5,10723
2026-09-18 16:15:00-04:00,7725.5,7726.25,7723.75,7723.75,3644
2026-09-18 16:20:00-04:00,7724.0,7725.5,7724.0,7725.0,2470
2026-09-18 16:25:00-04:00,7724.75,7726.0,7724.75,7726.0,2190
2026-09-18 16:30:00-04:00,7726.25,7726.75,7724.75,7725.5,2406
2026-09-18 16:35:00-04:00,7725.5,7726.0,7724.5,7725.75,1946
2026-09-18 16:40:00-04:00,7725.75,7727.5,7725.5,7727.25,2531
2026-09-18 16:45:00-04:00,7727.0,7728.75,7726.0,7726.75,2728
2026-09-18 16:50:00-04:00,7726.75,7728.0,7724.75,7725.0,1867
2026-09-18 16:55:00-04:00,7725.0,7725.75,7724.0,7725.0,1775
2026-09-20 18:00:00-04:00,7722.0,7724.25,7713.75,7716.25,3263
2026-09-20 18:05:00-04:00,7716.5,7721.75,7716.5,7721.75,969
2026-09-20 18:10:00-04:00,7721.75,7726.5,7721.25,7725.75,1539
2026-09-20 18:15:00-04:00,7725.5,7727.75,7724.25,7726.0,1148
2026-09-20 18:20:00-04:00,7725.75,7727.0,7725.25,7725.5,523
2026-09-20 18:25:00-04:00,7725.5,7728.0,7725.5,7727.75,711
2026-09-20 18:30:00-04:00,7727.75,7730.75,7727.25,7730.75,1094
2026-09-20 18:35:00-04:00,7730.75,7733.75,7730.75,7731.25,1053
2026-09-20 18:40:00-04:00,7731.0,7733.0,7729.75,7730.25,723
2026-09-20 18:45:00-04:00,7730.25,7732.25,7729.25,7730.25,523
2026-09-20 18:50:00-04:00,7730.25,7731.5,7730.0,7730.75,397
2026-09-20 18:55:00-04:00,7731.0,7734.5,7731.0,7733.75,640
2026-09-20 19:00:00-04:00,7733.75,7734.0,7731.75,7732.0,400
2026-09-20 19:05:00-04:00,7732.0,7732.5,7731.5,7732.25,252
2026-09-20 19:10:00-04:00,7732.0,7732.75,7731.5,7732.0,136
2026-09-20 19:15:00-04:00,7732.25,7732.5,7731.25,7732.0,244
2026-09-20 19:20:00-04:00,7732.25,7732.5,7731.25,7732.5,240
2026-09-20 19:25:00-04:00,7732.5,7733.5,7732.0,7733.0,428
2026-09-20 19:30:00-04:00,7733.25,7734.0,7732.75,7733.25,326
2026-09-20 19:35:00-04:00,7733.25,7735.25,7733.25,7734.25,542
2026-09-20 19:40:00-04:00,7734.0,7734.75,7733.75,7734.25,175
2026-09-20 19:45:00-04:00,7734.0,7734.5,7733.0,7733.5,571
2026-09-20 19:50:00-04:00,7733.5,7733.75,7732.5,7733.0,256
2026-09-20 19:55:00-04:00,7733.5,7735.0,7733.25,7734.5,280
2026-09-20 20:00:00-04:00,7734.5,7736.25,7733.25,7735.75,1345
2026-09-20 20:05:00-04:00,7736.0,7737.75,7735.0,7735.75,1075
2026-09-20 20:10:00-04:00,7735.75,7736.0,7733.5,7734.5,581
2026-09-20 20:15:00-04:00,7734.25,7734.75,7730.75,7731.5,1593
2026-09-20 20:20:00-04:00,7731.25,7736.75,7731.0,7736.25,1347
2026-09-20 20:25:00-04:00,7736.0,7737.75,7735.5,7736.5,987
2026-09-20 20:30:00-04:00,7736.5,7740.25,7736.5,7739.75,1149
2026-09-20 20:35:00-04:00,7739.75,7740.75,7738.75,7740.75,1060
2026-09-20 20:40:00-04:00,7740.5,7741.25,7738.0,7738.5,963
2026-09-20 20:45:00-04:00,7738.5,7739.0,7737.75,7738.25,803
2026-09-20 20:50:00-04:00,7738.25,7740.0,7738.0,7738.75,528
2026-09-20 20:55:00-04:00,7738.75,7740.25,7737.75,7739.5,769
2026-09-20 21:00:00-04:00,7739.5,7742.5,7739.5,7741.5,1390
2026-09-20 21:05:00-04:00,7741.25,7743.75,7741.0,7743.25,1331
2026-09-20 21:10:00-04:00,7743.25,7743.5,7741.0,7742.5,2489
2026-09-20 21:15:00-04:00,7742.25,7743.25,7741.5,7742.25,811
2026-09-20 21:20:00-04:00,7742.0,7742.5,7741.0,7742.0,586
2026-09-20 21:25:00-04:00,7742.0,7743.5,7740.75,7741.0,632
2026-09-20 21:30:00-04:00,7741.0,7742.75,7740.75,7742.5,615
2026-09-20 21:35:00-04:00,7742.5,7742.5,7741.0,7742.0,515
2026-09-20 21:40:00-04:00,7742.25,7743.25,7741.75,7742.25,484
2026-09-20 21:45:00-04:00,7742.25,7742.25,7739.5,7740.25,949
2026-09-20 21:50:00-04:00,7740.25,7741.5,7739.0,7740.5,934
2026-09-20 21:55:00-04:00,7740.5,7740.75,7738.25,7738.75,705
2026-09-20 22:00:00-04:00,7738.5,7741.5,7737.75,7740.75,861
2026-09-20 22:05:00-04:00,7740.75,7741.0,7738.75,7740.25,734
2026-09-20 22:10:00-04:00,7740.25,7740.5,7739.25,7739.75,505
2026-09-20 22:15:00-04:00,7739.75,7740.0,7738.25,7739.0,689
2026-09-20 22:20:00-04:00,7738.75,7740.25,7738.25,7739.75,624
2026-09-20 22:25:00-04:00,7739.75,7740.75,7739.25,7739.75,539
2026-09-20 22:30:00-04:00,7739.5,7739.5,7737.5,7738.75,613
2026-09-20 22:35:00-04:00,7738.5,7740.0,7738.5,7739.5,510
2026-09-20 22:40:00-04:00,7739.25,7740.75,7739.25,7740.0,477
2026-09-20 22:45:00-04:00,7740.0,7742.5,7740.0,7742.5,750
2026-09-20 22:50:00-04:00,7742.5,7742.75,7740.75,7741.25,532
2026-09-20 22:55:00-04:00,7741.25,7741.5,7739.75,7740.25,604
2026-09-20 23:00:00-04:00,7740.25,7743.5,7740.25,7743.25,525
2026-09-20 23:05:00-04:00,7743.25,7743.5,7742.5,7742.75,396
2026-09-20 23:10:00-04:00,7743.0,7743.75,7742.5,7743.5,331
2026-09-20 23:15:00-04:00,7743.5,7745.5,7743.25,7745.0,578
2026-09-20 23:20:00-04:00,7745.0,7745.25,7744.5,7745.0,341
2026-09-20 23:25:00-04:00,7744.75,7746.0,7744.0,7744.25,491
2026-09-20 23:30:00-04:00,7744.25,7744.5,7743.0,7744.25,452
2026-09-20 23:35:00-04:00,7744.5,7744.75,7743.5,7744.25,370
2026-09-20 23:40:00-04:00,7744.0,7744.75,7743.75,7744.5,174
2026-09-20 23:45:00-04:00,7744.5,7746.25,7744.5,7744.75,441
2026-09-20 23:50:00-04:00,7744.75,7745.5,7744.5,7745.25,285
2026-09-20 23:55:00-04:00,7745.0,7745.0,7744.0,7744.25,246
2026-09-21 00:00:00-04:00,7744.0,7746.0,7744.0,7744.0,415
2026-09-21 00:05:00-04:00,7744.0,7744.5,7742.5,7743.75,595
2026-09-21 00:10:00-04:00,7744.0,7744.25,7742.5,7744.25,340
2026-09-21 00:15:00-04:00,7744.0,7746.25,7744.0,7746.0,366
2026-09-21 00:20:00-04:00,7746.0,7746.5,7744.75,7745.25,353
2026-09-21 00:25:00-04:00,7745.25,7746.25,7745.25,7745.75,231
2026-09-21 00:30:00-04:00,7745.5,7745.5,7743.75,7744.75,262
2026-09-21 00:35:00-04:00,7744.75,7745.0,7744.25,7745.0,250
2026-09-21 00:40:00-04:00,7744.75,7746.0,7744.75,7744.75,240
2026-09-21 00:45:00-04:00,7745.0,7746.0,7745.0,7745.25,189
2026-09-21 00:50:00-04:00,7745.5,7745.5,7744.75,7745.0,200
2026-09-21 00:55:00-04:00,7745.0,7745.5,7744.5,7744.75,260
2026-09-21 01:00:00-04:00,7745.0,7745.25,7744.5,7744.5,324
2026-09-21 01:05:00-04:00,7744.25,7744.75,7743.5,7744.0,303
2026-09-21 01:10:00-04:00,7744.0,7744.25,7743.75,7743.75,272
2026-09-21 01:15:00-04:00,7743.75,7744.5,7743.25,7743.75,446
2026-09-21 01:20:00-04:00,7744.0,7744.75,7743.5,7744.75,343
2026-09-21 01:25:00-04:00,7744.75,7744.75,7743.5,7744.5,276
2026-09-21 01:30:00-04:00,7744.25,7746.0,7744.0,7745.5,709
2026-09-21 01:35:00-04:00,7745.5,7747.75,7745.0,7746.5,834
2026-09-21 01:40:00-04:00,7746.75,7748.5,7745.75,7746.0,717
2026-09-21 01:45:00-04:00,7745.75,7746.0,7744.0,7744.0,549
2026-09-21 01:50:00-04:00,7744.25,7745.75,7743.75,7745.25,365
2026-09-21 01:55:00-04:00,7745.0,7746.0,7745.0,7745.5,301
2026-09-21 02:00:00-04:00,7745.5,7748.0,7745.5,7748.0,836
2026-09-21 02:05:00-04:00,7747.75,7748.0,7746.5,7748.0,590
2026-09-21 02:10:00-04:00,7747.75,7749.25,7746.25,7747.0,1666
2026-09-21 02:15:00-04:00,7746.75,7748.25,7746.75,7747.0,1179
2026-09-21 02:20:00-04:00,7747.25,7747.25,7745.5,7746.25,1000
2026-09-21 02:25:00-04:00,7746.25,7747.5,7745.5,7747.5,1080
2026-09-21 02:30:00-04:00,7747.25,7749.75,7747.25,7749.75,677
2026-09-21 02:35:00-04:00,7749.75,7749.75,7748.5,7749.0,717
2026-09-21 02:40:00-04:00,7749.0,7749.75,7748.75,7749.0,564
2026-09-21 02:45:00-04:00,7749.25,7750.75,7749.25,7750.5,783
2026-09-21 02:50:00-04:00,7750.5,7751.0,7748.5,7749.5,860
2026-09-21 02:55:00-04:00,7749.25,7752.25,7749.25,7752.0,786
2026-09-21 03:00:00-04:00,7752.0,7757.25,7751.5,7757.0,6053
2026-09-21 03:05:00-04:00,7757.0,7757.0,7754.5,7756.0,2134
2026-09-21 03:10:00-04:00,7756.25,7756.25,7752.0,7755.25,2114
2026-09-21 03:15:00-04:00,7755.25,7757.0,7754.5,7756.0,1163
2026-09-21 03:20:00-04:00,7756.0,7756.0,7753.0,7754.25,1260
2026-09-21 03:25:00-04:00,7754.25,7755.75,7752.75,7755.75,1199
2026-09-21 03:30:00-04:00,7755.75,7756.75,7754.75,7755.75,1721
2026-09-21 03:35:00-04:00,7756.0,7757.0,7755.0,7756.0,1365
2026-09-21 03:40:00-04:00,7756.0,7756.25,7753.0,7754.25,1538
2026-09-21 03:45:00-04:00,7754.25,7755.25,7752.5,7754.5,1091
2026-09-21 03:50:00-04:00,7754.5,7757.75,7754.25,7757.75,1412
2026-09-21 03:55:00-04:00,7757.75,7759.0,7757.25,7757.25,1446
2026-09-21 04:00:00-04:00,7757.25,7761.5,7757.0,7760.25,4640
2026-09-21 04:05:00-04:00,7760.25,7760.75,7758.25,7760.5,2237
2026-09-21 04:10:00-04:00,7760.5,7761.25,7759.5,7760.25,1692
2026-09-21 04:15:00-04:00,7760.5,7760.75,7759.5,7759.5,865
2026-09-21 04:20:00-04:00,7759.5,7761.25,7759.0,7760.25,1307
2026-09-21 04:25:00-04:00,7760.25,7760.75,7759.25,7760.0,1000
2026-09-21 04:30:00-04:00,7759.75,7763.25,7759.5,7762.5,1882
2026-09-21 04:35:00-04:00,7762.5,7763.5,7761.5,7762.0,1344
2026-09-21 04:40:00-04:00,7762.0,7764.0,7761.5,7763.5,1695
2026-09-21 04:45:00-04:00,7763.25,7764.25,7762.0,7763.25,2782
2026-09-21 04:50:00-04:00,7763.0,7763.0,7760.75,7760.75,1657
2026-09-21 04:55:00-04:00,7760.75,7761.75,7760.5,7761.0,1164
2026-09-21 05:00:00-04:00,7761.25,7761.25,7759.25,7759.75,1271
2026-09-21 05:05:00-04:00,7759.5,7762.25,7759.25,7760.75,928
2026-09-21 05:10:00-04:00,7761.0,7761.25,7760.0,7760.75,880
2026-09-21 05:15:00-04:00,7761.0,7761.75,7760.0,7760.25,794
2026-09-21 05:20:00-04:00,7760.5,7762.5,7760.0,7761.25,889
2026-09-21 05:25:00-04:00,7761.0,7763.25,7760.75,7761.0,1115
2026-09-21 05:30:00-04:00,7760.75,7761.5,7760.5,7761.5,843
2026-09-21 05:35:00-04:00,7761.5,7762.25,7761.0,7762.0,930
2026-09-21 05:40:00-04:00,7762.0,7762.75,7761.5,7762.25,545
2026-09-21 05:45:00-04:00,7762.25,7762.75,7761.75,7762.25,726
2026-09-21 05:50:00-04:00,7762.25,7764.5,7762.25,7764.25,1353
2026-09-21 05:55:00-04:00,7764.0,7764.25,7762.25,7762.5,668
2026-09-21 06:00:00-04:00,7762.25,7764.5,7762.25,7764.5,818
2026-09-21 06:05:00-04:00,7764.25,7765.5,7764.0,7764.75,1103
2026-09-21 06:10:00-04:00,7765.0,7765.5,7764.5,7765.5,593
2026-09-21 06:15:00-04:00,7765.75,7766.75,7765.25,7765.5,1220
2026-09-21 06:20:00-04:00,7765.5,7766.0,7764.75,7765.25,653
2026-09-21 06:25:00-04:00,7765.25,7767.0,7765.0,7766.25,662
2026-09-21 06:30:00-04:00,7766.25,7769.0,7765.25,7768.25,2278
2026-09-21 06:35:00-04:00,7768.25,7768.5,7765.75,7767.5,1715
2026-09-21 06:40:00-04:00,7767.25,7767.5,7766.5,7767.25,596
2026-09-21 06:45:00-04:00,7767.25,7768.75,7766.25,7766.75,751
2026-09-21 06:50:00-04:00,7766.75,7768.0,7766.25,7768.0,993
2026-09-21 06:55:00-04:00,7767.75,7768.0,7765.75,7766.0,1452
2026-09-21 07:00:00-04:00,7765.75,7767.0,7765.0,7765.0,1518
2026-09-21 07:05:00-04:00,7765.25,7765.25,7763.25,7764.0,1027
2026-09-21 07:10:00-04:00,7763.75,7764.75,7763.25,7764.5,645
2026-09-21 07:15:00-04:00,7764.25,7766.0,7763.5,7765.75,689
2026-09-21 07:20:00-04:00,7765.75,7765.75,7763.0,7763.5,1262
2026-09-21 07:25:00-04:00,7763.5,7764.5,7763.25,7764.25,870
2026-09-21 07:30:00-04:00,7764.0,7766.75,7763.75,7766.25,1327
2026-09-21 07:35:00-04:00,7766.25,7767.75,7764.5,7766.5,1854
2026-09-21 07:40:00-04:00,7766.5,7768.25,7766.25,7768.25,1110
2026-09-21 07:45:00-04:00,7768.0,7768.5,7767.0,7768.0,1059
2026-09-21 07:50:00-04:00,7768.25,7769.75,7767.25,7769.25,1639
2026-09-21 07:55:00-04:00,7769.0,7771.25,7767.5,7767.5,2206
2026-09-21 08:00:00-04:00,7767.75,7769.5,7764.0,7769.5,4301
2026-09-21 08:05:00-04:00,7769.5,7770.5,7768.25,7768.75,2369
2026-09-21 08:10:00-04:00,7768.75,7769.0,7765.25,7765.25,1795
2026-09-21 08:15:00-04:00,7765.25,7766.5,7765.0,7765.5,1511
2026-09-21 08:20:00-04:00,7765.75,7767.0,7763.25,7764.0,1716
2026-09-21 08:25:00-04:00,7764.0,7765.0,7763.25,7763.5,851
2026-09-21 08:30:00-04:00,7763.5,7765.0,7763.25,7763.75,1426
2026-09-21 08:35:00-04:00,7764.0,7764.5,7763.0,7764.0,1716
2026-09-21 08:40:00-04:00,7764.0,7768.0,7763.75,7767.5,3863
2026-09-21 08:45:00-04:00,7767.5,7767.75,7763.0,7763.75,1990
2026-09-21 08:50:00-04:00,7763.75,7764.0,7762.5,7763.0,1264
2026-09-21 08:55:00-04:00,7762.75,7762.75,7761.25,7761.5,1785
2026-09-21 09:00:00-04:00,7761.5,7763.5,7760.75,7763.25,2512
2026-09-21 09:05:00-04:00,7763.25,7764.25,7762.0,7764.0,2025
2026-09-21 09:10:00-04:00,7764.25,7764.5,7761.75,7762.5,1979
2026-09-21 09:15:00-04:00,7762.5,7763.75,7761.5,7763.25,2036
2026-09-21 09:20:00-04:00,7763.5,7763.5,7759.75,7759.75,2465
2026-09-21 09:25:00-04:00,7760.0,7763.25,7758.75,7760.5,8852
2026-09-21 09:30:00-04:00,7760.5,7764.5,7758.25,7761.75,28031
2026-09-21 09:35:00-04:00,7762.0,7765.0,7761.25,7764.5,15852
2026-09-21 09:40:00-04:00,7764.25,7766.25,7762.25,7766.0,14029
2026-09-21 09:45:00-04:00,7766.25,7769.25,7765.75,7767.75,16243
2026-09-21 09:50:00-04:00,7767.75,7773.25,7767.25,7773.0,14819
2026-09-21 09:55:00-04:00,7772.75,7775.0,7770.5,7774.75,13542
2026-09-21 10:00:00-04:00,7774.75,7776.0,7772.0,7772.25,14589
2026-09-21 10:05:00-04:00,7772.5,7772.75,7767.75,7771.5,15012
2026-09-21 10:10:00-04:00,7771.25,7777.0,7771.25,7775.5,17363
2026-09-21 10:15:00-04:00,7775.5,7782.75,7775.25,7782.0,16053
2026-09-21 10:20:00-04:00,7781.75,7789.5,7780.25,7788.5,22424
2026-09-21 10:25:00-04:00,7788.5,7791.0,7787.25,7788.0,16713
2026-09-21 10:30:00-04:00,7788.25,7791.5,7786.5,7789.25,16225
2026-09-21 10:35:00-04:00,7789.25,7793.25,7789.0,7790.75,10471
2026-09-21 10:40:00-04:00,7790.75,7793.25,7786.25,7787.75,17311
2026-09-21 10:45:00-04:00,7787.75,7790.75,7785.0,7787.75,14100
2026-09-21 10:50:00-04:00,7787.5,7790.0,7786.25,7789.75,9802
2026-09-21 10:55:00-04:00,7789.5,7792.25,7787.5,7790.0,10075
2026-09-21 11:00:00-04:00,7790.0,7793.5,7789.0,7793.25,12567
2026-09-21 11:05:00-04:00,7793.5,7794.5,7791.5,7793.25,10757
2026-09-21 11:10:00-04:00,7793.5,7796.25,7791.5,7796.0,11736
2026-09-21 11:15:00-04:00,7796.25,7800.0,7796.25,7799.5,13645
2026-09-21 11:20:00-04:00,7799.5,7799.75,7796.75,7797.25,8986
2026-09-21 11:25:00-04:00,7797.25,7798.75,7795.75,7796.25,8847
2026-09-21 11:30:00-04:00,7796.25,7798.25,7795.75,7796.5,9664
2026-09-21 11:35:00-04:00,7796.5,7803.5,7796.25,7802.75,15716
2026-09-21 11:40:00-04:00,7802.75,7805.0,7801.25,7805.0,11362
2026-09-21 11:45:00-04:00,7804.75,7809.75,7804.75,7807.5,13607
2026-09-21 11:50:00-04:00,7807.25,7811.5,7804.5,7804.5,18236
2026-09-21 11:55:00-04:00,7804.75,7805.75,7803.0,7805.25,10253
2026-09-21 12:00:00-04:00,7805.25,7808.75,7802.75,7808.0,9973
2026-09-21 12:05:00-04:00,7808.25,7815.25,7806.25,7814.5,21779
2026-09-21 12:10:00-04:00,7814.5,7816.5,7812.0,7813.25,13092
2026-09-21 12:15:00-04:00,7813.5,7815.75,7812.0,7813.75,11607
2026-09-21 12:20:00-04:00,7813.75,7815.0,7812.0,7814.25,8221
2026-09-21 12:25:00-04:00,7814.25,7818.25,7813.75,7816.0,9985
2026-09-21 12:30:00-04:00,7816.0,7824.75,7815.75,7822.25,17221
2026-09-21 12:35:00-04:00,7822.0,7823.5,7816.25,7816.75,10261
2026-09-21 12:40:00-04:00,7816.5,7819.5,7815.75,7818.0,10487
2026-09-21 12:45:00-04:00,7818.0,7821.25,7817.75,7820.0,7153
2026-09-21 12:50:00-04:00,7820.25,7821.0,7817.25,7819.25,7475
2026-09-21 12:55:00-04:00,7819.25,7821.25,7818.0,7821.0,7370
2026-09-21 13:00:00-04:00,7821.25,7822.75,7819.5,7820.5,9051
2026-09-21 13:05:00-04:00,7820.5,7823.0,7820.5,7821.5,6821
2026-09-21 13:10:00-04:00,7821.75,7827.0,7821.25,7826.0,9360
2026-09-21 13:15:00-04:00,7826.25,7827.75,7824.0,7826.5,9787
2026-09-21 13:20:00-04:00,7826.5,7828.0,7823.0,7824.0,9665
2026-09-21 13:25:00-04:00,7823.75,7826.0,7822.0,7826.0,8427
2026-09-21 13:30:00-04:00,7826.25,7826.5,7820.75,7821.5,11524
2026-09-21 13:35:00-04:00,7821.5,7823.5,7820.5,7820.75,8254
2026-09-21 13:40:00-04:00,7820.75,7827.25,7820.0,7826.75,9396
2026-09-21 13:45:00-04:00,7826.75,7830.0,7825.25,7826.0,13666
2026-09-21 13:50:00-04:00,7825.75,7828.5,7825.5,7827.25,6167
2026-09-21 13:55:00-04:00,7827.25,7827.75,7825.25,7826.75,5848
2026-09-21 14:00:00-04:00,7827.0,7830.25,7827.0,7830.25,8849
2026-09-21 14:05:00-04:00,7830.0,7831.75,7829.25,7830.0,9140
2026-09-21 14:10:00-04:00,7830.0,7832.5,7828.75,7830.75,8418
2026-09-21 14:15:00-04:00,7830.75,7832.5,7829.75,7831.5,7786
2026-09-21 14:20:00-04:00,7831.5,7837.0,7831.0,7836.5,10643
2026-09-21 14:25:00-04:00,7836.25,7838.25,7835.5,7837.0,9592
2026-09-21 14:30:00-04:00,7837.0,7838.25,7833.75,7835.5,10743
2026-09-21 14:35:00-04:00,7835.75,7837.75,7834.0,7837.5,5906
2026-09-21 14:40:00-04:00,7837.5,7839.75,7836.75,7839.75,8926
2026-09-21 14:45:00-04:00,7839.5,7842.25,7839.0,7842.0,11557
2026-09-21 14:50:00-04:00,7841.75,7844.75,7841.5,7843.0,14674
2026-09-21 14:55:00-04:00,7843.25,7844.0,7840.0,7841.25,10844
2026-09-21 15:00:00-04:00,7841.5,7843.5,7840.0,7840.0,11305
2026-09-21 15:05:00-04:00,7840.0,7840.5,7838.25,7840.25,9311
2026-09-21 15:10:00-04:00,7840.5,7843.0,7837.75,7842.75,10040
2026-09-21 15:15:00-04:00,7842.75,7843.0,7840.75,7842.0,7725
2026-09-21 15:20:00-04:00,7841.75,7842.0,7838.75,7839.25,9542
2026-09-21 15:25:00-04:00,7839.25,7841.25,7838.25,7839.25,8389
2026-09-21 15:30:00-04:00,7839.25,7843.75,7838.75,7843.0,11085
2026-09-21 15:35:00-04:00,7843.0,7847.25,7842.25,7846.0,12937
2026-09-21 15:40:00-04:00,7845.75,7846.5,7840.75,7842.5,16938
2026-09-21 15:45:00-04:00,7842.25,7843.5,7839.0,7839.75,16081
2026-09-21 15:50:00-04:00,7839.75,7839.75,7834.75,7835.0,32161
2026-09-21 15:55:00-04:00,7835.0,7837.25,7832.0,7833.25,107031
2026-09-21 16:00:00-04:00,7833.25,7835.0,7828.5,7829.5,20031
2026-09-21 16:05:00-04:00,7829.5,7832.75,7829.0,7831.75,6366
2026-09-21 16:10:00-04:00,7831.75,7832.0,7829.75,7831.0,3415
2026-09-21 16:15:00-04:00,7831.0,7831.25,7827.25,7828.5,3675
2026-09-21 16:20:00-04:00,7828.25,7829.0,7828.0,7828.0,1340
2026-09-21 16:25:00-04:00,7828.0,7830.75,7828.0,7830.25,2046
2026-09-21 16:30:00-04:00,7830.25,7830.5,7828.75,7829.25,1189
2026-09-21 16:35:00-04:00,7829.25,7829.5,7827.5,7828.0,1099
2026-09-21 16:40:00-04:00,7828.0,7828.25,7826.75,7827.5,1122
2026-09-21 16:45:00-04:00,7827.25,7828.0,7826.5,7827.25,1625
2026-09-21 16:50:00-04:00,7827.25,7828.25,7827.0,7828.25,1063
2026-09-21 16:55:00-04:00,7828.0,7830.25,7827.75,7829.25,3087
2026-09-21 18:00:00-04:00,7830.0,7832.25,7829.0,7832.0,1094
2026-09-21 18:05:00-04:00,7832.0,7833.0,7831.25,7833.0,821
2026-09-21 18:10:00-04:00,7832.75,7833.5,7830.5,7832.25,735
2026-09-21 18:15:00-04:00,7832.5,7833.75,7831.5,7833.0,362
2026-09-21 18:20:00-04:00,7833.0,7833.25,7831.75,7832.75,238
2026-09-21 18:25:00-04:00,7833.0,7835.0,7832.75,7834.75,465
2026-09-21 18:30:00-04:00,7834.5,7835.75,7833.5,7834.75,475
2026-09-21 18:35:00-04:00,7834.5,7835.0,7834.0,7834.25,217
2026-09-21 18:40:00-04:00,7834.25,7834.5,7832.75,7834.5,507
2026-09-21 18:45:00-04:00,7834.5,7835.0,7833.0,7834.75,211
2026-09-21 18:50:00-04:00,7835.0,7835.25,7833.75,7835.25,290
2026-09-21 18:55:00-04:00,7835.5,7835.75,7834.5,7834.5,235
2026-09-21 19:00:00-04:00,7834.75,7835.5,7833.5,7834.75,493
2026-09-21 19:05:00-04:00,7835.0,7836.0,7834.75,7836.0,154
2026-09-21 19:10:00-04:00,7836.0,7837.75,7835.5,7836.75,479
2026-09-21 19:15:00-04:00,7836.75,7837.25,7835.0,7836.0,508
2026-09-21 19:20:00-04:00,7836.25,7836.25,7835.25,7835.5,226
2026-09-21 19:25:00-04:00,7835.75,7835.75,7834.0,7835.0,411
2026-09-21 19:30:00-04:00,7835.0,7835.75,7834.0,7835.5,422
2026-09-21 19:35:00-04:00,7835.75,7836.25,7834.75,7835.25,214
2026-09-21 19:40:00-04:00,7835.25,7836.75,7835.25,7836.0,288
2026-09-21 19:45:00-04:00,7836.0,7836.25,7835.0,7835.5,284
2026-09-21 19:50:00-04:00,7835.75,7835.75,7834.75,7835.5,303
2026-09-21 19:55:00-04:00,7835.75,7836.25,7835.0,7835.25,332
2026-09-21 20:00:00-04:00,7835.25,7837.5,7834.5,7837.0,1192
2026-09-21 20:05:00-04:00,7837.25,7839.75,7836.75,7839.75,1038
2026-09-21 20:10:00-04:00,7840.0,7840.0,7837.75,7837.75,839
2026-09-21 20:15:00-04:00,7838.0,7838.0,7835.25,7835.5,1563
2026-09-21 20:20:00-04:00,7835.75,7836.75,7835.0,7836.25,815
2026-09-21 20:25:00-04:00,7836.25,7837.5,7835.5,7837.25,444
2026-09-21 20:30:00-04:00,7837.25,7838.5,7834.0,7834.0,1267
2026-09-21 20:35:00-04:00,7834.25,7834.75,7832.25,7833.5,1315
2026-09-21 20:40:00-04:00,7833.25,7835.25,7832.5,7834.75,807
2026-09-21 20:45:00-04:00,7835.0,7836.25,7834.5,7835.0,777
2026-09-21 20:50:00-04:00,7835.5,7836.0,7834.75,7836.0,343
2026-09-21 20:55:00-04:00,7836.0,7836.0,7834.75,7835.25,383
2026-09-21 21:00:00-04:00,7835.5,7835.5,7833.75,7834.5,699
2026-09-21 21:05:00-04:00,7834.5,7835.25,7833.5,7834.25,613
2026-09-21 21:10:00-04:00,7834.5,7834.5,7832.5,7833.75,997
2026-09-21 21:15:00-04:00,7834.0,7834.0,7832.0,7832.5,701
2026-09-21 21:20:00-04:00,7832.5,7833.5,7831.75,7833.25,763
2026-09-21 21:25:00-04:00,7833.25,7834.25,7832.5,7833.5,735
2026-09-21 21:30:00-04:00,7833.75,7835.0,7832.25,7835.0,916
2026-09-21 21:35:00-04:00,7835.25,7836.25,7834.5,7835.25,1309
2026-09-21 21:40:00-04:00,7835.25,7836.0,7834.75,7835.0,577
2026-09-21 21:45:00-04:00,7835.0,7836.0,7834.25,7834.5,619
2026-09-21 21:50:00-04:00,7834.25,7835.5,7834.0,7835.25,538
2026-09-21 21:55:00-04:00,7835.5,7835.5,7833.5,7833.5,535
2026-09-21 22:00:00-04:00,7833.5,7836.5,7833.25,7836.25,674
2026-09-21 22:05:00-04:00,7836.5,7836.5,7835.0,7835.0,466
2026-09-21 22:10:00-04:00,7835.25,7835.25,7833.75,7834.25,364
2026-09-21 22:15:00-04:00,7834.25,7834.75,7833.5,7834.25,544
2026-09-21 22:20:00-04:00,7834.25,7836.0,7834.25,7835.0,552
2026-09-21 22:25:00-04:00,7835.0,7835.75,7834.75,7835.25,319
2026-09-21 22:30:00-04:00,7835.5,7835.5,7833.5,7834.25,557
2026-09-21 22:35:00-04:00,7834.0,7835.5,7834.0,7835.25,516
2026-09-21 22:40:00-04:00,7835.25,7836.0,7834.5,7835.25,369
2026-09-21 22:45:00-04:00,7835.25,7835.5,7834.75,7835.0,234
2026-09-21 22:50:00-04:00,7834.75,7835.25,7834.25,7835.25,371
2026-09-21 22:55:00-04:00,7834.75,7835.25,7834.0,7834.75,368
2026-09-21 23:00:00-04:00,7834.75,7834.75,7833.25,7834.0,682
2026-09-21 23:05:00-04:00,7834.0,7834.0,7832.5,7833.0,632
2026-09-21 23:10:00-04:00,7833.0,7834.0,7832.75,7834.0,462
2026-09-21 23:15:00-04:00,7834.0,7835.0,7833.75,7834.25,440
2026-09-21 23:20:00-04:00,7834.5,7834.75,7834.0,7834.0,360
2026-09-21 23:25:00-04:00,7834.0,7834.5,7834.0,7834.0,201
2026-09-21 23:30:00-04:00,7834.25,7834.25,7833.25,7834.25,290
2026-09-21 23:35:00-04:00,7834.5,7835.5,7834.5,7834.5,418
2026-09-21 23:40:00-04:00,7834.5,7834.75,7833.5,7833.5,451
2026-09-21 23:45:00-04:00,7833.75,7833.75,7832.75,7833.75,272
2026-09-21 23:50:00-04:00,7833.75,7833.75,7832.75,7833.0,256
2026-09-21 23:55:00-04:00,7832.75,7833.5,7831.0,7833.0,737
2026-09-22 00:00:00-04:00,7833.0,7834.0,7832.75,7833.75,844
2026-09-22 00:05:00-04:00,7833.75,7833.75,7832.75,7833.0,726
2026-09-22 00:10:00-04:00,7832.75,7835.0,7832.5,7834.25,1066
2026-09-22 00:15:00-04:00,7834.0,7834.5,7833.0,7833.25,927
2026-09-22 00:20:00-04:00,7833.25,7834.25,7833.0,7834.25,403
2026-09-22 00:25:00-04:00,7834.25,7835.5,7833.75,7834.5,467
2026-09-22 00:30:00-04:00,7834.75,7836.0,7834.75,7835.0,503
2026-09-22 00:35:00-04:00,7835.0,7836.0,7834.75,7835.25,355
2026-09-22 00:40:00-04:00,7835.25,7836.5,7834.75,7835.0,389
2026-09-22 00:45:00-04:00,7835.0,7835.5,7834.25,7834.25,386
2026-09-22 00:50:00-04:00,7834.5,7834.5,7833.5,7834.0,567
2026-09-22 00:55:00-04:00,7834.25,7834.75,7834.0,7834.25,281
2026-09-22 01:00:00-04:00,7834.25,7834.25,7832.75,7833.5,817
2026-09-22 01:05:00-04:00,7833.5,7834.25,7832.75,7833.0,421
2026-09-22 01:10:00-04:00,7833.0,7834.25,7832.75,7834.0,355
2026-09-22 01:15:00-04:00,7834.25,7834.25,7832.5,7833.0,720
2026-09-22 01:20:00-04:00,7833.0,7835.0,7832.75,7833.25,1098
2026-09-22 01:25:00-04:00,7833.0,7834.0,7832.75,7833.5,622
2026-09-22 01:30:00-04:00,7833.75,7834.5,7832.25,7834.25,781
2026-09-22 01:35:00-04:00,7834.5,7836.25,7834.5,7836.25,545
2026-09-22 01:40:00-04:00,7836.25,7837.25,7836.0,7837.0,584
2026-09-22 01:45:00-04:00,7837.0,7839.5,7837.0,7839.0,904
2026-09-22 01:50:00-04:00,7839.25,7839.25,7837.75,7838.25,583
2026-09-22 01:55:00-04:00,7838.0,7839.0,7837.75,7838.25,390
2026-09-22 02:00:00-04:00,7838.25,7838.25,7834.25,7835.0,1821
2026-09-22 02:05:00-04:00,7834.75,7837.0,7834.25,7837.0,893
2026-09-22 02:10:00-04:00,7836.75,7837.75,7835.75,7837.0,979
2026-09-22 02:15:00-04:00,7836.75,7837.75,7835.25,7835.25,752
2026-09-22 02:20:00-04:00,7835.25,7836.25,7833.75,7834.75,853
2026-09-22 02:25:00-04:00,7834.75,7836.75,7834.75,7836.75,496
2026-09-22 02:30:00-04:00,7836.5,7837.25,7836.25,7836.75,848
2026-09-22 02:35:00-04:00,7836.75,7838.5,7836.75,7837.5,752
2026-09-22 02:40:00-04:00,7837.5,7838.25,7836.25,7837.0,696
2026-09-22 02:45:00-04:00,7836.75,7838.25,7836.25,7837.5,695
2026-09-22 02:50:00-04:00,7837.5,7838.25,7836.0,7836.0,423
2026-09-22 02:55:00-04:00,7836.25,7837.75,7836.0,7836.25,728
2026-09-22 03:00:00-04:00,7836.25,7837.75,7834.75,7836.25,1859
2026-09-22 03:05:00-04:00,7836.5,7837.5,7834.0,7836.25,1638
2026-09-22 03:10:00-04:00,7835.75,7837.0,7833.75,7836.0,1495
2026-09-22 03:15:00-04:00,7835.75,7837.5,7834.25,7834.25,1677
2026-09-22 03:20:00-04:00,7834.25,7836.5,7834.25,7835.5,1764
2026-09-22 03:25:00-04:00,7835.5,7835.75,7834.5,7835.0,1271
2026-09-22 03:30:00-04:00,7835.25,7835.25,7832.75,7833.0,2208
2026-09-22 03:35:00-04:00,7833.25,7833.25,7831.75,7832.5,1651
2026-09-22 03:40:00-04:00,7832.25,7832.75,7831.5,7832.25,1054
2026-09-22 03:45:00-04:00,7832.5,7832.75,7829.25,7829.75,2266
2026-09-22 03:50:00-04:00,7829.75,7830.25,7827.5,7828.25,2201
2026-09-22 03:55:00-04:00,7828.0,7829.25,7826.5,7826.5,2770
2026-09-22 04:00:00-04:00,7826.5,7826.75,7822.75,7823.0,4866
2026-09-22 04:05:00-04:00,7823.0,7825.5,7822.0,7823.0,3263
2026-09-22 04:10:00-04:00,7823.0,7823.25,7820.25,7820.25,2737
2026-09-22 04:15:00-04:00,7820.5,7820.5,7816.25,7819.0,4530
2026-09-22 04:20:00-04:00,7819.0,7819.25,7815.0,7817.0,3010
2026-09-22 04:25:00-04:00,7816.75,7821.75,7812.25,7813.5,5265
2026-09-22 04:30:00-04:00,7813.5,7816.0,7810.5,7813.75,5894
2026-09-22 04:35:00-04:00,7813.5,7824.5,7813.5,7823.25,5103
2026-09-22 04:40:00-04:00,7823.25,7829.0,7821.25,7828.5,4418
2026-09-22 04:45:00-04:00,7828.5,7833.75,7827.0,7833.5,5144
2026-09-22 04:50:00-04:00,7833.5,7836.0,7832.5,7835.0,4596
2026-09-22 04:55:00-04:00,7834.75,7836.0,7832.5,7833.5,2973
2026-09-22 05:00:00-04:00,7833.25,7836.25,7827.25,7827.25,4644
2026-09-22 05:05:00-04:00,7827.25,7831.0,7827.0,7829.0,3459
2026-09-22 05:10:00-04:00,7829.0,7831.25,7826.0,7827.25,3654
2026-09-22 05:15:00-04:00,7827.0,7830.75,7826.5,7827.5,3509
2026-09-22 05:20:00-04:00,7827.25,7828.25,7825.5,7826.75,1532
2026-09-22 05:25:00-04:00,7827.0,7827.75,7826.25,7827.0,1010
2026-09-22 05:30:00-04:00,7827.25,7830.0,7827.25,7829.0,2712
2026-09-22 05:35:00-04:00,7829.0,7829.0,7827.0,7827.75,1159
2026-09-22 05:40:00-04:00,7827.75,7833.5,7827.75,7833.25,2233
2026-09-22 05:45:00-04:00,7833.25,7833.25,7831.5,7832.0,1648
2026-09-22 05:50:00-04:00,7832.25,7843.0,7832.25,7838.25,11068
2026-09-22 05:55:00-04:00,7838.0,7842.25,7833.0,7838.75,7226
2026-09-22 06:00:00-04:00,7838.75,7840.0,7835.0,7839.25,3238
2026-09-22 06:05:00-04:00,7839.25,7840.75,7838.0,7839.25,2223
2026-09-22 06:10:00-04:00,7839.25,7840.0,7835.0,7837.25,2027
2026-09-22 06:15:00-04:00,7837.25,7838.5,7836.0,7836.5,1780
2026-09-22 06:20:00-04:00,7836.75,7837.25,7835.25,7836.0,1562
2026-09-22 06:25:00-04:00,7835.75,7837.75,7834.75,7836.75,891
2026-09-22 06:30:00-04:00,7836.75,7838.0,7836.25,7837.0,1190
2026-09-22 06:35:00-04:00,7837.0,7838.5,7836.5,7838.5,692
2026-09-22 06:40:00-04:00,7838.5,7841.5,7837.75,7840.75,1447
2026-09-22 06:45:00-04:00,7840.75,7842.75,7838.75,7842.5,1720
2026-09-22 06:50:00-04:00,7842.5,7843.75,7841.5,7842.5,1133
2026-09-22 06:55:00-04:00,7842.5,7842.75,7838.0,7838.25,1245
2026-09-22 07:00:00-04:00,7838.25,7839.5,7835.25,7837.75,2794
2026-09-22 07:05:00-04:00,7837.75,7838.75,7828.25,7833.25,5635
2026-09-22 07:10:00-04:00,7833.5,7836.5,7831.0,7833.75,4163
2026-09-22 07:15:00-04:00,7833.75,7835.5,7833.75,7834.5,1071
2026-09-22 07:20:00-04:00,7834.5,7837.75,7833.5,7837.0,1470
2026-09-22 07:25:00-04:00,7837.25,7838.25,7835.25,7835.75,970
2026-09-22 07:30:00-04:00,7835.75,7837.5,7835.25,7836.5,940
2026-09-22 07:35:00-04:00,7836.5,7840.25,7836.5,7838.5,1403
2026-09-22 07:40:00-04:00,7838.75,7839.5,7837.25,7839.0,1999
2026-09-22 07:45:00-04:00,7839.0,7842.0,7837.0,7839.0,1966
2026-09-22 07:50:00-04:00,7839.0,7839.25,7836.75,7836.75,1319
2026-09-22 07:55:00-04:00,7837.0,7839.5,7835.25,7835.5,1778
2026-09-22 08:00:00-04:00,7835.75,7839.5,7835.25,7838.75,2460
2026-09-22 08:05:00-04:00,7838.75,7840.0,7834.0,7835.75,2328
2026-09-22 08:10:00-04:00,7836.0,7838.25,7836.0,7837.0,1568
2026-09-22 08:15:00-04:00,7837.0,7839.0,7835.25,7836.5,2157
2026-09-22 08:20:00-04:00,7836.5,7839.75,7836.5,7838.25,1576
2026-09-22 08:25:00-04:00,7838.0,7840.25,7838.0,7840.0,1490
2026-09-22 08:30:00-04:00,7840.0,7842.75,7839.25,7841.25,2670
2026-09-22 08:35:00-04:00,7841.5,7841.75,7838.0,7838.0,2313
2026-09-22 08:40:00-04:00,7838.0,7841.5,7838.0,7839.0,1819
2026-09-22 08:45:00-04:00,7839.0,7839.75,7838.0,7838.75,1807
2026-09-22 08:50:00-04:00,7838.75,7839.0,7835.75,7836.75,1950
2026-09-22 08:55:00-04:00,7836.5,7837.75,7835.75,7837.0,2543
2026-09-22 09:00:00-04:00,7837.25,7840.5,7836.5,7839.5,3700
2026-09-22 09:05:00-04:00,7839.5,7842.0,7836.75,7840.0,4970
2026-09-22 09:10:00-04:00,7840.0,7841.25,7838.75,7841.0,2151
2026-09-22 09:15:00-04:00,7840.75,7843.25,7839.75,7840.75,3314
2026-09-22 09:20:00-04:00,7840.5,7841.0,7839.0,7839.5,2386
2026-09-22 09:25:00-04:00,7839.25,7839.75,7836.25,7837.0,6603
2026-09-22 09:30:00-04:00,7837.0,7847.25,7835.5,7844.75,31883
2026-09-22 09:35:00-04:00,7845.0,7848.5,7843.5,7846.25,18628
2026-09-22 09:40:00-04:00,7846.25,7846.25,7840.5,7842.75,18844
2026-09-22 09:45:00-04:00,7842.75,7843.75,7835.5,7839.75,21349
2026-09-22 09:50:00-04:00,7839.75,7840.75,7836.5,7837.0,12863
2026-09-22 09:55:00-04:00,7837.25,7838.0,7833.25,7835.0,22185
2026-09-22 10:00:00-04:00,7835.0,7839.5,7834.5,7837.75,13899
2026-09-22 10:05:00-04:00,7837.75,7838.75,7834.25,7834.5,12149
2026-09-22 10:10:00-04:00,7834.5,7845.75,7834.5,7840.25,24243
2026-09-22 10:15:00-04:00,7840.25,7841.25,7832.0,7835.25,16535
2026-09-22 10:20:00-04:00,7835.25,7836.5,7832.5,7834.25,12625
2026-09-22 10:25:00-04:00,7834.0,7835.5,7831.5,7831.75,9677
2026-09-22 10:30:00-04:00,7832.0,7837.5,7831.5,7833.75,13673
2026-09-22 10:35:00-04:00,7833.5,7840.5,7829.25,7831.5,28281
2026-09-22 10:40:00-04:00,7831.5,7832.25,7826.75,7829.5,23005
2026-09-22 10:45:00-04:00,7829.5,7834.0,7826.5,7833.75,18334
2026-09-22 10:50:00-04:00,7833.5,7835.75,7830.0,7832.5,10159
2026-09-22 10:55:00-04:00,7832.5,7834.5,7829.5,7831.0,8400
2026-09-22 11:00:00-04:00,7831.0,7834.25,7830.25,7832.0,14796
2026-09-22 11:05:00-04:00,7832.0,7834.75,7830.0,7830.25,13572
2026-09-22 11:10:00-04:00,7830.5,7833.0,7828.5,7832.5,11888
2026-09-22 11:15:00-04:00,7832.5,7833.75,7830.75,7832.0,8198
2026-09-22 11:20:00-04:00,7832.25,7833.5,7830.75,7831.5,7494
2026-09-22 11:25:00-04:00,7831.75,7834.25,7829.75,7830.25,7479
2026-09-22 11:30:00-04:00,7830.25,7830.5,7825.75,7826.5,13430
2026-09-22 11:35:00-04:00,7826.75,7827.0,7823.0,7824.0,12637
2026-09-22 11:40:00-04:00,7824.0,7825.75,7822.25,7824.5,11012
2026-09-22 11:45:00-04:00,7824.5,7827.5,7824.0,7825.25,9927
2026-09-22 11:50:00-04:00,7825.25,7826.25,7824.0,7824.5,6620
2026-09-22 11:55:00-04:00,7824.25,7827.0,7822.75,7826.75,8685
2026-09-22 12:00:00-04:00,7826.75,7828.75,7824.75,7826.25,9607
2026-09-22 12:05:00-04:00,7826.25,7830.25,7825.0,7829.0,10628
2026-09-22 12:10:00-04:00,7829.0,7830.25,7828.0,7830.0,6576
2026-09-22 12:15:00-04:00,7830.0,7830.0,7826.5,7826.75,6875
2026-09-22 12:20:00-04:00,7826.75,7828.5,7823.5,7824.0,10106
2026-09-22 12:25:00-04:00,7823.75,7826.0,7823.25,7825.5,5628
2026-09-22 12:30:00-04:00,7825.5,7828.75,7825.0,7828.5,7632
2026-09-22 12:35:00-04:00,7828.75,7828.75,7824.75,7826.5,5630
2026-09-22 12:40:00-04:00,7826.75,7827.0,7824.25,7826.75,4856
2026-09-22 12:45:00-04:00,7826.75,7833.75,7826.5,7833.0,17221
2026-09-22 12:50:00-04:00,7833.0,7833.75,7830.75,7831.5,10753
2026-09-22 12:55:00-04:00,7831.75,7832.75,7830.0,7832.0,6974
2026-09-22 13:00:00-04:00,7832.0,7832.75,7829.75,7829.75,6679
2026-09-22 13:05:00-04:00,7829.75,7833.0,7828.75,7830.0,5908
2026-09-22 13:10:00-04:00,7830.0,7831.0,7828.75,7829.5,4972
2026-09-22 13:15:00-04:00,7829.5,7829.75,7828.0,7829.0,4554
2026-09-22 13:20:00-04:00,7829.0,7829.0,7827.25,7828.5,5023
2026-09-22 13:25:00-04:00,7828.25,7832.5,7828.0,7832.25,6212
2026-09-22 13:30:00-04:00,7832.25,7832.5,7829.25,7830.0,5225
2026-09-22 13:35:00-04:00,7830.25,7830.25,7828.0,7828.5,5181
2026-09-22 13:40:00-04:00,7828.25,7831.5,7827.25,7831.5,5235
2026-09-22 13:45:00-04:00,7831.25,7832.25,7829.75,7831.0,4809
2026-09-22 13:50:00-04:00,7831.0,7839.0,7829.75,7837.25,30213
2026-09-22 13:55:00-04:00,7837.5,7838.75,7836.0,7837.5,10595
2026-09-22 14:00:00-04:00,7837.5,7838.5,7833.5,7835.5,12448
2026-09-22 14:05:00-04:00,7835.75,7838.0,7835.0,7837.25,6894
2026-09-22 14:10:00-04:00,7837.25,7838.0,7835.0,7835.75,6329
2026-09-22 14:15:00-04:00,7835.75,7837.5,7835.5,7837.0,5498
2026-09-22 14:20:00-04:00,7836.75,7840.5,7836.75,7839.25,8704
2026-09-22 14:25:00-04:00,7839.0,7839.75,7837.5,7837.75,6540
2026-09-22 14:30:00-04:00,7837.75,7839.25,7836.5,7837.0,6053
2026-09-22 14:35:00-04:00,7837.0,7837.25,7833.75,7835.5,9287
2026-09-22 14:40:00-04:00,7835.5,7838.5,7833.5,7837.5,8630
2026-09-22 14:45:00-04:00,7837.5,7838.5,7836.75,7838.0,4298
2026-09-22 14:50:00-04:00,7838.0,7838.25,7836.25,7837.0,4797
2026-09-22 14:55:00-04:00,7836.75,7837.0,7832.75,7834.25,7892
2026-09-22 15:00:00-04:00,7834.0,7835.5,7833.5,7835.0,7658
2026-09-22 15:05:00-04:00,7835.25,7836.5,7834.5,7835.25,5977
2026-09-22 15:10:00-04:00,7835.25,7837.5,7835.0,7836.75,7109
2026-09-22 15:15:00-04:00,7836.75,7839.25,7836.5,7839.0,7452
2026-09-22 15:20:00-04:00,7839.0,7839.75,7837.5,7838.5,9430
2026-09-22 15:25:00-04:00,7838.75,7841.5,7838.25,7840.25,14745
2026-09-22 15:30:00-04:00,7840.5,7845.75,7839.5,7845.25,19618
2026-09-22 15:35:00-04:00,7845.25,7846.75,7844.25,7845.5,18671
2026-09-22 15:40:00-04:00,7845.25,7845.75,7839.75,7841.5,16029
2026-09-22 15:45:00-04:00,7841.75,7844.5,7841.5,7844.0,10535
2026-09-22 15:50:00-04:00,7844.0,7846.0,7840.0,7840.25,23625
2026-09-22 15:55:00-04:00,7840.25,7840.25,7829.75,7831.0,79734
2026-09-22 16:00:00-04:00,7830.75,7833.25,7830.25,7832.5,15426
2026-09-22 16:05:00-04:00,7832.75,7834.25,7831.25,7833.5,3592
2026-09-22 16:10:00-04:00,7833.25,7834.0,7832.0,7832.0,3656
2026-09-22 16:15:00-04:00,7832.0,7832.25,7831.0,7831.0,2587
2026-09-22 16:20:00-04:00,7831.25,7831.5,7828.75,7830.0,2331
2026-09-22 16:25:00-04:00,7830.0,7830.75,7829.5,7830.25,1233
2026-09-22 16:30:00-04:00,7830.0,7830.5,7829.5,7829.75,957
2026-09-22 16:35:00-04:00,7829.75,7830.0,7829.0,7829.25,1098
2026-09-22 16:40:00-04:00,7829.25,7830.0,7828.75,7828.75,1258
2026-09-22 16:45:00-04:00,7829.0,7829.25,7827.25,7827.75,1310
2026-09-22 16:50:00-04:00,7828.0,7829.0,7826.75,7827.75,1152
2026-09-22 16:55:00-04:00,7827.75,7828.75,7826.0,7827.75,2749
2026-09-22 18:00:00-04:00,7830.0,7833.75,7829.0,7830.25,1021
2026-09-22 18:05:00-04:00,7830.25,7833.25,7830.25,7831.5,739
2026-09-22 18:10:00-04:00,7831.5,7832.5,7830.25,7832.25,375
2026-09-22 18:15:00-04:00,7832.25,7832.75,7831.25,7831.75,337
2026-09-22 18:20:00-04:00,7831.75,7834.0,7831.75,7833.0,459
2026-09-22 18:25:00-04:00,7833.25,7833.5,7832.0,7832.25,382
2026-09-22 18:30:00-04:00,7832.5,7833.75,7832.5,7833.25,243
2026-09-22 18:35:00-04:00,7833.5,7833.75,7832.5,7832.75,169
2026-09-22 18:40:00-04:00,7833.0,7834.0,7832.75,7832.75,248
2026-09-22 18:45:00-04:00,7833.0,7833.0,7830.25,7830.25,494
2026-09-22 18:50:00-04:00,7830.25,7831.75,7829.75,7831.75,298
2026-09-22 18:55:00-04:00,7831.75,7832.0,7831.25,7831.25,201
2026-09-22 19:00:00-04:00,7831.5,7832.5,7831.5,7832.0,226
2026-09-22 19:05:00-04:00,7832.25,7832.75,7832.0,7832.25,115
2026-09-22 19:10:00-04:00,7832.25,7832.25,7831.5,7831.75,160
2026-09-22 19:15:00-04:00,7832.0,7832.25,7831.5,7832.25,106
2026-09-22 19:20:00-04:00,7832.25,7833.25,7832.0,7832.75,198
2026-09-22 19:25:00-04:00,7832.5,7832.5,7831.75,7832.5,124
2026-09-22 19:30:00-04:00,7832.25,7832.75,7832.25,7832.75,115
2026-09-22 19:35:00-04:00,7832.75,7833.0,7832.5,7833.0,57
2026-09-22 19:40:00-04:00,7832.75,7833.0,7832.25,7832.25,233
2026-09-22 19:45:00-04:00,7832.5,7832.5,7831.0,7831.5,353
2026-09-22 19:50:00-04:00,7831.5,7832.75,7831.0,7832.5,323
2026-09-22 19:55:00-04:00,7832.5,7834.0,7832.0,7833.5,478
2026-09-22 20:00:00-04:00,7833.25,7833.75,7830.5,7833.0,1099
2026-09-22 20:05:00-04:00,7833.0,7833.5,7831.5,7832.5,672
2026-09-22 20:10:00-04:00,7832.5,7833.75,7832.0,7832.5,457
2026-09-22 20:15:00-04:00,7832.25,7833.0,7831.5,7832.0,620
2026-09-22 20:20:00-04:00,7832.25,7832.5,7830.25,7832.25,632
2026-09-22 20:25:00-04:00,7832.5,7832.75,7831.0,7831.0,383
2026-09-22 20:30:00-04:00,7831.0,7832.25,7830.25,7830.5,460
2026-09-22 20:35:00-04:00,7830.5,7831.75,7830.0,7831.25,555
2026-09-22 20:40:00-04:00,7831.5,7831.75,7830.75,7831.25,434
2026-09-22 20:45:00-04:00,7831.25,7831.75,7829.0,7829.0,650
2026-09-22 20:50:00-04:00,7829.25,7830.25,7828.0,7828.0,752
2026-09-22 20:55:00-04:00,7828.25,7829.25,7827.75,7829.0,849
2026-09-22 21:00:00-04:00,7829.0,7829.5,7827.75,7829.25,841
2026-09-22 21:05:00-04:00,7829.25,7831.25,7829.0,7830.75,737
2026-09-22 21:10:00-04:00,7830.75,7830.75,7829.5,7830.75,358
2026-09-22 21:15:00-04:00,7830.5,7831.5,7829.75,7831.5,494
2026-09-22 21:20:00-04:00,7831.5,7832.75,7831.0,7832.75,381
2026-09-22 21:25:00-04:00,7832.5,7834.25,7831.75,7833.75,774
2026-09-22 21:30:00-04:00,7833.75,7835.25,7832.25,7833.0,1035
2026-09-22 21:35:00-04:00,7833.0,7833.75,7832.25,7833.5,621
2026-09-22 21:40:00-04:00,7833.5,7833.5,7831.0,7831.5,851
2026-09-22 21:45:00-04:00,7831.25,7832.5,7831.25,7832.0,565
2026-09-22 21:50:00-04:00,7832.0,7832.75,7831.5,7832.25,425
2026-09-22 21:55:00-04:00,7832.25,7832.75,7831.5,7832.5,568
2026-09-22 22:00:00-04:00,7832.75,7832.75,7831.25,7831.5,630
2026-09-22 22:05:00-04:00,7831.75,7832.0,7830.25,7830.25,448
2026-09-22 22:10:00-04:00,7830.25,7830.5,7829.0,7829.5,772
2026-09-22 22:15:00-04:00,7829.5,7832.5,7827.25,7830.75,1456
2026-09-22 22:20:00-04:00,7830.5,7832.0,7830.5,7832.0,698
2026-09-22 22:25:00-04:00,7832.0,7833.25,7831.75,7832.0,404
2026-09-22 22:30:00-04:00,7832.25,7832.75,7831.75,7832.0,456
2026-09-22 22:35:00-04:00,7831.75,7832.25,7831.0,7831.25,432
2026-09-22 22:40:00-04:00,7831.25,7832.25,7831.0,7831.5,311
2026-09-22 22:45:00-04:00,7831.5,7833.0,7831.5,7832.25,364
2026-09-22 22:50:00-04:00,7832.25,7832.75,7832.0,7832.75,224
2026-09-22 22:55:00-04:00,7833.0,7833.0,7832.25,7832.25,309
2026-09-22 23:00:00-04:00,7832.25,7832.5,7831.75,7832.0,485
2026-09-22 23:05:00-04:00,7832.25,7832.75,7831.75,7832.5,270
2026-09-22 23:10:00-04:00,7832.5,7833.75,7832.5,7833.75,328
2026-09-22 23:15:00-04:00,7833.75,7834.0,7832.75,7833.5,333
2026-09-22 23:20:00-04:00,7833.5,7835.25,7833.5,7835.0,533
2026-09-22 23:25:00-04:00,7835.0,7836.0,7834.25,7834.25,440
2026-09-22 23:30:00-04:00,7834.25,7836.0,7834.0,7836.0,550
2026-09-22 23:35:00-04:00,7836.25,7836.25,7835.25,7835.75,242
2026-09-22 23:40:00-04:00,7835.75,7837.5,7835.75,7836.25,443
2026-09-22 23:45:00-04:00,7836.25,7837.0,7836.25,7836.5,392
2026-09-22 23:50:00-04:00,7836.5,7837.25,7836.5,7837.0,359
2026-09-22 23:55:00-04:00,7837.0,7837.0,7835.5,7836.0,252
2026-09-23 00:00:00-04:00,7835.75,7838.0,7835.75,7837.75,315
2026-09-23 00:05:00-04:00,7837.75,7839.25,7837.75,7838.75,530
2026-09-23 00:10:00-04:00,7838.75,7839.5,7838.25,7838.75,393
2026-09-23 00:15:00-04:00,7839.0,7839.5,7838.75,7839.5,356
2026-09-23 00:20:00-04:00,7839.5,7840.5,7839.0,7839.25,450
2026-09-23 00:25:00-04:00,7839.0,7839.5,7838.75,7839.0,316
2026-09-23 00:30:00-04:00,7839.25,7840.5,7839.25,7840.0,309
2026-09-23 00:35:00-04:00,7840.25,7840.75,7839.75,7840.0,362
2026-09-23 00:40:00-04:00,7840.0,7840.75,7839.75,7840.5,175
2026-09-23 00:45:00-04:00,7840.25,7840.75,7840.0,7840.5,200
2026-09-23 00:50:00-04:00,7840.5,7840.75,7839.0,7839.5,491
2026-09-23 00:55:00-04:00,7839.5,7839.75,7838.25,7839.0,558
2026-09-23 01:00:00-04:00,7839.0,7839.5,7837.5,7838.75,854
2026-09-23 01:05:00-04:00,7838.5,7839.5,7838.0,7838.5,491
2026-09-23 01:10:00-04:00,7838.5,7839.75,7838.5,7838.75,382
2026-09-23 01:15:00-04:00,7838.75,7839.25,7838.0,7838.5,306
2026-09-23 01:20:00-04:00,7838.25,7838.25,7836.75,7837.5,671
2026-09-23 01:25:00-04:00,7837.25,7839.0,7837.25,7838.25,621
2026-09-23 01:30:00-04:00,7838.5,7838.5,7835.5,7836.0,1063
2026-09-23 01:35:00-04:00,7836.0,7837.5,7835.75,7837.25,811
2026-09-23 01:40:00-04:00,7837.0,7838.25,7835.75,7836.75,727
2026-09-23 01:45:00-04:00,7836.75,7838.5,7836.5,7837.0,478
2026-09-23 01:50:00-04:00,7837.0,7838.75,7837.0,7838.0,565
2026-09-23 01:55:00-04:00,7838.25,7838.25,7836.0,7836.25,660
2026-09-23 02:00:00-04:00,7836.5,7839.5,7836.0,7837.75,1013
2026-09-23 02:05:00-04:00,7837.75,7840.25,7837.5,7837.75,832
2026-09-23 02:10:00-04:00,7838.0,7839.75,7838.0,7839.75,550
2026-09-23 02:15:00-04:00,7839.75,7840.0,7838.75,7839.25,498
2026-09-23 02:20:00-04:00,7839.25,7839.5,7836.0,7837.75,1382
2026-09-23 02:25:00-04:00,7838.0,7839.5,7838.0,7838.5,589
2026-09-23 02:30:00-04:00,7838.75,7841.0,7838.5,7841.0,994
2026-09-23 02:35:00-04:00,7841.25,7842.75,7841.0,7842.5,1202
2026-09-23 02:40:00-04:00,7842.25,7843.25,7841.25,7843.0,586
2026-09-23 02:45:00-04:00,7842.75,7842.75,7839.0,7842.0,987
2026-09-23 02:50:00-04:00,7842.0,7842.0,7839.25,7839.75,349
2026-09-23 02:55:00-04:00,7839.5,7839.5,7837.0,7837.5,616
2026-09-23 03:00:00-04:00,7837.25,7839.0,7836.75,7839.0,1562
2026-09-23 03:05:00-04:00,7839.0,7839.25,7836.0,7836.25,1175
2026-09-23 03:10:00-04:00,7836.5,7838.75,7835.75,7838.5,1341
2026-09-23 03:15:00-04:00,7838.75,7839.25,7836.75,7837.0,550
2026-09-23 03:20:00-04:00,7837.25,7837.75,7836.0,7836.0,576
2026-09-23 03:25:00-04:00,7836.0,7839.25,7835.25,7838.75,756
2026-09-23 03:30:00-04:00,7838.75,7839.0,7835.75,7836.25,1178
2026-09-23 03:35:00-04:00,7836.25,7838.75,7836.25,7837.0,952
2026-09-23 03:40:00-04:00,7837.0,7838.75,7837.0,7838.0,627
2026-09-23 03:45:00-04:00,7838.25,7840.25,7837.75,7840.0,944
2026-09-23 03:50:00-04:00,7840.0,7841.25,7838.0,7838.5,821
2026-09-23 03:55:00-04:00,7838.5,7840.5,7838.5,7839.25,777
2026-09-23 04:00:00-04:00,7839.5,7840.5,7837.25,7838.0,1289
2026-09-23 04:05:00-04:00,7838.0,7840.25,7837.0,7840.0,1309
2026-09-23 04:10:00-04:00,7839.75,7841.25,7839.75,7840.5,944
2026-09-23 04:15:00-04:00,7840.5,7841.0,7839.25,7840.75,796
2026-09-23 04:20:00-04:00,7840.75,7842.25,7840.5,7841.75,691
2026-09-23 04:25:00-04:00,7841.75,7842.0,7839.0,7839.5,644
2026-09-23 04:30:00-04:00,7839.5,7840.25,7839.0,7839.5,821
2026-09-23 04:35:00-04:00,7839.75,7839.75,7835.5,7836.75,1509
2026-09-23 04:40:00-04:00,7836.5,7837.25,7835.0,7835.5,966
2026-09-23 04:45:00-04:00,7835.5,7836.25,7834.25,7836.25,786
2026-09-23 04:50:00-04:00,7836.25,7836.75,7835.5,7836.5,567
2026-09-23 04:55:00-04:00,7836.75,7837.75,7836.0,7836.75,631
2026-09-23 05:00:00-04:00,7836.5,7838.0,7834.75,7835.25,832
2026-09-23 05:05:00-04:00,7835.0,7837.5,7834.75,7837.25,675
2026-09-23 05:10:00-04:00,7837.0,7837.0,7834.75,7835.0,875
2026-09-23 05:15:00-04:00,7835.0,7835.75,7834.0,7835.75,595
2026-09-23 05:20:00-04:00,7836.0,7838.5,7835.25,7838.5,648
2026-09-23 05:25:00-04:00,7838.75,7839.25,7837.0,7837.0,776
2026-09-23 05:30:00-04:00,7837.0,7838.0,7836.0,7836.75,663
2026-09-23 05:35:00-04:00,7836.75,7838.0,7836.5,7836.5,488
2026-09-23 05:40:00-04:00,7836.5,7836.75,7835.25,7836.0,501
2026-09-23 05:45:00-04:00,7835.75,7835.75,7832.5,7833.75,1240
2026-09-23 05:50:00-04:00,7833.75,7835.5,7833.5,7835.25,534
2026-09-23 05:55:00-04:00,7835.0,7835.5,7833.75,7834.75,762
2026-09-23 06:00:00-04:00,7834.75,7837.0,7834.25,7836.25,774
2026-09-23 06:05:00-04:00,7836.25,7837.25,7835.75,7836.5,501
2026-09-23 06:10:00-04:00,7836.75,7838.0,7836.0,7837.75,883
2026-09-23 06:15:00-04:00,7837.75,7839.25,7837.75,7839.25,628
2026-09-23 06:20:00-04:00,7839.25,7839.25,7836.75,7837.5,514
2026-09-23 06:25:00-04:00,7837.75,7838.5,7837.0,7838.25,514
2026-09-23 06:30:00-04:00,7838.5,7838.5,7836.0,7836.0,867
2026-09-23 06:35:00-04:00,7836.0,7837.5,7834.5,7837.25,547
2026-09-23 06:40:00-04:00,7837.0,7837.0,7835.25,7836.0,541
2026-09-23 06:45:00-04:00,7836.0,7836.0,7834.25,7834.75,702
2026-09-23 06:50:00-04:00,7835.0,7835.75,7834.0,7835.75,598
2026-09-23 06:55:00-04:00,7835.75,7837.0,7835.75,7836.0,596
2026-09-23 07:00:00-04:00,7835.75,7836.25,7833.0,7833.5,1725
2026-09-23 07:05:00-04:00,7833.25,7834.5,7832.25,7834.0,1164
2026-09-23 07:10:00-04:00,7834.0,7835.0,7833.0,7833.5,967
2026-09-23 07:15:00-04:00,7833.5,7835.25,7833.25,7833.75,971
2026-09-23 07:20:00-04:00,7833.5,7833.75,7828.0,7828.5,2222
2026-09-23 07:25:00-04:00,7828.5,7830.0,7826.5,7827.0,1916
2026-09-23 07:30:00-04:00,7827.0,7827.25,7823.25,7824.0,2281
2026-09-23 07:35:00-04:00,7824.0,7824.5,7820.0,7822.25,2731
2026-09-23 07:40:00-04:00,7822.25,7822.5,7819.0,7821.75,3201
2026-09-23 07:45:00-04:00,7821.5,7827.25,7821.5,7826.25,3574
2026-09-23 07:50:00-04:00,7826.0,7827.25,7824.5,7825.75,1363
2026-09-23 07:55:00-04:00,7825.75,7827.25,7825.5,7826.5,1457
2026-09-23 08:00:00-04:00,7826.5,7828.25,7822.5,7822.75,2983
2026-09-23 08:05:00-04:00,7822.75,7824.25,7821.5,7822.5,1797
2026-09-23 08:10:00-04:00,7822.5,7823.25,7819.5,7820.5,2057
2026-09-23 08:15:00-04:00,7820.5,7821.5,7818.75,7820.75,2330
2026-09-23 08:20:00-04:00,7820.75,7822.5,7819.75,7822.5,1915
2026-09-23 08:25:00-04:00,7822.5,7823.25,7820.75,7822.5,1565
2026-09-23 08:30:00-04:00,7822.5,7824.0,7822.25,7823.25,1918
2026-09-23 08:35:00-04:00,7823.0,7824.75,7822.5,7823.5,2364
2026-09-23 08:40:00-04:00,7823.5,7823.5,7821.25,7821.5,2352
2026-09-23 08:45:00-04:00,7821.75,7823.5,7820.75,7821.75,1627
2026-09-23 08:50:00-04:00,7821.75,7821.75,7819.75,7821.0,1714
2026-09-23 08:55:00-04:00,7820.75,7824.0,7819.5,7823.5,1907
2026-09-23 09:00:00-04:00,7823.75,7824.0,7821.5,7822.5,2320
2026-09-23 09:05:00-04:00,7822.75,7822.75,7820.25,7820.75,1978
2026-09-23 09:10:00-04:00,7820.75,7821.75,7819.25,7821.5,2390
2026-09-23 09:15:00-04:00,7821.25,7823.5,7820.25,7822.5,2940
2026-09-23 09:20:00-04:00,7822.25,7823.25,7820.5,7821.5,2886
2026-09-23 09:25:00-04:00,7821.75,7825.75,7821.25,7823.5,7919
2026-09-23 09:30:00-04:00,7823.5,7826.25,7819.75,7819.75,23332
2026-09-23 09:35:00-04:00,7819.75,7820.25,7815.75,7816.75,18366
2026-09-23 09:40:00-04:00,7817.0,7817.75,7814.5,7814.5,13848
2026-09-23 09:45:00-04:00,7814.75,7815.0,7805.0,7806.25,25293
2026-09-23 09:50:00-04:00,7806.5,7808.25,7801.75,7802.25,24586
2026-09-23 09:55:00-04:00,7802.25,7804.0,7799.25,7801.75,21100
2026-09-23 10:00:00-04:00,7801.75,7805.5,7798.25,7799.5,22387
2026-09-23 10:05:00-04:00,7799.75,7800.75,7793.75,7795.0,22306
2026-09-23 10:10:00-04:00,7795.0,7795.25,7787.5,7790.75,36703
2026-09-23 10:15:00-04:00,7790.75,7793.75,7785.75,7785.75,29608
2026-09-23 10:20:00-04:00,7785.75,7788.0,7779.25,7783.25,31911
2026-09-23 10:25:00-04:00,7783.0,7784.75,7778.0,7783.0,30260
2026-09-23 10:30:00-04:00,7783.0,7789.5,7782.5,7788.75,25605
2026-09-23 10:35:00-04:00,7788.5,7793.5,7782.75,7783.0,33185
2026-09-23 10:40:00-04:00,7783.0,7788.0,7781.0,7786.0,19669
2026-09-23 10:45:00-04:00,7786.0,7788.0,7784.75,7786.75,16719
2026-09-23 10:50:00-04:00,7787.0,7800.75,7783.0,7798.5,42153
2026-09-23 10:55:00-04:00,7798.75,7799.5,7793.0,7797.25,20587
2026-09-23 11:00:00-04:00,7797.25,7797.5,7790.5,7793.0,15999
2026-09-23 11:05:00-04:00,7793.0,7795.0,7790.25,7794.0,10625
2026-09-23 11:10:00-04:00,7794.25,7795.0,7790.75,7791.25,11928
2026-09-23 11:15:00-04:00,7791.5,7793.25,7788.0,7791.0,11936
2026-09-23 11:20:00-04:00,7791.0,7794.75,7789.5,7793.5,11043
2026-09-23 11:25:00-04:00,7793.5,7795.0,7784.25,7785.0,14610
2026-09-23 11:30:00-04:00,7785.0,7785.75,7783.0,7783.75,13938
2026-09-23 11:35:00-04:00,7783.75,7785.5,7782.0,7784.0,9714
2026-09-23 11:40:00-04:00,7783.75,7787.25,7780.75,7786.25,12927
2026-09-23 11:45:00-04:00,7786.25,7787.0,7779.0,7779.5,13396
2026-09-23 11:50:00-04:00,7779.25,7781.5,7776.5,7781.5,14302
2026-09-23 11:55:00-04:00,7781.75,7783.0,7779.5,7780.5,8856
2026-09-23 12:00:00-04:00,7780.5,7780.5,7777.0,7778.25,9251
2026-09-23 12:05:00-04:00,7778.25,7781.0,7777.0,7779.0,8311
2026-09-23 12:10:00-04:00,7779.0,7781.25,7778.5,7780.25,6159
2026-09-23 12:15:00-04:00,7780.0,7781.5,7775.5,7778.0,10171
2026-09-23 12:20:00-04:00,7777.75,7778.25,7775.25,7778.0,9345
2026-09-23 12:25:00-04:00,7777.75,7779.0,7776.25,7778.25,7123
2026-09-23 12:30:00-04:00,7778.25,7781.5,7777.75,7778.25,8176
2026-09-23 12:35:00-04:00,7778.5,7779.5,7776.0,7777.0,7214
2026-09-23 12:40:00-04:00,7777.0,7777.25,7772.0,7772.25,10315
2026-09-23 12:45:00-04:00,7772.25,7775.25,7769.5,7770.0,20353
2026-09-23 12:50:00-04:00,7770.0,7770.0,7764.25,7764.75,20425
2026-09-23 12:55:00-04:00,7764.75,7769.75,7764.25,7768.5,14986
2026-09-23 13:00:00-04:00,7768.5,7771.5,7758.75,7761.75,26709
2026-09-23 13:05:00-04:00,7761.75,7766.5,7760.25,7765.75,14293
2026-09-23 13:10:00-04:00,7765.5,7767.25,7762.5,7765.5,11656
2026-09-23 13:15:00-04:00,7765.5,7773.75,7763.75,7773.25,14611
2026-09-23 13:20:00-04:00,7773.5,7774.0,7766.0,7766.0,14152
2026-09-23 13:25:00-04:00,7766.0,7768.25,7765.5,7767.0,8808
2026-09-23 13:30:00-04:00,7767.25,7770.25,7764.75,7769.75,11542
2026-09-23 13:35:00-04:00,7770.0,7770.5,7767.0,7767.75,8167
2026-09-23 13:40:00-04:00,7768.0,7780.5,7765.75,7779.25,27908
2026-09-23 13:45:00-04:00,7779.25,7783.0,7776.75,7778.5,19236
2026-09-23 13:50:00-04:00,7778.5,7780.5,7776.5,7779.25,11679
2026-09-23 13:55:00-04:00,7779.5,7785.25,7778.0,7784.25,9729
2026-09-23 14:00:00-04:00,7784.25,7784.75,7775.5,7776.0,15292
2026-09-23 14:05:00-04:00,7776.0,7779.0,7774.75,7778.25,9770
2026-09-23 14:10:00-04:00,7778.5,7779.75,7777.25,7779.0,7202
2026-09-23 14:15:00-04:00,7779.0,7781.75,7777.0,7779.5,9036
2026-09-23 14:20:00-04:00,7779.5,7780.25,7777.5,7779.25,6547
2026-09-23 14:25:00-04:00,7779.5,7780.25,7776.25,7777.25,7381
2026-09-23 14:30:00-04:00,7777.0,7778.0,7773.5,7775.5,8731
2026-09-23 14:35:00-04:00,7775.5,7776.25,7770.25,7771.5,8468
2026-09-23 14:40:00-04:00,7771.5,7775.25,7771.5,7773.5,7109
2026-09-23 14:45:00-04:00,7773.5,7776.0,7772.5,7775.75,5965
2026-09-23 14:50:00-04:00,7775.75,7776.5,7772.75,7774.25,6315
2026-09-23 14:55:00-04:00,7774.25,7778.25,7773.25,7776.75,8168
2026-09-23 15:00:00-04:00,7777.0,7778.25,7772.5,7773.0,9366
2026-09-23 15:05:00-04:00,7773.0,7778.0,7771.75,7776.25,8655
2026-09-23 15:10:00-04:00,7776.25,7777.25,7773.0,7774.5,7469
2026-09-23 15:15:00-04:00,7774.5,7775.0,7770.75,7773.0,9217
2026-09-23 15:20:00-04:00,7772.75,7772.75,7770.5,7771.5,6487
2026-09-23 15:25:00-04:00,7771.75,7773.25,7769.25,7771.75,10170
2026-09-23 15:30:00-04:00,7771.75,7775.5,7770.25,7775.0,13666
2026-09-23 15:35:00-04:00,7775.0,7775.5,7773.0,7775.5,11115
2026-09-23 15:40:00-04:00,7775.5,7777.0,7768.25,7771.0,16206
2026-09-23 15:45:00-04:00,7771.0,7775.25,7770.5,7774.75,13806
2026-09-23 15:50:00-04:00,7775.0,7775.75,7761.0,7764.0,38688
2026-09-23 15:55:00-04:00,7764.0,7776.0,7764.0,7773.75,121565
2026-09-23 16:00:00-04:00,7774.0,7774.75,7771.25,7772.0,22875
2026-09-23 16:05:00-04:00,7772.0,7772.5,7770.25,7772.0,4211
2026-09-23 16:10:00-04:00,7772.25,7773.25,7771.0,7771.25,2677
2026-09-23 16:15:00-04:00,7771.25,7772.75,7770.25,7772.5,2222
2026-09-23 16:20:00-04:00,7772.75,7772.75,7771.75,7772.5,1024
2026-09-23 16:25:00-04:00,7772.75,7772.75,7770.75,7772.0,1377
2026-09-23 16:30:00-04:00,7772.0,7773.0,7771.0,7771.0,1278
2026-09-23 16:35:00-04:00,7771.25,7773.75,7771.0,7773.25,936
2026-09-23 16:40:00-04:00,7773.25,7773.75,7773.0,7773.5,955
2026-09-23 16:45:00-04:00,7773.5,7774.25,7772.0,7772.0,1171
2026-09-23 16:50:00-04:00,7772.0,7772.75,7772.0,7772.75,853
2026-09-23 16:55:00-04:00,7772.75,7773.0,7771.25,7772.75,1502
2026-09-23 18:00:00-04:00,7774.75,7778.0,7773.5,7776.5,1209
2026-09-23 18:05:00-04:00,7776.25,7778.0,7775.0,7778.0,563
2026-09-23 18:10:00-04:00,7778.0,7778.0,7777.25,7777.75,245
2026-09-23 18:15:00-04:00,7778.0,7779.25,7776.75,7777.25,697
2026-09-23 18:20:00-04:00,7777.25,7777.75,7776.25,7777.0,252
2026-09-23 18:25:00-04:00,7777.0,7777.5,7776.75,7777.0,170
2026-09-23 18:30:00-04:00,7776.75,7777.5,7775.5,7775.75,398
2026-09-23 18:35:00-04:00,7775.5,7775.5,7774.0,7774.5,298
2026-09-23 18:40:00-04:00,7774.75,7776.25,7774.5,7775.5,250
2026-09-23 18:45:00-04:00,7775.5,7775.5,7774.75,7775.5,138
2026-09-23 18:50:00-04:00,7775.5,7775.75,7774.75,7775.0,134
2026-09-23 18:55:00-04:00,7775.0,7775.0,7774.75,7775.0,103
2026-09-23 19:00:00-04:00,7775.25,7775.75,7774.25,7775.5,180
2026-09-23 19:05:00-04:00,7775.5,7775.5,7774.5,7775.0,99
2026-09-23 19:10:00-04:00,7774.75,7775.0,7773.0,7773.0,420
2026-09-23 19:15:00-04:00,7773.0,7774.25,7771.75,7772.0,352
2026-09-23 19:20:00-04:00,7772.25,7772.5,7769.75,7770.25,830
2026-09-23 19:25:00-04:00,7770.5,7770.75,7768.5,7769.5,675
2026-09-23 19:30:00-04:00,7769.5,7769.75,7768.0,7769.0,346
2026-09-23 19:35:00-04:00,7769.0,7770.0,7768.5,7769.5,285
2026-09-23 19:40:00-04:00,7769.5,7770.25,7768.25,7769.0,392
2026-09-23 19:45:00-04:00,7769.0,7770.25,7767.5,7767.75,584
2026-09-23 19:50:00-04:00,7767.75,7770.25,7767.0,7769.25,581
2026-09-23 19:55:00-04:00,7769.25,7769.25,7768.0,7768.25,278
2026-09-23 20:00:00-04:00,7768.25,7769.75,7767.0,7768.75,850
2026-09-23 20:05:00-04:00,7768.75,7769.25,7767.75,7768.25,306
2026-09-23 20:10:00-04:00,7768.25,7768.25,7764.75,7765.5,1888
2026-09-23 20:15:00-04:00,7765.5,7769.0,7765.25,7768.75,1262
2026-09-23 20:20:00-04:00,7769.0,7769.25,7766.0,7767.25,663
2026-09-23 20:25:00-04:00,7767.5,7767.75,7765.75,7766.5,721
2026-09-23 20:30:00-04:00,7766.5,7768.25,7766.0,7767.75,449
2026-09-23 20:35:00-04:00,7767.75,7768.0,7766.25,7766.25,323
2026-09-23 20:40:00-04:00,7766.25,7766.5,7763.5,7764.5,943
2026-09-23 20:45:00-04:00,7764.25,7764.25,7762.0,7763.0,998
2026-09-23 20:50:00-04:00,7763.0,7763.75,7761.5,7762.0,736
2026-09-23 20:55:00-04:00,7762.25,7765.25,7761.25,7764.5,885
2026-09-23 21:00:00-04:00,7764.25,7766.0,7764.0,7765.0,1324
2026-09-23 21:05:00-04:00,7764.75,7768.0,7763.5,7767.0,1140
2026-09-23 21:10:00-04:00,7766.75,7766.75,7764.75,7766.75,884
2026-09-23 21:15:00-04:00,7767.0,7767.25,7766.0,7766.75,417
2026-09-23 21:20:00-04:00,7766.5,7767.25,7765.5,7766.25,377
2026-09-23 21:25:00-04:00,7766.25,7767.0,7765.0,7765.25,532
2026-09-23 21:30:00-04:00,7765.25,7767.5,7764.75,7767.25,891
2026-09-23 21:35:00-04:00,7767.25,7767.25,7764.75,7765.25,650
2026-09-23 21:40:00-04:00,7765.25,7766.25,7763.75,7764.0,700
2026-09-23 21:45:00-04:00,7763.75,7764.0,7760.5,7762.25,1497
2026-09-23 21:50:00-04:00,7762.5,7765.0,7759.5,7763.75,1263
2026-09-23 21:55:00-04:00,7763.5,7765.0,7762.5,7764.75,625
2026-09-23 22:00:00-04:00,7764.75,7765.75,7762.0,7762.25,975
2026-09-23 22:05:00-04:00,7762.25,7762.25,7758.0,7759.0,1296
2026-09-23 22:10:00-04:00,7759.25,7761.25,7759.0,7760.75,663
2026-09-23 22:15:00-04:00,7760.75,7764.75,7760.75,7764.25,992
2026-09-23 22:20:00-04:00,7764.25,7764.25,7762.75,7763.25,507
2026-09-23 22:25:00-04:00,7763.25,7764.0,7762.25,7763.25,503
2026-09-23 22:30:00-04:00,7763.0,7766.75,7763.0,7765.5,847
2026-09-23 22:35:00-04:00,7765.5,7766.75,7764.75,7765.0,652
2026-09-23 22:40:00-04:00,7765.25,7766.5,7765.0,7766.5,410
2026-09-23 22:45:00-04:00,7766.5,7766.75,7764.75,7765.5,596
2026-09-23 22:50:00-04:00,7765.75,7765.75,7764.0,7765.0,622
2026-09-23 22:55:00-04:00,7765.0,7765.5,7764.75,7764.75,504
2026-09-23 23:00:00-04:00,7764.75,7765.0,7763.0,7763.5,652
2026-09-23 23:05:00-04:00,7763.5,7763.5,7759.25,7759.5,732
2026-09-23 23:10:00-04:00,7759.5,7761.25,7758.75,7761.25,610
2026-09-23 23:15:00-04:00,7761.5,7762.0,7760.25,7761.0,552
2026-09-23 23:20:00-04:00,7761.0,7761.25,7760.0,7760.5,462
2026-09-23 23:25:00-04:00,7760.5,7761.25,7758.75,7759.25,1078
2026-09-23 23:30:00-04:00,7759.25,7759.5,7757.5,7758.75,777
2026-09-23 23:35:00-04:00,7758.5,7759.25,7757.75,7759.25,652
2026-09-23 23:40:00-04:00,7759.25,7759.25,7756.0,7756.75,1106
2026-09-23 23:45:00-04:00,7756.75,7758.75,7756.5,7758.5,570
2026-09-23 23:50:00-04:00,7758.25,7758.75,7757.25,7758.75,711
2026-09-23 23:55:00-04:00,7758.75,7759.5,7758.0,7759.5,780
2026-09-24 00:00:00-04:00,7759.25,7759.5,7741.25,7750.5,8726
2026-09-24 00:05:00-04:00,7750.75,7751.75,7747.0,7748.25,2138
2026-09-24 00:10:00-04:00,7748.5,7749.25,7746.25,7746.75,1867
2026-09-24 00:15:00-04:00,7746.75,7748.0,7745.0,7747.75,2028
2026-09-24 00:20:00-04:00,7748.0,7750.5,7747.5,7748.75,776
2026-09-24 00:25:00-04:00,7748.75,7753.0,7748.75,7752.75,722
2026-09-24 00:30:00-04:00,7752.75,7756.5,7752.0,7756.0,953
2026-09-24 00:35:00-04:00,7755.75,7757.25,7755.0,7756.25,620
2026-09-24 00:40:00-04:00,7756.25,7756.5,7754.25,7755.0,662
2026-09-24 00:45:00-04:00,7755.0,7755.0,7753.5,7754.5,505
2026-09-24 00:50:00-04:00,7754.5,7754.75,7753.75,7754.0,363
2026-09-24 00:55:00-04:00,7754.0,7754.75,7753.25,7754.25,622
2026-09-24 01:00:00-04:00,7754.25,7759.0,7754.25,7758.0,793
2026-09-24 01:05:00-04:00,7758.0,7760.0,7757.0,7757.25,744
2026-09-24 01:10:00-04:00,7757.25,7757.25,7754.25,7754.5,350
2026-09-24 01:15:00-04:00,7754.5,7755.5,7754.0,7755.0,359
2026-09-24 01:20:00-04:00,7755.0,7755.25,7751.75,7753.25,1219
2026-09-24 01:25:00-04:00,7752.75,7756.25,7752.75,7756.25,419
2026-09-24 01:30:00-04:00,7756.0,7757.0,7754.75,7754.75,618
2026-09-24 01:35:00-04:00,7754.75,7755.0,7751.75,7752.5,723
2026-09-24 01:40:00-04:00,7752.5,7754.25,7749.25,7750.0,750
2026-09-24 01:45:00-04:00,7749.5,7749.75,7747.75,7748.0,672
2026-09-24 01:50:00-04:00,7747.75,7750.0,7747.5,7747.5,492
2026-09-24 01:55:00-04:00,7747.25,7747.25,7742.0,7742.0,1791
2026-09-24 02:00:00-04:00,7742.0,7742.75,7738.75,7739.5,2581
2026-09-24 02:05:00-04:00,7739.5,7746.0,7738.25,7745.0,2510
2026-09-24 02:10:00-04:00,7745.0,7747.75,7744.0,7746.5,1062
2026-09-24 02:15:00-04:00,7746.75,7748.0,7745.25,7745.5,809
2026-09-24 02:20:00-04:00,7745.5,7745.5,7741.75,7743.0,1256
2026-09-24 02:25:00-04:00,7742.75,7743.5,7739.5,7741.0,1324
2026-09-24 02:30:00-04:00,7741.0,7741.25,7737.25,7737.25,1255
2026-09-24 02:35:00-04:00,7737.25,7738.0,7735.5,7736.75,1835
2026-09-24 02:40:00-04:00,7737.0,7741.25,7736.75,7739.0,1430
2026-09-24 02:45:00-04:00,7739.0,7740.25,7737.0,7738.5,955
2026-09-24 02:50:00-04:00,7738.5,7739.0,7735.5,7735.5,1087
2026-09-24 02:55:00-04:00,7736.0,7737.25,7734.25,7735.5,1194
2026-09-24 03:00:00-04:00,7735.25,7736.5,7730.75,7735.25,4081
2026-09-24 03:05:00-04:00,7735.5,7743.25,7733.0,7742.75,2710
2026-09-24 03:10:00-04:00,7742.75,7745.25,7741.5,7745.0,1794
2026-09-24 03:15:00-04:00,7744.75,7745.75,7740.75,7744.5,2055
2026-09-24 03:20:00-04:00,7744.5,7744.75,7741.25,7741.75,1240
2026-09-24 03:25:00-04:00,7741.75,7745.0,7741.0,7744.75,1232
2026-09-24 03:30:00-04:00,7744.75,7746.25,7743.0,7744.0,2573
2026-09-24 03:35:00-04:00,7744.25,7748.0,7743.25,7746.25,1947
2026-09-24 03:40:00-04:00,7746.25,7747.5,7744.25,7746.75,1039
2026-09-24 03:45:00-04:00,7746.5,7747.25,7743.5,7744.25,1216
2026-09-24 03:50:00-04:00,7744.0,7744.25,7740.75,7741.25,1286
2026-09-24 03:55:00-04:00,7741.25,7741.25,7733.5,7734.0,2163
2026-09-24 04:00:00-04:00,7734.0,7741.25,7732.0,7736.75,3257
2026-09-24 04:05:00-04:00,7736.75,7737.75,7732.5,7733.5,2103
2026-09-24 04:10:00-04:00,7733.25,7733.5,7725.0,7726.5,4790
2026-09-24 04:15:00-04:00,7726.25,7730.75,7725.0,7727.5,3978
2026-09-24 04:20:00-04:00,7727.25,7727.75,7724.25,7726.75,3298
2026-09-24 04:25:00-04:00,7726.75,7728.75,7722.5,7723.25,3427
2026-09-24 04:30:00-04:00,7723.5,7731.5,7722.0,7722.75,6599
2026-09-24 04:35:00-04:00,7722.75,7725.25,7721.0,7724.75,3875
2026-09-24 04:40:00-04:00,7724.75,7728.0,7722.0,7726.0,2684
2026-09-24 04:45:00-04:00,7726.0,7727.75,7722.25,7723.0,1787
2026-09-24 04:50:00-04:00,7722.75,7725.5,7721.5,7722.25,1687
2026-09-24 04:55:00-04:00,7722.0,7723.75,7721.0,7723.25,1477
2026-09-24 05:00:00-04:00,7723.5,7727.5,7722.5,7725.25,2523
2026-09-24 05:05:00-04:00,7725.0,7729.75,7723.5,7727.75,2292
2026-09-24 05:10:00-04:00,7727.75,7729.0,7723.5,7725.5,1822
2026-09-24 05:15:00-04:00,7725.25,7726.75,7723.25,7726.5,1764
2026-09-24 05:20:00-04:00,7726.25,7728.25,7724.25,7727.75,1740
2026-09-24 05:25:00-04:00,7727.5,7729.5,7724.25,7725.0,1534
2026-09-24 05:30:00-04:00,7724.75,7725.25,7721.25,7725.0,1634
2026-09-24 05:35:00-04:00,7725.0,7725.75,7719.0,7721.25,2283
2026-09-24 05:40:00-04:00,7721.25,7721.75,7707.25,7713.25,9770
2026-09-24 05:45:00-04:00,7713.0,7719.5,7711.75,7719.25,3083
2026-09-24 05:50:00-04:00,7719.0,7721.0,7716.5,7720.25,2581
2026-09-24 05:55:00-04:00,7720.0,7724.5,7720.0,7724.25,2450
2026-09-24 06:00:00-04:00,7724.0,7726.5,7722.0,7722.0,2143
2026-09-24 06:05:00-04:00,7722.25,7722.75,7720.0,7721.0,1383
2026-09-24 06:10:00-04:00,7721.0,7725.25,7721.0,7725.0,2122
2026-09-24 06:15:00-04:00,7725.0,7728.25,7724.5,7726.5,2543
2026-09-24 06:20:00-04:00,7726.75,7727.25,7720.75,7720.75,3573
2026-09-24 06:25:00-04:00,7721.0,7725.25,7719.0,7721.75,4754
2026-09-24 06:30:00-04:00,7721.75,7725.5,7719.5,7724.75,2738
2026-09-24 06:35:00-04:00,7725.0,7730.25,7724.25,7729.25,2847
2026-09-24 06:40:00-04:00,7729.75,7731.5,7729.25,7730.5,2944
2026-09-24 06:45:00-04:00,7730.75,7737.75,7729.5,7737.0,5406
2026-09-24 06:50:00-04:00,7737.0,7737.75,7730.75,7730.75,2547
2026-09-24 06:55:00-04:00,7730.75,7733.5,7728.75,7733.0,2176
2026-09-24 07:00:00-04:00,7733.0,7735.5,7730.5,7730.5,2506
2026-09-24 07:05:00-04:00,7730.25,7731.5,7727.25,7729.0,1448
2026-09-24 07:10:00-04:00,7729.0,7732.25,7726.25,7731.75,1845
2026-09-24 07:15:00-04:00,7731.75,7736.25,7729.75,7732.5,5166
2026-09-24 07:20:00-04:00,7732.5,7736.0,7731.25,7734.75,2310
2026-09-24 07:25:00-04:00,7734.5,7734.5,7730.5,7730.75,1253
2026-09-24 07:30:00-04:00,7730.75,7734.5,7729.0,7729.5,1643
2026-09-24 07:35:00-04:00,7729.25,7729.75,7726.25,7727.0,1498
2026-09-24 07:40:00-04:00,7727.0,7727.5,7725.25,7726.5,1051
2026-09-24 07:45:00-04:00,7726.5,7726.5,7722.0,7722.25,2527
2026-09-24 07:50:00-04:00,7722.5,7726.0,7722.0,7726.0,2160
2026-09-24 07:55:00-04:00,7726.0,7734.0,7724.5,7732.25,4840
2026-09-24 08:00:00-04:00,7732.0,7732.5,7726.5,7727.25,3952
2026-09-24 08:05:00-04:00,7727.0,7730.75,7727.0,7730.0,1466
2026-09-24 08:10:00-04:00,7730.0,7734.5,7729.5,7733.75,2258
2026-09-24 08:15:00-04:00,7733.75,7737.75,7733.0,7736.5,3123
2026-09-24 08:20:00-04:00,7736.25,7739.5,7735.25,7737.5,3491
2026-09-24 08:25:00-04:00,7737.25,7738.25,7731.25,7734.0,6244
2026-09-24 08:30:00-04:00,7733.75,7735.25,7727.75,7728.0,2420
2026-09-24 08:35:00-04:00,7727.75,7728.5,7724.5,7727.25,3148
2026-09-24 08:40:00-04:00,7727.25,7735.25,7727.0,7733.75,4052
2026-09-24 08:45:00-04:00,7734.0,7735.75,7731.75,7732.25,1961
2026-09-24 08:50:00-04:00,7732.0,7734.75,7729.75,7734.75,2226
2026-09-24 08:55:00-04:00,7734.5,7737.25,7733.5,7735.0,4229
2026-09-24 09:00:00-04:00,7734.75,7738.5,7734.75,7736.25,5647
2026-09-24 09:05:00-04:00,7736.0,7736.75,7734.0,7735.25,2911
2026-09-24 09:10:00-04:00,7735.5,7739.5,7735.25,7738.0,2681
2026-09-24 09:15:00-04:00,7737.75,7741.5,7737.25,7740.75,4387
2026-09-24 09:20:00-04:00,7740.5,7741.0,7737.5,7738.5,2759
2026-09-24 09:25:00-04:00,7738.5,7739.25,7734.0,7734.0,7788
2026-09-24 09:30:00-04:00,7734.25,7742.75,7730.0,7741.0,32711
2026-09-24 09:35:00-04:00,7741.0,7744.75,7738.75,7744.0,20255
2026-09-24 09:40:00-04:00,7744.0,7744.25,7737.5,7740.5,15269
2026-09-24 09:45:00-04:00,7740.25,7747.75,7738.75,7743.75,18508
2026-09-24 09:50:00-04:00,7743.75,7746.5,7741.25,7743.25,13510
2026-09-24 09:55:00-04:00,7743.0,7749.0,7741.5,7747.75,12804
2026-09-24 10:00:00-04:00,7748.0,7753.75,7746.25,7753.5,19279
2026-09-24 10:05:00-04:00,7753.75,7758.0,7753.25,7755.5,15135
2026-09-24 10:10:00-04:00,7755.75,7756.0,7751.75,7754.0,17306
2026-09-24 10:15:00-04:00,7753.75,7757.5,7749.5,7755.75,21317
2026-09-24 10:20:00-04:00,7756.0,7756.0,7751.75,7752.0,15016
2026-09-24 10:25:00-04:00,7752.0,7757.25,7750.5,7754.5,16186
2026-09-24 10:30:00-04:00,7754.5,7755.25,7749.0,7753.25,12620
2026-09-24 10:35:00-04:00,7753.0,7755.25,7750.5,7753.0,11990
2026-09-24 10:40:00-04:00,7753.0,7754.25,7745.5,7746.25,12656
2026-09-24 10:45:00-04:00,7746.5,7748.75,7743.0,7746.5,14891
2026-09-24 10:50:00-04:00,7746.5,7750.5,7741.5,7742.25,16739
2026-09-24 10:55:00-04:00,7742.25,7742.5,7735.0,7738.25,18662
2026-09-24 11:00:00-04:00,7738.5,7741.25,7736.25,7737.0,15799
2026-09-24 11:05:00-04:00,7737.25,7738.0,7733.5,7734.5,14595
2026-09-24 11:10:00-04:00,7734.25,7736.25,7725.25,7726.75,18083
2026-09-24 11:15:00-04:00,7726.5,7734.75,7725.5,7731.5,24602
2026-09-24 11:20:00-04:00,7731.5,7738.75,7729.5,7738.0,17708
2026-09-24 11:25:00-04:00,7738.0,7738.0,7728.25,7729.25,15538
2026-09-24 11:30:00-04:00,7729.25,7730.5,7726.75,7727.75,13297
2026-09-24 11:35:00-04:00,7728.0,7733.5,7728.0,7730.75,14321
2026-09-24 11:40:00-04:00,7730.75,7735.0,7728.75,7733.75,10163
2026-09-24 11:45:00-04:00,7734.0,7736.5,7727.25,7728.5,10273
2026-09-24 11:50:00-04:00,7728.75,7737.5,7728.0,7736.0,11451
2026-09-24 11:55:00-04:00,7736.25,7737.25,7732.75,7735.75,8753
2026-09-24 12:00:00-04:00,7735.75,7736.25,7730.0,7734.25,9720
2026-09-24 12:05:00-04:00,7734.0,7735.0,7730.25,7732.0,8689
2026-09-24 12:10:00-04:00,7731.75,7740.0,7729.5,7739.5,10217
2026-09-24 12:15:00-04:00,7739.5,7778.0,7738.75,7762.0,90613
2026-09-24 12:20:00-04:00,7762.0,7768.0,7759.25,7763.25,31328
2026-09-24 12:25:00-04:00,7763.5,7767.5,7756.25,7765.5,21691
2026-09-24 12:30:00-04:00,7765.5,7766.25,7757.0,7762.25,18623
2026-09-24 12:35:00-04:00,7762.25,7772.0,7761.0,7771.75,17704
2026-09-24 12:40:00-04:00,7771.5,7783.0,7769.75,7770.0,27608
2026-09-24 12:45:00-04:00,7770.0,7780.5,7765.75,7779.5,29205
2026-09-24 12:50:00-04:00,7779.5,7781.5,7772.25,7774.5,23087
2026-09-24 12:55:00-04:00,7774.5,7783.5,7774.0,7776.5,17508
2026-09-24 13:00:00-04:00,7776.25,7780.75,7769.0,7776.25,23150
2026-09-24 13:05:00-04:00,7776.25,7780.5,7774.25,7776.0,12327
2026-09-24 13:10:00-04:00,7775.75,7779.25,7770.0,7777.75,19664
2026-09-24 13:15:00-04:00,7777.75,7778.0,7768.75,7768.75,14644
2026-09-24 13:20:00-04:00,7768.75,7772.75,7766.0,7767.5,14099
2026-09-24 13:25:00-04:00,7767.25,7767.5,7759.5,7766.25,15314
2026-09-24 13:30:00-04:00,7766.0,7770.5,7761.75,7762.5,15287
2026-09-24 13:35:00-04:00,7762.25,7764.25,7758.75,7762.5,13798
2026-09-24 13:40:00-04:00,7762.25,7764.5,7755.0,7755.75,16147
2026-09-24 13:45:00-04:00,7755.75,7762.25,7753.75,7760.5,16585
2026-09-24 13:50:00-04:00,7760.5,7762.0,7757.5,7759.0,12194
2026-09-24 13:55:00-04:00,7759.25,7764.75,7758.0,7763.0,11594
2026-09-24 14:00:00-04:00,7763.25,7764.0,7749.5,7750.5,20958
2026-09-24 14:05:00-04:00,7750.25,7763.5,7750.25,7761.25,17736
2026-09-24 14:10:00-04:00,7761.25,7765.0,7759.5,7764.0,11388
2026-09-24 14:15:00-04:00,7763.75,7769.0,7762.25,7766.25,11642
2026-09-24 14:20:00-04:00,7766.25,7766.75,7761.75,7765.5,8390
2026-09-24 14:25:00-04:00,7765.5,7774.25,7765.0,7769.5,19123
2026-09-24 14:30:00-04:00,7769.5,7770.75,7764.5,7764.5,11083
2026-09-24 14:35:00-04:00,7764.5,7777.75,7762.5,7772.0,25154
2026-09-24 14:40:00-04:00,7772.0,7772.0,7765.5,7768.5,10238
2026-09-24 14:45:00-04:00,7768.5,7770.75,7768.0,7769.25,6190
2026-09-24 14:50:00-04:00,7769.25,7774.75,7768.75,7771.5,10558
2026-09-24 14:55:00-04:00,7771.25,7777.0,7771.25,7773.25,8888
2026-09-24 15:00:00-04:00,7773.25,7774.5,7764.0,7765.75,18154
2026-09-24 15:05:00-04:00,7765.75,7769.5,7765.5,7768.25,7028
2026-09-24 15:10:00-04:00,7768.0,7769.5,7765.75,7766.75,7011
2026-09-24 15:15:00-04:00,7766.75,7771.25,7766.75,7770.5,9166
2026-09-24 15:20:00-04:00,7770.25,7772.5,7768.5,7771.75,6486
2026-09-24 15:25:00-04:00,7771.75,7772.5,7768.25,7769.5,7366
2026-09-24 15:30:00-04:00,7769.5,7770.75,7767.5,7770.75,9137
2026-09-24 15:35:00-04:00,7770.75,7771.25,7767.5,7771.0,8765
2026-09-24 15:40:00-04:00,7770.75,7772.25,7768.25,7769.0,8719
2026-09-24 15:45:00-04:00,7768.75,7770.25,7766.25,7766.25,9790
2026-09-24 15:50:00-04:00,7766.25,7774.5,7766.25,7772.5,22498
2026-09-24 15:55:00-04:00,7772.75,7772.75,7765.0,7765.5,71556
2026-09-24 16:00:00-04:00,7765.25,7766.0,7760.25,7761.5,21336
2026-09-24 16:05:00-04:00,7761.5,7762.5,7760.75,7761.75,4211
2026-09-24 16:10:00-04:00,7761.75,7762.25,7757.25,7757.5,5043
2026-09-24 16:15:00-04:00,7757.5,7758.5,7751.25,7753.0,6126
2026-09-24 16:20:00-04:00,7753.0,7753.25,7751.0,7751.25,2097
2026-09-24 16:25:00-04:00,7751.25,7752.0,7748.75,7749.5,2455
2026-09-24 16:30:00-04:00,7749.5,7753.0,7749.5,7752.25,2007
2026-09-24 16:35:00-04:00,7752.25,7753.75,7751.75,7753.75,1699
2026-09-24 16:40:00-04:00,7753.75,7756.0,7752.75,7755.0,1458
2026-09-24 16:45:00-04:00,7755.25,7758.25,7755.0,7758.0,1688
2026-09-24 16:50:00-04:00,7758.0,7759.0,7757.5,7758.5,1549
2026-09-24 16:55:00-04:00,7758.75,7760.75,7758.0,7759.5,2159
2026-09-24 18:00:00-04:00,7759.0,7763.75,7756.75,7762.25,1012
2026-09-24 18:05:00-04:00,7762.25,7762.5,7756.5,7759.25,792
2026-09-24 18:10:00-04:00,7759.5,7760.0,7757.5,7758.25,417
2026-09-24 18:15:00-04:00,7758.25,7758.75,7757.0,7757.0,482
2026-09-24 18:20:00-04:00,7756.75,7757.0,7755.0,7755.5,423
2026-09-24 18:25:00-04:00,7755.5,7756.0,7754.0,7755.0,554
2026-09-24 18:30:00-04:00,7755.0,7757.25,7754.5,7756.25,784
2026-09-24 18:35:00-04:00,7756.25,7756.75,7755.75,7755.75,219
2026-09-24 18:40:00-04:00,7755.75,7758.5,7755.5,7757.75,414
2026-09-24 18:45:00-04:00,7758.0,7758.0,7756.25,7757.25,317
2026-09-24 18:50:00-04:00,7757.25,7758.0,7757.0,7757.25,101
2026-09-24 18:55:00-04:00,7757.25,7757.75,7756.25,7756.75,159
2026-09-24 19:00:00-04:00,7756.75,7758.0,7756.75,7758.0,288
2026-09-24 19:05:00-04:00,7758.0,7759.25,7755.25,7756.25,374
2026-09-24 19:10:00-04:00,7756.0,7756.0,7754.25,7755.5,202
2026-09-24 19:15:00-04:00,7755.5,7756.25,7755.0,7755.5,148
2026-09-24 19:20:00-04:00,7755.5,7757.75,7754.75,7757.75,201
2026-09-24 19:25:00-04:00,7757.5,7759.25,7756.75,7757.5,449
2026-09-24 19:30:00-04:00,7757.75,7759.25,7757.75,7758.25,215
2026-09-24 19:35:00-04:00,7758.25,7759.25,7757.5,7758.0,229
2026-09-24 19:40:00-04:00,7758.25,7758.5,7755.25,7755.5,304
2026-09-24 19:45:00-04:00,7755.5,7756.5,7754.0,7755.0,447
2026-09-24 19:50:00-04:00,7755.0,7755.25,7750.75,7751.75,862
2026-09-24 19:55:00-04:00,7752.0,7752.5,7750.75,7751.5,336
2026-09-24 20:00:00-04:00,7751.25,7755.0,7751.0,7753.5,1136
2026-09-24 20:05:00-04:00,7753.0,7753.75,7750.0,7753.0,715
2026-09-24 20:10:00-04:00,7753.0,7753.5,7751.25,7752.25,521
2026-09-24 20:15:00-04:00,7752.25,7754.0,7750.25,7753.25,1125
2026-09-24 20:20:00-04:00,7753.25,7757.25,7752.75,7756.25,799
2026-09-24 20:25:00-04:00,7756.25,7757.25,7754.5,7755.0,1179
2026-09-24 20:30:00-04:00,7754.75,7755.25,7751.75,7752.5,1117
2026-09-24 20:35:00-04:00,7752.75,7753.25,7748.5,7749.5,1117
2026-09-24 20:40:00-04:00,7749.5,7751.25,7748.75,7750.5,1282
2026-09-24 20:45:00-04:00,7750.25,7752.5,7750.0,7752.25,1098
2026-09-24 20:50:00-04:00,7752.25,7752.25,7749.5,7752.0,702
2026-09-24 20:55:00-04:00,7751.75,7752.75,7750.5,7751.75,609
2026-09-24 21:00:00-04:00,7751.75,7753.25,7749.25,7752.75,1254
2026-09-24 21:05:00-04:00,7752.5,7754.5,7750.0,7753.5,659
2026-09-24 21:10:00-04:00,7753.5,7761.5,7753.25,7760.0,2180
2026-09-24 21:15:00-04:00,7760.0,7763.25,7758.25,7760.0,1472
2026-09-24 21:20:00-04:00,7760.25,7763.5,7760.0,7761.75,993
2026-09-24 21:25:00-04:00,7761.75,7763.75,7761.0,7761.5,925
2026-09-24 21:30:00-04:00,7761.5,7761.75,7757.75,7757.75,1468
2026-09-24 21:35:00-04:00,7757.5,7762.75,7756.5,7762.75,1367
2026-09-24 21:40:00-04:00,7762.75,7765.25,7762.25,7763.75,1206
2026-09-24 21:45:00-04:00,7763.5,7763.75,7761.25,7763.5,660
2026-09-24 21:50:00-04:00,7763.25,7763.25,7760.5,7760.5,457
2026-09-24 21:55:00-04:00,7760.5,7762.25,7759.25,7762.0,568
2026-09-24 22:00:00-04:00,7762.25,7763.25,7761.25,7762.5,522
2026-09-24 22:05:00-04:00,7762.75,7764.5,7762.25,7764.25,704
2026-09-24 22:10:00-04:00,7764.25,7764.75,7762.5,7763.0,558
2026-09-24 22:15:00-04:00,7763.0,7765.25,7763.0,7765.0,462
2026-09-24 22:20:00-04:00,7765.0,7766.25,7764.75,7765.0,570
2026-09-24 22:25:00-04:00,7764.75,7764.75,7761.5,7762.0,493
2026-09-24 22:30:00-04:00,7761.75,7762.0,7758.25,7758.5,615
2026-09-24 22:35:00-04:00,7758.25,7759.75,7757.25,7759.5,593
2026-09-24 22:40:00-04:00,7759.75,7762.75,7759.5,7762.0,661
2026-09-24 22:45:00-04:00,7762.0,7762.75,7759.0,7759.5,571
2026-09-24 22:50:00-04:00,7759.5,7761.5,7758.5,7761.5,561
2026-09-24 22:55:00-04:00,7761.0,7762.25,7760.25,7762.0,208
2026-09-24 23:00:00-04:00,7762.0,7762.75,7761.0,7762.25,341
2026-09-24 23:05:00-04:00,7762.5,7766.0,7762.25,7765.25,679
2026-09-24 23:10:00-04:00,7765.25,7765.5,7763.75,7764.75,296
2026-09-24 23:15:00-04:00,7765.0,7766.25,7763.5,7765.25,678
2026-09-24 23:20:00-04:00,7765.25,7767.25,7765.0,7766.0,473
2026-09-24 23:25:00-04:00,7766.0,7766.5,7764.75,7765.25,314
2026-09-24 23:30:00-04:00,7765.5,7766.25,7764.5,7765.5,533
2026-09-24 23:35:00-04:00,7765.5,7766.25,7763.75,7765.75,464
2026-09-24 23:40:00-04:00,7765.75,7766.75,7761.5,7761.5,640
2026-09-24 23:45:00-04:00,7761.75,7763.0,7760.75,7762.75,786
2026-09-24 23:50:00-04:00,7762.5,7763.5,7761.5,7762.5,449
2026-09-24 23:55:00-04:00,7762.75,7764.25,7762.25,7763.75,400
2026-09-25 00:00:00-04:00,7763.75,7764.0,7760.25,7761.25,890
2026-09-25 00:05:00-04:00,7761.0,7761.75,7759.5,7760.75,544
2026-09-25 00:10:00-04:00,7760.75,7761.5,7760.0,7760.25,623
2026-09-25 00:15:00-04:00,7760.25,7761.75,7758.75,7759.5,646
2026-09-25 00:20:00-04:00,7759.5,7760.0,7758.5,7760.0,522
2026-09-25 00:25:00-04:00,7760.25,7760.75,7758.75,7759.0,419
2026-09-25 00:30:00-04:00,7759.25,7760.5,7758.5,7760.25,582
2026-09-25 00:35:00-04:00,7760.25,7761.75,7760.0,7761.5,401
2026-09-25 00:40:00-04:00,7761.5,7762.25,7760.25,7760.5,490
2026-09-25 00:45:00-04:00,7760.5,7761.75,7760.5,7761.0,411
2026-09-25 00:50:00-04:00,7760.75,7761.75,7759.5,7760.25,481
2026-09-25 00:55:00-04:00,7760.25,7760.5,7757.75,7759.5,514
2026-09-25 01:00:00-04:00,7759.25,7761.25,7759.0,7760.75,637
2026-09-25 01:05:00-04:00,7761.0,7763.25,7760.0,7763.0,825
2026-09-25 01:10:00-04:00,7763.0,7763.75,7762.0,7762.0,733
2026-09-25 01:15:00-04:00,7762.25,7764.25,7762.0,7762.75,469
2026-09-25 01:20:00-04:00,7762.75,7763.5,7760.75,7760.75,504
2026-09-25 01:25:00-04:00,7760.75,7763.75,7760.75,7763.5,417
2026-09-25 01:30:00-04:00,7763.5,7771.0,7763.0,7769.25,2495
2026-09-25 01:35:00-04:00,7769.5,7771.75,7769.5,7771.0,605
2026-09-25 01:40:00-04:00,7771.0,7773.25,7770.25,7773.25,608
2026-09-25 01:45:00-04:00,7773.0,7774.0,7770.5,7770.75,686
2026-09-25 01:50:00-04:00,7770.5,7772.5,7770.5,7772.5,376
2026-09-25 01:55:00-04:00,7772.5,7772.5,7769.75,7770.0,571
2026-09-25 02:00:00-04:00,7770.0,7772.75,7769.75,7772.25,1174
2026-09-25 02:05:00-04:00,7772.25,7773.5,7771.75,7773.25,790
2026-09-25 02:10:00-04:00,7773.5,7776.0,7773.0,7775.5,1526
2026-09-25 02:15:00-04:00,7775.5,7777.75,7774.75,7777.0,1208
2026-09-25 02:20:00-04:00,7777.0,7778.5,7775.75,7777.5,975
2026-09-25 02:25:00-04:00,7777.75,7778.0,7774.0,7775.0,1861
2026-09-25 02:30:00-04:00,7775.25,7777.5,7774.25,7777.5,1320
2026-09-25 02:35:00-04:00,7777.25,7777.75,7775.5,7776.5,844
2026-09-25 02:40:00-04:00,7776.5,7777.75,7776.0,7776.75,600
2026-09-25 02:45:00-04:00,7776.75,7777.5,7775.0,7777.0,758
2026-09-25 02:50:00-04:00,7777.0,7777.5,7775.0,7777.25,867
2026-09-25 02:55:00-04:00,7777.25,7778.25,7774.5,7774.75,1199
2026-09-25 03:00:00-04:00,7774.75,7778.25,7774.25,7775.75,2354
2026-09-25 03:05:00-04:00,7775.75,7778.0,7775.0,7777.0,1047
2026-09-25 03:10:00-04:00,7777.0,7778.5,7776.25,7777.5,1256
2026-09-25 03:15:00-04:00,7777.5,7778.5,7774.75,7775.5,1676
2026-09-25 03:20:00-04:00,7775.75,7778.75,7775.5,7777.75,1541
2026-09-25 03:25:00-04:00,7777.75,7780.5,7775.75,7780.25,1517
2026-09-25 03:30:00-04:00,7780.25,7781.75,7773.5,7774.0,1760
2026-09-25 03:35:00-04:00,7774.25,7777.0,7774.0,7774.75,1395
2026-09-25 03:40:00-04:00,7774.75,7776.75,7774.25,7775.25,1062
2026-09-25 03:45:00-04:00,7775.5,7778.5,7775.0,7775.25,1340
2026-09-25 03:50:00-04:00,7775.25,7776.25,7774.5,7775.25,1184
2026-09-25 03:55:00-04:00,7775.25,7776.75,7774.5,7775.25,1331
2026-09-25 04:00:00-04:00,7775.25,7776.25,7771.75,7772.5,1990
2026-09-25 04:05:00-04:00,7772.5,7775.5,7771.5,7775.0,1763
2026-09-25 04:10:00-04:00,7775.0,7780.75,7775.0,7779.0,1823
2026-09-25 04:15:00-04:00,7779.0,7781.75,7777.75,7779.0,1363
2026-09-25 04:20:00-04:00,7779.0,7782.25,7778.5,7782.25,1257
2026-09-25 04:25:00-04:00,7782.25,7784.5,7780.25,7784.25,2136
2026-09-25 04:30:00-04:00,7784.25,7786.5,7783.25,7785.75,1444
2026-09-25 04:35:00-04:00,7785.5,7786.25,7782.5,7783.5,1368
2026-09-25 04:40:00-04:00,7783.5,7787.25,7783.5,7786.75,812
2026-09-25 04:45:00-04:00,7786.75,7788.75,7786.75,7787.25,1281
2026-09-25 04:50:00-04:00,7787.25,7789.0,7786.75,7788.75,1140
2026-09-25 04:55:00-04:00,7789.0,7790.75,7789.0,7789.25,1361
2026-09-25 05:00:00-04:00,7789.25,7791.75,7788.75,7790.25,2216
2026-09-25 05:05:00-04:00,7790.25,7792.5,7790.0,7792.25,1110
2026-09-25 05:10:00-04:00,7792.25,7792.25,7790.0,7790.25,1082
2026-09-25 05:15:00-04:00,7790.25,7792.5,7789.5,7789.75,1544
2026-09-25 05:20:00-04:00,7790.0,7790.0,7788.0,7789.5,1750
2026-09-25 05:25:00-04:00,7789.75,7789.75,7788.0,7788.25,1096
2026-09-25 05:30:00-04:00,7788.25,7790.5,7786.5,7790.0,1660
2026-09-25 05:35:00-04:00,7789.75,7790.5,7789.25,7790.5,1937
2026-09-25 05:40:00-04:00,7790.5,7791.25,7789.0,7790.25,1364
2026-09-25 05:45:00-04:00,7790.25,7790.25,7786.5,7787.75,1308
2026-09-25 05:50:00-04:00,7787.75,7787.75,7786.0,7787.5,1206
2026-09-25 05:55:00-04:00,7787.5,7789.0,7786.75,7786.75,1134
2026-09-25 06:00:00-04:00,7787.0,7788.25,7785.0,7785.5,1567
2026-09-25 06:05:00-04:00,7785.5,7786.5,7784.25,7786.0,1599
2026-09-25 06:10:00-04:00,7786.25,7789.75,7785.75,7789.5,1170
2026-09-25 06:15:00-04:00,7789.25,7791.5,7788.75,7789.25,1330
2026-09-25 06:20:00-04:00,7789.25,7790.5,7788.5,7789.0,1043
2026-09-25 06:25:00-04:00,7788.75,7789.75,7788.25,7788.75,795
2026-09-25 06:30:00-04:00,7788.75,7790.25,7787.25,7789.0,1188
2026-09-25 06:35:00-04:00,7788.75,7789.5,7785.5,7785.75,1077
2026-09-25 06:40:00-04:00,7785.75,7786.5,7785.0,7785.75,1054
2026-09-25 06:45:00-04:00,7785.5,7786.75,7784.0,7785.75,1911
2026-09-25 06:50:00-04:00,7785.5,7787.5,7783.5,7786.75,1054
2026-09-25 06:55:00-04:00,7786.75,7786.75,7785.0,7785.75,897
2026-09-25 07:00:00-04:00,7785.75,7788.5,7785.25,7786.25,1759
2026-09-25 07:05:00-04:00,7786.0,7793.5,7786.0,7793.25,1464
2026-09-25 07:10:00-04:00,7793.25,7795.75,7793.0,7795.5,2071
2026-09-25 07:15:00-04:00,7795.75,7798.75,7795.0,7796.5,2619
2026-09-25 07:20:00-04:00,7796.25,7796.75,7795.25,7796.0,1198
2026-09-25 07:25:00-04:00,7796.0,7798.0,7795.5,7795.5,1097
2026-09-25 07:30:00-04:00,7795.5,7797.25,7794.5,7796.5,1381
2026-09-25 07:35:00-04:00,7796.5,7800.75,7794.0,7794.25,3531
2026-09-25 07:40:00-04:00,7794.5,7795.75,7794.25,7795.0,1007
2026-09-25 07:45:00-04:00,7794.75,7796.0,7794.25,7794.5,1043
2026-09-25 07:50:00-04:00,7794.5,7796.25,7793.75,7796.0,1229
2026-09-25 07:55:00-04:00,7795.75,7796.0,7792.5,7792.5,1315
2026-09-25 08:00:00-04:00,7792.5,7795.75,7792.0,7795.25,2795
2026-09-25 08:05:00-04:00,7795.25,7796.25,7793.5,7794.0,1943
2026-09-25 08:10:00-04:00,7794.0,7796.0,7791.5,7793.0,3217
2026-09-25 08:15:00-04:00,7793.0,7793.25,7788.0,7789.75,2421
2026-09-25 08:20:00-04:00,7789.75,7794.25,7789.0,7793.0,2100
2026-09-25 08:25:00-04:00,7792.75,7794.75,7791.75,7792.5,1278
2026-09-25 08:30:00-04:00,7792.75,7793.0,7787.25,7790.25,2934
2026-09-25 08:35:00-04:00,7790.0,7790.75,7787.5,7788.0,3192
2026-09-25 08:40:00-04:00,7788.5,7789.5,7783.25,7786.75,4789
2026-09-25 08:45:00-04:00,7786.75,7792.75,7784.25,7785.5,9272
2026-09-25 08:50:00-04:00,7785.5,7786.0,7783.0,7784.5,2400
2026-09-25 08:55:00-04:00,7784.5,7786.25,7783.5,7785.0,1933
2026-09-25 09:00:00-04:00,7785.0,7786.75,7782.0,7785.5,3935
2026-09-25 09:05:00-04:00,7785.25,7787.5,7785.25,7787.5,2974
2026-09-25 09:10:00-04:00,7787.5,7790.5,7786.5,7788.75,3268
2026-09-25 09:15:00-04:00,7788.75,7789.0,7781.75,7781.75,3906
2026-09-25 09:20:00-04:00,7781.75,7782.75,7779.0,7779.0,4444
2026-09-25 09:25:00-04:00,7779.25,7781.25,7776.0,7777.75,7372
2026-09-25 09:30:00-04:00,7777.5,7785.25,7767.25,7784.5,37343
2026-09-25 09:35:00-04:00,7784.5,7788.25,7782.75,7787.5,21190
2026-09-25 09:40:00-04:00,7787.5,7790.75,7783.5,7785.25,19932
2026-09-25 09:45:00-04:00,7785.25,7787.0,7780.0,7785.25,20572
2026-09-25 09:50:00-04:00,7785.25,7793.25,7784.0,7791.5,18196
2026-09-25 09:55:00-04:00,7791.5,7793.75,7785.25,7787.5,18262
2026-09-25 10:00:00-04:00,7787.5,7788.25,7765.25,7766.0,32782
2026-09-25 10:05:00-04:00,7765.75,7767.75,7755.0,7767.0,39411
2026-09-25 10:10:00-04:00,7767.0,7769.5,7758.0,7759.5,23183
2026-09-25 10:15:00-04:00,7759.25,7762.5,7752.75,7760.5,31909
2026-09-25 10:20:00-04:00,7760.5,7766.75,7759.25,7764.75,20197
2026-09-25 10:25:00-04:00,7764.75,7770.0,7762.0,7764.25,19812
2026-09-25 10:30:00-04:00,7764.0,7770.0,7762.0,7768.0,17980
2026-09-25 10:35:00-04:00,7768.0,7775.75,7766.75,7772.75,15543
2026-09-25 10:40:00-04:00,7772.75,7773.75,7764.75,7769.5,17323
2026-09-25 10:45:00-04:00,7769.75,7774.75,7765.75,7773.25,18173
2026-09-25 10:50:00-04:00,7773.25,7773.5,7765.25,7772.25,12165
2026-09-25 10:55:00-04:00,7772.5,7779.25,7771.75,7778.0,13109
2026-09-25 11:00:00-04:00,7778.25,7787.25,7776.75,7784.0,21119
2026-09-25 11:05:00-04:00,7784.25,7789.0,7781.0,7781.5,15397
2026-09-25 11:10:00-04:00,7781.25,7782.0,7773.5,7779.75,19474
2026-09-25 11:15:00-04:00,7780.0,7782.0,7774.5,7775.5,12201
2026-09-25 11:20:00-04:00,7775.75,7783.5,7774.5,7776.5,15856
2026-09-25 11:25:00-04:00,7776.5,7781.0,7775.75,7777.75,10540
2026-09-25 11:30:00-04:00,7778.0,7788.75,7778.0,7781.75,29120
2026-09-25 11:35:00-04:00,7781.75,7782.25,7771.5,7772.5,14828
2026-09-25 11:40:00-04:00,7772.5,7776.0,7767.0,7767.75,11727
2026-09-25 11:45:00-04:00,7767.5,7774.0,7764.5,7773.5,14018
2026-09-25 11:50:00-04:00,7773.5,7776.75,7765.5,7774.75,19552
2026-09-25 11:55:00-04:00,7774.75,7790.75,7774.5,7790.5,25101
2026-09-25 12:00:00-04:00,7790.5,7806.0,7788.75,7804.0,45369
2026-09-25 12:05:00-04:00,7804.25,7809.0,7802.25,7806.0,33162
2026-09-25 12:10:00-04:00,7806.25,7811.0,7803.5,7806.5,22765
2026-09-25 12:15:00-04:00,7806.5,7809.5,7798.25,7801.0,19448
2026-09-25 12:20:00-04:00,7800.75,7802.0,7791.0,7795.25,25910
2026-09-25 12:25:00-04:00,7795.25,7807.5,7794.0,7807.0,19730
2026-09-25 12:30:00-04:00,7807.0,7808.75,7794.25,7797.75,29989
2026-09-25 12:35:00-04:00,7797.75,7804.25,7797.25,7800.75,16799
2026-09-25 12:40:00-04:00,7800.75,7805.5,7797.5,7802.5,14485
2026-09-25 12:45:00-04:00,7802.5,7802.75,7793.5,7797.25,10920
2026-09-25 12:50:00-04:00,7797.5,7799.75,7796.0,7799.0,7847
2026-09-25 12:55:00-04:00,7799.25,7801.0,7792.25,7795.25,13579
2026-09-25 13:00:00-04:00,7795.25,7802.75,7794.0,7801.25,15052
2026-09-25 13:05:00-04:00,7801.5,7802.75,7796.25,7801.5,7990
2026-09-25 13:10:00-04:00,7801.5,7804.0,7797.75,7804.0,7554
2026-09-25 13:15:00-04:00,7803.75,7804.0,7799.25,7800.0,7535
2026-09-25 13:20:00-04:00,7800.0,7803.75,7799.5,7803.25,6644
2026-09-25 13:25:00-04:00,7803.25,7804.25,7802.25,7804.0,5140
2026-09-25 13:30:00-04:00,7804.0,7805.25,7796.75,7798.75,10367
2026-09-25 13:35:00-04:00,7798.75,7803.0,7796.0,7800.0,11595
2026-09-25 13:40:00-04:00,7800.0,7803.5,7799.75,7800.75,10057
2026-09-25 13:45:00-04:00,7800.5,7803.0,7799.25,7802.25,5942
2026-09-25 13:50:00-04:00,7802.25,7802.5,7797.0,7799.0,7357
2026-09-25 13:55:00-04:00,7799.0,7802.75,7798.25,7802.75,4673
2026-09-25 14:00:00-04:00,7802.75,7803.75,7801.25,7801.75,6258
2026-09-25 14:05:00-04:00,7801.75,7802.5,7799.25,7802.25,6080
2026-09-25 14:10:00-04:00,7802.25,7805.75,7800.25,7805.75,5550
2026-09-25 14:15:00-04:00,7805.75,7806.25,7803.5,7804.25,5618
2026-09-25 14:20:00-04:00,7804.25,7805.0,7802.25,7804.25,4874
2026-09-25 14:25:00-04:00,7804.25,7805.25,7795.25,7800.25,24440
2026-09-25 14:30:00-04:00,7800.5,7805.0,7800.25,7803.25,11754
2026-09-25 14:35:00-04:00,7803.0,7803.5,7797.0,7797.5,9448
2026-09-25 14:40:00-04:00,7797.5,7801.75,7796.25,7801.5,9167
2026-09-25 14:45:00-04:00,7801.75,7802.5,7798.25,7799.75,6472
2026-09-25 14:50:00-04:00,7799.75,7800.5,7797.5,7797.75,5146
2026-09-25 14:55:00-04:00,7797.75,7799.75,7797.25,7798.0,5519
2026-09-25 15:00:00-04:00,7798.25,7801.25,7795.25,7797.25,10494
2026-09-25 15:05:00-04:00,7797.5,7800.0,7796.75,7798.5,5604
2026-09-25 15:10:00-04:00,7798.25,7802.5,7797.5,7802.25,7137
2026-09-25 15:15:00-04:00,7802.25,7803.0,7799.25,7799.5,7507
2026-09-25 15:20:00-04:00,7799.5,7800.25,7796.25,7797.0,7956
2026-09-25 15:25:00-04:00,7797.25,7797.25,7793.25,7794.75,11601
2026-09-25 15:30:00-04:00,7794.75,7796.5,7793.75,7793.75,11767
2026-09-25 15:35:00-04:00,7794.0,7801.25,7793.5,7801.0,16848
2026-09-25 15:40:00-04:00,7801.0,7805.0,7799.25,7803.75,11964
2026-09-25 15:45:00-04:00,7803.75,7811.75,7803.75,7809.0,32247
2026-09-25 15:50:00-04:00,7809.25,7814.75,7809.25,7809.5,28022
2026-09-25 15:55:00-04:00,7809.5,7810.5,7802.5,7804.75,78260
2026-09-25 16:00:00-04:00,7804.75,7807.25,7802.5,7806.0,21461
2026-09-25 16:05:00-04:00,7806.0,7806.5,7803.75,7804.75,5220
2026-09-25 16:10:00-04:00,7804.75,7804.75,7803.0,7803.0,4286
2026-09-25 16:15:00-04:00,7803.0,7803.75,7801.75,7803.25,2860
2026-09-25 16:20:00-04:00,7803.25,7803.75,7802.25,7802.25,1333
2026-09-25 16:25:00-04:00,7802.25,7803.25,7801.5,7802.25,1688
2026-09-25 16:30:00-04:00,7802.5,7805.0,7802.25,7804.25,1705
2026-09-25 16:35:00-04:00,7804.5,7805.5,7804.25,7805.0,899
2026-09-25 16:40:00-04:00,7804.75,7806.5,7804.75,7806.25,1108
2026-09-25 16:45:00-04:00,7806.25,7806.5,7805.5,7805.5,842
2026-09-25 16:50:00-04:00,7805.5,7807.25,7805.5,7805.75,1014
2026-09-25 16:55:00-04:00,7805.75,7806.0,7805.25,7805.75,1475
2026-09-27 18:00:00-04:00,7796.0,7803.0,7786.75,7793.0,3378
2026-09-27 18:05:00-04:00,7792.75,7794.75,7789.0,7790.75,1160
2026-09-27 18:10:00-04:00,7791.0,7792.25,7786.0,7786.5,890
2026-09-27 18:15:00-04:00,7786.25,7788.25,7785.5,7786.0,735
2026-09-27 18:20:00-04:00,7786.0,7787.5,7783.0,7786.75,1012
2026-09-27 18:25:00-04:00,7787.0,7789.5,7785.5,7785.75,692
2026-09-27 18:30:00-04:00,7785.75,7785.75,7781.5,7782.0,818
2026-09-27 18:35:00-04:00,7782.0,7783.25,7781.5,7783.0,695
2026-09-27 18:40:00-04:00,7783.0,7783.75,7782.75,7783.5,377
2026-09-27 18:45:00-04:00,7783.25,7783.5,7781.25,7781.5,311
2026-09-27 18:50:00-04:00,7781.25,7781.75,7778.75,7780.75,723
2026-09-27 18:55:00-04:00,7780.75,7781.75,7780.5,7781.0,256
2026-09-27 19:00:00-04:00,7781.25,7782.25,7780.25,7780.75,392
2026-09-27 19:05:00-04:00,7781.0,7783.0,7780.5,7781.75,350
2026-09-27 19:10:00-04:00,7782.0,7783.5,7781.75,7783.0,231
2026-09-27 19:15:00-04:00,7783.25,7783.5,7782.25,7783.25,235
2026-09-27 19:20:00-04:00,7783.5,7785.25,7783.25,7783.25,627
2026-09-27 19:25:00-04:00,7783.0,7784.0,7782.5,7783.25,376
2026-09-27 19:30:00-04:00,7783.5,7784.25,7781.25,7782.0,1053
2026-09-27 19:35:00-04:00,7782.0,7782.75,7781.25,7781.75,376
2026-09-27 19:40:00-04:00,7781.5,7782.25,7778.75,7781.5,816
2026-09-27 19:45:00-04:00,7781.5,7785.0,7781.25,7784.0,980
2026-09-27 19:50:00-04:00,7784.25,7785.5,7780.25,7781.25,905
2026-09-27 19:55:00-04:00,7781.25,7784.5,7781.0,7784.0,850
2026-09-27 20:00:00-04:00,7783.75,7788.0,7782.75,7786.5,2155
2026-09-27 20:05:00-04:00,7786.75,7788.0,7785.25,7787.75,1159
2026-09-27 20:10:00-04:00,7787.5,7790.75,7787.5,7790.5,1107
2026-09-27 20:15:00-04:00,7790.25,7790.25,7787.0,7788.75,1286
2026-09-27 20:20:00-04:00,7788.75,7790.5,7788.25,7789.0,1061
2026-09-27 20:25:00-04:00,7789.0,7789.75,7786.75,7787.5,856
2026-09-27 20:30:00-04:00,7787.5,7789.0,7783.5,7785.5,1475
2026-09-27 20:35:00-04:00,7785.25,7786.0,7782.75,7784.5,1020
2026-09-27 20:40:00-04:00,7784.5,7785.25,7781.5,7784.5,1433
2026-09-27 20:45:00-04:00,7784.75,7788.75,7784.75,7787.25,1494
2026-09-27 20:50:00-04:00,7787.5,7789.25,7786.5,7787.5,1097
2026-09-27 20:55:00-04:00,7787.75,7788.0,7781.0,7782.5,2002
2026-09-27 21:00:00-04:00,7782.5,7787.25,7782.25,7787.25,2107
2026-09-27 21:05:00-04:00,7787.25,7787.25,7782.25,7785.25,1002
2026-09-27 21:10:00-04:00,7784.75,7786.0,7783.75,7784.25,568
2026-09-27 21:15:00-04:00,7784.25,7785.0,7782.0,7783.25,715
2026-09-27 21:20:00-04:00,7783.5,7787.75,7783.25,7784.75,839
2026-09-27 21:25:00-04:00,7784.75,7787.75,7784.75,7786.75,671
2026-09-27 21:30:00-04:00,7786.75,7788.75,7786.0,7786.75,1255
2026-09-27 21:35:00-04:00,7787.0,7787.25,7785.75,7787.25,341
2026-09-27 21:40:00-04:00,7787.25,7788.25,7784.75,7785.0,778
2026-09-27 21:45:00-04:00,7785.0,7785.75,7781.75,7782.5,915
2026-09-27 21:50:00-04:00,7782.5,7783.75,7780.75,7781.75,1404
2026-09-27 21:55:00-04:00,7781.75,7784.25,7781.25,7781.5,822
2026-09-27 22:00:00-04:00,7781.25,7781.25,7777.25,7779.25,1587
2026-09-27 22:05:00-04:00,7779.25,7779.25,7775.25,7778.75,1356
2026-09-27 22:10:00-04:00,7778.5,7781.0,7778.25,7780.0,1093
2026-09-27 22:15:00-04:00,7780.0,7780.0,7776.25,7777.75,903
2026-09-27 22:20:00-04:00,7778.0,7778.0,7775.5,7776.25,979
2026-09-27 22:25:00-04:00,7776.25,7780.0,7776.0,7778.5,1058
2026-09-27 22:30:00-04:00,7778.5,7780.25,7776.5,7777.75,1261
2026-09-27 22:35:00-04:00,7777.75,7779.0,7776.25,7777.25,676
2026-09-27 22:40:00-04:00,7777.25,7778.5,7776.5,7778.0,519
2026-09-27 22:45:00-04:00,7778.0,7778.25,7774.75,7775.25,966
2026-09-27 22:50:00-04:00,7775.0,7777.25,7774.0,7776.5,1039
2026-09-27 22:55:00-04:00,7776.25,7776.25,7773.75,7775.25,941
2026-09-27 23:00:00-04:00,7775.25,7777.5,7775.0,7776.5,823
2026-09-27 23:05:00-04:00,7776.75,7778.75,7776.0,7778.25,633
2026-09-27 23:10:00-04:00,7778.25,7779.25,7776.0,7776.25,616
2026-09-27 23:15:00-04:00,7776.25,7777.5,7775.25,7776.0,587
2026-09-27 23:20:00-04:00,7776.25,7777.5,7775.25,7776.0,740
2026-09-27 23:25:00-04:00,7776.0,7776.25,7775.25,7775.25,506
2026-09-27 23:30:00-04:00,7775.5,7775.75,7773.25,7773.25,1040
2026-09-27 23:35:00-04:00,7773.0,7774.5,7771.75,7773.75,1415
2026-09-27 23:40:00-04:00,7774.0,7775.75,7772.5,7775.25,848
2026-09-27 23:45:00-04:00,7775.5,7777.0,7774.5,7776.5,800
2026-09-27 23:50:00-04:00,7776.5,7776.5,7774.0,7775.5,607
2026-09-27 23:55:00-04:00,7775.75,7775.75,7772.25,7772.5,687
2026-09-28 00:00:00-04:00,7772.75,7773.5,7771.5,7773.0,720
2026-09-28 00:05:00-04:00,7773.0,7775.0,7772.25,7774.5,620
2026-09-28 00:10:00-04:00,7774.75,7777.5,7774.75,7777.25,628
2026-09-28 00:15:00-04:00,7777.25,7777.25,7775.25,7777.0,461
2026-09-28 00:20:00-04:00,7777.25,7778.75,7777.25,7778.5,617
2026-09-28 00:25:00-04:00,7778.5,7778.5,7775.5,7776.75,799
2026-09-28 00:30:00-04:00,7776.5,7776.75,7775.5,7776.25,1003
2026-09-28 00:35:00-04:00,7776.5,7777.0,7775.75,7776.5,405
2026-09-28 00:40:00-04:00,7776.5,7777.0,7776.0,7776.5,506
2026-09-28 00:45:00-04:00,7776.25,7776.5,7774.5,7775.0,385
2026-09-28 00:50:00-04:00,7775.25,7777.0,7775.25,7776.0,504
2026-09-28 00:55:00-04:00,7776.0,7776.5,7774.75,7775.25,532
2026-09-28 01:00:00-04:00,7775.25,7779.0,7775.25,7777.25,1136
2026-09-28 01:05:00-04:00,7777.25,7777.75,7775.5,7776.25,807
2026-09-28 01:10:00-04:00,7776.25,7777.0,7773.5,7775.25,977
2026-09-28 01:15:00-04:00,7775.25,7776.25,7773.75,7774.5,712
2026-09-28 01:20:00-04:00,7774.5,7775.0,7773.0,7774.5,781
2026-09-28 01:25:00-04:00,7774.25,7776.75,7773.75,7775.25,799
2026-09-28 01:30:00-04:00,7775.25,7775.75,7772.0,7773.25,1823
2026-09-28 01:35:00-04:00,7773.5,7775.25,7771.25,7772.0,806
2026-09-28 01:40:00-04:00,7772.0,7773.0,7770.5,7772.25,976
2026-09-28 01:45:00-04:00,7772.25,7774.25,7771.25,7773.5,702
2026-09-28 01:50:00-04:00,7773.75,7775.0,7772.25,7773.25,694
2026-09-28 01:55:00-04:00,7773.5,7777.0,7773.25,7775.75,1005
2026-09-28 02:00:00-04:00,7776.0,7779.5,7774.75,7775.0,2214
2026-09-28 02:05:00-04:00,7775.0,7781.5,7774.0,7780.0,2429
2026-09-28 02:10:00-04:00,7780.0,7783.25,7777.0,7778.0,2398
2026-09-28 02:15:00-04:00,7777.75,7779.5,7774.25,7774.75,2239
2026-09-28 02:20:00-04:00,7774.75,7775.0,7771.25,7771.25,2347
2026-09-28 02:25:00-04:00,7771.5,7771.75,7768.5,7769.5,2690
2026-09-28 02:30:00-04:00,7769.25,7773.25,7768.25,7770.75,1894
2026-09-28 02:35:00-04:00,7771.0,7774.0,7771.0,7773.5,1316
2026-09-28 02:40:00-04:00,7773.5,7775.5,7771.5,7771.5,919
2026-09-28 02:45:00-04:00,7771.5,7774.75,7770.75,7774.75,570
2026-09-28 02:50:00-04:00,7774.75,7777.0,7772.5,7773.5,834
2026-09-28 02:55:00-04:00,7773.5,7776.75,7772.25,7776.25,700
2026-09-28 03:00:00-04:00,7776.25,7776.25,7770.25,7773.0,2072
2026-09-28 03:05:00-04:00,7773.0,7773.25,7770.75,7772.0,1348
2026-09-28 03:10:00-04:00,7772.0,7773.0,7768.25,7769.0,1880
2026-09-28 03:15:00-04:00,7769.0,7770.75,7768.0,7770.0,1660
2026-09-28 03:20:00-04:00,7770.25,7771.5,7767.5,7770.25,2802
2026-09-28 03:25:00-04:00,7770.0,7772.0,7767.75,7768.75,1512
2026-09-28 03:30:00-04:00,7768.75,7770.5,7766.75,7769.0,1625
2026-09-28 03:35:00-04:00,7768.75,7770.5,7765.25,7768.25,1563
2026-09-28 03:40:00-04:00,7768.25,7772.0,7765.25,7766.25,1699
2026-09-28 03:45:00-04:00,7766.0,7772.25,7766.0,7771.5,1272
2026-09-28 03:50:00-04:00,7771.5,7773.0,7768.5,7772.75,890
2026-09-28 03:55:00-04:00,7773.0,7775.25,7770.25,7771.0,1404
2026-09-28 04:00:00-04:00,7771.0,7772.75,7768.25,7771.0,2222
2026-09-28 04:05:00-04:00,7771.0,7772.75,7768.25,7771.5,1212
2026-09-28 04:10:00-04:00,7771.25,7775.5,7770.25,7775.5,1852
2026-09-28 04:15:00-04:00,7775.5,7776.75,7770.75,7771.25,1437
2026-09-28 04:20:00-04:00,7771.25,7771.75,7768.5,7770.0,1856
2026-09-28 04:25:00-04:00,7770.0,7774.25,7770.0,7774.0,1394
2026-09-28 04:30:00-04:00,7774.0,7775.25,7771.25,7771.75,1271
2026-09-28 04:35:00-04:00,7771.75,7772.25,7765.25,7767.5,1693
2026-09-28 04:40:00-04:00,7767.5,7770.25,7767.0,7768.0,1523
2026-09-28 04:45:00-04:00,7768.0,7769.5,7766.0,7768.75,1260
2026-09-28 04:50:00-04:00,7768.5,7770.5,7767.0,7767.75,839
2026-09-28 04:55:00-04:00,7768.0,7769.25,7767.0,7767.75,570
2026-09-28 05:00:00-04:00,7767.25,7772.0,7764.25,7764.75,3238
2026-09-28 05:05:00-04:00,7764.75,7766.0,7761.25,7761.75,2050
2026-09-28 05:10:00-04:00,7761.75,7762.75,7760.0,7761.0,2127
2026-09-28 05:15:00-04:00,7761.0,7765.75,7760.0,7765.75,1864
2026-09-28 05:20:00-04:00,7765.75,7768.5,7765.5,7766.5,1828
2026-09-28 05:25:00-04:00,7766.5,7766.75,7763.75,7766.25,2170
2026-09-28 05:30:00-04:00,7766.25,7766.5,7761.25,7761.5,1713
2026-09-28 05:35:00-04:00,7761.5,7765.25,7761.25,7763.5,1111
2026-09-28 05:40:00-04:00,7763.5,7766.75,7763.25,7766.75,1440
2026-09-28 05:45:00-04:00,7767.0,7768.25,7766.5,7767.5,1441
2026-09-28 05:50:00-04:00,7767.75,7769.0,7765.75,7765.75,1425
2026-09-28 05:55:00-04:00,7765.75,7766.75,7763.25,7764.75,1456
2026-09-28 06:00:00-04:00,7764.75,7767.0,7764.0,7766.25,1304
2026-09-28 06:05:00-04:00,7766.25,7766.25,7760.0,7761.25,2268
2026-09-28 06:10:00-04:00,7761.0,7763.5,7757.0,7760.25,3629
2026-09-28 06:15:00-04:00,7760.75,7762.75,7760.25,7760.25,1257
2026-09-28 06:20:00-04:00,7760.25,7762.25,7759.5,7760.25,1101
2026-09-28 06:25:00-04:00,7760.25,7762.0,7759.25,7762.0,1173
2026-09-28 06:30:00-04:00,7761.75,7762.5,7759.5,7761.75,840
2026-09-28 06:35:00-04:00,7762.0,7762.75,7759.5,7760.5,877
2026-09-28 06:40:00-04:00,7760.5,7762.5,7760.25,7760.75,542
2026-09-28 06:45:00-04:00,7761.0,7763.0,7760.75,7762.25,809
2026-09-28 06:50:00-04:00,7762.0,7767.5,7761.5,7764.25,2927
2026-09-28 06:55:00-04:00,7764.25,7764.5,7760.25,7761.5,2254
2026-09-28 07:00:00-04:00,7761.5,7769.75,7761.5,7763.5,9365
2026-09-28 07:05:00-04:00,7763.25,7764.25,7761.0,7764.25,1898
2026-09-28 07:10:00-04:00,7764.25,7765.25,7762.0,7764.0,1287
2026-09-28 07:15:00-04:00,7763.75,7770.75,7762.5,7762.75,6097
2026-09-28 07:20:00-04:00,7763.0,7770.75,7762.5,7770.75,1552
2026-09-28 07:25:00-04:00,7770.5,7770.5,7768.5,7770.25,1176
2026-09-28 07:30:00-04:00,7770.0,7770.25,7766.0,7768.5,1756
2026-09-28 07:35:00-04:00,7768.5,7769.25,7767.0,7768.25,1100
2026-09-28 07:40:00-04:00,7768.25,7769.75,7767.25,7768.75,1807
2026-09-28 07:45:00-04:00,7768.75,7769.75,7767.75,7768.5,1090
2026-09-28 07:50:00-04:00,7768.5,7769.5,7766.25,7767.0,1116
2026-09-28 07:55:00-04:00,7766.75,7770.0,7766.5,7768.25,1045
2026-09-28 08:00:00-04:00,7768.25,7778.5,7762.75,7775.5,9309
2026-09-28 08:05:00-04:00,7775.25,7779.5,7773.5,7776.25,4858
2026-09-28 08:10:00-04:00,7776.25,7779.0,7773.25,7776.25,3116
2026-09-28 08:15:00-04:00,7776.0,7779.25,7775.5,7779.0,2601
2026-09-28 08:20:00-04:00,7778.75,7781.0,7772.75,7776.0,3793
2026-09-28 08:25:00-04:00,7776.0,7781.25,7774.5,7774.5,3496
2026-09-28 08:30:00-04:00,7774.5,7779.0,7773.75,7778.25,2573
2026-09-28 08:35:00-04:00,7778.0,7778.5,7775.25,7776.75,1802
2026-09-28 08:40:00-04:00,7776.75,7778.25,7774.0,7778.25,2506
2026-09-28 08:45:00-04:00,7778.25,7780.5,7776.25,7777.0,2859
2026-09-28 08:50:00-04:00,7777.0,7781.0,7776.5,7780.25,3010
2026-09-28 08:55:00-04:00,7780.25,7781.75,7777.25,7780.75,3117
2026-09-28 09:00:00-04:00,7780.5,7780.5,7774.5,7775.25,3858
2026-09-28 09:05:00-04:00,7775.0,7776.75,7774.0,7776.0,2374
2026-09-28 09:10:00-04:00,7776.0,7777.0,7775.25,7775.75,2700
2026-09-28 09:15:00-04:00,7775.75,7778.25,7773.5,7774.75,5830
2026-09-28 09:20:00-04:00,7774.75,7775.25,7772.0,7773.25,3323
2026-09-28 09:25:00-04:00,7773.25,7774.25,7769.5,7772.75,7086
2026-09-28 09:30:00-04:00,7772.75,7775.25,7763.75,7766.5,30626
2026-09-28 09:35:00-04:00,7766.5,7766.5,7758.75,7764.0,24134
2026-09-28 09:40:00-04:00,7763.75,7766.75,7759.25,7765.0,17879
2026-09-28 09:45:00-04:00,7765.0,7772.75,7762.75,7769.5,23496
2026-09-28 09:50:00-04:00,7769.75,7774.75,7764.5,7771.75,19937
2026-09-28 09:55:00-04:00,7771.75,7773.75,7765.5,7773.0,19867
2026-09-28 10:00:00-04:00,7773.0,7773.75,7766.0,7766.25,15412
2026-09-28 10:05:00-04:00,7766.5,7770.0,7763.75,7767.0,14532
2026-09-28 10:10:00-04:00,7767.0,7767.75,7759.25,7762.0,17505
2026-09-28 10:15:00-04:00,7762.25,7766.5,7760.0,7764.25,17849
2026-09-28 10:20:00-04:00,7764.5,7769.0,7761.25,7766.5,13347
2026-09-28 10:25:00-04:00,7766.5,7767.75,7762.75,7764.0,12645
2026-09-28 10:30:00-04:00,7764.0,7764.25,7760.25,7761.25,12484
2026-09-28 10:35:00-04:00,7761.25,7762.25,7753.0,7753.75,19326
2026-09-28 10:40:00-04:00,7753.75,7755.0,7741.25,7741.75,32480
2026-09-28 10:45:00-04:00,7741.75,7742.25,7726.25,7731.75,40985
2026-09-28 10:50:00-04:00,7731.75,7737.25,7728.0,7728.5,30633
2026-09-28 10:55:00-04:00,7728.5,7733.75,7726.0,7730.75,26417
2026-09-28 11:00:00-04:00,7730.75,7736.75,7730.5,7735.25,24155
2026-09-28 11:05:00-04:00,7735.25,7746.25,7733.0,7746.0,22969
2026-09-28 11:10:00-04:00,7746.25,7747.25,7740.0,7741.0,23011
2026-09-28 11:15:00-04:00,7741.0,7742.0,7737.0,7740.5,17969
2026-09-28 11:20:00-04:00,7740.5,7740.5,7735.5,7738.0,12711
2026-09-28 11:25:00-04:00,7738.0,7742.25,7735.5,7740.25,19274
2026-09-28 11:30:00-04:00,7740.5,7741.25,7736.5,7740.0,13955
2026-09-28 11:35:00-04:00,7740.0,7746.75,7738.75,7746.5,15298
2026-09-28 11:40:00-04:00,7746.5,7746.75,7736.0,7739.0,14433
2026-09-28 11:45:00-04:00,7738.75,7740.0,7736.5,7738.75,10753
2026-09-28 11:50:00-04:00,7738.5,7741.75,7737.5,7741.75,10163
2026-09-28 11:55:00-04:00,7741.75,7745.25,7741.25,7744.25,11472
2026-09-28 12:00:00-04:00,7744.25,7745.75,7741.0,7742.25,11924
2026-09-28 12:05:00-04:00,7742.25,7746.5,7740.75,7745.5,9781
2026-09-28 12:10:00-04:00,7745.5,7748.25,7742.5,7743.25,8462
2026-09-28 12:15:00-04:00,7743.25,7758.5,7743.0,7755.25,35765
2026-09-28 12:20:00-04:00,7755.5,7769.25,7753.5,7768.25,38386
2026-09-28 12:25:00-04:00,7768.25,7786.25,7767.75,7777.0,51814
2026-09-28 12:30:00-04:00,7777.25,7778.0,7764.5,7768.75,30584
2026-09-28 12:35:00-04:00,7768.75,7772.25,7763.75,7765.25,14768
2026-09-28 12:40:00-04:00,7765.25,7767.0,7756.25,7760.25,13320
2026-09-28 12:45:00-04:00,7760.25,7764.75,7756.75,7759.0,15728
2026-09-28 12:50:00-04:00,7759.0,7763.5,7757.0,7762.5,11956
2026-09-28 12:55:00-04:00,7762.5,7763.75,7760.5,7761.5,8246
2026-09-28 13:00:00-04:00,7761.5,7761.75,7756.25,7759.0,10935
2026-09-28 13:05:00-04:00,7759.0,7759.5,7755.0,7756.75,10422
2026-09-28 13:10:00-04:00,7756.75,7783.5,7756.25,7779.75,58592
2026-09-28 13:15:00-04:00,7779.75,7779.75,7763.25,7763.5,24744
2026-09-28 13:20:00-04:00,7763.5,7765.5,7761.0,7764.0,11218
2026-09-28 13:25:00-04:00,7763.75,7765.75,7759.25,7761.25,11214
2026-09-28 13:30:00-04:00,7761.25,7766.0,7759.75,7762.5,9200
2026-09-28 13:35:00-04:00,7762.5,7765.5,7759.0,7762.75,7443
2026-09-28 13:40:00-04:00,7762.75,7764.5,7761.25,7762.75,6337
2026-09-28 13:45:00-04:00,7762.75,7765.25,7760.75,7764.5,7162
2026-09-28 13:50:00-04:00,7764.5,7765.75,7762.0,7765.25,6189
2026-09-28 13:55:00-04:00,7765.5,7766.0,7761.5,7763.75,10819
2026-09-28 14:00:00-04:00,7763.5,7765.5,7759.5,7765.25,8552
2026-09-28 14:05:00-04:00,7765.25,7765.5,7762.0,7763.75,5895
2026-09-28 14:10:00-04:00,7763.75,7766.25,7762.75,7765.5,6585
2026-09-28 14:15:00-04:00,7765.5,7766.5,7760.75,7761.0,6687
2026-09-28 14:20:00-04:00,7761.0,7763.5,7757.5,7759.5,5976
2026-09-28 14:25:00-04:00,7759.5,7761.5,7759.0,7760.0,6394
2026-09-28 14:30:00-04:00,7760.0,7761.25,7756.0,7758.75,12416
2026-09-28 14:35:00-04:00,7758.5,7760.25,7754.0,7755.0,9128
2026-09-28 14:40:00-04:00,7755.0,7762.5,7753.75,7762.0,9669
2026-09-28 14:45:00-04:00,7762.0,7763.75,7758.75,7762.25,11399
2026-09-28 14:50:00-04:00,7762.25,7764.0,7758.25,7761.25,12482
2026-09-28 14:55:00-04:00,7761.0,7762.75,7759.5,7760.75,7490
2026-09-28 15:00:00-04:00,7760.75,7761.25,7753.5,7756.5,12275
2026-09-28 15:05:00-04:00,7756.25,7757.5,7753.75,7754.0,7699
2026-09-28 15:10:00-04:00,7754.0,7754.0,7748.75,7749.5,12848
2026-09-28 15:15:00-04:00,7749.25,7751.75,7747.0,7750.0,14220
2026-09-28 15:20:00-04:00,7750.0,7752.0,7749.0,7751.25,8455
2026-09-28 15:25:00-04:00,7751.25,7753.25,7749.0,7751.0,13177
2026-09-28 15:30:00-04:00,7750.75,7751.5,7746.5,7749.5,16819
2026-09-28 15:35:00-04:00,7749.5,7751.5,7742.0,7742.75,12706
2026-09-28 15:40:00-04:00,7743.0,7747.0,7742.25,7745.5,13154
2026-09-28 15:45:00-04:00,7745.5,7748.25,7743.0,7744.0,13057
2026-09-28 15:50:00-04:00,7744.0,7746.25,7739.5,7739.75,26706
2026-09-28 15:55:00-04:00,7739.75,7748.25,7739.25,7746.5,100589
2026-09-28 16:00:00-04:00,7746.25,7749.0,7745.75,7747.75,19280
2026-09-28 16:05:00-04:00,7748.0,7748.0,7743.25,7745.0,6731
2026-09-28 16:10:00-04:00,7744.75,7745.5,7742.75,7744.0,4012
2026-09-28 16:15:00-04:00,7744.0,7744.75,7742.5,7744.5,2139
2026-09-28 16:20:00-04:00,7744.75,7745.5,7744.0,7744.75,1088
2026-09-28 16:25:00-04:00,7744.75,7746.0,7744.5,7745.75,1204
2026-09-28 16:30:00-04:00,7745.75,7745.75,7744.25,7744.75,1007
2026-09-28 16:35:00-04:00,7744.75,7745.0,7744.25,7744.25,574
2026-09-28 16:40:00-04:00,7744.5,7745.0,7743.25,7743.25,1479
2026-09-28 16:45:00-04:00,7743.25,7744.0,7742.25,7742.5,1124
2026-09-28 16:50:00-04:00,7742.25,7743.0,7740.5,7743.0,1719
2026-09-28 16:55:00-04:00,7742.75,7748.0,7742.75,7746.25,3872
2026-09-28 18:00:00-04:00,7746.5,7748.25,7741.0,7743.0,1162
2026-09-28 18:05:00-04:00,7743.0,7749.5,7742.0,7749.25,895
2026-09-28 18:10:00-04:00,7749.25,7752.75,7747.75,7751.0,643
2026-09-28 18:15:00-04:00,7751.0,7752.5,7749.75,7750.75,792
2026-09-28 18:20:00-04:00,7750.5,7751.0,7749.5,7749.75,194
2026-09-28 18:25:00-04:00,7750.0,7751.5,7749.5,7751.0,244
2026-09-28 18:30:00-04:00,7751.0,7751.5,7749.25,7750.0,292
2026-09-28 18:35:00-04:00,7750.0,7750.5,7749.25,7749.5,165
2026-09-28 18:40:00-04:00,7749.5,7750.0,7749.25,7749.5,220
2026-09-28 18:45:00-04:00,7749.25,7750.0,7748.75,7749.5,190
2026-09-28 18:50:00-04:00,7749.5,7750.5,7749.5,7749.75,135
2026-09-28 18:55:00-04:00,7749.75,7750.5,7749.25,7750.25,137
2026-09-28 19:00:00-04:00,7750.0,7750.25,7749.0,7749.0,202
2026-09-28 19:05:00-04:00,7749.25,7750.25,7749.25,7750.0,131
2026-09-28 19:10:00-04:00,7749.75,7750.25,7748.5,7749.0,204
2026-09-28 19:15:00-04:00,7749.25,7750.5,7749.25,7749.75,202
2026-09-28 19:20:00-04:00,7749.75,7751.75,7749.75,7751.25,223
2026-09-28 19:25:00-04:00,7751.25,7751.25,7750.25,7751.0,117
2026-09-28 19:30:00-04:00,7751.0,7751.25,7749.0,7749.75,531
2026-09-28 19:35:00-04:00,7749.75,7750.25,7748.25,7750.25,188
2026-09-28 19:40:00-04:00,7750.25,7751.25,7749.75,7750.0,134
2026-09-28 19:45:00-04:00,7750.25,7750.25,7745.25,7746.75,792
2026-09-28 19:50:00-04:00,7746.5,7750.75,7746.0,7750.75,625
2026-09-28 19:55:00-04:00,7750.5,7751.0,7747.5,7747.5,672
2026-09-28 20:00:00-04:00,7747.5,7750.75,7745.5,7750.25,1878
2026-09-28 20:05:00-04:00,7750.0,7751.5,7747.5,7749.5,798
2026-09-28 20:10:00-04:00,7749.75,7749.75,7745.75,7748.0,1330
2026-09-28 20:15:00-04:00,7748.0,7749.0,7739.25,7741.5,2329
2026-09-28 20:20:00-04:00,7741.25,7742.75,7739.25,7740.25,1562
2026-09-28 20:25:00-04:00,7740.0,7743.0,7739.75,7740.75,938
2026-09-28 20:30:00-04:00,7740.75,7742.75,7738.0,7742.25,1536
2026-09-28 20:35:00-04:00,7742.25,7744.0,7741.5,7741.5,869
2026-09-28 20:40:00-04:00,7741.5,7743.0,7740.5,7741.75,597
2026-09-28 20:45:00-04:00,7741.5,7741.75,7736.25,7736.5,1065
2026-09-28 20:50:00-04:00,7736.5,7737.75,7736.0,7737.5,839
2026-09-28 20:55:00-04:00,7737.5,7739.0,7735.25,7735.25,816
2026-09-28 21:00:00-04:00,7735.5,7739.5,7735.0,7737.75,1785
2026-09-28 21:05:00-04:00,7737.5,7737.5,7734.0,7736.25,2016
2026-09-28 21:10:00-04:00,7736.25,7736.25,7733.5,7734.5,1485
2026-09-28 21:15:00-04:00,7734.5,7735.5,7729.25,7729.5,3752
2026-09-28 21:20:00-04:00,7729.75,7736.25,7729.5,7734.0,2134
2026-09-28 21:25:00-04:00,7733.75,7736.0,7733.5,7735.5,888
2026-09-28 21:30:00-04:00,7735.75,7739.5,7734.75,7736.25,1343
2026-09-28 21:35:00-04:00,7736.25,7737.25,7735.0,7736.25,806
2026-09-28 21:40:00-04:00,7736.25,7737.75,7735.5,7736.5,785
2026-09-28 21:45:00-04:00,7736.25,7737.0,7734.5,7735.0,744
2026-09-28 21:50:00-04:00,7735.0,7737.0,7734.0,7736.0,513
2026-09-28 21:55:00-04:00,7736.25,7736.75,7735.25,7736.0,409
2026-09-28 22:00:00-04:00,7736.25,7737.0,7735.25,7735.75,1002
2026-09-28 22:05:00-04:00,7735.5,7735.75,7734.0,7735.0,807
2026-09-28 22:10:00-04:00,7734.75,7739.5,7734.5,7737.75,1317
2026-09-28 22:15:00-04:00,7737.75,7740.5,7736.0,7740.5,1870
2026-09-28 22:20:00-04:00,7740.5,7740.5,7735.75,7737.25,2218
2026-09-28 22:25:00-04:00,7737.0,7737.5,7735.5,7737.0,852
2026-09-28 22:30:00-04:00,7737.0,7738.0,7732.5,7733.75,1017
2026-09-28 22:35:00-04:00,7734.0,7735.5,7732.5,7735.0,619
2026-09-28 22:40:00-04:00,7735.25,7735.25,7732.0,7733.5,633
2026-09-28 22:45:00-04:00,7733.5,7735.0,7732.75,7732.75,536
2026-09-28 22:50:00-04:00,7732.5,7733.0,7727.5,7727.75,2919
2026-09-28 22:55:00-04:00,7728.0,7731.25,7727.5,7730.75,1087
2026-09-28 23:00:00-04:00,7731.0,7732.75,7728.25,7728.5,938
2026-09-28 23:05:00-04:00,7728.5,7729.25,7727.0,7727.75,895
2026-09-28 23:10:00-04:00,7727.75,7728.75,7725.5,7726.5,1420
2026-09-28 23:15:00-04:00,7726.5,7732.25,7726.0,7731.75,1099
2026-09-28 23:20:00-04:00,7732.0,7735.0,7731.75,7734.25,1351
2026-09-28 23:25:00-04:00,7734.5,7735.0,7733.25,7733.75,679
2026-09-28 23:30:00-04:00,7733.5,7734.0,7731.5,7733.0,1997
2026-09-28 23:35:00-04:00,7733.25,7734.25,7731.5,7733.5,982
2026-09-28 23:40:00-04:00,7733.5,7736.5,7733.25,7734.5,991
2026-09-28 23:45:00-04:00,7734.5,7734.75,7732.75,7733.0,800
2026-09-28 23:50:00-04:00,7733.25,7733.25,7730.0,7730.25,1040
2026-09-28 23:55:00-04:00,7730.0,7730.25,7725.5,7727.75,3199
2026-09-29 00:00:00-04:00,7727.75,7728.5,7725.25,7726.25,1104
2026-09-29 00:05:00-04:00,7726.25,7727.25,7725.5,7727.0,685
2026-09-29 00:10:00-04:00,7727.0,7727.75,7725.75,7726.75,512
2026-09-29 00:15:00-04:00,7726.75,7728.5,7726.5,7728.25,661
2026-09-29 00:20:00-04:00,7728.5,7729.0,7727.75,7729.0,575
2026-09-29 00:25:00-04:00,7729.0,7729.5,7726.75,7727.0,467
2026-09-29 00:30:00-04:00,7726.75,7728.25,7725.5,7727.75,1033
2026-09-29 00:35:00-04:00,7727.75,7727.75,7726.0,7726.25,463
2026-09-29 00:40:00-04:00,7726.25,7727.25,7725.5,7726.5,415
2026-09-29 00:45:00-04:00,7726.5,7727.0,7725.5,7726.5,576
2026-09-29 00:50:00-04:00,7726.5,7728.5,7726.0,7727.5,642
2026-09-29 00:55:00-04:00,7727.25,7727.5,7726.5,7726.75,388
2026-09-29 01:00:00-04:00,7726.5,7729.5,7726.5,7726.75,846
2026-09-29 01:05:00-04:00,7726.75,7727.5,7725.5,7726.75,742
2026-09-29 01:10:00-04:00,7726.75,7727.5,7724.0,7727.0,1374
2026-09-29 01:15:00-04:00,7727.0,7729.75,7726.0,7728.0,871
2026-09-29 01:20:00-04:00,7728.0,7728.5,7726.75,7727.5,451
2026-09-29 01:25:00-04:00,7727.25,7727.25,7724.0,7725.0,940
2026-09-29 01:30:00-04:00,7724.75,7725.0,7718.5,7719.0,5276
2026-09-29 01:35:00-04:00,7719.0,7723.5,7716.0,7723.5,2431
2026-09-29 01:40:00-04:00,7723.25,7726.0,7721.25,7723.0,1758
2026-09-29 01:45:00-04:00,7722.75,7727.25,7720.75,7726.75,1629
2026-09-29 01:50:00-04:00,7726.5,7728.5,7725.75,7726.75,1885
2026-09-29 01:55:00-04:00,7726.75,7728.5,7726.75,7728.5,1719
2026-09-29 02:00:00-04:00,7728.75,7732.25,7727.75,7731.75,4165
2026-09-29 02:05:00-04:00,7731.5,7735.75,7731.25,7735.25,3324
2026-09-29 02:10:00-04:00,7735.75,7740.25,7735.5,7738.25,1740
2026-09-29 02:15:00-04:00,7738.25,7739.25,7734.75,7735.5,2280
2026-09-29 02:20:00-04:00,7735.75,7738.75,7734.5,7737.75,1623
2026-09-29 02:25:00-04:00,7737.75,7741.5,7737.0,7741.0,1694
2026-09-29 02:30:00-04:00,7741.0,7744.5,7741.0,7744.0,2750
2026-09-29 02:35:00-04:00,7744.0,7744.25,7742.5,7743.5,2026
2026-09-29 02:40:00-04:00,7743.5,7745.25,7743.5,7745.25,1289
2026-09-29 02:45:00-04:00,7745.25,7745.5,7743.75,7745.25,963
2026-09-29 02:50:00-04:00,7745.0,7745.5,7744.0,7744.75,1134
2026-09-29 02:55:00-04:00,7744.5,7744.5,7741.0,7742.75,1279
2026-09-29 03:00:00-04:00,7743.0,7743.25,7738.5,7742.25,2306
2026-09-29 03:05:00-04:00,7742.5,7743.5,7740.5,7743.25,1302
2026-09-29 03:10:00-04:00,7743.25,7743.5,7740.0,7741.5,1891
2026-09-29 03:15:00-04:00,7741.75,7742.5,7740.5,7742.0,1295
2026-09-29 03:20:00-04:00,7742.0,7745.5,7742.0,7745.0,1451
2026-09-29 03:25:00-04:00,7745.25,7748.25,7745.0,7745.5,1988
2026-09-29 03:30:00-04:00,7745.5,7750.0,7745.0,7749.5,1775
2026-09-29 03:35:00-04:00,7749.25,7754.5,7749.0,7751.25,3696
2026-09-29 03:40:00-04:00,7751.25,7751.25,7746.25,7747.25,2024
2026-09-29 03:45:00-04:00,7747.0,7748.0,7745.75,7745.75,1197
2026-09-29 03:50:00-04:00,7745.75,7746.0,7744.25,7744.75,786
2026-09-29 03:55:00-04:00,7744.5,7744.75,7742.25,7742.75,847
2026-09-29 04:00:00-04:00,7742.75,7747.0,7742.5,7743.75,2071
2026-09-29 04:05:00-04:00,7744.0,7745.0,7740.5,7741.25,1687
2026-09-29 04:10:00-04:00,7741.5,7742.75,7740.75,7741.5,1143
2026-09-29 04:15:00-04:00,7741.5,7745.5,7741.25,7745.0,1374
2026-09-29 04:20:00-04:00,7745.25,7748.5,7743.5,7744.5,1888
2026-09-29 04:25:00-04:00,7744.5,7745.25,7742.75,7743.75,1355
2026-09-29 04:30:00-04:00,7743.75,7745.5,7742.75,7743.25,1505
2026-09-29 04:35:00-04:00,7743.25,7747.25,7742.75,7746.75,898
2026-09-29 04:40:00-04:00,7746.5,7748.25,7744.5,7748.25,1217
2026-09-29 04:45:00-04:00,7748.25,7748.75,7747.25,7747.75,1646
2026-09-29 04:50:00-04:00,7748.0,7748.0,7741.0,7741.5,1757
2026-09-29 04:55:00-04:00,7741.5,7745.75,7741.25,7745.25,1215
2026-09-29 05:00:00-04:00,7745.25,7747.25,7742.25,7743.75,2322
2026-09-29 05:05:00-04:00,7743.75,7744.5,7742.0,7744.25,736
2026-09-29 05:10:00-04:00,7744.25,7745.0,7742.5,7742.5,1169
2026-09-29 05:15:00-04:00,7742.5,7743.0,7740.25,7743.0,1054
2026-09-29 05:20:00-04:00,7742.75,7742.75,7738.0,7739.25,1158
2026-09-29 05:25:00-04:00,7739.25,7739.5,7737.75,7738.0,810
2026-09-29 05:30:00-04:00,7737.75,7739.0,7736.25,7738.75,1333
2026-09-29 05:35:00-04:00,7738.75,7739.75,7738.0,7739.25,888
2026-09-29 05:40:00-04:00,7739.25,7742.75,7738.25,7742.75,1365
2026-09-29 05:45:00-04:00,7742.75,7745.5,7741.0,7742.5,2642
2026-09-29 05:50:00-04:00,7742.5,7745.25,7738.75,7742.5,2051
2026-09-29 05:55:00-04:00,7742.5,7743.75,7736.75,7738.5,2255
2026-09-29 06:00:00-04:00,7738.5,7741.75,7738.0,7741.5,1455
2026-09-29 06:05:00-04:00,7741.75,7746.0,7741.5,7745.75,1260
2026-09-29 06:10:00-04:00,7746.0,7747.25,7745.0,7745.0,1403
2026-09-29 06:15:00-04:00,7745.0,7745.0,7742.75,7742.75,1295
2026-09-29 06:20:00-04:00,7742.75,7744.75,7742.5,7743.75,888
2026-09-29 06:25:00-04:00,7743.75,7747.0,7743.5,7747.0,1030
2026-09-29 06:30:00-04:00,7747.25,7748.5,7743.25,7743.75,1842
2026-09-29 06:35:00-04:00,7743.75,7747.0,7743.5,7746.75,779
2026-09-29 06:40:00-04:00,7746.75,7747.25,7745.5,7747.0,327
2026-09-29 06:45:00-04:00,7747.25,7748.75,7746.5,7747.75,1437
2026-09-29 06:50:00-04:00,7748.0,7750.0,7746.5,7749.0,2015
2026-09-29 06:55:00-04:00,7749.0,7753.5,7747.25,7753.25,3546
2026-09-29 07:00:00-04:00,7753.5,7758.5,7753.0,7756.0,3907
2026-09-29 07:05:00-04:00,7756.0,7758.5,7752.75,7753.75,2424
2026-09-29 07:10:00-04:00,7753.5,7753.75,7751.75,7753.5,1554
2026-09-29 07:15:00-04:00,7753.5,7757.25,7753.25,7755.5,2678
2026-09-29 07:20:00-04:00,7755.5,7757.75,7754.5,7757.5,1477
2026-09-29 07:25:00-04:00,7757.75,7759.0,7756.25,7757.25,1499
2026-09-29 07:30:00-04:00,7757.25,7760.25,7756.0,7758.75,2071
2026-09-29 07:35:00-04:00,7758.5,7760.5,7758.5,7759.75,1283
2026-09-29 07:40:00-04:00,7759.75,7760.25,7756.75,7759.0,1578
2026-09-29 07:45:00-04:00,7758.75,7770.75,7755.25,7766.0,7107
2026-09-29 07:50:00-04:00,7766.25,7767.5,7760.0,7763.0,4822
2026-09-29 07:55:00-04:00,7763.25,7764.25,7762.25,7763.0,2333
2026-09-29 08:00:00-04:00,7763.0,7767.25,7762.75,7766.25,2833
2026-09-29 08:05:00-04:00,7766.25,7766.25,7763.25,7763.75,1845
2026-09-29 08:10:00-04:00,7764.0,7766.0,7763.0,7763.75,2261
2026-09-29 08:15:00-04:00,7764.0,7767.0,7762.0,7762.75,3269
2026-09-29 08:20:00-04:00,7762.75,7763.75,7759.0,7760.0,2573
2026-09-29 08:25:00-04:00,7760.0,7760.0,7755.75,7759.25,3545
2026-09-29 08:30:00-04:00,7759.0,7760.0,7756.75,7758.25,2629
2026-09-29 08:35:00-04:00,7758.0,7758.75,7755.75,7756.0,2097
2026-09-29 08:40:00-04:00,7756.0,7758.5,7755.5,7757.75,2721
2026-09-29 08:45:00-04:00,7758.0,7758.0,7753.5,7755.75,2803
2026-09-29 08:50:00-04:00,7755.75,7756.0,7753.0,7753.5,1688
2026-09-29 08:55:00-04:00,7753.75,7754.25,7751.75,7752.5,2123
2026-09-29 09:00:00-04:00,7752.75,7755.75,7752.25,7753.25,3322
2026-09-29 09:05:00-04:00,7753.0,7756.25,7752.75,7756.25,2526
2026-09-29 09:10:00-04:00,7756.5,7757.75,7755.0,7757.5,2463
2026-09-29 09:15:00-04:00,7757.5,7757.75,7754.75,7755.25,3339
2026-09-29 09:20:00-04:00,7755.0,7756.5,7753.75,7755.5,2260
2026-09-29 09:25:00-04:00,7755.25,7759.0,7755.25,7757.5,6561
2026-09-29 09:30:00-04:00,7757.5,7758.5,7740.75,7743.25,33602
2026-09-29 09:35:00-04:00,7743.25,7747.75,7742.25,7747.75,21662
2026-09-29 09:40:00-04:00,7748.0,7749.0,7739.0,7740.5,19239
2026-09-29 09:45:00-04:00,7740.5,7744.75,7735.75,7739.5,22701
2026-09-29 09:50:00-04:00,7739.5,7744.75,7738.0,7741.75,18131
2026-09-29 09:55:00-04:00,7742.0,7746.0,7734.75,7736.25,16909
2026-09-29 10:00:00-04:00,7736.25,7745.75,7736.0,7738.5,22038
2026-09-29 10:05:00-04:00,7738.25,7740.75,7735.25,7739.75,14031
2026-09-29 10:10:00-04:00,7739.5,7744.25,7735.75,7741.0,15971
2026-09-29 10:15:00-04:00,7741.0,7745.25,7737.5,7743.5,22315
2026-09-29 10:20:00-04:00,7743.75,7745.25,7737.0,7739.25,30889
2026-09-29 10:25:00-04:00,7739.25,7747.0,7738.75,7742.0,15631
2026-09-29 10:30:00-04:00,7742.0,7745.75,7738.25,7742.25,14145
2026-09-29 10:35:00-04:00,7742.25,7743.5,7738.5,7742.5,11906
2026-09-29 10:40:00-04:00,7742.5,7746.75,7737.25,7740.0,18309
2026-09-29 10:45:00-04:00,7740.0,7741.75,7733.25,7734.25,13951
2026-09-29 10:50:00-04:00,7734.0,7744.75,7733.75,7744.25,13848
2026-09-29 10:55:00-04:00,7744.5,7745.0,7737.0,7737.75,12239
2026-09-29 11:00:00-04:00,7737.75,7738.25,7731.0,7731.5,20992
2026-09-29 11:05:00-04:00,7731.25,7733.25,7727.5,7729.75,19873
2026-09-29 11:10:00-04:00,7729.5,7731.5,7724.5,7730.75,14924
2026-09-29 11:15:00-04:00,7730.5,7732.5,7721.75,7722.0,16649
2026-09-29 11:20:00-04:00,7721.75,7722.75,7715.25,7717.75,24175
2026-09-29 11:25:00-04:00,7718.0,7720.5,7714.5,7718.5,21845
2026-09-29 11:30:00-04:00,7718.5,7728.0,7717.5,7727.0,22007
2026-09-29 11:35:00-04:00,7727.25,7730.75,7725.5,7727.75,16044
2026-09-29 11:40:00-04:00,7727.75,7728.25,7723.5,7726.5,13003
2026-09-29 11:45:00-04:00,7726.75,7732.25,7722.25,7728.25,32739
2026-09-29 11:50:00-04:00,7728.25,7730.25,7718.0,7720.0,16754
2026-09-29 11:55:00-04:00,7720.0,7722.25,7718.5,7722.25,12701
2026-09-29 12:00:00-04:00,7722.25,7722.25,7715.5,7716.5,14698
2026-09-29 12:05:00-04:00,7716.5,7723.0,7715.25,7721.5,13016
2026-09-29 12:10:00-04:00,7721.75,7723.5,7717.25,7718.75,9518
2026-09-29 12:15:00-04:00,7718.5,7721.25,7718.0,7720.5,8946
2026-09-29 12:20:00-04:00,7720.75,7723.5,7717.75,7720.25,9146
2026-09-29 12:25:00-04:00,7720.25,7724.75,7720.0,7723.0,8207
2026-09-29 12:30:00-04:00,7723.0,7723.0,7720.0,7721.25,9332
2026-09-29 12:35:00-04:00,7721.0,7723.75,7721.0,7723.25,7474
2026-09-29 12:40:00-04:00,7723.0,7723.25,7715.25,7715.5,12743
2026-09-29 12:45:00-04:00,7715.5,7720.5,7713.0,7719.25,14569
2026-09-29 12:50:00-04:00,7719.0,7722.25,7717.5,7719.5,10381
2026-09-29 12:55:00-04:00,7719.5,7719.5,7714.25,7718.5,9832
2026-09-29 13:00:00-04:00,7718.5,7718.5,7712.25,7715.75,10465
2026-09-29 13:05:00-04:00,7715.5,7716.75,7714.0,7714.25,7304
2026-09-29 13:10:00-04:00,7714.25,7718.0,7713.5,7716.5,7836
2026-09-29 13:15:00-04:00,7716.5,7717.25,7712.25,7714.5,7805
2026-09-29 13:20:00-04:00,7714.5,7719.25,7713.0,7719.25,8164
2026-09-29 13:25:00-04:00,7719.25,7720.75,7717.75,7719.75,8842
2026-09-29 13:30:00-04:00,7719.75,7722.0,7718.0,7721.25,7297
2026-09-29 13:35:00-04:00,7721.25,7722.25,7719.25,7720.75,6186
2026-09-29 13:40:00-04:00,7720.75,7722.25,7717.0,7721.75,8013
2026-09-29 13:45:00-04:00,7721.75,7723.75,7719.0,7719.5,10111
2026-09-29 13:50:00-04:00,7719.5,7720.5,7714.5,7716.5,8781
2026-09-29 13:55:00-04:00,7716.25,7716.5,7712.5,7715.0,9939
2026-09-29 14:00:00-04:00,7715.25,7727.75,7715.0,7726.0,38547
2026-09-29 14:05:00-04:00,7726.0,7729.25,7718.75,7719.0,18290
2026-09-29 14:10:00-04:00,7719.25,7727.5,7718.5,7726.5,13882
2026-09-29 14:15:00-04:00,7726.5,7729.0,7725.5,7728.0,11549
2026-09-29 14:20:00-04:00,7728.0,7733.0,7726.75,7728.0,15222
2026-09-29 14:25:00-04:00,7728.0,7731.0,7727.0,7728.0,10585
2026-09-29 14:30:00-04:00,7728.25,7732.75,7724.25,7727.25,17357
2026-09-29 14:35:00-04:00,7727.0,7738.0,7726.25,7737.5,16000
2026-09-29 14:40:00-04:00,7737.5,7742.0,7735.0,7737.25,18499
2026-09-29 14:45:00-04:00,7737.25,7738.5,7732.5,7735.25,10043
2026-09-29 14:50:00-04:00,7735.25,7736.75,7733.75,7734.5,7097
2026-09-29 14:55:00-04:00,7734.5,7737.75,7733.25,7737.25,8825
2026-09-29 15:00:00-04:00,7737.25,7739.25,7735.75,7739.0,11715
2026-09-29 15:05:00-04:00,7738.75,7739.25,7735.75,7736.0,8788
2026-09-29 15:10:00-04:00,7735.75,7737.0,7731.75,7732.25,8470
2026-09-29 15:15:00-04:00,7732.5,7734.5,7731.25,7733.75,9448
2026-09-29 15:20:00-04:00,7733.75,7737.0,7732.25,7734.5,10820
2026-09-29 15:25:00-04:00,7734.5,7735.75,7733.0,7734.75,8005
2026-09-29 15:30:00-04:00,7734.75,7737.25,7732.5,7734.5,8745
2026-09-29 15:35:00-04:00,7734.5,7735.75,7733.25,7734.0,6710
2026-09-29 15:40:00-04:00,7734.0,7734.25,7729.0,7730.0,11704
2026-09-29 15:45:00-04:00,7730.25,7732.5,7728.0,7731.25,11382
2026-09-29 15:50:00-04:00,7731.25,7737.5,7730.25,7735.0,18851
2026-09-29 15:55:00-04:00,7735.25,7735.25,7727.0,7732.5,112928
2026-09-29 16:00:00-04:00,7732.5,7738.75,7732.0,7736.25,22203
2026-09-29 16:05:00-04:00,7736.0,7736.25,7733.75,7735.0,4555
2026-09-29 16:10:00-04:00,7735.0,7737.0,7734.25,7735.75,3117
2026-09-29 16:15:00-04:00,7735.75,7736.5,7734.75,7736.25,2201
2026-09-29 16:20:00-04:00,7736.5,7736.75,7735.25,7736.25,1555
2026-09-29 16:25:00-04:00,7736.25,7738.5,7735.75,7738.25,2728
2026-09-29 16:30:00-04:00,7738.25,7740.0,7737.5,7739.75,1355
2026-09-29 16:35:00-04:00,7740.0,7740.5,7738.25,7740.25,1548
2026-09-29 16:40:00-04:00,7740.25,7741.25,7739.75,7741.0,1259
2026-09-29 16:45:00-04:00,7740.75,7741.0,7739.25,7739.75,938
2026-09-29 16:50:00-04:00,7739.75,7739.75,7738.25,7739.25,713
2026-09-29 16:55:00-04:00,7739.25,7739.5,7737.5,7738.25,1815
2026-09-29 18:00:00-04:00,7739.0,7744.5,7738.0,7744.0,751
2026-09-29 18:05:00-04:00,7743.5,7746.0,7743.25,7745.75,823
2026-09-29 18:10:00-04:00,7745.75,7747.0,7744.5,7744.75,411
2026-09-29 18:15:00-04:00,7744.5,7748.5,7744.5,7748.0,875
2026-09-29 18:20:00-04:00,7748.25,7749.25,7745.75,7746.0,638
2026-09-29 18:25:00-04:00,7746.0,7746.75,7742.75,7743.75,978
2026-09-29 18:30:00-04:00,7743.5,7744.25,7740.5,7742.5,1166
2026-09-29 18:35:00-04:00,7742.75,7743.25,7741.75,7742.25,261
2026-09-29 18:40:00-04:00,7742.5,7743.25,7742.25,7743.0,226
2026-09-29 18:45:00-04:00,7742.75,7742.75,7742.0,7742.75,146
2026-09-29 18:50:00-04:00,7742.5,7743.5,7742.25,7742.75,232
2026-09-29 18:55:00-04:00,7742.75,7743.0,7742.0,7742.25,247
2026-09-29 19:00:00-04:00,7742.5,7743.0,7741.75,7742.0,382
2026-09-29 19:05:00-04:00,7742.0,7743.0,7741.75,7742.75,240
2026-09-29 19:10:00-04:00,7742.75,7744.0,7742.75,7743.75,273
2026-09-29 19:15:00-04:00,7743.75,7744.5,7743.5,7743.75,207
2026-09-29 19:20:00-04:00,7744.0,7744.0,7743.0,7743.5,197
2026-09-29 19:25:00-04:00,7743.5,7745.0,7743.25,7744.75,135
2026-09-29 19:30:00-04:00,7744.75,7745.75,7743.75,7745.5,230
2026-09-29 19:35:00-04:00,7745.75,7748.25,7745.75,7747.75,602
2026-09-29 19:40:00-04:00,7747.75,7748.25,7746.5,7747.0,457
2026-09-29 19:45:00-04:00,7747.25,7749.75,7746.75,7749.0,802
2026-09-29 19:50:00-04:00,7748.75,7749.5,7747.75,7749.0,357
2026-09-29 19:55:00-04:00,7749.0,7750.75,7749.0,7750.75,704
2026-09-29 20:00:00-04:00,7750.5,7750.5,7749.0,7750.0,1484
2026-09-29 20:05:00-04:00,7749.75,7755.75,7749.5,7752.25,1777
2026-09-29 20:10:00-04:00,7752.5,7753.25,7750.75,7752.75,884
2026-09-29 20:15:00-04:00,7752.5,7753.75,7749.25,7749.75,1888
2026-09-29 20:20:00-04:00,7750.0,7750.25,7748.75,7749.0,1172
2026-09-29 20:25:00-04:00,7749.25,7749.75,7747.0,7748.0,802
2026-09-29 20:30:00-04:00,7747.75,7749.75,7747.5,7749.5,446
2026-09-29 20:35:00-04:00,7749.5,7749.5,7744.75,7745.0,998
2026-09-29 20:40:00-04:00,7745.0,7746.5,7744.75,7745.5,478
2026-09-29 20:45:00-04:00,7745.5,7745.75,7742.75,7743.75,1053
2026-09-29 20:50:00-04:00,7743.75,7744.0,7742.25,7742.75,655
2026-09-29 20:55:00-04:00,7742.75,7745.0,7742.75,7744.5,589
2026-09-29 21:00:00-04:00,7744.25,7745.75,7743.5,7744.75,928
2026-09-29 21:05:00-04:00,7744.75,7745.0,7742.25,7743.5,699
2026-09-29 21:10:00-04:00,7743.5,7743.75,7741.25,7742.5,894
2026-09-29 21:15:00-04:00,7742.5,7743.25,7742.25,7743.0,521
2026-09-29 21:20:00-04:00,7742.75,7743.75,7741.5,7742.25,551
2026-09-29 21:25:00-04:00,7742.0,7742.5,7740.75,7740.75,526
2026-09-29 21:30:00-04:00,7741.0,7745.25,7740.5,7744.5,1158
2026-09-29 21:35:00-04:00,7744.5,7746.0,7741.75,7743.0,1386
2026-09-29 21:40:00-04:00,7743.0,7745.25,7743.0,7744.0,711
2026-09-29 21:45:00-04:00,7744.25,7745.25,7743.25,7745.0,450
2026-09-29 21:50:00-04:00,7745.0,7746.0,7744.0,7745.75,420
2026-09-29 21:55:00-04:00,7745.75,7746.75,7744.75,7746.75,784
2026-09-29 22:00:00-04:00,7746.75,7748.75,7746.75,7747.0,1033
2026-09-29 22:05:00-04:00,7747.25,7747.75,7744.5,7745.0,1454
2026-09-29 22:10:00-04:00,7745.0,7745.5,7742.25,7744.75,1302
2026-09-29 22:15:00-04:00,7744.75,7747.75,7744.5,7746.75,1123
2026-09-29 22:20:00-04:00,7746.5,7748.25,7746.0,7746.75,737
2026-09-29 22:25:00-04:00,7746.75,7747.0,7745.25,7746.0,642
2026-09-29 22:30:00-04:00,7745.75,7746.5,7742.25,7742.5,868
2026-09-29 22:35:00-04:00,7742.5,7744.25,7741.25,7742.5,720
2026-09-29 22:40:00-04:00,7742.25,7743.25,7741.25,7743.25,541
2026-09-29 22:45:00-04:00,7743.0,7746.75,7742.5,7745.25,811
2026-09-29 22:50:00-04:00,7745.0,7746.0,7744.5,7745.5,418
2026-09-29 22:55:00-04:00,7745.75,7746.0,7742.0,7743.25,488
2026-09-29 23:00:00-04:00,7743.25,7745.5,7743.25,7745.0,589
2026-09-29 23:05:00-04:00,7745.25,7745.25,7742.75,7743.75,427
2026-09-29 23:10:00-04:00,7743.5,7744.25,7742.5,7743.25,541
2026-09-29 23:15:00-04:00,7743.5,7744.5,7743.0,7743.75,340
2026-09-29 23:20:00-04:00,7743.5,7744.75,7743.0,7743.75,369
2026-09-29 23:25:00-04:00,7743.75,7744.75,7742.75,7744.5,293
2026-09-29 23:30:00-04:00,7744.5,7748.5,7743.75,7747.5,916
2026-09-29 23:35:00-04:00,7747.5,7750.5,7745.75,7749.25,900
2026-09-29 23:40:00-04:00,7749.0,7750.25,7747.75,7748.0,471
2026-09-29 23:45:00-04:00,7748.25,7749.5,7747.25,7748.75,467
2026-09-29 23:50:00-04:00,7749.0,7750.0,7748.25,7749.75,251
2026-09-29 23:55:00-04:00,7749.5,7750.0,7748.75,7749.25,292
2026-09-30 00:00:00-04:00,7749.25,7750.5,7748.5,7750.5,463
2026-09-30 00:05:00-04:00,7750.25,7751.0,7748.75,7749.5,583
2026-09-30 00:10:00-04:00,7749.5,7750.75,7749.25,7750.25,428
2026-09-30 00:15:00-04:00,7750.5,7751.25,7749.75,7750.75,444
2026-09-30 00:20:00-04:00,7750.75,7751.25,7749.25,7750.25,442
2026-09-30 00:25:00-04:00,7750.25,7751.5,7750.25,7750.75,300
2026-09-30 00:30:00-04:00,7750.75,7753.25,7749.75,7752.0,608
2026-09-30 00:35:00-04:00,7752.0,7753.25,7752.0,7752.75,405
2026-09-30 00:40:00-04:00,7752.75,7753.25,7752.0,7752.25,568
2026-09-30 00:45:00-04:00,7752.25,7752.5,7750.75,7751.25,408
2026-09-30 00:50:00-04:00,7751.0,7751.0,7749.0,7749.25,532
2026-09-30 00:55:00-04:00,7749.0,7750.25,7748.5,7750.0,528
2026-09-30 01:00:00-04:00,7750.25,7752.0,7748.25,7748.5,1066
2026-09-30 01:05:00-04:00,7748.25,7748.75,7747.0,7748.25,577
2026-09-30 01:10:00-04:00,7748.25,7748.25,7744.5,7744.5,1157
2026-09-30 01:15:00-04:00,7744.5,7745.5,7741.25,7745.5,1495
2026-09-30 01:20:00-04:00,7745.5,7746.75,7744.75,7746.25,474
2026-09-30 01:25:00-04:00,7746.25,7746.5,7743.5,7746.0,507
2026-09-30 01:30:00-04:00,7745.75,7748.0,7745.75,7747.75,782
2026-09-30 01:35:00-04:00,7747.5,7749.5,7745.25,7745.25,1342
2026-09-30 01:40:00-04:00,7745.25,7746.75,7744.5,7745.75,855
2026-09-30 01:45:00-04:00,7745.75,7747.0,7743.5,7744.5,1131
2026-09-30 01:50:00-04:00,7744.5,7745.0,7741.75,7742.0,765
2026-09-30 01:55:00-04:00,7742.0,7750.0,7741.25,7746.25,2547
2026-09-30 02:00:00-04:00,7746.0,7749.0,7744.0,7745.5,1621
2026-09-30 02:05:00-04:00,7745.5,7746.75,7744.0,7745.25,746
2026-09-30 02:10:00-04:00,7745.5,7747.0,7744.0,7744.0,654
2026-09-30 02:15:00-04:00,7744.25,7747.0,7744.0,7745.75,727
2026-09-30 02:20:00-04:00,7745.75,7747.0,7745.0,7745.25,664
2026-09-30 02:25:00-04:00,7745.0,7745.25,7742.0,7742.75,797
2026-09-30 02:30:00-04:00,7742.5,7743.25,7738.75,7739.0,1624
2026-09-30 02:35:00-04:00,7739.25,7740.25,7736.5,7737.25,2147
2026-09-30 02:40:00-04:00,7737.0,7739.0,7735.25,7738.75,970
2026-09-30 02:45:00-04:00,7738.5,7738.5,7734.0,7736.75,1637
2026-09-30 02:50:00-04:00,7737.0,7741.0,7736.75,7740.25,1120
2026-09-30 02:55:00-04:00,7740.25,7743.25,7739.0,7739.25,1012
2026-09-30 03:00:00-04:00,7739.0,7745.5,7738.25,7745.25,2542
2026-09-30 03:05:00-04:00,7745.25,7748.0,7744.5,7745.5,2579
2026-09-30 03:10:00-04:00,7745.75,7749.5,7745.5,7749.0,1762
2026-09-30 03:15:00-04:00,7749.0,7755.25,7748.75,7753.5,3226
2026-09-30 03:20:00-04:00,7753.5,7754.75,7751.75,7753.0,1805
2026-09-30 03:25:00-04:00,7752.75,7753.5,7748.25,7749.25,2388
2026-09-30 03:30:00-04:00,7749.25,7751.75,7748.5,7751.25,1327
2026-09-30 03:35:00-04:00,7751.25,7753.5,7751.25,7753.25,1115
2026-09-30 03:40:00-04:00,7753.25,7754.5,7751.75,7751.75,1183
2026-09-30 03:45:00-04:00,7751.5,7754.0,7751.5,7753.75,990
2026-09-30 03:50:00-04:00,7753.75,7755.25,7753.0,7753.5,912
2026-09-30 03:55:00-04:00,7753.75,7754.5,7752.5,7754.0,864
2026-09-30 04:00:00-04:00,7753.75,7756.5,7752.5,7753.75,2007
2026-09-30 04:05:00-04:00,7753.5,7753.75,7749.5,7750.5,1672
2026-09-30 04:10:00-04:00,7750.75,7751.75,7748.75,7749.5,1389
2026-09-30 04:15:00-04:00,7749.5,7751.75,7748.0,7749.0,1018
2026-09-30 04:20:00-04:00,7749.0,7750.75,7748.75,7750.75,523
2026-09-30 04:25:00-04:00,7750.75,7752.25,7750.0,7751.0,906
2026-09-30 04:30:00-04:00,7751.25,7752.75,7748.5,7752.25,981
2026-09-30 04:35:00-04:00,7752.0,7752.5,7749.25,7749.25,802
2026-09-30 04:40:00-04:00,7749.5,7749.75,7745.75,7746.25,1466
2026-09-30 04:45:00-04:00,7746.25,7749.25,7745.75,7748.75,1029
2026-09-30 04:50:00-04:00,7748.75,7748.75,7745.25,7745.25,1074
2026-09-30 04:55:00-04:00,7745.25,7746.0,7743.0,7743.25,1243
2026-09-30 05:00:00-04:00,7743.0,7744.0,7741.75,7743.5,1511
2026-09-30 05:05:00-04:00,7743.5,7743.75,7737.75,7739.25,4102
2026-09-30 05:10:00-04:00,7739.25,7744.25,7739.0,7744.25,1493
2026-09-30 05:15:00-04:00,7744.25,7745.25,7742.25,7743.25,1504
2026-09-30 05:20:00-04:00,7743.25,7743.75,7741.0,7741.75,1236
2026-09-30 05:25:00-04:00,7741.75,7742.25,7740.0,7741.0,1616
2026-09-30 05:30:00-04:00,7741.0,7746.0,7741.0,7744.25,1330
2026-09-30 05:35:00-04:00,7744.0,7744.0,7740.0,7740.5,751
2026-09-30 05:40:00-04:00,7740.75,7741.0,7737.25,7739.0,1379
2026-09-30 05:45:00-04:00,7739.25,7740.25,7738.5,7739.25,1009
2026-09-30 05:50:00-04:00,7739.25,7740.25,7738.75,7739.5,994
2026-09-30 05:55:00-04:00,7739.5,7740.75,7739.25,7740.5,1034
2026-09-30 06:00:00-04:00,7740.25,7740.5,7737.75,7737.75,1164
2026-09-30 06:05:00-04:00,7737.75,7738.75,7736.5,7737.0,1059
2026-09-30 06:10:00-04:00,7737.0,7737.5,7734.25,7734.5,2327
2026-09-30 06:15:00-04:00,7734.5,7738.5,7733.0,7736.0,3105
2026-09-30 06:20:00-04:00,7735.5,7738.0,7735.0,7737.5,1200
2026-09-30 06:25:00-04:00,7737.25,7738.5,7734.75,7734.75,826
2026-09-30 06:30:00-04:00,7735.0,7735.5,7733.25,7734.0,1234
2026-09-30 06:35:00-04:00,7734.25,7735.5,7732.5,7735.25,1237
2026-09-30 06:40:00-04:00,7735.25,7736.0,7733.5,7734.25,897
2026-09-30 06:45:00-04:00,7734.25,7734.5,7733.0,7733.5,638
2026-09-30 06:50:00-04:00,7733.5,7735.5,7733.0,7734.75,953
2026-09-30 06:55:00-04:00,7734.75,7736.5,7733.0,7733.25,1651
2026-09-30 07:00:00-04:00,7733.0,7733.0,7728.75,7729.25,2709
2026-09-30 07:05:00-04:00,7729.5,7730.5,7725.0,7725.5,2389
2026-09-30 07:10:00-04:00,7725.5,7725.75,7720.75,7723.75,4015
2026-09-30 07:15:00-04:00,7723.5,7723.75,7719.75,7720.0,2281
2026-09-30 07:20:00-04:00,7720.25,7730.5,7719.5,7730.5,2788
2026-09-30 07:25:00-04:00,7730.25,7734.25,7730.25,7732.5,2586
2026-09-30 07:30:00-04:00,7732.5,7735.75,7731.75,7735.25,2224
2026-09-30 07:35:00-04:00,7735.5,7736.0,7733.75,7734.75,1298
2026-09-30 07:40:00-04:00,7735.0,7735.0,7731.75,7733.25,1498
2026-09-30 07:45:00-04:00,7733.25,7735.75,7726.75,7727.75,5017
2026-09-30 07:50:00-04:00,7727.75,7731.5,7725.5,7731.25,2150
2026-09-30 07:55:00-04:00,7731.25,7736.5,7730.75,7736.0,2642
2026-09-30 08:00:00-04:00,7735.5,7738.0,7731.5,7734.0,3263
2026-09-30 08:05:00-04:00,7734.0,7734.5,7730.75,7732.25,1224
2026-09-30 08:10:00-04:00,7732.0,7735.75,7731.5,7735.5,1199
2026-09-30 08:15:00-04:00,7735.0,7735.75,7728.75,7731.25,3456
2026-09-30 08:20:00-04:00,7731.25,7738.25,7731.25,7738.25,2533
2026-09-30 08:25:00-04:00,7738.0,7745.0,7736.25,7744.0,4055
2026-09-30 08:30:00-04:00,7743.25,7771.25,7741.5,7764.25,27803
2026-09-30 08:35:00-04:00,7764.25,7766.75,7753.5,7755.25,15124
2026-09-30 08:40:00-04:00,7755.25,7763.5,7755.25,7758.5,11719
2026-09-30 08:45:00-04:00,7758.5,7760.25,7750.5,7754.0,13300
2026-09-30 08:50:00-04:00,7754.25,7760.5,7751.5,7759.5,5906
2026-09-30 08:55:00-04:00,7759.25,7759.75,7753.75,7754.5,5544
2026-09-30 09:00:00-04:00,7754.5,7761.25,7754.25,7761.0,6469
2026-09-30 09:05:00-04:00,7761.25,7764.0,7758.5,7760.5,6921
2026-09-30 09:10:00-04:00,7760.25,7763.0,7756.75,7757.75,6052
2026-09-30 09:15:00-04:00,7757.5,7759.25,7752.5,7752.5,5229
2026-09-30 09:20:00-04:00,7752.75,7754.25,7748.75,7752.5,7723
2026-09-30 09:25:00-04:00,7752.25,7757.5,7750.0,7751.75,9341
2026-09-30 09:30:00-04:00,7751.75,7760.75,7748.75,7755.0,33650
2026-09-30 09:35:00-04:00,7755.0,7757.25,7749.0,7756.5,23187
2026-09-30 09:40:00-04:00,7756.25,7758.5,7750.75,7754.25,15064
2026-09-30 09:45:00-04:00,7754.25,7759.75,7748.0,7759.0,26977
2026-09-30 09:50:00-04:00,7759.0,7761.75,7752.5,7761.0,23500
2026-09-30 09:55:00-04:00,7761.0,7767.75,7758.0,7767.5,26765
2026-09-30 10:00:00-04:00,7767.25,7775.0,7767.0,7773.75,32730
2026-09-30 10:05:00-04:00,7773.75,7779.5,7772.0,7773.25,29298
2026-09-30 10:10:00-04:00,7773.25,7773.75,7767.0,7769.0,23314
2026-09-30 10:15:00-04:00,7769.25,7776.0,7769.25,7775.5,26048
2026-09-30 10:20:00-04:00,7775.5,7779.0,7771.5,7772.0,21652
2026-09-30 10:25:00-04:00,7772.0,7772.5,7762.5,7766.0,25603
2026-09-30 10:30:00-04:00,7766.25,7770.25,7761.5,7763.25,25291
2026-09-30 10:35:00-04:00,7763.25,7767.5,7760.25,7764.75,21802
2026-09-30 10:40:00-04:00,7764.75,7771.75,7760.75,7764.0,20919
2026-09-30 10:45:00-04:00,7764.0,7774.5,7763.25,7774.25,18425
2026-09-30 10:50:00-04:00,7774.25,7782.0,7772.0,7780.0,27786
2026-09-30 10:55:00-04:00,7780.0,7781.25,7772.75,7772.75,20496
2026-09-30 11:00:00-04:00,7773.0,7773.25,7767.5,7773.0,26176
2026-09-30 11:05:00-04:00,7772.75,7773.5,7766.25,7772.5,18676
2026-09-30 11:10:00-04:00,7772.5,7774.25,7764.5,7769.5,26402
2026-09-30 11:15:00-04:00,7769.25,7777.0,7769.0,7772.25,14337
2026-09-30 11:20:00-04:00,7772.25,7772.5,7766.25,7768.5,15493
2026-09-30 11:25:00-04:00,7768.5,7775.25,7766.0,7775.25,15751
2026-09-30 11:30:00-04:00,7775.0,7778.0,7773.5,7774.0,19097
2026-09-30 11:35:00-04:00,7774.0,7776.0,7770.25,7774.0,13225
2026-09-30 11:40:00-04:00,7774.0,7776.0,7766.0,7767.5,17085
2026-09-30 11:45:00-04:00,7767.5,7780.0,7766.0,7779.5,16650
2026-09-30 11:50:00-04:00,7779.25,7780.25,7769.5,7769.75,18011
2026-09-30 11:55:00-04:00,7769.75,7775.0,7768.25,7774.75,13948
2026-09-30 12:00:00-04:00,7774.75,7777.75,7772.25,7776.25,18137
2026-09-30 12:05:00-04:00,7776.5,7778.25,7774.75,7775.5,9849
2026-09-30 12:10:00-04:00,7775.5,7778.5,7774.0,7777.5,11166
2026-09-30 12:15:00-04:00,7777.5,7777.75,7769.0,7772.0,13057
2026-09-30 12:20:00-04:00,7771.75,7772.5,7769.75,7770.25,7929
2026-09-30 12:25:00-04:00,7770.25,7771.0,7767.25,7767.5,8301
2026-09-30 12:30:00-04:00,7767.5,7768.25,7765.0,7767.5,13053
2026-09-30 12:35:00-04:00,7767.5,7768.0,7763.75,7766.5,9351
2026-09-30 12:40:00-04:00,7766.25,7772.5,7765.75,7771.25,10236
2026-09-30 12:45:00-04:00,7771.0,7771.0,7764.25,7765.5,9795
2026-09-30 12:50:00-04:00,7765.75,7768.5,7765.5,7767.0,6775
2026-09-30 12:55:00-04:00,7767.0,7770.25,7765.5,7769.75,7554
2026-09-30 13:00:00-04:00,7769.5,7772.0,7768.75,7769.75,9169
2026-09-30 13:05:00-04:00,7769.75,7772.25,7769.5,7770.0,7359
2026-09-30 13:10:00-04:00,7770.0,7770.5,7763.25,7764.25,10000
2026-09-30 13:15:00-04:00,7764.25,7764.25,7755.0,7755.25,23020
2026-09-30 13:20:00-04:00,7755.25,7759.0,7753.25,7757.25,15167
2026-09-30 13:25:00-04:00,7757.25,7757.75,7749.5,7757.25,17411
2026-09-30 13:30:00-04:00,7757.25,7761.0,7756.75,7759.0,13695
2026-09-30 13:35:00-04:00,7759.25,7762.5,7757.5,7762.0,11641
2026-09-30 13:40:00-04:00,7762.25,7764.75,7760.25,7762.25,11963
2026-09-30 13:45:00-04:00,7762.5,7766.25,7759.5,7766.25,13934
2026-09-30 13:50:00-04:00,7766.25,7767.25,7763.0,7764.75,10659
2026-09-30 13:55:00-04:00,7764.75,7765.0,7762.75,7764.5,8813
2026-09-30 14:00:00-04:00,7764.5,7764.75,7759.0,7760.75,11357
2026-09-30 14:05:00-04:00,7761.0,7761.75,7756.0,7759.5,11871
2026-09-30 14:10:00-04:00,7759.5,7763.0,7758.5,7761.0,11109
2026-09-30 14:15:00-04:00,7760.75,7761.25,7757.0,7757.25,8653
2026-09-30 14:20:00-04:00,7757.5,7758.0,7753.5,7753.5,10617
2026-09-30 14:25:00-04:00,7753.5,7756.0,7750.5,7755.0,14710
2026-09-30 14:30:00-04:00,7755.25,7756.0,7748.25,7749.75,15138
2026-09-30 14:35:00-04:00,7749.75,7756.5,7749.0,7755.5,12937
2026-09-30 14:40:00-04:00,7755.5,7757.0,7754.5,7756.0,8594
2026-09-30 14:45:00-04:00,7756.0,7756.5,7748.75,7750.0,9440
2026-09-30 14:50:00-04:00,7750.0,7751.5,7747.25,7749.5,11482
2026-09-30 14:55:00-04:00,7749.25,7754.0,7749.0,7752.25,12089
2026-09-30 15:00:00-04:00,7752.0,7755.75,7752.0,7755.0,10081
2026-09-30 15:05:00-04:00,7755.0,7756.0,7753.5,7755.5,10016
2026-09-30 15:10:00-04:00,7755.5,7756.0,7752.75,7755.5,10694
2026-09-30 15:15:00-04:00,7755.25,7755.5,7752.0,7753.75,10121
2026-09-30 15:20:00-04:00,7753.75,7754.0,7749.25,7750.0,9911
2026-09-30 15:25:00-04:00,7750.25,7752.0,7749.25,7750.5,8153
2026-09-30 15:30:00-04:00,7750.5,7751.25,7747.25,7748.25,12480
2026-09-30 15:35:00-04:00,7748.5,7751.25,7744.0,7746.75,19737
2026-09-30 15:40:00-04:00,7746.75,7748.0,7742.0,7744.5,15678
2026-09-30 15:45:00-04:00,7744.5,7745.5,7740.0,7740.5,18866
2026-09-30 15:50:00-04:00,7740.5,7740.5,7726.5,7727.0,55610
2026-09-30 15:55:00-04:00,7727.25,7730.0,7709.25,7713.0,194012
2026-09-30 16:00:00-04:00,7713.0,7719.75,7705.5,7712.75,59225
2026-09-30 16:05:00-04:00,7712.75,7721.0,7711.75,7716.5,20137
2026-09-30 16:10:00-04:00,7716.75,7722.75,7716.25,7721.75,10521
2026-09-30 16:15:00-04:00,7721.5,7723.0,7719.0,7722.0,5459
2026-09-30 16:20:00-04:00,7722.25,7725.0,7721.75,7724.25,3979
2026-09-30 16:25:00-04:00,7724.5,7726.0,7723.25,7723.25,4332
2026-09-30 16:30:00-04:00,7723.25,7723.5,7719.5,7722.0,3364
2026-09-30 16:35:00-04:00,7721.75,7724.0,7721.0,7722.75,2878
2026-09-30 16:40:00-04:00,7723.0,7723.0,7720.25,7721.0,2399
2026-09-30 16:45:00-04:00,7721.25,7722.0,7719.5,7721.0,2830
2026-09-30 16:50:00-04:00,7721.0,7722.75,7719.75,7722.75,2628
2026-09-30 16:55:00-04:00,7722.5,7723.0,7720.0,7721.5,2872
2026-09-30 18:00:00-04:00,7719.5,7726.0,7717.5,7722.0,1952
2026-09-30 18:05:00-04:00,7722.0,7727.75,7722.0,7726.0,979
2026-09-30 18:10:00-04:00,7726.0,7727.75,7724.0,7727.5,680
2026-09-30 18:15:00-04:00,7727.25,7729.75,7726.5,7729.25,971
2026-09-30 18:20:00-04:00,7729.0,7731.5,7728.5,7730.75,1000
2026-09-30 18:25:00-04:00,7730.75,7731.75,7730.0,7731.0,1082
2026-09-30 18:30:00-04:00,7731.0,7732.0,7730.25,7730.75,1120
2026-09-30 18:35:00-04:00,7731.0,7733.25,7730.25,7732.75,683
2026-09-30 18:40:00-04:00,7732.75,7736.0,7732.25,7734.25,1144
2026-09-30 18:45:00-04:00,7734.25,7734.75,7733.75,7734.25,541
2026-09-30 18:50:00-04:00,7734.0,7734.75,7733.75,7734.0,563
2026-09-30 18:55:00-04:00,7734.0,7734.5,7733.25,7733.5,421
2026-09-30 19:00:00-04:00,7733.75,7735.5,7733.75,7734.75,464
2026-09-30 19:05:00-04:00,7734.75,7734.75,7733.25,7733.75,416
2026-09-30 19:10:00-04:00,7733.75,7733.75,7732.5,7733.75,567
2026-09-30 19:15:00-04:00,7734.0,7736.75,7734.0,7735.75,995
2026-09-30 19:20:00-04:00,7736.0,7738.25,7735.75,7738.0,862
2026-09-30 19:25:00-04:00,7738.0,7738.25,7735.75,7736.5,498
2026-09-30 19:30:00-04:00,7736.75,7739.75,7736.75,7739.5,783
2026-09-30 19:35:00-04:00,7739.25,7744.0,7738.5,7742.75,1649
2026-09-30 19:40:00-04:00,7742.75,7744.5,7742.75,7743.25,643
2026-09-30 19:45:00-04:00,7743.25,7744.25,7742.5,7744.0,855
2026-09-30 19:50:00-04:00,7743.75,7745.25,7743.0,7744.25,785
2026-09-30 19:55:00-04:00,7744.25,7744.75,7743.25,7743.75,550
2026-09-30 20:00:00-04:00,7743.5,7744.0,7740.25,7740.5,1952
2026-09-30 20:05:00-04:00,7740.5,7741.25,7737.25,7739.25,2366
2026-09-30 20:10:00-04:00,7739.5,7741.0,7739.0,7740.25,943
2026-09-30 20:15:00-04:00,7740.25,7740.5,7734.5,7735.5,2166
2026-09-30 20:20:00-04:00,7735.5,7736.75,7733.0,7734.5,1919
2026-09-30 20:25:00-04:00,7734.5,7737.25,7734.25,7735.25,1092
2026-09-30 20:30:00-04:00,7735.0,7735.0,7730.0,7730.25,2319
2026-09-30 20:35:00-04:00,7730.25,7733.75,7730.25,7732.25,1119
2026-09-30 20:40:00-04:00,7732.25,7740.5,7732.25,7739.75,2248
2026-09-30 20:45:00-04:00,7739.75,7740.25,7735.75,7737.5,1237
2026-09-30 20:50:00-04:00,7737.25,7737.5,7733.5,7733.5,942
2026-09-30 20:55:00-04:00,7733.75,7738.75,7733.5,7737.5,1276
2026-09-30 21:00:00-04:00,7737.75,7739.75,7737.25,7738.5,1185
2026-09-30 21:05:00-04:00,7738.5,7740.75,7738.25,7740.75,1365
2026-09-30 21:10:00-04:00,7740.75,7743.0,7739.5,7739.5,1980
2026-09-30 21:15:00-04:00,7739.75,7741.75,7737.5,7741.0,1578
2026-09-30 21:20:00-04:00,7741.25,7743.75,7741.25,7743.25,879
2026-09-30 21:25:00-04:00,7743.0,7744.25,7741.25,7741.25,851
2026-09-30 21:30:00-04:00,7741.25,7743.0,7740.25,7742.5,1212
2026-09-30 21:35:00-04:00,7742.5,7742.75,7740.25,7741.75,843
2026-09-30 21:40:00-04:00,7741.75,7741.75,7739.5,7740.25,911
2026-09-30 21:45:00-04:00,7740.5,7740.75,7737.25,7738.0,1098
2026-09-30 21:50:00-04:00,7737.75,7740.25,7737.75,7739.75,676
2026-09-30 21:55:00-04:00,7739.5,7740.0,7737.5,7739.0,592
2026-09-30 22:00:00-04:00,7739.0,7740.5,7738.0,7739.5,829
2026-09-30 22:05:00-04:00,7739.5,7741.0,7738.0,7739.5,794
2026-09-30 22:10:00-04:00,7739.75,7742.0,7738.25,7738.75,957
2026-09-30 22:15:00-04:00,7738.75,7741.25,7738.5,7739.25,1336
2026-09-30 22:20:00-04:00,7739.5,7742.5,7737.75,7741.0,1408
2026-09-30 22:25:00-04:00,7740.75,7742.25,7739.0,7742.25,843
2026-09-30 22:30:00-04:00,7742.25,7743.0,7741.5,7742.25,841
2026-09-30 22:35:00-04:00,7742.25,7742.75,7741.0,7741.75,931
2026-09-30 22:40:00-04:00,7741.75,7743.0,7741.5,7742.25,605
2026-09-30 22:45:00-04:00,7742.0,7742.75,7740.5,7741.0,994
2026-09-30 22:50:00-04:00,7740.75,7742.25,7740.25,7741.75,1133
2026-09-30 22:55:00-04:00,7741.75,7743.0,7741.0,7742.75,779
2026-09-30 23:00:00-04:00,7742.75,7745.0,7742.25,7742.75,1397
2026-09-30 23:05:00-04:00,7742.75,7743.75,7742.75,7743.5,715
2026-09-30 23:10:00-04:00,7743.5,7744.5,7743.5,7743.5,683
2026-09-30 23:15:00-04:00,7743.75,7744.5,7742.5,7743.0,1071
2026-09-30 23:20:00-04:00,7743.0,7743.5,7741.75,7742.5,638
2026-09-30 23:25:00-04:00,7742.75,7744.0,7742.5,7743.75,418
2026-09-30 23:30:00-04:00,7743.75,7743.75,7741.5,7742.0,794
2026-09-30 23:35:00-04:00,7742.0,7743.0,7741.25,7743.0,624
2026-09-30 23:40:00-04:00,7743.0,7744.0,7742.25,7743.75,572
2026-09-30 23:45:00-04:00,7743.75,7744.0,7742.75,7744.0,698
2026-09-30 23:50:00-04:00,7744.0,7746.75,7743.75,7746.5,1263
2026-09-30 23:55:00-04:00,7746.25,7748.25,7745.75,7747.75,1186
2026-10-01 00:00:00-04:00,7747.5,7750.0,7747.5,7749.75,1794
2026-10-01 00:05:00-04:00,7749.75,7750.5,7748.75,7749.0,819
2026-10-01 00:10:00-04:00,7749.0,7750.5,7748.75,7749.75,726
2026-10-01 00:15:00-04:00,7749.75,7750.0,7747.5,7748.25,739
2026-10-01 00:20:00-04:00,7748.25,7749.25,7747.75,7748.5,570
2026-10-01 00:25:00-04:00,7748.5,7749.75,7748.25,7749.0,598
2026-10-01 00:30:00-04:00,7749.0,7751.25,7748.75,7751.25,717
2026-10-01 00:35:00-04:00,7751.0,7752.25,7750.75,7751.0,830
2026-10-01 00:40:00-04:00,7751.0,7751.5,7749.75,7751.5,633
2026-10-01 00:45:00-04:00,7751.25,7754.0,7751.0,7753.25,908
2026-10-01 00:50:00-04:00,7753.5,7754.5,7752.75,7754.0,919
2026-10-01 00:55:00-04:00,7754.25,7755.75,7753.0,7755.75,1214
2026-10-01 01:00:00-04:00,7756.0,7757.5,7755.5,7757.5,1419
2026-10-01 01:05:00-04:00,7757.5,7759.75,7757.5,7758.75,1569
2026-10-01 01:10:00-04:00,7758.75,7759.5,7757.75,7759.0,789
2026-10-01 01:15:00-04:00,7759.0,7760.5,7758.25,7760.25,737
2026-10-01 01:20:00-04:00,7760.0,7762.25,7760.0,7761.75,1015
2026-10-01 01:25:00-04:00,7761.75,7764.75,7761.5,7764.5,1745
2026-10-01 01:30:00-04:00,7764.5,7765.25,7763.0,7765.25,1741
2026-10-01 01:35:00-04:00,7765.5,7766.75,7764.25,7764.75,1800
2026-10-01 01:40:00-04:00,7764.75,7766.5,7763.75,7764.25,1362
2026-10-01 01:45:00-04:00,7764.25,7764.25,7760.75,7762.0,1752
2026-10-01 01:50:00-04:00,7762.0,7765.0,7762.0,7764.25,1638
2026-10-01 01:55:00-04:00,7764.5,7764.5,7762.5,7764.5,1052
2026-10-01 02:00:00-04:00,7764.25,7767.75,7764.0,7766.25,2447
2026-10-01 02:05:00-04:00,7766.25,7766.5,7764.25,7764.25,1334
2026-10-01 02:10:00-04:00,7764.5,7765.75,7762.75,7763.0,1743
2026-10-01 02:15:00-04:00,7763.0,7763.25,7760.75,7761.25,1529
2026-10-01 02:20:00-04:00,7761.25,7762.75,7760.75,7761.0,1015
2026-10-01 02:25:00-04:00,7760.75,7763.25,7759.5,7763.25,1656
2026-10-01 02:30:00-04:00,7763.0,7764.25,7759.0,7760.5,1820
2026-10-01 02:35:00-04:00,7760.5,7761.75,7753.5,7753.75,1940
2026-10-01 02:40:00-04:00,7753.75,7753.75,7749.5,7753.25,3603
2026-10-01 02:45:00-04:00,7753.25,7755.0,7751.25,7752.0,2066
2026-10-01 02:50:00-04:00,7752.0,7755.75,7752.0,7752.75,1768
2026-10-01 02:55:00-04:00,7752.75,7753.5,7748.5,7748.5,2422
2026-10-01 03:00:00-04:00,7748.5,7752.0,7745.0,7749.0,6374
2026-10-01 03:05:00-04:00,7749.25,7752.5,7748.75,7750.75,3155
2026-10-01 03:10:00-04:00,7750.75,7751.25,7736.75,7737.25,4118
2026-10-01 03:15:00-04:00,7737.5,7738.0,7728.5,7729.5,5591
2026-10-01 03:20:00-04:00,7729.5,7729.75,7720.25,7720.75,5684
2026-10-01 03:25:00-04:00,7721.0,7721.25,7707.25,7708.25,8939
2026-10-01 03:30:00-04:00,7708.0,7722.0,7707.75,7721.75,6582
2026-10-01 03:35:00-04:00,7722.0,7723.25,7717.25,7717.25,3607
2026-10-01 03:40:00-04:00,7717.5,7721.0,7713.25,7717.25,4465
2026-10-01 03:45:00-04:00,7717.25,7718.25,7712.0,7713.5,3360
2026-10-01 03:50:00-04:00,7713.75,7722.75,7713.75,7721.5,2543
2026-10-01 03:55:00-04:00,7721.75,7723.5,7715.0,7715.5,2336
2026-10-01 04:00:00-04:00,7715.5,7725.0,7715.0,7724.5,4266
2026-10-01 04:05:00-04:00,7724.5,7726.25,7715.0,7716.0,3235
2026-10-01 04:10:00-04:00,7716.0,7717.75,7714.25,7716.25,2091
2026-10-01 04:15:00-04:00,7716.5,7716.75,7712.75,7713.5,2186
2026-10-01 04:20:00-04:00,7713.25,7716.0,7711.0,7712.75,1983
2026-10-01 04:25:00-04:00,7712.75,7717.0,7708.5,7708.5,3540
2026-10-01 04:30:00-04:00,7708.5,7710.25,7705.0,7709.5,4109
2026-10-01 04:35:00-04:00,7709.5,7718.5,7708.75,7717.5,3356
2026-10-01 04:40:00-04:00,7717.25,7721.0,7716.5,7716.75,2909
2026-10-01 04:45:00-04:00,7716.75,7717.0,7712.25,7715.25,2735
2026-10-01 04:50:00-04:00,7715.25,7718.75,7712.5,7714.0,3176
2026-10-01 04:55:00-04:00,7714.25,7720.75,7713.75,7720.5,2245
2026-10-01 05:00:00-04:00,7720.5,7727.0,7719.75,7727.0,2390
2026-10-01 05:05:00-04:00,7727.0,7728.25,7725.5,7727.0,3286
2026-10-01 05:10:00-04:00,7727.0,7729.0,7726.5,7728.0,1101
2026-10-01 05:15:00-04:00,7728.0,7729.25,7725.75,7726.75,1797
2026-10-01 05:20:00-04:00,7726.75,7733.0,7726.5,7732.75,4575
2026-10-01 05:25:00-04:00,7732.5,7733.75,7731.25,7733.25,1397
2026-10-01 05:30:00-04:00,7733.25,7734.75,7732.5,7734.0,1981
2026-10-01 05:35:00-04:00,7734.0,7735.5,7731.0,7731.5,2365
2026-10-01 05:40:00-04:00,7731.25,7731.25,7728.5,7729.5,1354
2026-10-01 05:45:00-04:00,7729.5,7734.75,7728.0,7731.75,2290
2026-10-01 05:50:00-04:00,7731.75,7733.25,7728.0,7728.25,1860
2026-10-01 05:55:00-04:00,7728.0,7729.5,7725.75,7727.75,1651
2026-10-01 06:00:00-04:00,7727.5,7730.25,7719.75,7720.0,3921
2026-10-01 06:05:00-04:00,7719.75,7724.75,7718.25,7724.0,3115
2026-10-01 06:10:00-04:00,7723.5,7730.5,7723.5,7729.75,2300
2026-10-01 06:15:00-04:00,7729.5,7733.75,7726.25,7730.75,2773
2026-10-01 06:20:00-04:00,7730.75,7734.5,7729.75,7730.75,2944
2026-10-01 06:25:00-04:00,7730.5,7733.5,7730.0,7732.5,1260
2026-10-01 06:30:00-04:00,7732.5,7736.5,7732.25,7736.5,3427
2026-10-01 06:35:00-04:00,7736.5,7737.25,7735.0,7736.5,2610
2026-10-01 06:40:00-04:00,7736.5,7743.25,7735.75,7741.75,4439
2026-10-01 06:45:00-04:00,7741.75,7744.0,7741.25,7743.5,2459
2026-10-01 06:50:00-04:00,7743.75,7745.5,7742.0,7745.0,4199
2026-10-01 06:55:00-04:00,7744.75,7744.75,7741.25,7743.0,3313
2026-10-01 07:00:00-04:00,7743.0,7744.25,7739.5,7741.0,3966
2026-10-01 07:05:00-04:00,7740.75,7742.0,7737.75,7738.25,5024
2026-10-01 07:10:00-04:00,7738.0,7738.25,7732.75,7733.25,3450
2026-10-01 07:15:00-04:00,7733.0,7733.25,7729.5,7730.0,2195
2026-10-01 07:20:00-04:00,7729.75,7731.75,7726.25,7726.25,2561
2026-10-01 07:25:00-04:00,7726.0,7729.75,7726.0,7729.0,2150
2026-10-01 07:30:00-04:00,7729.25,7732.5,7728.25,7730.75,2982
2026-10-01 07:35:00-04:00,7730.5,7736.25,7730.25,7735.25,3083
2026-10-01 07:40:00-04:00,7735.25,7738.75,7734.75,7737.5,2663
2026-10-01 07:45:00-04:00,7737.5,7743.5,7737.5,7742.0,2546
2026-10-01 07:50:00-04:00,7742.0,7744.75,7740.5,7742.75,3101
2026-10-01 07:55:00-04:00,7743.0,7744.75,7742.25,7743.5,2754
2026-10-01 08:00:00-04:00,7743.5,7745.0,7741.75,7742.25,4385
2026-10-01 08:05:00-04:00,7742.25,7744.5,7741.75,7743.25,2427
2026-10-01 08:10:00-04:00,7743.0,7745.0,7741.0,7741.5,2820
2026-10-01 08:15:00-04:00,7741.25,7744.75,7739.25,7742.5,5153
2026-10-01 08:20:00-04:00,7742.5,7744.0,7738.25,7740.25,2162
2026-10-01 08:25:00-04:00,7740.0,7742.5,7737.5,7742.0,4709
2026-10-01 08:30:00-04:00,7742.25,7746.0,7740.5,7745.5,4080
2026-10-01 08:35:00-04:00,7745.25,7748.75,7743.5,7746.5,3491
2026-10-01 08:40:00-04:00,7746.5,7748.25,7741.0,7741.5,3621
2026-10-01 08:45:00-04:00,7741.25,7743.0,7738.5,7741.5,3496
2026-10-01 08:50:00-04:00,7741.5,7742.5,7735.5,7736.0,3616
2026-10-01 08:55:00-04:00,7736.0,7736.5,7733.0,7733.5,3825
2026-10-01 09:00:00-04:00,7733.5,7735.75,7731.5,7733.75,5950
2026-10-01 09:05:00-04:00,7733.75,7741.0,7733.5,7737.75,5021
2026-10-01 09:10:00-04:00,7737.5,7739.75,7734.75,7735.0,3619
2026-10-01 09:15:00-04:00,7735.0,7735.5,7730.25,7732.5,5108
2026-10-01 09:20:00-04:00,7732.5,7734.25,7728.5,7729.0,5337
2026-10-01 09:25:00-04:00,7729.0,7734.0,7729.0,7730.0,7315
2026-10-01 09:30:00-04:00,7729.75,7739.5,7720.5,7734.25,49256
2026-10-01 09:35:00-04:00,7734.5,7740.0,7731.25,7732.5,29352
2026-10-01 09:40:00-04:00,7732.75,7732.75,7717.5,7720.0,30882
2026-10-01 09:45:00-04:00,7720.25,7725.25,7711.75,7712.0,31811
2026-10-01 09:50:00-04:00,7712.0,7726.0,7712.0,7723.75,24396
2026-10-01 09:55:00-04:00,7723.75,7726.75,7710.0,7711.25,22012
2026-10-01 10:00:00-04:00,7711.5,7712.5,7683.75,7686.0,57425
2026-10-01 10:05:00-04:00,7686.0,7702.0,7682.25,7701.25,48671
2026-10-01 10:10:00-04:00,7701.5,7701.75,7688.0,7694.5,30126
2026-10-01 10:15:00-04:00,7694.25,7698.5,7686.5,7691.5,28461
2026-10-01 10:20:00-04:00,7691.5,7694.0,7683.0,7689.25,28403
2026-10-01 10:25:00-04:00,7689.25,7696.0,7685.5,7689.75,25861
2026-10-01 10:30:00-04:00,7689.5,7701.0,7686.75,7701.0,32415
2026-10-01 10:35:00-04:00,7701.0,7707.0,7696.75,7705.75,24530
2026-10-01 10:40:00-04:00,7705.75,7707.75,7698.5,7699.75,25621
2026-10-01 10:45:00-04:00,7699.75,7707.0,7693.5,7697.75,26963
2026-10-01 10:50:00-04:00,7697.75,7700.25,7686.0,7690.0,28239
2026-10-01 10:55:00-04:00,7690.0,7698.5,7684.25,7689.25,28000
2026-10-01 11:00:00-04:00,7689.25,7690.75,7677.5,7680.25,29624
2026-10-01 11:05:00-04:00,7680.25,7684.0,7675.0,7677.75,24250
2026-10-01 11:10:00-04:00,7677.75,7688.75,7672.75,7688.0,27514
2026-10-01 11:15:00-04:00,7687.75,7697.0,7685.0,7692.5,28265
2026-10-01 11:20:00-04:00,7692.5,7697.0,7688.25,7692.0,22441
2026-10-01 11:25:00-04:00,7692.25,7698.75,7688.75,7689.25,20759
2026-10-01 11:30:00-04:00,7689.5,7690.25,7679.75,7680.0,23464
2026-10-01 11:35:00-04:00,7680.25,7693.75,7677.25,7690.0,25329
2026-10-01 11:40:00-04:00,7690.25,7693.75,7678.0,7681.75,23600
2026-10-01 11:45:00-04:00,7681.5,7688.75,7679.75,7686.5,21618
2026-10-01 11:50:00-04:00,7686.25,7686.5,7677.25,7681.75,19420
2026-10-01 11:55:00-04:00,7681.75,7694.25,7681.5,7691.25,26658
2026-10-01 12:00:00-04:00,7691.5,7697.5,7687.0,7695.5,21963
2026-10-01 12:05:00-04:00,7695.5,7698.0,7690.5,7694.0,15966
2026-10-01 12:10:00-04:00,7693.75,7696.75,7689.0,7690.25,11974
2026-10-01 12:15:00-04:00,7690.25,7701.25,7689.0,7695.25,14927
2026-10-01 12:20:00-04:00,7695.0,7702.5,7692.5,7701.25,11442
2026-10-01 12:25:00-04:00,7701.5,7702.0,7697.25,7697.5,13236
2026-10-01 12:30:00-04:00,7697.75,7709.5,7696.25,7708.25,17029
2026-10-01 12:35:00-04:00,7708.0,7711.0,7702.0,7703.75,14625
2026-10-01 12:40:00-04:00,7703.75,7706.5,7699.25,7704.75,12322
2026-10-01 12:45:00-04:00,7705.0,7708.0,7702.75,7703.5,9391
2026-10-01 12:50:00-04:00,7703.5,7705.0,7692.5,7693.5,16189
2026-10-01 12:55:00-04:00,7693.5,7694.5,7687.5,7694.0,18007
2026-10-01 13:00:00-04:00,7693.75,7703.75,7691.75,7703.25,17277
2026-10-01 13:05:00-04:00,7703.25,7705.0,7700.0,7701.25,13582
2026-10-01 13:10:00-04:00,7701.25,7707.5,7700.25,7704.0,12162
2026-10-01 13:15:00-04:00,7704.0,7712.5,7702.5,7710.5,13883
2026-10-01 13:20:00-04:00,7710.5,7721.75,7710.25,7721.5,21838
2026-10-01 13:25:00-04:00,7721.75,7725.0,7719.75,7722.0,23543
2026-10-01 13:30:00-04:00,7722.25,7737.25,7721.75,7731.5,45164
2026-10-01 13:35:00-04:00,7731.5,7731.75,7725.5,7727.75,13727
2026-10-01 13:40:00-04:00,7728.0,7735.25,7726.0,7733.75,18136
2026-10-01 13:45:00-04:00,7733.75,7738.75,7730.25,7730.25,20076
2026-10-01 13:50:00-04:00,7730.5,7733.0,7723.25,7723.5,24066
2026-10-01 13:55:00-04:00,7723.75,7726.5,7717.75,7720.75,31276
2026-10-01 14:00:00-04:00,7720.75,7722.5,7713.5,7716.0,23648
2026-10-01 14:05:00-04:00,7715.75,7716.75,7706.75,7711.75,20980
2026-10-01 14:10:00-04:00,7711.75,7720.5,7709.5,7718.25,20742
2026-10-01 14:15:00-04:00,7718.5,7723.5,7718.0,7720.25,12171
2026-10-01 14:20:00-04:00,7720.0,7727.75,7715.0,7725.0,21513
2026-10-01 14:25:00-04:00,7724.75,7727.75,7722.5,7726.75,12687
2026-10-01 14:30:00-04:00,7726.75,7736.5,7722.25,7736.5,17303
2026-10-01 14:35:00-04:00,7736.5,7736.75,7727.75,7728.5,15614
2026-10-01 14:40:00-04:00,7728.75,7731.0,7725.75,7728.5,9470
2026-10-01 14:45:00-04:00,7728.5,7729.25,7725.5,7727.75,7409
2026-10-01 14:50:00-04:00,7728.0,7732.0,7726.25,7731.0,7938
2026-10-01 14:55:00-04:00,7730.75,7733.5,7729.0,7733.25,9787
2026-10-01 15:00:00-04:00,7733.25,7734.25,7727.0,7730.5,10893
2026-10-01 15:05:00-04:00,7730.5,7731.75,7727.0,7730.75,6728
2026-10-01 15:10:00-04:00,7730.5,7733.0,7729.0,7731.0,6638
2026-10-01 15:15:00-04:00,7730.75,7732.0,7728.0,7731.75,7532
2026-10-01 15:20:00-04:00,7731.75,7733.25,7728.25,7728.5,7222
2026-10-01 15:25:00-04:00,7728.5,7730.25,7727.25,7730.0,6818
2026-10-01 15:30:00-04:00,7729.75,7733.0,7728.0,7729.0,9756
2026-10-01 15:35:00-04:00,7728.75,7732.25,7726.5,7730.75,9145
2026-10-01 15:40:00-04:00,7730.5,7733.75,7730.25,7730.5,8445
2026-10-01 15:45:00-04:00,7730.5,7735.25,7729.75,7732.75,12701
2026-10-01 15:50:00-04:00,7732.75,7741.25,7729.5,7729.75,26118
2026-10-01 15:55:00-04:00,7730.0,7730.0,7719.75,7726.0,97435
2026-10-01 16:00:00-04:00,7726.0,7730.5,7724.75,7728.0,21475
2026-10-01 16:05:00-04:00,7728.25,7731.25,7727.5,7730.0,5743
2026-10-01 16:10:00-04:00,7729.75,7732.75,7728.75,7732.25,3679
2026-10-01 16:15:00-04:00,7732.25,7732.5,7730.25,7731.25,2722
2026-10-01 16:20:00-04:00,7731.5,7731.5,7730.0,7730.25,1562
2026-10-01 16:25:00-04:00,7730.25,7731.25,7729.5,7729.75,1178
2026-10-01 16:30:00-04:00,7729.75,7730.25,7728.5,7729.5,834
2026-10-01 16:35:00-04:00,7729.5,7729.75,7726.75,7726.75,1878
2026-10-01 16:40:00-04:00,7726.75,7727.25,7726.5,7727.0,1052
2026-10-01 16:45:00-04:00,7726.75,7727.0,7725.25,7726.0,1251
2026-10-01 16:50:00-04:00,7726.0,7727.5,7725.0,7725.25,2768
2026-10-01 16:55:00-04:00,7725.25,7726.0,7724.25,7725.0,2036
2026-10-01 18:00:00-04:00,7724.0,7727.25,7723.25,7726.0,1111
2026-10-01 18:05:00-04:00,7725.5,7730.5,7725.5,7728.0,781
2026-10-01 18:10:00-04:00,7728.0,7728.75,7725.75,7726.25,352
2026-10-01 18:15:00-04:00,7726.25,7726.5,7724.75,7726.25,360
2026-10-01 18:20:00-04:00,7726.5,7726.75,7724.0,7724.75,477
2026-10-01 18:25:00-04:00,7725.0,7726.75,7724.75,7726.5,285
2026-10-01 18:30:00-04:00,7726.5,7728.5,7726.25,7727.5,315
2026-10-01 18:35:00-04:00,7727.5,7728.5,7727.25,7727.75,251
2026-10-01 18:40:00-04:00,7727.75,7728.25,7726.75,7727.0,186
2026-10-01 18:45:00-04:00,7727.25,7727.75,7726.25,7727.0,134
2026-10-01 18:50:00-04:00,7727.0,7729.75,7726.75,7729.5,296
2026-10-01 18:55:00-04:00,7729.5,7732.75,7729.5,7732.0,1273
2026-10-01 19:00:00-04:00,7732.0,7735.75,7729.75,7734.5,1205
2026-10-01 19:05:00-04:00,7734.5,7734.75,7731.75,7733.0,807
2026-10-01 19:10:00-04:00,7733.0,7734.75,7732.25,7734.75,516
2026-10-01 19:15:00-04:00,7734.5,7735.0,7732.75,7734.75,545
2026-10-01 19:20:00-04:00,7734.75,7735.0,7732.0,7732.75,230
2026-10-01 19:25:00-04:00,7732.75,7733.5,7732.75,7733.0,220
2026-10-01 19:30:00-04:00,7733.0,7733.5,7728.75,7730.5,804
2026-10-01 19:35:00-04:00,7730.25,7731.25,7727.5,7728.25,466
2026-10-01 19:40:00-04:00,7728.0,7730.25,7727.25,7729.75,739
2026-10-01 19:45:00-04:00,7729.5,7730.5,7727.5,7730.5,969
2026-10-01 19:50:00-04:00,7730.5,7734.5,7729.75,7732.25,1852
2026-10-01 19:55:00-04:00,7732.5,7734.25,7731.75,7733.25,448
2026-10-01 20:00:00-04:00,7733.0,7733.25,7729.75,7731.5,1420
2026-10-01 20:05:00-04:00,7731.75,7732.5,7730.0,7730.5,889
2026-10-01 20:10:00-04:00,7730.5,7736.25,7730.5,7735.0,1923
2026-10-01 20:15:00-04:00,7735.25,7739.75,7733.0,7739.0,3025
2026-10-01 20:20:00-04:00,7738.75,7740.5,7737.5,7738.0,4121
2026-10-01 20:25:00-04:00,7738.0,7738.0,7730.75,7731.25,2847
2026-10-01 20:30:00-04:00,7731.25,7735.25,7730.5,7734.75,2191
2026-10-01 20:35:00-04:00,7734.75,7736.25,7732.75,7733.75,1174
2026-10-01 20:40:00-04:00,7733.5,7734.5,7731.0,7732.5,1734
2026-10-01 20:45:00-04:00,7732.5,7734.5,7731.75,7734.0,1098
2026-10-01 20:50:00-04:00,7733.5,7735.0,7732.5,7733.25,645
2026-10-01 20:55:00-04:00,7733.5,7734.25,7731.0,7731.75,795
2026-10-01 21:00:00-04:00,7731.5,7733.5,7729.5,7729.5,1760
2026-10-01 21:05:00-04:00,7729.5,7731.5,7729.0,7731.25,944
2026-10-01 21:10:00-04:00,7731.25,7731.75,7729.75,7730.25,931
2026-10-01 21:15:00-04:00,7730.25,7731.75,7728.75,7729.25,865
2026-10-01 21:20:00-04:00,7729.25,7730.25,7725.75,7730.0,1287
2026-10-01 21:25:00-04:00,7730.0,7730.0,7726.5,7728.0,790
2026-10-01 21:30:00-04:00,7728.25,7729.75,7726.75,7727.5,1081
2026-10-01 21:35:00-04:00,7727.25,7728.75,7726.25,7728.25,1091
2026-10-01 21:40:00-04:00,7728.25,7730.0,7728.0,7729.75,779
2026-10-01 21:45:00-04:00,7729.75,7731.0,7729.5,7730.75,715
2026-10-01 21:50:00-04:00,7730.5,7737.25,7730.25,7734.5,1925
2026-10-01 21:55:00-04:00,7734.5,7737.0,7733.0,7737.0,989
2026-10-01 22:00:00-04:00,7736.75,7737.25,7734.25,7736.25,1433
2026-10-01 22:05:00-04:00,7736.0,7736.25,7733.5,7734.25,1090
2026-10-01 22:10:00-04:00,7734.25,7737.5,7733.25,7737.25,1217
2026-10-01 22:15:00-04:00,7737.0,7740.25,7736.5,7737.5,1256
2026-10-01 22:20:00-04:00,7737.5,7738.5,7736.25,7736.5,518
2026-10-01 22:25:00-04:00,7736.25,7740.5,7736.25,7738.75,628
2026-10-01 22:30:00-04:00,7738.75,7739.25,7737.5,7737.75,586
2026-10-01 22:35:00-04:00,7737.5,7739.5,7737.0,7737.75,665
2026-10-01 22:40:00-04:00,7737.5,7739.5,7737.5,7739.5,455
2026-10-01 22:45:00-04:00,7739.5,7742.0,7739.25,7741.75,920
2026-10-01 22:50:00-04:00,7741.75,7741.75,7738.5,7738.75,628
2026-10-01 22:55:00-04:00,7738.75,7741.5,7737.75,7741.25,593
2026-10-01 23:00:00-04:00,7741.5,7742.5,7740.75,7742.25,761
2026-10-01 23:05:00-04:00,7742.25,7742.5,7738.75,7739.25,739
2026-10-01 23:10:00-04:00,7739.5,7741.0,7738.75,7741.0,624
2026-10-01 23:15:00-04:00,7741.0,7741.5,7740.25,7741.25,443
2026-10-01 23:20:00-04:00,7741.25,7741.75,7740.0,7741.5,336
2026-10-01 23:25:00-04:00,7741.75,7742.25,7740.5,7740.75,488
2026-10-01 23:30:00-04:00,7740.5,7741.5,7739.75,7741.25,608
2026-10-01 23:35:00-04:00,7741.0,7741.5,7739.5,7740.5,407
2026-10-01 23:40:00-04:00,7740.5,7741.5,7739.5,7741.0,362
2026-10-01 23:45:00-04:00,7741.25,7742.5,7739.75,7740.0,724
2026-10-01 23:50:00-04:00,7740.0,7742.25,7740.0,7742.0,635
2026-10-01 23:55:00-04:00,7742.0,7743.25,7741.75,7743.0,415
2026-10-02 00:00:00-04:00,7743.25,7746.0,7743.0,7745.25,1314
2026-10-02 00:05:00-04:00,7745.0,7746.0,7743.5,7744.5,707
2026-10-02 00:10:00-04:00,7744.5,7746.25,7743.75,7745.75,710
2026-10-02 00:15:00-04:00,7745.5,7746.0,7744.75,7744.75,444
2026-10-02 00:20:00-04:00,7744.75,7746.5,7744.75,7745.5,391
2026-10-02 00:25:00-04:00,7745.75,7746.5,7745.0,7745.5,443
2026-10-02 00:30:00-04:00,7745.5,7746.25,7744.25,7744.5,454
2026-10-02 00:35:00-04:00,7744.5,7745.0,7744.0,7744.5,379
2026-10-02 00:40:00-04:00,7744.25,7745.75,7744.25,7744.75,403
2026-10-02 00:45:00-04:00,7744.75,7745.5,7743.5,7745.5,513
2026-10-02 00:50:00-04:00,7745.25,7748.0,7745.0,7747.5,810
2026-10-02 00:55:00-04:00,7747.5,7750.0,7747.0,7749.75,1004
2026-10-02 01:00:00-04:00,7749.75,7754.25,7747.75,7748.5,1707
2026-10-02 01:05:00-04:00,7748.25,7751.25,7746.75,7749.75,933
2026-10-02 01:10:00-04:00,7749.75,7750.75,7748.25,7749.0,1203
2026-10-02 01:15:00-04:00,7749.0,7749.0,7747.0,7748.25,738
2026-10-02 01:20:00-04:00,7748.25,7748.25,7746.75,7747.0,570
2026-10-02 01:25:00-04:00,7747.0,7747.75,7745.5,7745.75,732
2026-10-02 01:30:00-04:00,7745.75,7746.75,7743.25,7746.5,896
2026-10-02 01:35:00-04:00,7746.25,7746.5,7744.5,7744.5,411
2026-10-02 01:40:00-04:00,7744.5,7747.0,7744.5,7745.75,490
2026-10-02 01:45:00-04:00,7746.0,7746.0,7743.25,7744.25,507
2026-10-02 01:50:00-04:00,7744.0,7744.5,7743.0,7743.25,420
2026-10-02 01:55:00-04:00,7743.5,7744.75,7743.0,7744.5,825
2026-10-02 02:00:00-04:00,7744.5,7747.75,7744.5,7746.75,1897
2026-10-02 02:05:00-04:00,7747.0,7750.75,7746.75,7748.5,2182
2026-10-02 02:10:00-04:00,7748.25,7750.0,7747.75,7747.75,1562
2026-10-02 02:15:00-04:00,7748.0,7748.25,7743.5,7744.0,1745
2026-10-02 02:20:00-04:00,7744.0,7745.75,7743.75,7744.5,1293
2026-10-02 02:25:00-04:00,7744.5,7747.75,7743.75,7746.0,1610
2026-10-02 02:30:00-04:00,7746.0,7748.0,7745.0,7746.5,2183
2026-10-02 02:35:00-04:00,7746.25,7747.5,7743.25,7745.0,2520
2026-10-02 02:40:00-04:00,7745.25,7745.25,7740.75,7741.5,2846
2026-10-02 02:45:00-04:00,7741.5,7741.5,7737.75,7738.75,2391
2026-10-02 02:50:00-04:00,7739.0,7741.5,7737.0,7741.5,1304
2026-10-02 02:55:00-04:00,7741.5,7744.25,7740.75,7743.5,1762
2026-10-02 03:00:00-04:00,7743.75,7745.0,7741.75,7744.25,2062
2026-10-02 03:05:00-04:00,7744.0,7746.5,7743.0,7744.5,2361
2026-10-02 03:10:00-04:00,7744.25,7750.5,7744.25,7750.25,2741
2026-10-02 03:15:00-04:00,7750.5,7750.75,7744.5,7744.5,2483
2026-10-02 03:20:00-04:00,7744.5,7746.25,7743.25,7744.5,1788
2026-10-02 03:25:00-04:00,7744.5,7746.0,7741.25,7743.0,1562
2026-10-02 03:30:00-04:00,7743.25,7745.5,7741.5,7744.5,1522
2026-10-02 03:35:00-04:00,7744.25,7747.25,7744.25,7746.5,1423
2026-10-02 03:40:00-04:00,7746.5,7747.25,7744.5,7746.25,1762
2026-10-02 03:45:00-04:00,7746.5,7748.5,7746.0,7748.25,1713
2026-10-02 03:50:00-04:00,7748.25,7754.5,7748.25,7752.5,2625
2026-10-02 03:55:00-04:00,7752.5,7760.75,7751.25,7755.75,5426
2026-10-02 04:00:00-04:00,7755.75,7757.25,7752.75,7755.0,3496
2026-10-02 04:05:00-04:00,7755.0,7763.25,7755.0,7763.0,3186
2026-10-02 04:10:00-04:00,7763.0,7764.25,7760.75,7761.0,2840
2026-10-02 04:15:00-04:00,7761.25,7761.75,7757.0,7757.75,2373
2026-10-02 04:20:00-04:00,7757.75,7761.5,7755.0,7755.75,4397
2026-10-02 04:25:00-04:00,7756.0,7758.25,7755.0,7757.25,2291
2026-10-02 04:30:00-04:00,7757.25,7758.5,7755.0,7755.75,1739
2026-10-02 04:35:00-04:00,7756.0,7760.25,7756.0,7759.25,1639
2026-10-02 04:40:00-04:00,7759.25,7760.5,7758.0,7758.5,2660
2026-10-02 04:45:00-04:00,7758.5,7762.25,7758.5,7762.0,2153
2026-10-02 04:50:00-04:00,7762.25,7764.0,7761.0,7763.5,2025
2026-10-02 04:55:00-04:00,7763.5,7764.75,7762.25,7762.5,1982
2026-10-02 05:00:00-04:00,7762.75,7762.75,7758.25,7759.25,2716
2026-10-02 05:05:00-04:00,7759.0,7760.25,7758.5,7760.25,1250
2026-10-02 05:10:00-04:00,7760.25,7765.75,7759.5,7763.5,2616
2026-10-02 05:15:00-04:00,7763.25,7765.5,7762.0,7763.5,3073
2026-10-02 05:20:00-04:00,7763.5,7764.75,7762.25,7763.0,1775
2026-10-02 05:25:00-04:00,7763.25,7764.0,7761.25,7762.5,1383
2026-10-02 05:30:00-04:00,7762.5,7763.0,7759.25,7759.5,1442
2026-10-02 05:35:00-04:00,7759.5,7762.75,7758.75,7762.0,1522
2026-10-02 05:40:00-04:00,7762.0,7763.25,7761.25,7761.5,1221
2026-10-02 05:45:00-04:00,7761.25,7765.5,7757.75,7763.0,6201
2026-10-02 05:50:00-04:00,7763.0,7764.0,7759.25,7760.5,1585
2026-10-02 05:55:00-04:00,7760.5,7761.0,7759.25,7759.75,1274
2026-10-02 06:00:00-04:00,7759.75,7760.5,7756.75,7758.0,2477
2026-10-02 06:05:00-04:00,7758.0,7758.25,7754.75,7755.5,1399
2026-10-02 06:10:00-04:00,7755.75,7756.0,7752.25,7754.0,1533
2026-10-02 06:15:00-04:00,7753.75,7755.25,7753.25,7754.0,1379
2026-10-02 06:20:00-04:00,7754.0,7755.0,7749.0,7750.75,3770
2026-10-02 06:25:00-04:00,7751.0,7757.0,7751.0,7756.5,2619
2026-10-02 06:30:00-04:00,7756.75,7759.75,7754.25,7759.75,1774
2026-10-02 06:35:00-04:00,7759.5,7761.25,7758.75,7760.25,1214
2026-10-02 06:40:00-04:00,7760.25,7761.75,7760.25,7761.0,1173
2026-10-02 06:45:00-04:00,7761.25,7762.5,7760.0,7760.25,1780
2026-10-02 06:50:00-04:00,7760.25,7763.0,7760.25,7761.5,1473
2026-10-02 06:55:00-04:00,7761.5,7763.25,7761.25,7763.0,1157
2026-10-02 07:00:00-04:00,7763.0,7764.5,7761.0,7762.0,2536
2026-10-02 07:05:00-04:00,7762.25,7764.25,7760.75,7763.0,1988
2026-10-02 07:10:00-04:00,7762.75,7763.25,7759.0,7763.25,2140
2026-10-02 07:15:00-04:00,7763.25,7764.25,7761.25,7764.0,1649
2026-10-02 07:20:00-04:00,7764.0,7765.75,7763.5,7765.0,1751
2026-10-02 07:25:00-04:00,7765.0,7765.5,7763.25,7764.0,1481
2026-10-02 07:30:00-04:00,7763.75,7765.5,7762.25,7762.25,2311
2026-10-02 07:35:00-04:00,7762.25,7763.5,7761.5,7761.5,1652
2026-10-02 07:40:00-04:00,7761.5,7761.75,7757.75,7759.0,1841
2026-10-02 07:45:00-04:00,7759.0,7759.5,7756.25,7757.0,2245
2026-10-02 07:50:00-04:00,7757.25,7758.5,7756.25,7757.0,1506
2026-10-02 07:55:00-04:00,7757.25,7758.0,7754.25,7757.25,2041
2026-10-02 08:00:00-04:00,7757.25,7757.25,7753.75,7754.25,2188
2026-10-02 08:05:00-04:00,7754.0,7757.25,7754.0,7755.25,2265
2026-10-02 08:10:00-04:00,7755.25,7757.75,7754.75,7755.5,2121
2026-10-02 08:15:00-04:00,7755.25,7757.0,7753.75,7755.25,3272
2026-10-02 08:20:00-04:00,7755.25,7759.25,7754.75,7757.5,3037
2026-10-02 08:25:00-04:00,7757.75,7765.75,7757.5,7765.25,4149
2026-10-02 08:30:00-04:00,7765.75,7800.0,7764.25,7791.25,27980
2026-10-02 08:35:00-04:00,7791.25,7797.25,7789.75,7791.75,15679
2026-10-02 08:40:00-04:00,7791.5,7792.5,7785.0,7787.0,11383
2026-10-02 08:45:00-04:00,7787.0,7791.25,7782.75,7789.25,7984
2026-10-02 08:50:00-04:00,7789.25,7793.25,7787.25,7792.5,6494
2026-10-02 08:55:00-04:00,7792.5,7798.75,7791.75,7797.25,6868
2026-10-02 09:00:00-04:00,7797.25,7802.75,7795.0,7800.5,10889
2026-10-02 09:05:00-04:00,7800.5,7802.75,7793.5,7795.75,9820
2026-10-02 09:10:00-04:00,7795.75,7798.0,7793.25,7793.5,6237
2026-10-02 09:15:00-04:00,7793.5,7794.25,7790.75,7792.0,6957
2026-10-02 09:20:00-04:00,7792.0,7795.0,7789.75,7791.75,5144
2026-10-02 09:25:00-04:00,7792.0,7793.5,7788.75,7789.5,8262
2026-10-02 09:30:00-04:00,7789.5,7792.0,7778.25,7790.5,43657
2026-10-02 09:35:00-04:00,7790.5,7795.25,7787.5,7791.75,31295
2026-10-02 09:40:00-04:00,7791.75,7800.75,7786.0,7800.25,29381
2026-10-02 09:45:00-04:00,7800.25,7804.75,7795.25,7797.25,31638
2026-10-02 09:50:00-04:00,7797.25,7801.25,7784.75,7785.25,33971
2026-10-02 09:55:00-04:00,7785.0,7789.75,7773.5,7788.5,58205
2026-10-02 10:00:00-04:00,7788.75,7800.0,7781.75,7799.5,31720
2026-10-02 10:05:00-04:00,7799.5,7801.5,7793.75,7794.75,27085
2026-10-02 10:10:00-04:00,7795.0,7800.5,7790.0,7798.0,24062
2026-10-02 10:15:00-04:00,7798.0,7804.25,7795.0,7803.5,22053
2026-10-02 10:20:00-04:00,7803.5,7807.25,7799.75,7807.0,21062
2026-10-02 10:25:00-04:00,7807.0,7808.75,7803.5,7804.25,16633
2026-10-02 10:30:00-04:00,7804.25,7804.75,7796.25,7801.0,22790
2026-10-02 10:35:00-04:00,7801.0,7805.5,7799.75,7804.25,17225
2026-10-02 10:40:00-04:00,7804.25,7810.25,7802.0,7804.75,19839
2026-10-02 10:45:00-04:00,7804.75,7808.0,7801.25,7804.0,15267
2026-10-02 10:50:00-04:00,7804.25,7804.25,7791.5,7793.0,24791
2026-10-02 10:55:00-04:00,7793.0,7800.0,7790.75,7793.0,20217
2026-10-02 11:00:00-04:00,7793.0,7794.5,7782.25,7783.0,24052
2026-10-02 11:05:00-04:00,7783.0,7783.75,7772.25,7773.25,39030
2026-10-02 11:10:00-04:00,7773.0,7775.75,7764.25,7769.5,38991
2026-10-02 11:15:00-04:00,7769.5,7773.75,7762.0,7764.5,31497
2026-10-02 11:20:00-04:00,7764.5,7768.0,7756.0,7756.25,33255
2026-10-02 11:25:00-04:00,7756.25,7771.5,7754.0,7771.0,25095
2026-10-02 11:30:00-04:00,7770.75,7775.25,7764.0,7774.5,25288
2026-10-02 11:35:00-04:00,7774.5,7777.5,7771.0,7775.5,20033
2026-10-02 11:40:00-04:00,7775.75,7778.0,7770.0,7773.0,16449
2026-10-02 11:45:00-04:00,7773.0,7776.25,7771.0,7772.25,17250
2026-10-02 11:50:00-04:00,7772.25,7775.5,7768.0,7769.5,16684
2026-10-02 11:55:00-04:00,7769.5,7775.75,7768.0,7775.25,13367
2026-10-02 12:00:00-04:00,7775.5,7781.75,7773.75,7778.0,23421
2026-10-02 12:05:00-04:00,7778.25,7781.5,7775.5,7781.0,11502
2026-10-02 12:10:00-04:00,7781.0,7782.25,7775.5,7778.25,13705
2026-10-02 12:15:00-04:00,7778.5,7781.0,7776.25,7779.75,10777
2026-10-02 12:20:00-04:00,7779.75,7780.25,7773.0,7774.0,13243
2026-10-02 12:25:00-04:00,7774.0,7777.25,7771.0,7772.25,12575
2026-10-02 12:30:00-04:00,7772.5,7777.5,7772.25,7775.25,10174
2026-10-02 12:35:00-04:00,7775.0,7781.75,7773.75,7780.75,11137
2026-10-02 12:40:00-04:00,7780.75,7780.75,7769.75,7773.0,13256
2026-10-02 12:45:00-04:00,7772.75,7776.25,7771.25,7773.0,10806
2026-10-02 12:50:00-04:00,7772.75,7779.25,7770.75,7777.75,10834
2026-10-02 12:55:00-04:00,7778.0,7779.0,7774.75,7776.0,8625
2026-10-02 13:00:00-04:00,7776.0,7783.75,7775.75,7780.5,14077
2026-10-02 13:05:00-04:00,7780.5,7781.75,7774.5,7777.75,7670
2026-10-02 13:10:00-04:00,7777.75,7779.5,7773.0,7775.75,8112
2026-10-02 13:15:00-04:00,7776.0,7779.5,7774.0,7778.5,6500
2026-10-02 13:20:00-04:00,7778.25,7778.75,7769.0,7770.25,12689
2026-10-02 13:25:00-04:00,7770.25,7771.5,7765.5,7767.5,16084
2026-10-02 13:30:00-04:00,7767.25,7776.0,7766.75,7773.5,16078
2026-10-02 13:35:00-04:00,7773.5,7774.0,7769.0,7771.25,8882
2026-10-02 13:40:00-04:00,7771.5,7773.25,7768.0,7772.0,8434
2026-10-02 13:45:00-04:00,7772.25,7774.75,7771.0,7774.25,8518
2026-10-02 13:50:00-04:00,7774.5,7777.5,7769.0,7776.75,13243
2026-10-02 13:55:00-04:00,7776.75,7777.0,7770.5,7774.5,8982
2026-10-02 14:00:00-04:00,7774.5,7776.25,7771.75,7774.5,9467
2026-10-02 14:05:00-04:00,7774.25,7775.0,7771.5,7773.75,5644
2026-10-02 14:10:00-04:00,7774.0,7776.25,7772.0,7775.25,6589
2026-10-02 14:15:00-04:00,7775.0,7775.25,7769.75,7771.25,8097
2026-10-02 14:20:00-04:00,7771.25,7772.0,7767.25,7768.5,7766
2026-10-02 14:25:00-04:00,7768.5,7772.75,7767.25,7772.25,8308
2026-10-02 14:30:00-04:00,7772.25,7775.0,7770.0,7772.5,8139
2026-10-02 14:35:00-04:00,7772.75,7774.25,7770.25,7770.75,6313
2026-10-02 14:40:00-04:00,7770.75,7775.75,7770.0,7775.0,6987
2026-10-02 14:45:00-04:00,7775.25,7776.0,7773.75,7774.5,6170
2026-10-02 14:50:00-04:00,7774.5,7776.25,7773.75,7776.0,5865
2026-10-02 14:55:00-04:00,7776.0,7777.0,7774.0,7775.5,6388
2026-10-02 15:00:00-04:00,7775.75,7777.0,7774.25,7775.75,7542
2026-10-02 15:05:00-04:00,7775.75,7775.75,7772.0,7772.75,5873
2026-10-02 15:10:00-04:00,7772.5,7774.5,7772.25,7774.0,8053
2026-10-02 15:15:00-04:00,7774.25,7777.75,7773.0,7776.0,10491
2026-10-02 15:20:00-04:00,7776.0,7776.75,7773.5,7776.25,8757
2026-10-02 15:25:00-04:00,7776.25,7778.5,7773.75,7775.5,7599
2026-10-02 15:30:00-04:00,7775.5,7779.75,7775.25,7779.5,10914
2026-10-02 15:35:00-04:00,7779.25,7782.75,7778.25,7780.0,11410
2026-10-02 15:40:00-04:00,7780.0,7780.75,7776.75,7778.25,10426
2026-10-02 15:45:00-04:00,7778.25,7782.75,7775.75,7777.25,18696
2026-10-02 15:50:00-04:00,7777.0,7781.75,7776.25,7777.0,17024
2026-10-02 15:55:00-04:00,7777.25,7779.75,7773.75,7779.0,71760
2026-10-02 16:00:00-04:00,7779.0,7782.25,7778.25,7781.25,17761
2026-10-02 16:05:00-04:00,7781.5,7784.5,7781.0,7782.5,6191
2026-10-02 16:10:00-04:00,7782.25,7784.5,7781.5,7783.25,3748
2026-10-02 16:15:00-04:00,7783.25,7784.0,7780.5,7780.5,2317
2026-10-02 16:20:00-04:00,7780.5,7780.75,7779.0,7780.0,1601
2026-10-02 16:25:00-04:00,7780.25,7780.5,7779.5,7780.25,686
2026-10-02 16:30:00-04:00,7780.5,7780.75,7779.75,7780.75,533
2026-10-02 16:35:00-04:00,7780.5,7780.5,7779.0,7779.5,712
2026-10-02 16:40:00-04:00,7779.5,7779.5,7778.0,7779.0,1113
2026-10-02 16:45:00-04:00,7778.75,7778.75,7776.0,7776.75,1373
2026-10-02 16:50:00-04:00,7777.0,7777.25,7775.0,7776.5,1775
2026-10-02 16:55:00-04:00,7776.5,7777.0,7775.25,7776.5,2312
