time,Open,High,Low,Close,Volume
2026-09-22 00:05:00-04:00,30846.75,30847.75,30840.75,30841.5,0
2026-09-22 00:10:00-04:00,30842.0,30866.5,30832.5,30854.5,1334
2026-09-22 00:15:00-04:00,30853.5,30857.0,30836.75,30837.0,674
2026-09-22 00:20:00-04:00,30836.5,30842.25,30833.0,30839.25,592
2026-09-22 00:25:00-04:00,30838.0,30849.25,30832.25,30836.5,844
2026-09-22 00:30:00-04:00,30836.25,30847.75,30831.0,30834.0,536
2026-09-22 00:35:00-04:00,30833.5,30840.0,30827.0,30832.25,655
2026-09-22 00:40:00-04:00,30831.0,30842.0,30824.5,30829.0,584
2026-09-22 00:45:00-04:00,30829.0,30835.0,30820.0,30821.5,527
2026-09-22 00:50:00-04:00,30822.25,30823.5,30813.5,30816.0,732
2026-09-22 00:55:00-04:00,30817.75,30820.75,30809.25,30812.5,405
2026-09-22 01:00:00-04:00,30813.0,30820.75,30808.5,30813.25,509
2026-09-22 01:05:00-04:00,30814.0,30820.75,30807.0,30808.0,424
2026-09-22 01:10:00-04:00,30807.75,30813.25,30804.0,30809.5,501
2026-09-22 01:15:00-04:00,30809.5,30810.5,30783.25,30784.5,1367
2026-09-22 01:20:00-04:00,30784.0,30809.75,30783.5,30790.25,1368
2026-09-22 01:25:00-04:00,30790.0,30801.25,30785.25,30792.5,693
2026-09-22 01:30:00-04:00,30791.25,30793.75,30779.5,30791.5,822
2026-09-22 01:35:00-04:00,30791.5,30815.25,30791.0,30814.0,891
2026-09-22 01:40:00-04:00,30813.75,30823.5,30808.0,30818.0,615
2026-09-22 01:45:00-04:00,30816.5,30844.75,30815.75,30844.25,1440
2026-09-22 01:50:00-04:00,30844.5,30844.5,30820.75,30821.75,665
2026-09-22 01:55:00-04:00,30820.75,30823.5,30812.5,30814.75,559
2026-09-22 02:00:00-04:00,30816.25,30818.75,30789.25,30789.25,1108
2026-09-22 02:05:00-04:00,30789.5,30802.5,30785.75,30798.0,630
2026-09-22 02:10:00-04:00,30796.75,30800.5,30778.75,30784.25,683
2026-09-22 02:15:00-04:00,30784.25,30789.0,30773.0,30774.25,729
2026-09-22 02:20:00-04:00,30773.75,30782.75,30766.5,30771.25,998
2026-09-22 02:25:00-04:00,30772.25,30788.0,30768.25,30786.25,545
2026-09-22 02:30:00-04:00,30785.75,30792.25,30777.25,30779.0,656
2026-09-22 02:35:00-04:00,30779.75,30794.25,30778.0,30786.75,456
2026-09-22 02:40:00-04:00,30786.5,30794.25,30775.25,30780.25,485
2026-09-22 02:45:00-04:00,30779.25,30786.5,30775.75,30781.25,336
2026-09-22 02:50:00-04:00,30781.5,30786.0,30775.5,30777.25,258
2026-09-22 02:55:00-04:00,30777.0,30789.5,30777.0,30779.0,352
2026-09-22 03:00:00-04:00,30779.25,30789.25,30765.5,30775.75,838
2026-09-22 03:05:00-04:00,30775.75,30785.0,30766.75,30781.25,404
2026-09-22 03:10:00-04:00,30781.25,30788.0,30768.75,30779.0,373
2026-09-22 03:15:00-04:00,30778.75,30794.0,30773.75,30774.25,609
2026-09-22 03:20:00-04:00,30774.75,30785.0,30767.75,30775.75,614
2026-09-22 03:25:00-04:00,30777.0,30780.0,30766.75,30768.75,421
2026-09-22 03:30:00-04:00,30769.25,30776.75,30761.0,30764.75,985
2026-09-22 03:35:00-04:00,30765.0,30777.25,30761.75,30774.0,540
2026-09-22 03:40:00-04:00,30773.25,30779.75,30769.5,30779.5,285
2026-09-22 03:45:00-04:00,30780.0,30785.75,30764.75,30769.0,526
2026-09-22 03:50:00-04:00,30770.0,30781.0,30766.75,30780.25,342
2026-09-22 03:55:00-04:00,30778.0,30782.0,30768.5,30770.5,361
2026-09-22 04:00:00-04:00,30770.25,30771.5,30729.25,30731.0,1958
2026-09-22 04:05:00-04:00,30731.0,30747.75,30725.0,30736.5,1217
2026-09-22 04:10:00-04:00,30738.5,30742.5,30729.75,30736.5,922
2026-09-22 04:15:00-04:00,30736.0,30737.5,30713.0,30723.75,885
2026-09-22 04:20:00-04:00,30724.25,30724.75,30701.0,30712.25,992
2026-09-22 04:25:00-04:00,30711.25,30735.5,30683.0,30686.5,1749
2026-09-22 04:30:00-04:00,30686.75,30699.5,30670.0,30691.0,1648
2026-09-22 04:35:00-04:00,30690.5,30746.5,30687.25,30735.5,1659
2026-09-22 04:40:00-04:00,30735.5,30765.0,30727.75,30759.75,1422
2026-09-22 04:45:00-04:00,30759.0,30780.0,30744.0,30778.25,1362
2026-09-22 04:50:00-04:00,30777.5,30788.5,30767.25,30776.75,1438
2026-09-22 04:55:00-04:00,30777.25,30789.75,30769.5,30784.5,1014
2026-09-22 05:00:00-04:00,30782.5,30800.25,30757.0,30757.5,1361
2026-09-22 05:05:00-04:00,30757.0,30780.75,30754.25,30765.75,911
2026-09-22 05:10:00-04:00,30766.75,30780.25,30753.0,30763.25,883
2026-09-22 05:15:00-04:00,30763.5,30787.75,30762.25,30768.25,718
2026-09-22 05:20:00-04:00,30767.25,30774.5,30759.0,30767.25,380
2026-09-22 05:25:00-04:00,30767.75,30772.5,30761.5,30769.25,236
2026-09-22 05:30:00-04:00,30770.25,30787.25,30767.75,30776.5,771
2026-09-22 05:35:00-04:00,30778.0,30778.25,30764.0,30767.25,311
2026-09-22 05:40:00-04:00,30765.5,30790.25,30765.5,30790.0,577
2026-09-22 05:45:00-04:00,30789.5,30793.75,30781.5,30787.5,378
2026-09-22 05:50:00-04:00,30788.0,30850.75,30786.5,30821.5,3642
2026-09-22 05:55:00-04:00,30821.25,30846.5,30794.75,30837.25,2425
2026-09-22 06:00:00-04:00,30839.0,30842.5,30819.25,30833.75,1058
2026-09-22 06:05:00-04:00,30834.25,30847.0,30830.0,30839.0,786
2026-09-22 06:10:00-04:00,30837.75,30843.25,30808.75,30818.75,1020
2026-09-22 06:15:00-04:00,30818.25,30825.75,30810.25,30810.75,350
2026-09-22 06:20:00-04:00,30813.25,30815.25,30800.0,30801.75,499
2026-09-22 06:25:00-04:00,30800.0,30815.0,30794.0,30810.25,385
2026-09-22 06:30:00-04:00,30809.0,30815.25,30798.0,30805.25,533
2026-09-22 06:35:00-04:00,30805.0,30810.0,30798.25,30808.25,292
2026-09-22 06:40:00-04:00,30809.25,30830.75,30807.0,30821.5,616
2026-09-22 06:45:00-04:00,30821.5,30832.0,30807.75,30829.5,807
2026-09-22 06:50:00-04:00,30828.75,30834.25,30824.0,30826.25,388
2026-09-22 06:55:00-04:00,30826.5,30830.0,30814.0,30814.25,512
2026-09-22 07:00:00-04:00,30814.0,30829.0,30796.25,30810.5,952
2026-09-22 07:05:00-04:00,30808.75,30813.25,30754.5,30774.75,1915
2026-09-22 07:10:00-04:00,30774.75,30804.5,30764.0,30794.25,1749
2026-09-22 07:15:00-04:00,30795.5,30801.75,30788.75,30790.5,649
2026-09-22 07:20:00-04:00,30791.25,30803.0,30783.0,30799.5,486
2026-09-22 07:25:00-04:00,30798.75,30801.75,30777.5,30778.75,401
2026-09-22 07:30:00-04:00,30779.5,30795.0,30776.25,30788.75,414
2026-09-22 07:35:00-04:00,30788.5,30802.0,30787.75,30796.25,420
2026-09-22 07:40:00-04:00,30796.5,30807.5,30786.25,30794.25,602
2026-09-22 07:45:00-04:00,30794.5,30813.75,30785.5,30792.5,727
2026-09-22 07:50:00-04:00,30792.25,30792.5,30775.75,30775.75,317
2026-09-22 07:55:00-04:00,30776.75,30792.25,30772.25,30776.75,496
2026-09-22 08:00:00-04:00,30776.75,30791.75,30771.0,30787.0,664
2026-09-22 08:05:00-04:00,30785.5,30789.25,30749.0,30759.0,851
2026-09-22 08:10:00-04:00,30759.75,30769.25,30757.75,30762.75,559
2026-09-22 08:15:00-04:00,30760.75,30769.5,30749.0,30758.25,761
2026-09-22 08:20:00-04:00,30758.25,30777.0,30758.25,30770.75,571
2026-09-22 08:25:00-04:00,30770.25,30784.25,30770.0,30783.5,494
2026-09-22 08:30:00-04:00,30783.25,30788.5,30772.0,30784.75,832
2026-09-22 08:35:00-04:00,30785.0,30787.75,30763.75,30767.5,914
2026-09-22 08:40:00-04:00,30768.0,30781.5,30763.0,30764.0,648
2026-09-22 08:45:00-04:00,30764.75,30769.5,30761.25,30763.0,449
2026-09-22 08:50:00-04:00,30763.0,30765.0,30753.25,30758.0,577
2026-09-22 08:55:00-04:00,30757.5,30761.5,30745.5,30752.25,1069
2026-09-22 09:00:00-04:00,30753.0,30772.0,30748.75,30767.5,1193
2026-09-22 09:05:00-04:00,30768.0,30780.75,30757.25,30766.25,1704
2026-09-22 09:10:00-04:00,30766.25,30773.0,30760.5,30769.75,751
2026-09-22 09:15:00-04:00,30769.5,30774.5,30755.25,30759.5,941
2026-09-22 09:20:00-04:00,30759.5,30771.0,30750.5,30769.0,1341
2026-09-22 09:25:00-04:00,30768.75,30777.75,30756.5,30764.0,2666
2026-09-22 09:30:00-04:00,30764.25,30868.5,30763.5,30864.75,16609
2026-09-22 09:35:00-04:00,30865.5,30897.5,30864.25,30893.0,9904
2026-09-22 09:40:00-04:00,30892.5,30927.5,30886.75,30902.25,9875
2026-09-22 09:45:00-04:00,30902.75,30925.0,30884.25,30906.75,10635
2026-09-22 09:50:00-04:00,30907.75,30945.0,30905.0,30941.25,7738
2026-09-22 09:55:00-04:00,30941.0,30943.5,30899.0,30930.0,9199
2026-09-22 10:00:00-04:00,30929.5,30937.5,30909.25,30928.0,6008
2026-09-22 10:05:00-04:00,30928.25,30934.25,30908.5,30915.25,4549
2026-09-22 10:10:00-04:00,30914.5,30983.75,30912.5,30960.5,10650
2026-09-22 10:15:00-04:00,30961.0,30978.0,30938.25,30950.25,7529
2026-09-22 10:20:00-04:00,30950.0,30960.75,30934.25,30951.25,5052
2026-09-22 10:25:00-04:00,30950.5,30965.5,30939.5,30961.5,3826
2026-09-22 10:30:00-04:00,30961.25,30997.5,30954.5,30987.75,6937
2026-09-22 10:35:00-04:00,30987.75,30988.5,30936.5,30943.75,10480
2026-09-22 10:40:00-04:00,30943.75,30949.5,30896.25,30914.5,9348
2026-09-22 10:45:00-04:00,30914.0,30943.75,30890.5,30941.75,7817
2026-09-22 10:50:00-04:00,30942.0,30955.75,30923.25,30943.5,5634
2026-09-22 10:55:00-04:00,30944.25,30948.25,30918.5,30924.75,3752
2026-09-22 11:00:00-04:00,30925.75,30930.25,30905.25,30915.5,5139
2026-09-22 11:05:00-04:00,30915.75,30936.5,30911.5,30915.0,4600
2026-09-22 11:10:00-04:00,30914.75,30942.5,30907.0,30937.5,4535
2026-09-22 11:15:00-04:00,30937.75,30949.0,30924.25,30947.0,3623
2026-09-22 11:20:00-04:00,30946.75,30947.25,30928.75,30933.25,2529
2026-09-22 11:25:00-04:00,30933.25,30945.0,30920.25,30928.25,2887
2026-09-22 11:30:00-04:00,30928.5,30934.0,30916.0,30923.75,3612
2026-09-22 11:35:00-04:00,30923.5,30925.75,30894.25,30897.25,5569
2026-09-22 11:40:00-04:00,30897.5,30906.25,30885.75,30900.0,4053
2026-09-22 11:45:00-04:00,30899.75,30918.25,30898.25,30908.5,3388
2026-09-22 11:50:00-04:00,30908.75,30914.75,30894.5,30896.0,2867
2026-09-22 11:55:00-04:00,30896.25,30911.75,30887.25,30910.5,3193
2026-09-22 12:00:00-04:00,30911.25,30919.75,30894.5,30908.75,2732
2026-09-22 12:05:00-04:00,30908.25,30935.75,30906.25,30927.5,3893
2026-09-22 12:10:00-04:00,30926.75,30934.5,30919.25,30925.25,2308
2026-09-22 12:15:00-04:00,30924.75,30927.0,30908.75,30910.5,2404
2026-09-22 12:20:00-04:00,30910.5,30925.5,30897.75,30900.0,3515
2026-09-22 12:25:00-04:00,30899.5,30908.0,30889.25,30891.75,2509
2026-09-22 12:30:00-04:00,30891.75,30919.75,30891.25,30919.5,3576
2026-09-22 12:35:00-04:00,30919.75,30920.75,30900.0,30904.5,2335
2026-09-22 12:40:00-04:00,30904.0,30916.5,30896.0,30915.75,1981
2026-09-22 12:45:00-04:00,30915.25,30947.0,30911.25,30943.25,5077
2026-09-22 12:50:00-04:00,30942.75,30946.0,30934.0,30938.25,2939
2026-09-22 12:55:00-04:00,30938.0,30944.25,30934.5,30940.75,1991
2026-09-22 13:00:00-04:00,30941.25,30943.75,30936.5,30939.25,1716
2026-09-22 13:05:00-04:00,30938.5,30954.5,30936.0,30942.0,2402
2026-09-22 13:10:00-04:00,30942.25,30947.25,30937.25,30941.25,1437
2026-09-22 13:15:00-04:00,30941.5,30944.0,30935.25,30940.0,1461
2026-09-22 13:20:00-04:00,30939.5,30939.5,30929.0,30935.0,1892
2026-09-22 13:25:00-04:00,30935.0,30956.75,30932.75,30953.5,2128
2026-09-22 13:30:00-04:00,30953.5,30953.75,30930.5,30935.5,2347
2026-09-22 13:35:00-04:00,30935.75,30938.75,30927.75,30929.75,1963
2026-09-22 13:40:00-04:00,30930.0,30945.75,30921.75,30944.5,2232
2026-09-22 13:45:00-04:00,30944.75,30950.5,30937.0,30941.5,1756
2026-09-22 13:50:00-04:00,30942.0,30988.25,30936.5,30976.5,7867
2026-09-22 13:55:00-04:00,30976.5,30980.5,30966.0,30977.25,3091
2026-09-22 14:00:00-04:00,30977.25,30979.5,30951.25,30960.5,3999
2026-09-22 14:05:00-04:00,30960.5,30981.25,30958.5,30980.5,2378
2026-09-22 14:10:00-04:00,30980.5,30985.5,30974.25,30981.0,2187
2026-09-22 14:15:00-04:00,30980.5,30994.25,30980.5,30990.75,2455
2026-09-22 14:20:00-04:00,30990.5,31009.5,30988.25,31004.5,3691
2026-09-22 14:25:00-04:00,31004.0,31006.5,30992.75,30994.0,2306
2026-09-22 14:30:00-04:00,30994.0,30998.5,30981.0,30981.5,2578
2026-09-22 14:35:00-04:00,30981.25,30984.75,30966.5,30972.5,3474
2026-09-22 14:40:00-04:00,30972.25,30992.75,30966.0,30987.75,3581
2026-09-22 14:45:00-04:00,30988.25,30991.5,30979.5,30984.0,1400
2026-09-22 14:50:00-04:00,30984.0,30989.25,30978.0,30985.75,1217
2026-09-22 14:55:00-04:00,30985.5,30986.25,30971.5,30976.0,1740
2026-09-22 15:00:00-04:00,30976.0,30988.5,30975.25,30988.5,2038
2026-09-22 15:05:00-04:00,30988.0,30998.5,30984.25,30995.5,2499
2026-09-22 15:10:00-04:00,30996.0,31004.5,30995.75,31003.5,2438
2026-09-22 15:15:00-04:00,31002.75,31016.0,31002.0,31011.5,2903
2026-09-22 15:20:00-04:00,31011.5,31011.75,30998.25,31004.75,2539
2026-09-22 15:25:00-04:00,31005.25,31027.0,31004.0,31020.75,4473
2026-09-22 15:30:00-04:00,31020.5,31048.0,31018.5,31046.75,5861
2026-09-22 15:35:00-04:00,31046.5,31049.75,31036.25,31043.75,4203
2026-09-22 15:40:00-04:00,31043.25,31045.25,31018.5,31034.75,4091
2026-09-22 15:45:00-04:00,31034.75,31050.0,31034.5,31046.25,3397
2026-09-22 15:50:00-04:00,31046.5,31065.5,31030.0,31039.75,8284
2026-09-22 15:55:00-04:00,31039.75,31040.75,31012.75,31030.25,15936
2026-09-22 16:00:00-04:00,31029.25,31030.25,31017.0,31025.25,3849
2026-09-22 16:05:00-04:00,31026.0,31035.75,31018.25,31028.75,2124
2026-09-22 16:10:00-04:00,31028.75,31034.0,31021.0,31021.0,1355
2026-09-22 16:15:00-04:00,31021.0,31025.0,31015.5,31015.75,983
2026-09-22 16:20:00-04:00,31015.75,31016.75,31000.0,31008.0,1145
2026-09-22 16:25:00-04:00,31009.0,31014.0,31002.75,31004.5,883
2026-09-22 16:30:00-04:00,31004.5,31011.5,31003.5,31007.5,495
2026-09-22 16:35:00-04:00,31007.75,31009.5,31006.75,31007.0,235
2026-09-22 16:40:00-04:00,31008.0,31009.5,31002.0,31002.5,396
2026-09-22 16:45:00-04:00,31002.0,31003.25,30995.0,30998.25,738
2026-09-22 16:50:00-04:00,30999.0,31006.25,30998.0,31002.5,404
2026-09-22 16:55:00-04:00,31001.75,31006.25,30991.0,31002.0,902
2026-09-22 18:00:00-04:00,31008.5,31033.0,30997.5,31016.75,0
2026-09-22 18:05:00-04:00,31018.25,31041.0,31018.25,31033.0,607
2026-09-22 18:10:00-04:00,31033.5,31041.75,31027.75,31041.0,368
2026-09-22 18:15:00-04:00,31040.75,31046.5,31037.5,31044.0,308
2026-09-22 18:20:00-04:00,31044.25,31056.25,31044.25,31052.25,423
2026-09-22 18:25:00-04:00,31052.5,31058.5,31046.5,31049.0,298
2026-09-22 18:30:00-04:00,31050.0,31059.25,31048.5,31057.25,268
2026-09-22 18:35:00-04:00,31056.5,31058.75,31051.0,31052.75,254
2026-09-22 18:40:00-04:00,31052.0,31060.5,31051.25,31052.0,296
2026-09-22 18:45:00-04:00,31052.5,31052.5,31027.75,31029.25,830
2026-09-22 18:50:00-04:00,31030.0,31046.0,31025.5,31044.25,563
2026-09-22 18:55:00-04:00,31043.5,31048.25,31042.25,31044.25,253
2026-09-22 19:00:00-04:00,31045.0,31054.25,31045.0,31050.0,296
2026-09-22 19:05:00-04:00,31048.5,31053.5,31044.75,31046.0,200
2026-09-22 19:10:00-04:00,31046.0,31050.5,31043.25,31049.25,117
2026-09-22 19:15:00-04:00,31049.25,31052.75,31047.25,31051.5,110
2026-09-22 19:20:00-04:00,31051.5,31061.75,31050.25,31059.0,411
2026-09-22 19:25:00-04:00,31057.75,31058.0,31047.75,31053.0,313
2026-09-22 19:30:00-04:00,31050.75,31057.25,31050.0,31055.25,206
2026-09-22 19:35:00-04:00,31055.75,31057.75,31053.0,31056.25,184
2026-09-22 19:40:00-04:00,31055.75,31058.0,31051.5,31052.0,149
2026-09-22 19:45:00-04:00,31052.75,31055.25,31042.75,31049.75,426
2026-09-22 19:50:00-04:00,31049.5,31062.75,31044.25,31060.75,818
2026-09-22 19:55:00-04:00,31060.75,31070.5,31053.75,31065.0,692
2026-09-22 20:00:00-04:00,31064.5,31065.75,31036.0,31047.0,1516
2026-09-22 20:05:00-04:00,31047.5,31052.5,31033.25,31042.5,767
2026-09-22 20:10:00-04:00,31042.75,31047.75,31030.25,31041.25,662
2026-09-22 20:15:00-04:00,31040.5,31053.5,31036.5,31046.25,574
2026-09-22 20:20:00-04:00,31046.75,31050.5,31031.75,31049.5,658
2026-09-22 20:25:00-04:00,31048.25,31055.25,31036.25,31037.75,551
2026-09-22 20:30:00-04:00,31037.25,31050.5,31034.0,31038.0,500
2026-09-22 20:35:00-04:00,31037.5,31047.25,31034.5,31043.0,384
2026-09-22 20:40:00-04:00,31043.25,31049.0,31036.75,31039.25,271
2026-09-22 20:45:00-04:00,31040.0,31045.0,31027.75,31027.75,492
2026-09-22 20:50:00-04:00,31028.75,31035.0,31012.0,31014.5,953
2026-09-22 20:55:00-04:00,31015.5,31023.5,31012.25,31022.75,766
2026-09-22 21:00:00-04:00,31023.75,31026.25,31014.75,31022.5,582
2026-09-22 21:05:00-04:00,31022.0,31037.5,31020.25,31029.5,529
2026-09-22 21:10:00-04:00,31031.0,31031.75,31018.0,31026.0,374
2026-09-22 21:15:00-04:00,31025.75,31036.25,31018.75,31036.25,425
2026-09-22 21:20:00-04:00,31036.25,31049.75,31031.0,31044.25,507
2026-09-22 21:25:00-04:00,31044.0,31057.0,31040.25,31053.25,744
2026-09-22 21:30:00-04:00,31052.5,31058.0,31024.75,31031.75,873
2026-09-22 21:35:00-04:00,31032.0,31034.0,31021.75,31027.25,527
2026-09-22 21:40:00-04:00,31026.75,31027.25,31008.25,31014.25,1000
2026-09-22 21:45:00-04:00,31016.25,31023.5,31012.25,31014.75,541
2026-09-22 21:50:00-04:00,31015.0,31019.75,31010.25,31016.25,293
2026-09-22 21:55:00-04:00,31016.5,31020.0,31011.75,31016.25,308
2026-09-22 22:00:00-04:00,31016.25,31021.25,31006.25,31015.75,544
2026-09-22 22:05:00-04:00,31014.0,31016.5,31004.0,31006.0,441
2026-09-22 22:10:00-04:00,31004.25,31006.5,30996.75,31001.25,604
2026-09-22 22:15:00-04:00,31001.75,31012.5,30982.75,31001.5,1116
2026-09-22 22:20:00-04:00,31001.5,31017.0,30999.25,31011.75,896
2026-09-22 22:25:00-04:00,31010.75,31020.0,31010.0,31012.25,422
2026-09-22 22:30:00-04:00,31012.0,31016.0,31005.0,31009.5,431
2026-09-22 22:35:00-04:00,31008.75,31012.25,31000.75,31002.0,261
2026-09-22 22:40:00-04:00,31001.75,31007.75,30999.75,31002.0,283
2026-09-22 22:45:00-04:00,31002.5,31013.5,31002.5,31010.0,240
2026-09-22 22:50:00-04:00,31009.75,31011.5,31006.0,31011.5,124
2026-09-22 22:55:00-04:00,31010.75,31011.75,31007.0,31007.75,155
2026-09-22 23:00:00-04:00,31008.0,31009.25,31000.75,31003.5,310
2026-09-22 23:05:00-04:00,31003.25,31006.5,30997.5,31002.5,264
2026-09-22 23:10:00-04:00,31002.5,31008.0,31001.0,31006.0,404
2026-09-22 23:15:00-04:00,31006.25,31007.5,30990.75,30996.75,471
2026-09-22 23:20:00-04:00,30997.0,31012.0,30996.5,31007.75,306
2026-09-22 23:25:00-04:00,31007.5,31014.75,30999.75,30999.75,317
2026-09-22 23:30:00-04:00,30999.5,31014.25,30999.5,31014.25,232
2026-09-22 23:35:00-04:00,31014.25,31014.75,31008.75,31013.0,229
2026-09-22 23:40:00-04:00,31012.0,31027.0,31010.0,31019.5,516
2026-09-22 23:45:00-04:00,31019.25,31023.75,31018.0,31021.0,150
2026-09-22 23:50:00-04:00,31021.0,31025.5,31018.0,31025.0,214
2026-09-22 23:55:00-04:00,31025.5,31025.5,31012.0,31013.25,170
2026-09-23 00:05:00-04:00,31032.75,31033.5,31029.75,31031.5,696
2026-09-23 00:10:00-04:00,31031.5,31034.0,31026.5,31031.75,196
2026-09-23 00:15:00-04:00,31031.0,31037.25,31029.25,31037.25,262
2026-09-23 00:20:00-04:00,31037.5,31044.75,31035.25,31040.25,300
2026-09-23 00:25:00-04:00,31040.75,31043.25,31036.0,31039.0,270
2026-09-23 00:30:00-04:00,31039.0,31048.25,31038.25,31045.75,250
2026-09-23 00:35:00-04:00,31046.0,31052.25,31041.0,31043.5,360
2026-09-23 00:40:00-04:00,31044.0,31050.5,31041.25,31049.25,224
2026-09-23 00:45:00-04:00,31047.75,31051.25,31045.75,31049.25,125
2026-09-23 00:50:00-04:00,31050.25,31050.75,31038.25,31039.5,416
2026-09-23 00:55:00-04:00,31039.0,31041.75,31031.25,31035.25,311
2026-09-23 01:00:00-04:00,31035.0,31036.75,31022.0,31028.5,431
2026-09-23 01:05:00-04:00,31027.75,31033.5,31023.0,31031.75,284
2026-09-23 01:10:00-04:00,31032.0,31039.75,31028.75,31033.0,251
2026-09-23 01:15:00-04:00,31033.25,31042.5,31029.5,31032.25,357
2026-09-23 01:20:00-04:00,31031.0,31031.0,31019.0,31021.5,423
2026-09-23 01:25:00-04:00,31021.5,31036.75,31021.5,31034.0,396
2026-09-23 01:30:00-04:00,31034.0,31038.0,31023.5,31025.25,320
2026-09-23 01:35:00-04:00,31026.75,31037.0,31024.75,31033.75,228
2026-09-23 01:40:00-04:00,31033.75,31039.75,31021.0,31029.25,356
2026-09-23 01:45:00-04:00,31030.25,31042.0,31026.75,31029.0,317
2026-09-23 01:50:00-04:00,31028.5,31044.5,31028.0,31039.25,241
2026-09-23 01:55:00-04:00,31039.25,31040.5,31027.5,31028.75,320
2026-09-23 02:00:00-04:00,31029.25,31055.25,31028.25,31043.75,715
2026-09-23 02:05:00-04:00,31043.5,31054.0,31038.25,31040.75,406
2026-09-23 02:10:00-04:00,31041.25,31058.0,31041.25,31057.5,394
2026-09-23 02:15:00-04:00,31058.0,31058.75,31051.25,31055.5,284
2026-09-23 02:20:00-04:00,31055.5,31058.0,31039.5,31050.25,573
2026-09-23 02:25:00-04:00,31050.75,31061.75,31049.5,31057.5,431
2026-09-23 02:30:00-04:00,31057.25,31081.5,31056.0,31081.25,1146
2026-09-23 02:35:00-04:00,31080.75,31094.75,31078.75,31090.5,841
2026-09-23 02:40:00-04:00,31090.25,31091.5,31074.0,31082.0,475
2026-09-23 02:45:00-04:00,31080.75,31080.75,31057.0,31079.25,814
2026-09-23 02:50:00-04:00,31080.0,31082.0,31062.25,31064.25,656
2026-09-23 02:55:00-04:00,31063.75,31064.5,31048.0,31051.0,587
2026-09-23 03:00:00-04:00,31049.75,31055.25,31043.25,31050.5,694
2026-09-23 03:05:00-04:00,31052.5,31052.5,31029.25,31031.5,674
2026-09-23 03:10:00-04:00,31031.0,31047.75,31028.0,31044.25,505
2026-09-23 03:15:00-04:00,31045.75,31048.25,31030.0,31034.5,338
2026-09-23 03:20:00-04:00,31035.5,31040.25,31031.0,31035.0,187
2026-09-23 03:25:00-04:00,31035.75,31052.75,31034.5,31052.25,276
2026-09-23 03:30:00-04:00,31051.5,31061.75,31036.0,31039.5,747
2026-09-23 03:35:00-04:00,31040.75,31054.75,31038.0,31042.0,498
2026-09-23 03:40:00-04:00,31041.75,31050.25,31035.75,31037.25,396
2026-09-23 03:45:00-04:00,31037.25,31045.25,31032.5,31043.75,707
2026-09-23 03:50:00-04:00,31043.25,31049.0,31028.25,31030.25,297
2026-09-23 03:55:00-04:00,31030.0,31040.0,31028.75,31035.25,196
2026-09-23 04:00:00-04:00,31034.25,31046.5,31015.25,31018.75,702
2026-09-23 04:05:00-04:00,31018.75,31040.5,31016.0,31035.75,552
2026-09-23 04:10:00-04:00,31037.0,31043.75,31031.75,31038.5,261
2026-09-23 04:15:00-04:00,31039.0,31044.25,31028.0,31043.0,357
2026-09-23 04:20:00-04:00,31041.75,31051.25,31040.5,31050.25,509
2026-09-23 04:25:00-04:00,31050.25,31051.0,31037.5,31038.0,261
2026-09-23 04:30:00-04:00,31039.25,31045.25,31035.0,31035.5,216
2026-09-23 04:35:00-04:00,31034.5,31034.5,31006.0,31022.5,766
2026-09-23 04:40:00-04:00,31021.25,31024.0,31009.75,31013.75,347
2026-09-23 04:45:00-04:00,31013.0,31018.0,31008.25,31016.75,402
2026-09-23 04:50:00-04:00,31016.25,31016.75,31002.0,31011.0,361
2026-09-23 04:55:00-04:00,31011.0,31021.5,31008.25,31016.5,410
2026-09-23 05:00:00-04:00,31015.75,31026.5,31007.25,31010.5,473
2026-09-23 05:05:00-04:00,31010.0,31027.75,31008.5,31025.5,282
2026-09-23 05:10:00-04:00,31026.0,31026.5,31014.25,31017.25,253
2026-09-23 05:15:00-04:00,31016.0,31021.5,31009.5,31020.75,305
2026-09-23 05:20:00-04:00,31021.0,31031.5,31016.5,31030.5,216
2026-09-23 05:25:00-04:00,31030.75,31034.25,31023.75,31023.75,344
2026-09-23 05:30:00-04:00,31025.5,31032.75,31023.0,31026.0,283
2026-09-23 05:35:00-04:00,31026.0,31033.75,31022.25,31025.0,184
2026-09-23 05:40:00-04:00,31024.5,31027.75,31018.25,31019.0,218
2026-09-23 05:45:00-04:00,31018.5,31018.75,30997.75,31006.5,718
2026-09-23 05:50:00-04:00,31006.75,31019.25,31002.75,31014.75,339
2026-09-23 05:55:00-04:00,31013.75,31015.5,31006.0,31012.5,255
2026-09-23 06:00:00-04:00,31012.25,31023.25,31009.75,31020.75,253
2026-09-23 06:05:00-04:00,31020.75,31027.25,31018.75,31024.0,252
2026-09-23 06:10:00-04:00,31025.0,31031.75,31018.75,31030.0,307
2026-09-23 06:15:00-04:00,31030.0,31043.75,31028.5,31038.0,457
2026-09-23 06:20:00-04:00,31038.0,31038.0,31021.0,31025.5,266
2026-09-23 06:25:00-04:00,31026.5,31033.5,31023.5,31033.5,233
2026-09-23 06:30:00-04:00,31033.75,31035.5,31022.0,31022.5,326
2026-09-23 06:35:00-04:00,31022.5,31031.0,31015.25,31029.0,291
2026-09-23 06:40:00-04:00,31029.0,31029.0,31016.25,31022.75,273
2026-09-23 06:45:00-04:00,31021.25,31022.0,31011.75,31018.75,245
2026-09-23 06:50:00-04:00,31018.5,31027.25,31014.0,31026.0,167
2026-09-23 06:55:00-04:00,31025.75,31033.0,31025.75,31027.75,296
2026-09-23 07:00:00-04:00,31027.5,31029.25,31004.0,31005.75,750
2026-09-23 07:05:00-04:00,31006.25,31006.25,30992.25,31002.0,811
2026-09-23 07:10:00-04:00,31000.75,31006.25,30996.25,31003.5,366
2026-09-23 07:15:00-04:00,31001.5,31011.5,30992.0,30994.5,539
2026-09-23 07:20:00-04:00,30993.75,30994.5,30957.25,30961.75,1499
2026-09-23 07:25:00-04:00,30962.25,30969.0,30950.0,30952.75,998
2026-09-23 07:30:00-04:00,30952.5,30954.5,30932.5,30936.0,1277
2026-09-23 07:35:00-04:00,30936.0,30937.25,30913.75,30928.75,1275
2026-09-23 07:40:00-04:00,30928.75,30932.5,30910.75,30925.75,1081
2026-09-23 07:45:00-04:00,30925.5,30960.0,30925.5,30955.0,1331
2026-09-23 07:50:00-04:00,30955.25,30956.25,30943.75,30950.5,585
2026-09-23 07:55:00-04:00,30951.25,30965.25,30947.25,30959.5,668
2026-09-23 08:00:00-04:00,30958.5,30966.0,30937.75,30941.25,1336
2026-09-23 08:05:00-04:00,30941.0,30952.75,30936.0,30941.75,693
2026-09-23 08:10:00-04:00,30943.0,30947.5,30924.5,30930.75,987
2026-09-23 08:15:00-04:00,30931.0,30936.0,30917.25,30929.25,944
2026-09-23 08:20:00-04:00,30929.75,30950.25,30926.0,30950.25,952
2026-09-23 08:25:00-04:00,30949.25,30951.5,30938.25,30947.0,688
2026-09-23 08:30:00-04:00,30947.25,30958.25,30944.25,30952.0,953
2026-09-23 08:35:00-04:00,30951.5,30958.0,30945.25,30956.0,664
2026-09-23 08:40:00-04:00,30956.0,30961.25,30948.75,30949.75,887
2026-09-23 08:45:00-04:00,30950.75,30974.25,30947.75,30955.25,977
2026-09-23 08:50:00-04:00,30956.5,30960.0,30951.5,30955.25,515
2026-09-23 08:55:00-04:00,30955.0,30970.75,30947.75,30968.0,831
2026-09-23 09:00:00-04:00,30968.0,30970.75,30949.25,30952.5,1125
2026-09-23 09:05:00-04:00,30952.75,30955.5,30944.0,30948.5,755
2026-09-23 09:10:00-04:00,30948.75,30965.75,30947.25,30962.75,883
2026-09-23 09:15:00-04:00,30962.5,30973.75,30961.25,30968.0,1324
2026-09-23 09:20:00-04:00,30968.5,30979.5,30966.5,30971.25,1380
2026-09-23 09:25:00-04:00,30971.0,31007.25,30968.0,31006.0,4016
2026-09-23 09:30:00-04:00,31005.5,31013.0,30926.25,30926.5,15953
2026-09-23 09:35:00-04:00,30926.5,30956.75,30902.0,30914.25,11181
2026-09-23 09:40:00-04:00,30914.75,30925.0,30904.75,30910.0,6852
2026-09-23 09:45:00-04:00,30910.0,30922.25,30860.75,30879.75,12110
2026-09-23 09:50:00-04:00,30879.5,30888.25,30842.0,30849.25,10050
2026-09-23 09:55:00-04:00,30849.0,30862.75,30832.75,30846.0,7665
2026-09-23 10:00:00-04:00,30846.75,30871.0,30818.5,30831.25,9725
2026-09-23 10:05:00-04:00,30831.75,30841.75,30766.25,30769.0,9783
2026-09-23 10:10:00-04:00,30769.0,30773.0,30704.0,30718.25,14813
2026-09-23 10:15:00-04:00,30719.25,30742.5,30670.75,30672.25,12817
2026-09-23 10:20:00-04:00,30672.75,30700.5,30645.0,30673.5,12970
2026-09-23 10:25:00-04:00,30673.5,30695.25,30642.75,30678.75,11265
2026-09-23 10:30:00-04:00,30678.75,30724.25,30657.75,30720.25,9713
2026-09-23 10:35:00-04:00,30720.5,30738.75,30687.0,30697.25,8904
2026-09-23 10:40:00-04:00,30697.5,30722.75,30689.5,30718.75,5533
2026-09-23 10:45:00-04:00,30720.0,30739.5,30719.25,30732.75,5508
2026-09-23 10:50:00-04:00,30732.5,30825.25,30713.25,30812.75,14266
2026-09-23 10:55:00-04:00,30812.75,30826.25,30780.5,30822.5,8062
2026-09-23 11:00:00-04:00,30823.25,30827.75,30793.75,30803.5,6542
2026-09-23 11:05:00-04:00,30803.5,30814.0,30790.5,30803.0,3629
2026-09-23 11:10:00-04:00,30803.75,30805.25,30782.5,30787.5,4515
2026-09-23 11:15:00-04:00,30788.25,30800.25,30755.0,30785.25,5275
2026-09-23 11:20:00-04:00,30785.75,30817.75,30779.5,30808.75,5110
2026-09-23 11:25:00-04:00,30807.5,30817.5,30768.75,30773.25,4882
2026-09-23 11:30:00-04:00,30772.75,30782.25,30764.0,30769.75,4545
2026-09-23 11:35:00-04:00,30769.75,30778.0,30758.0,30766.25,3209
2026-09-23 11:40:00-04:00,30766.0,30784.0,30754.0,30780.25,3395
2026-09-23 11:45:00-04:00,30781.25,30786.0,30732.25,30739.75,6518
2026-09-23 11:50:00-04:00,30740.25,30754.0,30723.25,30753.0,4504
2026-09-23 11:55:00-04:00,30753.5,30757.25,30737.0,30746.5,3045
2026-09-23 12:00:00-04:00,30747.0,30748.0,30726.75,30740.75,2655
2026-09-23 12:05:00-04:00,30740.25,30751.0,30730.25,30745.25,2615
2026-09-23 12:10:00-04:00,30745.25,30751.0,30737.5,30744.75,1658
2026-09-23 12:15:00-04:00,30744.25,30756.25,30726.0,30738.0,3366
2026-09-23 12:20:00-04:00,30737.5,30738.0,30715.5,30725.5,3061
2026-09-23 12:25:00-04:00,30726.25,30735.5,30718.75,30723.5,1910
2026-09-23 12:30:00-04:00,30723.75,30751.5,30723.75,30741.5,3018
2026-09-23 12:35:00-04:00,30742.0,30748.75,30725.0,30727.75,2476
2026-09-23 12:40:00-04:00,30728.0,30729.25,30695.25,30695.25,4260
2026-09-23 12:45:00-04:00,30695.0,30721.0,30687.75,30695.5,5638
2026-09-23 12:50:00-04:00,30695.5,30695.5,30667.75,30671.5,5450
2026-09-23 12:55:00-04:00,30671.75,30696.0,30668.25,30686.75,3685
2026-09-23 13:00:00-04:00,30687.5,30709.25,30646.5,30658.5,7380
2026-09-23 13:05:00-04:00,30659.0,30682.0,30653.25,30676.5,3933
2026-09-23 13:10:00-04:00,30676.5,30679.25,30656.25,30670.75,3675
2026-09-23 13:15:00-04:00,30669.75,30724.75,30665.5,30722.25,4645
2026-09-23 13:20:00-04:00,30723.0,30724.75,30681.5,30681.5,4235
2026-09-23 13:25:00-04:00,30681.5,30691.0,30676.0,30681.75,2920
2026-09-23 13:30:00-04:00,30682.0,30704.75,30671.25,30700.5,3598
2026-09-23 13:35:00-04:00,30700.0,30705.75,30686.25,30696.0,2467
2026-09-23 13:40:00-04:00,30696.25,30756.25,30685.25,30748.5,7118
2026-09-23 13:45:00-04:00,30748.25,30764.25,30736.25,30750.5,4575
2026-09-23 13:50:00-04:00,30750.5,30759.5,30740.25,30752.5,2452
2026-09-23 13:55:00-04:00,30752.75,30774.5,30748.0,30771.0,2803
2026-09-23 14:00:00-04:00,30771.0,30772.0,30727.75,30730.25,3965
2026-09-23 14:05:00-04:00,30729.75,30748.5,30725.0,30739.0,2888
2026-09-23 14:10:00-04:00,30739.5,30747.25,30736.25,30745.0,1906
2026-09-23 14:15:00-04:00,30745.5,30769.0,30740.5,30760.0,3188
2026-09-23 14:20:00-04:00,30759.5,30762.5,30746.0,30760.0,2329
2026-09-23 14:25:00-04:00,30760.75,30765.0,30750.25,30755.25,2100
2026-09-23 14:30:00-04:00,30755.0,30758.0,30739.25,30747.5,2125
2026-09-23 14:35:00-04:00,30748.0,30754.5,30727.25,30732.5,2271
2026-09-23 14:40:00-04:00,30733.0,30752.25,30732.25,30747.5,2068
2026-09-23 14:45:00-04:00,30747.75,30763.25,30741.0,30762.0,2014
2026-09-23 14:50:00-04:00,30761.75,30768.5,30745.5,30749.75,2702
2026-09-23 14:55:00-04:00,30749.25,30766.75,30748.0,30762.0,2117
2026-09-23 15:00:00-04:00,30762.25,30767.25,30742.25,30743.75,2431
2026-09-23 15:05:00-04:00,30743.75,30782.5,30741.0,30769.75,4178
2026-09-23 15:10:00-04:00,30770.5,30774.5,30753.5,30762.75,2161
2026-09-23 15:15:00-04:00,30762.75,30765.5,30741.25,30751.25,2565
2026-09-23 15:20:00-04:00,30750.75,30751.25,30741.75,30749.75,1832
2026-09-23 15:25:00-04:00,30749.5,30757.5,30744.75,30753.75,2392
2026-09-23 15:30:00-04:00,30753.75,30775.25,30747.5,30772.5,3180
2026-09-23 15:35:00-04:00,30772.25,30772.25,30756.75,30765.5,2822
2026-09-23 15:40:00-04:00,30765.5,30771.25,30729.25,30747.25,3916
2026-09-23 15:45:00-04:00,30746.75,30767.5,30742.75,30767.25,3637
2026-09-23 15:50:00-04:00,30767.5,30772.5,30710.0,30720.75,10433
2026-09-23 15:55:00-04:00,30720.5,30779.5,30720.5,30770.5,18148
2026-09-23 16:00:00-04:00,30770.0,30777.25,30758.5,30761.75,4290
2026-09-23 16:05:00-04:00,30762.25,30764.0,30754.25,30761.5,1454
2026-09-23 16:10:00-04:00,30761.0,30764.25,30751.75,30753.25,891
2026-09-23 16:15:00-04:00,30753.0,30760.0,30750.5,30759.75,448
2026-09-23 16:20:00-04:00,30760.0,30764.75,30758.0,30762.75,328
2026-09-23 16:25:00-04:00,30763.0,30765.0,30758.0,30764.0,272
2026-09-23 16:30:00-04:00,30763.25,30768.75,30758.5,30761.0,431
2026-09-23 16:35:00-04:00,30761.75,30773.0,30760.0,30770.5,413
2026-09-23 16:40:00-04:00,30770.5,30774.0,30769.0,30771.5,235
2026-09-23 16:45:00-04:00,30772.75,30774.25,30767.0,30768.75,650
2026-09-23 16:50:00-04:00,30768.5,30775.0,30768.5,30773.0,312
2026-09-23 16:55:00-04:00,30773.5,30776.75,30767.75,30776.0,488
2026-09-23 18:00:00-04:00,30780.0,30807.0,30779.0,30791.0,0
2026-09-23 18:05:00-04:00,30791.5,30808.75,30778.0,30805.0,785
2026-09-23 18:10:00-04:00,30805.0,30807.0,30799.5,30804.25,264
2026-09-23 18:15:00-04:00,30807.5,30813.0,30790.75,30792.5,616
2026-09-23 18:20:00-04:00,30792.75,30795.75,30786.25,30792.0,372
2026-09-23 18:25:00-04:00,30793.75,30793.75,30782.0,30785.25,290
2026-09-23 18:30:00-04:00,30786.0,30800.25,30780.75,30791.25,477
2026-09-23 18:35:00-04:00,30789.75,30790.0,30780.25,30787.0,243
2026-09-23 18:40:00-04:00,30787.0,30799.5,30784.25,30796.25,346
2026-09-23 18:45:00-04:00,30795.5,30798.25,30786.0,30796.25,241
2026-09-23 18:50:00-04:00,30796.0,30801.75,30791.25,30795.0,241
2026-09-23 18:55:00-04:00,30795.75,30797.25,30790.5,30793.75,87
2026-09-23 19:00:00-04:00,30793.5,30798.5,30790.25,30796.5,176
2026-09-23 19:05:00-04:00,30795.75,30795.75,30791.0,30795.25,88
2026-09-23 19:10:00-04:00,30794.5,30794.75,30783.5,30786.75,218
2026-09-23 19:15:00-04:00,30786.75,30792.0,30775.0,30782.25,473
2026-09-23 19:20:00-04:00,30782.5,30783.5,30769.0,30771.25,581
2026-09-23 19:25:00-04:00,30771.75,30773.75,30762.5,30771.25,593
2026-09-23 19:30:00-04:00,30771.25,30772.5,30760.0,30769.75,269
2026-09-23 19:35:00-04:00,30767.5,30773.5,30763.5,30771.5,168
2026-09-23 19:40:00-04:00,30772.5,30776.5,30761.25,30766.25,424
2026-09-23 19:45:00-04:00,30767.75,30772.0,30753.5,30754.0,585
2026-09-23 19:50:00-04:00,30753.75,30770.75,30746.0,30765.25,749
2026-09-23 19:55:00-04:00,30766.0,30766.0,30753.0,30753.5,327
2026-09-23 20:00:00-04:00,30753.5,30761.0,30742.0,30754.5,750
2026-09-23 20:05:00-04:00,30755.0,30756.25,30742.5,30744.75,554
2026-09-23 20:10:00-04:00,30744.0,30744.25,30720.0,30728.5,1156
2026-09-23 20:15:00-04:00,30728.0,30746.5,30725.75,30744.5,687
2026-09-23 20:20:00-04:00,30744.5,30750.5,30726.5,30734.0,717
2026-09-23 20:25:00-04:00,30734.75,30737.5,30728.5,30735.0,286
2026-09-23 20:30:00-04:00,30735.5,30749.5,30729.75,30745.25,588
2026-09-23 20:35:00-04:00,30746.0,30746.0,30733.5,30735.75,252
2026-09-23 20:40:00-04:00,30735.75,30736.0,30718.5,30721.75,700
2026-09-23 20:45:00-04:00,30722.0,30722.25,30705.5,30716.25,923
2026-09-23 20:50:00-04:00,30715.5,30720.75,30704.5,30707.25,559
2026-09-23 20:55:00-04:00,30707.75,30731.75,30706.5,30725.25,684
2026-09-23 21:00:00-04:00,30724.5,30745.0,30723.25,30743.0,996
2026-09-23 21:05:00-04:00,30742.75,30758.5,30730.0,30750.0,928
2026-09-23 21:10:00-04:00,30749.5,30755.0,30737.5,30754.25,467
2026-09-23 21:15:00-04:00,30753.5,30754.25,30742.5,30749.5,335
2026-09-23 21:20:00-04:00,30747.25,30751.25,30741.25,30743.0,340
2026-09-23 21:25:00-04:00,30743.0,30746.0,30732.5,30737.75,535
2026-09-23 21:30:00-04:00,30736.5,30761.0,30733.25,30757.75,770
2026-09-23 21:35:00-04:00,30756.25,30760.0,30744.5,30747.75,496
2026-09-23 21:40:00-04:00,30748.5,30756.5,30735.0,30736.25,413
2026-09-23 21:45:00-04:00,30735.0,30739.0,30719.25,30728.0,678
2026-09-23 21:50:00-04:00,30729.25,30747.25,30713.75,30738.25,660
2026-09-23 21:55:00-04:00,30738.5,30746.0,30731.0,30744.75,213
2026-09-23 22:00:00-04:00,30743.0,30750.0,30730.5,30732.5,531
2026-09-23 22:05:00-04:00,30731.25,30731.25,30708.75,30713.5,587
2026-09-23 22:10:00-04:00,30714.25,30729.0,30713.75,30725.25,329
2026-09-23 22:15:00-04:00,30725.0,30742.0,30723.5,30739.0,567
2026-09-23 22:20:00-04:00,30739.0,30739.0,30729.75,30734.0,223
2026-09-23 22:25:00-04:00,30734.0,30736.0,30724.5,30729.75,242
2026-09-23 22:30:00-04:00,30729.0,30745.5,30726.5,30740.5,437
2026-09-23 22:35:00-04:00,30741.5,30746.5,30735.75,30738.0,228
2026-09-23 22:40:00-04:00,30739.0,30747.0,30739.0,30744.5,143
2026-09-23 22:45:00-04:00,30745.5,30747.0,30739.0,30742.75,438
2026-09-23 22:50:00-04:00,30743.5,30744.5,30737.0,30743.75,152
2026-09-23 22:55:00-04:00,30743.0,30747.0,30738.75,30741.25,235
2026-09-23 23:00:00-04:00,30740.75,30742.0,30730.75,30735.25,321
2026-09-23 23:05:00-04:00,30734.25,30735.0,30706.0,30710.75,613
2026-09-23 23:10:00-04:00,30709.25,30720.0,30705.0,30719.25,435
2026-09-23 23:15:00-04:00,30719.75,30723.0,30710.25,30717.25,340
2026-09-23 23:20:00-04:00,30717.75,30721.25,30710.75,30714.25,295
2026-09-23 23:25:00-04:00,30714.0,30720.0,30700.25,30706.25,549
2026-09-23 23:30:00-04:00,30706.0,30709.25,30698.5,30704.0,400
2026-09-23 23:35:00-04:00,30703.5,30707.0,30698.0,30706.75,320
2026-09-23 23:40:00-04:00,30706.0,30707.0,30688.25,30693.25,606
2026-09-23 23:45:00-04:00,30692.0,30705.0,30691.0,30702.0,361
2026-09-23 23:50:00-04:00,30703.0,30708.0,30696.75,30704.5,278
2026-09-23 23:55:00-04:00,30704.75,30709.25,30699.5,30704.0,214
2026-09-24 00:05:00-04:00,30661.75,30669.25,30661.75,30665.25,3122
2026-09-24 00:10:00-04:00,30665.0,30668.75,30653.0,30659.0,437
2026-09-24 00:15:00-04:00,30657.75,30667.0,30651.25,30656.75,817
2026-09-24 00:20:00-04:00,30656.25,30670.0,30654.25,30659.0,407
2026-09-24 00:25:00-04:00,30658.25,30677.0,30654.75,30676.0,348
2026-09-24 00:30:00-04:00,30675.5,30696.5,30673.25,30694.0,518
2026-09-24 00:35:00-04:00,30694.0,30700.0,30690.0,30693.25,371
2026-09-24 00:40:00-04:00,30693.5,30693.75,30677.25,30681.75,571
2026-09-24 00:45:00-04:00,30682.0,30682.0,30673.75,30680.0,346
2026-09-24 00:50:00-04:00,30680.0,30681.0,30674.75,30677.75,167
2026-09-24 00:55:00-04:00,30678.75,30689.25,30678.75,30687.0,455
2026-09-24 01:00:00-04:00,30685.75,30707.25,30685.75,30703.5,625
2026-09-24 01:05:00-04:00,30703.75,30716.0,30699.0,30703.5,541
2026-09-24 01:10:00-04:00,30703.5,30703.5,30688.25,30692.75,302
2026-09-24 01:15:00-04:00,30691.0,30697.25,30687.0,30696.75,300
2026-09-24 01:20:00-04:00,30695.5,30698.25,30679.75,30685.5,384
2026-09-24 01:25:00-04:00,30685.5,30708.0,30683.75,30707.25,629
2026-09-24 01:30:00-04:00,30706.5,30710.5,30695.25,30698.0,306
2026-09-24 01:35:00-04:00,30698.0,30700.0,30685.5,30689.0,393
2026-09-24 01:40:00-04:00,30690.0,30698.5,30669.5,30671.0,609
2026-09-24 01:45:00-04:00,30670.25,30670.5,30657.5,30660.0,530
2026-09-24 01:50:00-04:00,30660.0,30670.0,30655.0,30657.75,467
2026-09-24 01:55:00-04:00,30657.0,30657.0,30607.0,30608.75,2763
2026-09-24 02:00:00-04:00,30607.75,30610.75,30572.0,30576.0,2237
2026-09-24 02:05:00-04:00,30575.25,30615.0,30564.5,30610.5,2550
2026-09-24 02:10:00-04:00,30612.0,30628.0,30600.0,30618.75,999
2026-09-24 02:15:00-04:00,30619.75,30631.25,30610.75,30613.25,966
2026-09-24 02:20:00-04:00,30612.75,30613.75,30583.0,30599.75,1027
2026-09-24 02:25:00-04:00,30599.25,30608.0,30589.0,30601.5,662
2026-09-24 02:30:00-04:00,30599.75,30599.75,30577.5,30584.0,557
2026-09-24 02:35:00-04:00,30582.0,30586.0,30567.0,30571.75,749
2026-09-24 02:40:00-04:00,30572.25,30592.5,30562.5,30579.25,1031
2026-09-24 02:45:00-04:00,30578.25,30588.0,30572.5,30579.5,408
2026-09-24 02:50:00-04:00,30579.25,30582.75,30553.5,30555.0,1122
2026-09-24 02:55:00-04:00,30554.75,30558.0,30535.25,30541.75,1374
2026-09-24 03:00:00-04:00,30541.5,30559.25,30512.75,30537.75,2962
2026-09-24 03:05:00-04:00,30539.5,30589.75,30526.5,30584.75,1377
2026-09-24 03:10:00-04:00,30586.75,30595.5,30575.25,30594.75,918
2026-09-24 03:15:00-04:00,30593.75,30604.0,30577.0,30597.25,789
2026-09-24 03:20:00-04:00,30596.75,30598.0,30582.0,30583.5,432
2026-09-24 03:25:00-04:00,30583.25,30608.0,30574.75,30606.25,827
2026-09-24 03:30:00-04:00,30606.75,30620.25,30601.25,30607.5,1155
2026-09-24 03:35:00-04:00,30611.25,30632.5,30606.0,30622.25,809
2026-09-24 03:40:00-04:00,30621.0,30627.25,30611.75,30624.0,350
2026-09-24 03:45:00-04:00,30620.25,30623.5,30604.25,30606.75,338
2026-09-24 03:50:00-04:00,30606.75,30610.25,30594.0,30600.0,473
2026-09-24 03:55:00-04:00,30598.25,30598.25,30559.0,30559.5,817
2026-09-24 04:00:00-04:00,30559.25,30590.0,30533.0,30543.75,1771
2026-09-24 04:05:00-04:00,30547.25,30551.25,30525.0,30532.25,1013
2026-09-24 04:10:00-04:00,30531.0,30531.25,30479.5,30487.5,2037
2026-09-24 04:15:00-04:00,30487.0,30511.25,30479.0,30491.5,1565
2026-09-24 04:20:00-04:00,30490.5,30491.0,30472.5,30483.5,1488
2026-09-24 04:25:00-04:00,30483.0,30493.25,30453.25,30455.25,1688
2026-09-24 04:30:00-04:00,30457.5,30497.5,30447.25,30451.0,2543
2026-09-24 04:35:00-04:00,30451.5,30453.25,30431.25,30449.75,1935
2026-09-24 04:40:00-04:00,30450.5,30458.0,30430.75,30445.75,1213
2026-09-24 04:45:00-04:00,30449.25,30456.5,30412.25,30415.0,1646
2026-09-24 04:50:00-04:00,30413.75,30434.75,30407.25,30422.5,1470
2026-09-24 04:55:00-04:00,30422.75,30435.5,30417.0,30433.25,904
2026-09-24 05:00:00-04:00,30433.5,30454.25,30426.0,30438.75,1300
2026-09-24 05:05:00-04:00,30440.0,30455.5,30426.75,30438.5,1573
2026-09-24 05:10:00-04:00,30438.25,30447.75,30417.75,30431.5,813
2026-09-24 05:15:00-04:00,30431.25,30444.5,30422.75,30441.75,585
2026-09-24 05:20:00-04:00,30441.75,30456.0,30434.75,30453.75,869
2026-09-24 05:25:00-04:00,30454.25,30464.5,30437.0,30441.75,796
2026-09-24 05:30:00-04:00,30442.0,30444.25,30424.0,30436.75,607
2026-09-24 05:35:00-04:00,30438.25,30442.0,30405.75,30411.5,912
2026-09-24 05:40:00-04:00,30412.0,30415.5,30370.0,30377.5,2396
2026-09-24 05:45:00-04:00,30378.0,30408.75,30371.75,30407.0,1127
2026-09-24 05:50:00-04:00,30406.25,30421.0,30402.0,30419.0,869
2026-09-24 05:55:00-04:00,30419.5,30438.5,30419.25,30436.5,710
2026-09-24 06:00:00-04:00,30434.75,30451.0,30425.5,30427.25,798
2026-09-24 06:05:00-04:00,30428.25,30430.5,30415.75,30422.75,518
2026-09-24 06:10:00-04:00,30423.25,30445.25,30421.25,30437.0,1040
2026-09-24 06:15:00-04:00,30437.25,30460.0,30435.25,30444.5,1178
2026-09-24 06:20:00-04:00,30444.5,30447.75,30418.5,30421.5,1017
2026-09-24 06:25:00-04:00,30421.25,30449.25,30415.0,30432.75,1621
2026-09-24 06:30:00-04:00,30432.5,30455.25,30420.75,30452.0,940
2026-09-24 06:35:00-04:00,30452.0,30480.0,30450.5,30475.75,963
2026-09-24 06:40:00-04:00,30475.75,30484.75,30472.0,30478.5,969
2026-09-24 06:45:00-04:00,30478.25,30522.25,30471.75,30519.25,1951
2026-09-24 06:50:00-04:00,30520.0,30523.75,30479.5,30480.75,1455
2026-09-24 06:55:00-04:00,30479.75,30493.25,30473.0,30488.75,827
2026-09-24 07:00:00-04:00,30487.75,30503.75,30479.0,30482.0,941
2026-09-24 07:05:00-04:00,30481.25,30487.0,30464.0,30471.75,906
2026-09-24 07:10:00-04:00,30472.5,30491.0,30456.5,30488.25,804
2026-09-24 07:15:00-04:00,30488.75,30512.75,30479.0,30484.0,1780
2026-09-24 07:20:00-04:00,30483.75,30498.75,30476.25,30494.0,816
2026-09-24 07:25:00-04:00,30495.0,30495.25,30471.0,30471.75,472
2026-09-24 07:30:00-04:00,30471.5,30501.0,30470.5,30470.75,741
2026-09-24 07:35:00-04:00,30470.75,30470.75,30447.0,30450.25,964
2026-09-24 07:40:00-04:00,30451.0,30452.0,30441.25,30451.75,503
2026-09-24 07:45:00-04:00,30452.0,30452.25,30428.0,30429.0,910
2026-09-24 07:50:00-04:00,30429.25,30446.25,30429.25,30444.75,640
2026-09-24 07:55:00-04:00,30445.0,30474.75,30432.25,30462.75,1482
2026-09-24 08:00:00-04:00,30462.5,30468.25,30420.25,30438.5,1898
2026-09-24 08:05:00-04:00,30438.5,30463.0,30438.0,30457.25,692
2026-09-24 08:10:00-04:00,30456.5,30487.25,30456.5,30482.0,1122
2026-09-24 08:15:00-04:00,30482.0,30501.0,30478.25,30495.5,951
2026-09-24 08:20:00-04:00,30496.25,30509.5,30488.5,30502.25,1259
2026-09-24 08:25:00-04:00,30500.25,30504.5,30454.75,30471.75,3480
2026-09-24 08:30:00-04:00,30473.0,30482.5,30436.0,30437.25,2021
2026-09-24 08:35:00-04:00,30437.5,30441.25,30420.25,30436.75,1936
2026-09-24 08:40:00-04:00,30435.75,30478.75,30435.25,30473.0,2008
2026-09-24 08:45:00-04:00,30472.5,30481.0,30462.5,30475.75,1306
2026-09-24 08:50:00-04:00,30474.0,30483.75,30458.25,30482.0,1111
2026-09-24 08:55:00-04:00,30482.0,30497.5,30474.75,30485.25,1670
2026-09-24 09:00:00-04:00,30486.5,30511.0,30485.0,30498.75,2682
2026-09-24 09:05:00-04:00,30498.5,30502.25,30484.25,30501.25,1060
2026-09-24 09:10:00-04:00,30501.75,30519.5,30500.5,30510.0,1331
2026-09-24 09:15:00-04:00,30509.5,30522.5,30502.25,30519.0,1240
2026-09-24 09:20:00-04:00,30518.0,30520.0,30503.75,30510.5,1034
2026-09-24 09:25:00-04:00,30510.0,30526.5,30499.5,30519.25,3536
2026-09-24 09:30:00-04:00,30519.0,30551.25,30493.25,30540.0,21082
2026-09-24 09:35:00-04:00,30540.5,30606.5,30536.0,30595.5,14231
2026-09-24 09:40:00-04:00,30596.0,30597.75,30558.0,30583.25,10452
2026-09-24 09:45:00-04:00,30583.5,30622.75,30566.75,30576.25,12801
2026-09-24 09:50:00-04:00,30576.5,30589.75,30535.25,30545.25,9370
2026-09-24 09:55:00-04:00,30544.75,30583.0,30531.75,30578.75,7347
2026-09-24 10:00:00-04:00,30579.0,30611.5,30570.25,30606.75,7909
2026-09-24 10:05:00-04:00,30607.0,30616.75,30591.25,30599.0,4910
2026-09-24 10:10:00-04:00,30599.5,30600.0,30565.0,30586.25,5933
2026-09-24 10:15:00-04:00,30586.0,30602.0,30562.5,30595.75,6923
2026-09-24 10:20:00-04:00,30596.5,30617.75,30590.0,30601.5,4651
2026-09-24 10:25:00-04:00,30601.75,30638.5,30595.0,30631.0,7157
2026-09-24 10:30:00-04:00,30630.0,30632.25,30602.75,30631.5,5753
2026-09-24 10:35:00-04:00,30630.5,30639.75,30598.0,30608.25,5006
2026-09-24 10:40:00-04:00,30607.75,30615.75,30572.0,30578.75,5049
2026-09-24 10:45:00-04:00,30579.75,30607.0,30568.75,30592.5,5343
2026-09-24 10:50:00-04:00,30592.5,30614.0,30556.75,30564.0,6729
2026-09-24 10:55:00-04:00,30565.0,30566.25,30532.5,30541.25,5636
2026-09-24 11:00:00-04:00,30542.25,30572.75,30539.25,30553.75,6387
2026-09-24 11:05:00-04:00,30553.25,30558.5,30514.75,30516.75,6391
2026-09-24 11:10:00-04:00,30516.5,30538.25,30504.0,30511.25,5686
2026-09-24 11:15:00-04:00,30510.75,30547.5,30505.5,30518.5,7114
2026-09-24 11:20:00-04:00,30517.75,30557.75,30509.75,30554.5,5341
2026-09-24 11:25:00-04:00,30554.75,30555.5,30506.75,30513.5,4859
2026-09-24 11:30:00-04:00,30514.25,30526.75,30502.5,30521.0,4215
2026-09-24 11:35:00-04:00,30521.75,30543.75,30515.5,30526.0,4868
2026-09-24 11:40:00-04:00,30526.0,30540.5,30509.75,30537.25,3509
2026-09-24 11:45:00-04:00,30537.75,30550.0,30506.75,30516.75,4193
2026-09-24 11:50:00-04:00,30516.75,30568.0,30514.75,30566.75,5792
2026-09-24 11:55:00-04:00,30567.0,30569.5,30546.0,30554.75,4039
2026-09-24 12:00:00-04:00,30554.0,30556.75,30523.25,30539.75,3522
2026-09-24 12:05:00-04:00,30539.0,30542.0,30516.75,30522.75,2748
2026-09-24 12:10:00-04:00,30522.5,30561.25,30506.5,30559.0,3800
2026-09-24 12:15:00-04:00,30559.75,30748.0,30556.0,30682.75,31735
2026-09-24 12:20:00-04:00,30682.5,30708.75,30671.5,30689.0,11347
2026-09-24 12:25:00-04:00,30689.5,30710.0,30651.0,30698.0,8208
2026-09-24 12:30:00-04:00,30696.75,30701.5,30661.25,30684.75,5577
2026-09-24 12:35:00-04:00,30685.0,30749.0,30681.25,30746.5,6487
2026-09-24 12:40:00-04:00,30746.5,30815.0,30737.75,30746.25,9692
2026-09-24 12:45:00-04:00,30746.75,30792.5,30725.75,30786.0,9265
2026-09-24 12:50:00-04:00,30786.0,30805.75,30749.75,30763.0,6757
2026-09-24 12:55:00-04:00,30762.75,30815.75,30759.0,30792.25,5690
2026-09-24 13:00:00-04:00,30792.25,30818.5,30758.5,30807.0,8513
2026-09-24 13:05:00-04:00,30806.25,30827.5,30789.75,30792.25,5819
2026-09-24 13:10:00-04:00,30792.25,30796.0,30757.0,30790.25,6804
2026-09-24 13:15:00-04:00,30790.0,30793.25,30745.5,30747.25,4932
2026-09-24 13:20:00-04:00,30746.75,30761.0,30733.25,30736.5,4768
2026-09-24 13:25:00-04:00,30736.75,30740.0,30700.25,30735.75,5612
2026-09-24 13:30:00-04:00,30735.0,30760.75,30717.0,30718.25,5052
2026-09-24 13:35:00-04:00,30717.75,30727.75,30698.0,30712.75,3695
2026-09-24 13:40:00-04:00,30712.5,30724.0,30672.25,30673.25,5231
2026-09-24 13:45:00-04:00,30673.25,30708.25,30665.75,30701.75,5166
2026-09-24 13:50:00-04:00,30701.5,30705.5,30670.75,30681.75,4182
2026-09-24 13:55:00-04:00,30682.5,30705.5,30672.75,30696.75,4114
2026-09-24 14:00:00-04:00,30697.5,30698.5,30622.0,30627.0,7362
2026-09-24 14:05:00-04:00,30627.0,30690.75,30626.5,30683.5,6751
2026-09-24 14:10:00-04:00,30683.75,30705.0,30677.5,30695.75,4195
2026-09-24 14:15:00-04:00,30695.5,30729.5,30689.75,30714.0,4777
2026-09-24 14:20:00-04:00,30714.0,30724.0,30693.75,30717.5,3114
2026-09-24 14:25:00-04:00,30716.5,30753.0,30715.25,30740.5,6096
2026-09-24 14:30:00-04:00,30740.25,30746.5,30717.25,30717.75,3228
2026-09-24 14:35:00-04:00,30717.25,30783.25,30703.5,30753.0,8630
2026-09-24 14:40:00-04:00,30752.5,30752.5,30724.5,30736.75,3180
2026-09-24 14:45:00-04:00,30736.5,30752.25,30736.0,30747.5,1943
2026-09-24 14:50:00-04:00,30746.75,30776.5,30744.25,30765.75,3456
2026-09-24 14:55:00-04:00,30766.5,30792.5,30765.5,30779.75,3226
2026-09-24 15:00:00-04:00,30779.5,30784.0,30726.5,30734.5,6052
2026-09-24 15:05:00-04:00,30734.25,30748.75,30732.25,30738.75,2502
2026-09-24 15:10:00-04:00,30738.5,30744.25,30724.0,30726.5,2811
2026-09-24 15:15:00-04:00,30726.75,30768.0,30726.75,30762.0,4791
2026-09-24 15:20:00-04:00,30761.75,30769.0,30749.5,30766.5,2003
2026-09-24 15:25:00-04:00,30766.75,30772.5,30745.25,30750.75,2398
2026-09-24 15:30:00-04:00,30749.75,30768.25,30747.0,30767.75,2637
2026-09-24 15:35:00-04:00,30767.25,30768.75,30748.5,30763.25,1937
2026-09-24 15:40:00-04:00,30763.25,30769.75,30750.0,30753.0,1946
2026-09-24 15:45:00-04:00,30752.75,30762.25,30746.25,30747.5,2572
2026-09-24 15:50:00-04:00,30747.25,30791.0,30747.25,30779.0,6405
2026-09-24 15:55:00-04:00,30779.5,30783.0,30756.75,30757.0,12597
2026-09-24 16:00:00-04:00,30757.0,30762.0,30722.75,30727.75,5000
2026-09-24 16:05:00-04:00,30728.0,30734.25,30723.75,30728.75,1114
2026-09-24 16:10:00-04:00,30728.75,30730.0,30696.5,30698.0,1757
2026-09-24 16:15:00-04:00,30698.0,30710.0,30672.0,30680.25,2340
2026-09-24 16:20:00-04:00,30679.75,30682.5,30670.75,30673.5,1067
2026-09-24 16:25:00-04:00,30672.0,30680.5,30662.25,30666.75,946
2026-09-24 16:30:00-04:00,30666.25,30684.75,30664.0,30680.25,719
2026-09-24 16:35:00-04:00,30680.5,30690.75,30677.75,30690.0,726
2026-09-24 16:40:00-04:00,30690.0,30708.0,30686.25,30705.5,694
2026-09-24 16:45:00-04:00,30705.5,30718.75,30705.5,30717.0,744
2026-09-24 16:50:00-04:00,30716.75,30727.5,30716.5,30727.25,537
2026-09-24 16:55:00-04:00,30728.25,30740.0,30723.5,30736.25,1064
2026-09-24 18:00:00-04:00,30726.5,30765.25,30715.75,30743.25,0
2026-09-24 18:05:00-04:00,30744.75,30746.75,30708.5,30733.0,791
2026-09-24 18:10:00-04:00,30733.25,30735.25,30725.25,30727.25,162
2026-09-24 18:15:00-04:00,30727.0,30730.25,30721.25,30722.25,285
2026-09-24 18:20:00-04:00,30720.75,30723.0,30712.75,30715.5,387
2026-09-24 18:25:00-04:00,30714.0,30716.75,30704.25,30710.5,333
2026-09-24 18:30:00-04:00,30711.5,30723.75,30709.25,30718.0,492
2026-09-24 18:35:00-04:00,30718.0,30723.75,30714.75,30719.25,241
2026-09-24 18:40:00-04:00,30719.0,30736.0,30716.5,30731.75,384
2026-09-24 18:45:00-04:00,30732.75,30734.0,30723.0,30731.5,379
2026-09-24 18:50:00-04:00,30731.5,30734.75,30729.25,30732.75,133
2026-09-24 18:55:00-04:00,30731.0,30736.0,30726.0,30730.0,237
2026-09-24 19:00:00-04:00,30729.75,30736.0,30728.0,30732.0,283
2026-09-24 19:05:00-04:00,30733.75,30737.75,30714.25,30720.75,335
2026-09-24 19:10:00-04:00,30721.0,30723.5,30709.75,30716.75,287
2026-09-24 19:15:00-04:00,30717.75,30721.25,30711.75,30716.75,223
2026-09-24 19:20:00-04:00,30715.0,30725.75,30712.5,30724.25,235
2026-09-24 19:25:00-04:00,30726.0,30733.5,30722.5,30725.75,256
2026-09-24 19:30:00-04:00,30726.25,30732.25,30726.25,30727.75,115
2026-09-24 19:35:00-04:00,30727.0,30731.25,30723.25,30725.5,137
2026-09-24 19:40:00-04:00,30726.0,30726.75,30707.5,30707.5,365
2026-09-24 19:45:00-04:00,30709.5,30713.25,30696.5,30701.5,537
2026-09-24 19:50:00-04:00,30701.0,30703.75,30686.25,30692.0,447
2026-09-24 19:55:00-04:00,30693.0,30695.75,30683.75,30687.25,332
2026-09-24 20:00:00-04:00,30687.0,30717.0,30686.75,30706.5,918
2026-09-24 20:05:00-04:00,30705.0,30708.25,30684.5,30699.5,503
2026-09-24 20:10:00-04:00,30699.5,30703.75,30687.0,30696.5,352
2026-09-24 20:15:00-04:00,30697.5,30701.5,30679.0,30693.5,806
2026-09-24 20:20:00-04:00,30693.75,30724.25,30691.75,30721.0,629
2026-09-24 20:25:00-04:00,30719.75,30727.25,30710.25,30713.25,580
2026-09-24 20:30:00-04:00,30712.75,30715.25,30701.0,30706.0,406
2026-09-24 20:35:00-04:00,30706.75,30710.0,30682.75,30691.5,709
2026-09-24 20:40:00-04:00,30690.75,30706.0,30689.5,30700.5,451
2026-09-24 20:45:00-04:00,30701.0,30707.75,30694.5,30704.25,311
2026-09-24 20:50:00-04:00,30704.0,30706.5,30685.25,30699.25,353
2026-09-24 20:55:00-04:00,30700.0,30705.0,30690.25,30697.75,268
2026-09-24 21:00:00-04:00,30698.75,30711.25,30680.0,30708.0,766
2026-09-24 21:05:00-04:00,30708.75,30722.5,30697.0,30717.0,577
2026-09-24 21:10:00-04:00,30717.5,30775.0,30716.25,30764.75,1704
2026-09-24 21:15:00-04:00,30764.25,30790.0,30761.25,30771.0,1098
2026-09-24 21:20:00-04:00,30772.75,30789.0,30769.25,30776.75,555
2026-09-24 21:25:00-04:00,30776.0,30788.25,30772.0,30776.75,366
2026-09-24 21:30:00-04:00,30776.75,30778.5,30753.0,30756.5,668
2026-09-24 21:35:00-04:00,30754.5,30792.5,30750.0,30791.75,699
2026-09-24 21:40:00-04:00,30791.0,30810.0,30786.75,30798.25,642
2026-09-24 21:45:00-04:00,30798.5,30801.25,30784.0,30798.0,363
2026-09-24 21:50:00-04:00,30797.5,30799.0,30778.0,30780.25,444
2026-09-24 21:55:00-04:00,30781.25,30791.25,30771.0,30790.5,341
2026-09-24 22:00:00-04:00,30791.0,30796.75,30783.0,30793.75,325
2026-09-24 22:05:00-04:00,30795.25,30810.5,30793.25,30806.5,530
2026-09-24 22:10:00-04:00,30806.25,30809.75,30793.75,30797.25,379
2026-09-24 22:15:00-04:00,30797.25,30808.5,30795.25,30805.5,205
2026-09-24 22:20:00-04:00,30807.0,30814.5,30804.0,30804.0,431
2026-09-24 22:25:00-04:00,30803.75,30803.75,30784.0,30786.25,383
2026-09-24 22:30:00-04:00,30786.5,30789.0,30765.25,30766.5,472
2026-09-24 22:35:00-04:00,30766.75,30774.5,30761.0,30773.0,411
2026-09-24 22:40:00-04:00,30773.5,30794.75,30772.0,30787.25,444
2026-09-24 22:45:00-04:00,30786.75,30788.75,30769.25,30772.25,287
2026-09-24 22:50:00-04:00,30770.5,30785.5,30764.5,30784.75,262
2026-09-24 22:55:00-04:00,30783.75,30790.75,30779.5,30790.75,236
2026-09-24 23:00:00-04:00,30790.75,30792.75,30779.75,30785.75,272
2026-09-24 23:05:00-04:00,30786.0,30811.75,30786.0,30807.0,588
2026-09-24 23:10:00-04:00,30806.25,30806.25,30795.75,30804.0,216
2026-09-24 23:15:00-04:00,30803.25,30809.75,30788.0,30800.25,566
2026-09-24 23:20:00-04:00,30799.0,30808.0,30798.25,30800.0,193
2026-09-24 23:25:00-04:00,30801.25,30802.75,30792.5,30793.25,153
2026-09-24 23:30:00-04:00,30794.25,30802.25,30790.75,30797.0,257
2026-09-24 23:35:00-04:00,30798.0,30808.0,30792.75,30807.75,311
2026-09-24 23:40:00-04:00,30807.75,30813.75,30783.5,30784.75,560
2026-09-24 23:45:00-04:00,30786.25,30790.0,30774.25,30787.5,397
2026-09-24 23:50:00-04:00,30785.75,30793.5,30780.25,30786.25,307
2026-09-24 23:55:00-04:00,30785.75,30795.0,30783.75,30790.25,111
2026-09-25 00:05:00-04:00,30776.25,30779.25,30775.5,30777.0,548
2026-09-25 00:10:00-04:00,30775.5,30781.75,30771.75,30775.0,231
2026-09-25 00:15:00-04:00,30774.0,30781.5,30767.75,30771.75,255
2026-09-25 00:20:00-04:00,30772.0,30778.0,30763.25,30777.0,259
2026-09-25 00:25:00-04:00,30778.75,30781.25,30769.25,30775.0,184
2026-09-25 00:30:00-04:00,30776.0,30784.0,30770.0,30782.5,252
2026-09-25 00:35:00-04:00,30782.5,30790.5,30778.5,30789.0,288
2026-09-25 00:40:00-04:00,30789.25,30792.5,30781.75,30783.25,221
2026-09-25 00:45:00-04:00,30783.5,30791.25,30783.0,30784.75,137
2026-09-25 00:50:00-04:00,30784.5,30791.25,30777.0,30783.75,204
2026-09-25 00:55:00-04:00,30783.25,30784.0,30767.5,30779.25,182
2026-09-25 01:00:00-04:00,30777.0,30793.75,30776.0,30789.0,277
2026-09-25 01:05:00-04:00,30791.0,30809.5,30789.0,30807.5,566
2026-09-25 01:10:00-04:00,30807.5,30813.75,30800.25,30800.5,415
2026-09-25 01:15:00-04:00,30803.75,30813.25,30800.0,30805.25,286
2026-09-25 01:20:00-04:00,30806.0,30807.0,30790.0,30791.25,328
2026-09-25 01:25:00-04:00,30789.75,30809.0,30788.0,30805.0,377
2026-09-25 01:30:00-04:00,30805.75,30849.0,30803.25,30837.75,1548
2026-09-25 01:35:00-04:00,30837.75,30853.0,30837.75,30848.75,548
2026-09-25 01:40:00-04:00,30848.25,30868.0,30845.25,30865.5,513
2026-09-25 01:45:00-04:00,30866.0,30868.75,30851.5,30852.5,571
2026-09-25 01:50:00-04:00,30853.0,30865.0,30852.5,30864.0,342
2026-09-25 01:55:00-04:00,30863.5,30863.5,30846.0,30850.75,431
2026-09-25 02:00:00-04:00,30850.5,30866.25,30849.5,30864.75,562
2026-09-25 02:05:00-04:00,30865.0,30876.25,30861.25,30875.0,734
2026-09-25 02:10:00-04:00,30875.0,30891.25,30873.5,30887.0,869
2026-09-25 02:15:00-04:00,30887.0,30900.75,30881.0,30896.0,730
2026-09-25 02:20:00-04:00,30895.75,30906.0,30891.25,30897.5,607
2026-09-25 02:25:00-04:00,30899.5,30901.0,30873.5,30879.5,1186
2026-09-25 02:30:00-04:00,30880.25,30892.0,30874.75,30891.0,399
2026-09-25 02:35:00-04:00,30890.5,30892.0,30877.5,30881.5,232
2026-09-25 02:40:00-04:00,30881.5,30887.75,30875.25,30881.25,370
2026-09-25 02:45:00-04:00,30881.5,30886.0,30864.25,30875.5,501
2026-09-25 02:50:00-04:00,30875.5,30878.75,30864.5,30875.0,313
2026-09-25 02:55:00-04:00,30873.75,30883.5,30864.0,30867.25,358
2026-09-25 03:00:00-04:00,30866.75,30888.0,30865.75,30872.25,693
2026-09-25 03:05:00-04:00,30871.75,30887.75,30866.75,30878.75,419
2026-09-25 03:10:00-04:00,30879.75,30897.75,30871.75,30894.5,660
2026-09-25 03:15:00-04:00,30894.5,30903.75,30880.5,30885.5,715
2026-09-25 03:20:00-04:00,30885.25,30892.0,30876.5,30883.0,1001
2026-09-25 03:25:00-04:00,30883.0,30903.0,30871.75,30902.0,1017
2026-09-25 03:30:00-04:00,30902.25,30905.0,30861.25,30864.5,686
2026-09-25 03:35:00-04:00,30863.75,30873.25,30860.0,30860.5,679
2026-09-25 03:40:00-04:00,30859.75,30869.25,30856.25,30861.25,382
2026-09-25 03:45:00-04:00,30861.25,30880.75,30861.0,30862.75,683
2026-09-25 03:50:00-04:00,30863.75,30872.25,30859.0,30866.75,276
2026-09-25 03:55:00-04:00,30866.75,30878.5,30863.75,30868.0,311
2026-09-25 04:00:00-04:00,30867.25,30877.0,30842.5,30847.25,880
2026-09-25 04:05:00-04:00,30847.5,30863.25,30838.0,30857.25,617
2026-09-25 04:10:00-04:00,30860.0,30890.75,30858.5,30878.5,656
2026-09-25 04:15:00-04:00,30880.25,30897.5,30879.0,30887.5,547
2026-09-25 04:20:00-04:00,30887.5,30911.25,30885.25,30909.0,604
2026-09-25 04:25:00-04:00,30909.0,30927.5,30896.5,30923.0,1041
2026-09-25 04:30:00-04:00,30922.0,30934.0,30915.25,30927.0,560
2026-09-25 04:35:00-04:00,30927.5,30932.0,30911.5,30917.0,562
2026-09-25 04:40:00-04:00,30917.0,30935.0,30917.0,30934.25,422
2026-09-25 04:45:00-04:00,30934.0,30944.75,30933.25,30934.0,543
2026-09-25 04:50:00-04:00,30934.0,30943.25,30930.5,30941.0,409
2026-09-25 04:55:00-04:00,30941.25,30954.25,30941.25,30947.0,690
2026-09-25 05:00:00-04:00,30945.75,30956.0,30941.75,30947.25,373
2026-09-25 05:05:00-04:00,30949.0,30960.0,30946.5,30959.5,433
2026-09-25 05:10:00-04:00,30959.5,30959.75,30950.25,30953.5,397
2026-09-25 05:15:00-04:00,30953.75,30963.25,30948.5,30949.75,521
2026-09-25 05:20:00-04:00,30949.5,30951.75,30939.75,30948.5,483
2026-09-25 05:25:00-04:00,30949.5,30950.0,30936.25,30939.25,322
2026-09-25 05:30:00-04:00,30938.75,30952.25,30930.0,30944.25,504
2026-09-25 05:35:00-04:00,30943.5,30946.25,30934.5,30941.75,299
2026-09-25 05:40:00-04:00,30941.25,30944.5,30932.75,30936.75,245
2026-09-25 05:45:00-04:00,30937.0,30937.0,30916.0,30921.25,540
2026-09-25 05:50:00-04:00,30921.75,30923.5,30912.0,30921.5,375
2026-09-25 05:55:00-04:00,30921.75,30930.0,30916.25,30916.75,273
2026-09-25 06:00:00-04:00,30916.25,30924.5,30905.25,30906.25,450
2026-09-25 06:05:00-04:00,30906.75,30913.75,30900.0,30910.5,465
2026-09-25 06:10:00-04:00,30911.0,30932.5,30910.25,30927.75,447
2026-09-25 06:15:00-04:00,30927.25,30939.75,30927.0,30935.0,452
2026-09-25 06:20:00-04:00,30934.0,30942.0,30926.0,30931.25,472
2026-09-25 06:25:00-04:00,30930.5,30934.75,30927.5,30929.0,175
2026-09-25 06:30:00-04:00,30929.0,30938.5,30918.25,30928.0,354
2026-09-25 06:35:00-04:00,30926.25,30932.5,30912.0,30914.0,325
2026-09-25 06:40:00-04:00,30913.5,30924.25,30911.5,30921.25,313
2026-09-25 06:45:00-04:00,30920.5,30927.25,30912.0,30925.0,400
2026-09-25 06:50:00-04:00,30923.25,30933.0,30915.25,30926.75,400
2026-09-25 06:55:00-04:00,30926.5,30926.5,30914.75,30922.0,343
2026-09-25 07:00:00-04:00,30922.75,30938.25,30912.75,30921.75,862
2026-09-25 07:05:00-04:00,30921.25,30960.5,30921.25,30959.0,701
2026-09-25 07:10:00-04:00,30959.0,30975.0,30956.0,30975.0,803
2026-09-25 07:15:00-04:00,30974.25,30994.75,30972.75,30982.25,1199
2026-09-25 07:20:00-04:00,30981.0,30984.75,30975.0,30978.75,576
2026-09-25 07:25:00-04:00,30978.0,30991.0,30974.0,30976.75,548
2026-09-25 07:30:00-04:00,30977.5,30981.25,30970.0,30978.75,436
2026-09-25 07:35:00-04:00,30976.0,30999.5,30959.25,30961.5,1033
2026-09-25 07:40:00-04:00,30961.25,30978.25,30961.0,30970.0,540
2026-09-25 07:45:00-04:00,30971.25,30974.25,30967.75,30969.0,310
2026-09-25 07:50:00-04:00,30967.75,30981.25,30962.5,30978.75,476
2026-09-25 07:55:00-04:00,30979.25,30981.0,30960.25,30961.5,509
2026-09-25 08:00:00-04:00,30960.5,30978.0,30956.75,30972.0,838
2026-09-25 08:05:00-04:00,30971.5,30977.0,30960.5,30961.75,504
2026-09-25 08:10:00-04:00,30961.25,30969.75,30943.0,30952.25,1163
2026-09-25 08:15:00-04:00,30953.0,30953.0,30916.75,30924.0,941
2026-09-25 08:20:00-04:00,30923.75,30945.0,30919.75,30935.0,907
2026-09-25 08:25:00-04:00,30934.0,30941.25,30928.75,30932.5,510
2026-09-25 08:30:00-04:00,30933.0,30938.5,30903.5,30920.0,1462
2026-09-25 08:35:00-04:00,30919.5,30920.0,30903.25,30909.25,952
2026-09-25 08:40:00-04:00,30910.5,30914.25,30877.75,30898.0,2135
2026-09-25 08:45:00-04:00,30896.25,30920.75,30877.25,30886.25,3464
2026-09-25 08:50:00-04:00,30885.75,30889.5,30871.75,30876.0,1201
2026-09-25 08:55:00-04:00,30876.5,30887.25,30871.5,30877.5,996
2026-09-25 09:00:00-04:00,30878.0,30883.25,30853.75,30878.5,2457
2026-09-25 09:05:00-04:00,30879.0,30900.0,30877.75,30899.75,1742
2026-09-25 09:10:00-04:00,30898.5,30908.75,30895.25,30899.0,1212
2026-09-25 09:15:00-04:00,30897.5,30899.75,30858.5,30860.0,1902
2026-09-25 09:20:00-04:00,30861.25,30869.5,30855.75,30857.0,1539
2026-09-25 09:25:00-04:00,30856.75,30862.5,30819.5,30820.0,4292
2026-09-25 09:30:00-04:00,30819.0,30852.0,30767.5,30848.75,21265
2026-09-25 09:35:00-04:00,30848.0,30877.0,30843.0,30868.25,10027
2026-09-25 09:40:00-04:00,30868.25,30890.0,30851.25,30876.75,8372
2026-09-25 09:45:00-04:00,30877.0,30888.75,30847.5,30874.25,8965
2026-09-25 09:50:00-04:00,30875.0,30922.5,30866.0,30910.5,7030
2026-09-25 09:55:00-04:00,30911.0,30926.5,30878.5,30900.0,7609
2026-09-25 10:00:00-04:00,30900.25,30905.0,30798.25,30803.75,12180
2026-09-25 10:05:00-04:00,30803.5,30817.0,30752.0,30806.75,13604
2026-09-25 10:10:00-04:00,30807.0,30823.5,30734.75,30740.25,9706
2026-09-25 10:15:00-04:00,30741.5,30752.5,30684.0,30720.25,15765
2026-09-25 10:20:00-04:00,30721.0,30760.5,30709.0,30752.25,9662
2026-09-25 10:25:00-04:00,30752.25,30779.25,30726.0,30731.5,8261
2026-09-25 10:30:00-04:00,30731.0,30783.75,30718.75,30770.25,7391
2026-09-25 10:35:00-04:00,30770.25,30803.5,30761.5,30791.25,5924
2026-09-25 10:40:00-04:00,30791.25,30796.25,30738.75,30765.25,6440
2026-09-25 10:45:00-04:00,30766.0,30798.0,30742.75,30789.75,7402
2026-09-25 10:50:00-04:00,30789.5,30793.25,30751.25,30785.0,4776
2026-09-25 10:55:00-04:00,30786.25,30829.75,30782.5,30823.75,5065
2026-09-25 11:00:00-04:00,30823.0,30867.5,30814.0,30855.75,7821
2026-09-25 11:05:00-04:00,30856.25,30871.5,30844.5,30846.5,4817
2026-09-25 11:10:00-04:00,30846.0,30849.5,30806.0,30820.5,5873
2026-09-25 11:15:00-04:00,30821.0,30838.0,30803.0,30812.0,4191
2026-09-25 11:20:00-04:00,30811.25,30844.5,30800.5,30812.0,5524
2026-09-25 11:25:00-04:00,30812.0,30828.0,30803.75,30813.25,3033
2026-09-25 11:30:00-04:00,30813.5,30860.5,30811.75,30818.0,9084
2026-09-25 11:35:00-04:00,30818.0,30822.5,30764.0,30772.0,5932
2026-09-25 11:40:00-04:00,30772.25,30791.0,30749.5,30751.75,4345
2026-09-25 11:45:00-04:00,30751.5,30782.75,30735.0,30782.5,4523
2026-09-25 11:50:00-04:00,30781.25,30786.5,30731.25,30773.75,6729
2026-09-25 11:55:00-04:00,30773.25,30860.0,30772.75,30857.5,7340
2026-09-25 12:00:00-04:00,30856.75,30919.75,30846.5,30913.75,11480
2026-09-25 12:05:00-04:00,30914.25,30941.0,30905.75,30930.25,9414
2026-09-25 12:10:00-04:00,30930.75,30950.25,30907.5,30927.25,6598
2026-09-25 12:15:00-04:00,30927.25,30951.5,30894.5,30901.75,6147
2026-09-25 12:20:00-04:00,30901.25,30907.0,30838.0,30866.25,8651
2026-09-25 12:25:00-04:00,30865.75,30927.5,30861.25,30924.75,6129
2026-09-25 12:30:00-04:00,30925.0,30932.5,30863.5,30878.75,8091
2026-09-25 12:35:00-04:00,30880.25,30916.75,30877.5,30898.5,4794
2026-09-25 12:40:00-04:00,30898.0,30921.25,30886.5,30906.0,3833
2026-09-25 12:45:00-04:00,30904.75,30907.5,30864.5,30881.75,3600
2026-09-25 12:50:00-04:00,30881.75,30898.5,30876.75,30892.5,2405
2026-09-25 12:55:00-04:00,30892.75,30902.75,30860.5,30877.5,4051
2026-09-25 13:00:00-04:00,30878.0,30920.5,30872.75,30909.75,4364
2026-09-25 13:05:00-04:00,30909.75,30917.5,30889.5,30912.0,2700
2026-09-25 13:10:00-04:00,30911.5,30922.5,30891.75,30922.5,2117
2026-09-25 13:15:00-04:00,30922.0,30927.0,30906.5,30911.5,2453
2026-09-25 13:20:00-04:00,30911.5,30925.0,30909.75,30923.0,1779
2026-09-25 13:25:00-04:00,30923.25,30925.25,30911.0,30918.25,1373
2026-09-25 13:30:00-04:00,30917.75,30923.25,30889.5,30899.0,3218
2026-09-25 13:35:00-04:00,30899.25,30916.75,30886.25,30903.5,3422
2026-09-25 13:40:00-04:00,30903.0,30922.75,30902.0,30905.25,2641
2026-09-25 13:45:00-04:00,30905.25,30919.0,30898.75,30918.0,1600
2026-09-25 13:50:00-04:00,30918.25,30918.75,30890.75,30900.25,2190
2026-09-25 13:55:00-04:00,30899.75,30911.75,30898.0,30911.75,1554
2026-09-25 14:00:00-04:00,30912.0,30916.75,30902.75,30905.25,1489
2026-09-25 14:05:00-04:00,30904.75,30914.5,30896.5,30912.75,1502
2026-09-25 14:10:00-04:00,30912.5,30929.0,30905.25,30928.0,1842
2026-09-25 14:15:00-04:00,30928.5,30931.0,30913.5,30919.75,1866
2026-09-25 14:20:00-04:00,30919.25,30922.5,30909.75,30917.75,1265
2026-09-25 14:25:00-04:00,30917.5,30922.25,30871.25,30891.5,6284
2026-09-25 14:30:00-04:00,30891.0,30916.5,30890.75,30906.25,2571
2026-09-25 14:35:00-04:00,30905.75,30908.25,30876.25,30876.75,2492
2026-09-25 14:40:00-04:00,30876.75,30901.0,30868.5,30900.25,2670
2026-09-25 14:45:00-04:00,30900.0,30902.5,30879.75,30885.5,2041
2026-09-25 14:50:00-04:00,30885.25,30887.75,30873.25,30875.0,1830
2026-09-25 14:55:00-04:00,30876.0,30881.0,30867.25,30868.5,1866
2026-09-25 15:00:00-04:00,30869.0,30888.0,30863.0,30880.5,3154
2026-09-25 15:05:00-04:00,30880.5,30892.0,30876.5,30887.5,1929
2026-09-25 15:10:00-04:00,30887.5,30900.5,30882.75,30898.75,1787
2026-09-25 15:15:00-04:00,30898.5,30904.0,30886.0,30886.0,1689
2026-09-25 15:20:00-04:00,30886.25,30890.0,30870.75,30879.75,2003
2026-09-25 15:25:00-04:00,30879.0,30880.0,30859.25,30865.5,2328
2026-09-25 15:30:00-04:00,30865.5,30870.5,30850.0,30852.25,2794
2026-09-25 15:35:00-04:00,30852.75,30882.75,30845.0,30880.0,4065
2026-09-25 15:40:00-04:00,30880.5,30900.0,30872.0,30891.5,2428
2026-09-25 15:45:00-04:00,30891.75,30918.75,30891.75,30907.0,5095
2026-09-25 15:50:00-04:00,30909.0,30935.0,30907.75,30911.25,5608
2026-09-25 15:55:00-04:00,30911.75,30918.5,30883.75,30891.5,12495
2026-09-25 16:00:00-04:00,30891.25,30898.75,30880.5,30895.75,3679
2026-09-25 16:05:00-04:00,30895.0,30904.5,30888.75,30897.0,1184
2026-09-25 16:10:00-04:00,30896.25,30899.75,30890.75,30892.0,1242
2026-09-25 16:15:00-04:00,30891.25,30893.0,30884.25,30889.75,555
2026-09-25 16:20:00-04:00,30889.0,30890.75,30884.0,30888.5,359
2026-09-25 16:25:00-04:00,30888.5,30900.0,30887.25,30898.5,590
2026-09-25 16:30:00-04:00,30898.25,30914.5,30897.5,30913.75,603
2026-09-25 16:35:00-04:00,30913.5,30921.75,30910.25,30911.75,568
2026-09-25 16:40:00-04:00,30911.5,30917.0,30910.0,30916.0,291
2026-09-25 16:45:00-04:00,30915.5,30918.5,30913.25,30916.0,543
2026-09-25 16:50:00-04:00,30915.75,30922.0,30914.75,30917.25,414
2026-09-25 16:55:00-04:00,30916.5,30922.25,30913.0,30921.75,511
2026-09-25 17:00:00-04:00,30921.75,30921.75,30889.25,30889.25,1
2026-09-27 18:10:00-04:00,30844.5,30850.75,30816.0,30821.25,605
2026-09-27 18:15:00-04:00,30820.25,30833.0,30816.5,30820.25,621
2026-09-27 18:20:00-04:00,30820.25,30827.5,30795.75,30822.25,778
2026-09-27 18:25:00-04:00,30824.75,30843.0,30821.5,30823.75,559
2026-09-27 18:30:00-04:00,30822.5,30823.0,30800.25,30802.25,719
2026-09-27 18:35:00-04:00,30803.0,30809.75,30800.25,30809.25,387
2026-09-27 18:40:00-04:00,30808.25,30809.25,30802.75,30807.75,262
2026-09-27 18:45:00-04:00,30806.75,30807.25,30790.0,30795.0,550
2026-09-27 18:50:00-04:00,30796.25,30796.5,30781.5,30786.25,538
2026-09-27 18:55:00-04:00,30787.0,30792.5,30784.5,30791.5,273
2026-09-27 19:00:00-04:00,30792.25,30797.75,30783.25,30794.25,435
2026-09-27 19:05:00-04:00,30796.25,30804.75,30790.5,30801.25,407
2026-09-27 19:10:00-04:00,30802.5,30812.5,30799.5,30809.5,318
2026-09-27 19:15:00-04:00,30810.25,30816.75,30805.0,30815.0,335
2026-09-27 19:20:00-04:00,30815.25,30828.0,30813.75,30816.25,519
2026-09-27 19:25:00-04:00,30816.0,30823.5,30815.0,30819.0,280
2026-09-27 19:30:00-04:00,30819.75,30823.25,30802.75,30807.5,375
2026-09-27 19:35:00-04:00,30806.25,30816.5,30803.25,30808.75,252
2026-09-27 19:40:00-04:00,30811.5,30814.5,30800.5,30812.25,328
2026-09-27 19:45:00-04:00,30812.0,30846.0,30812.0,30837.25,1097
2026-09-27 19:50:00-04:00,30838.25,30848.75,30821.0,30827.75,711
2026-09-27 19:55:00-04:00,30827.25,30849.75,30824.25,30849.5,693
2026-09-27 20:00:00-04:00,30849.5,30885.75,30840.75,30875.0,1966
2026-09-27 20:05:00-04:00,30875.0,30882.25,30865.5,30880.0,764
2026-09-27 20:10:00-04:00,30879.75,30897.25,30877.75,30896.5,863
2026-09-27 20:15:00-04:00,30895.5,30895.75,30876.75,30884.5,825
2026-09-27 20:20:00-04:00,30883.5,30898.25,30879.0,30887.0,1028
2026-09-27 20:25:00-04:00,30885.25,30890.75,30867.25,30872.5,774
2026-09-27 20:30:00-04:00,30870.75,30874.0,30829.0,30842.25,1449
2026-09-27 20:35:00-04:00,30841.75,30847.0,30826.75,30832.0,755
2026-09-27 20:40:00-04:00,30830.5,30833.0,30811.25,30824.75,969
2026-09-27 20:45:00-04:00,30825.5,30857.25,30825.25,30830.0,1248
2026-09-27 20:50:00-04:00,30831.75,30853.0,30822.75,30833.75,788
2026-09-27 20:55:00-04:00,30835.5,30837.5,30791.5,30797.25,1247
2026-09-27 21:00:00-04:00,30798.0,30824.5,30792.0,30824.5,1579
2026-09-27 21:05:00-04:00,30824.75,30825.25,30787.25,30808.75,1085
2026-09-27 21:10:00-04:00,30808.0,30813.5,30795.0,30797.75,489
2026-09-27 21:15:00-04:00,30798.75,30802.75,30772.75,30783.25,1121
2026-09-27 21:20:00-04:00,30784.0,30812.0,30780.25,30787.25,984
2026-09-27 21:25:00-04:00,30787.0,30812.5,30784.5,30807.0,626
2026-09-27 21:30:00-04:00,30807.25,30823.0,30805.75,30808.5,741
2026-09-27 21:35:00-04:00,30810.0,30813.25,30800.5,30811.0,366
2026-09-27 21:40:00-04:00,30810.25,30816.25,30778.75,30782.75,865
2026-09-27 21:45:00-04:00,30783.5,30789.75,30754.25,30758.75,1189
2026-09-27 21:50:00-04:00,30758.75,30767.5,30743.0,30751.75,1173
2026-09-27 21:55:00-04:00,30751.25,30766.75,30741.5,30743.0,793
2026-09-27 22:00:00-04:00,30742.75,30745.75,30725.0,30737.75,1232
2026-09-27 22:05:00-04:00,30738.5,30747.25,30717.0,30742.25,876
2026-09-27 22:10:00-04:00,30743.0,30759.75,30740.75,30752.25,765
2026-09-27 22:15:00-04:00,30752.25,30752.25,30719.75,30731.75,733
2026-09-27 22:20:00-04:00,30732.5,30733.25,30701.25,30704.5,1016
2026-09-27 22:25:00-04:00,30705.5,30735.5,30702.75,30717.0,908
2026-09-27 22:30:00-04:00,30717.5,30727.5,30703.25,30711.25,785
2026-09-27 22:35:00-04:00,30709.0,30717.75,30693.5,30698.0,851
2026-09-27 22:40:00-04:00,30697.0,30709.0,30691.25,30702.0,459
2026-09-27 22:45:00-04:00,30702.75,30705.25,30680.25,30686.5,694
2026-09-27 22:50:00-04:00,30685.75,30697.25,30683.5,30691.0,431
2026-09-27 22:55:00-04:00,30689.75,30690.5,30667.75,30679.25,987
2026-09-27 23:00:00-04:00,30679.75,30699.5,30678.0,30689.5,780
2026-09-27 23:05:00-04:00,30691.75,30703.75,30685.0,30696.75,778
2026-09-27 23:10:00-04:00,30697.75,30704.0,30680.0,30680.0,650
2026-09-27 23:15:00-04:00,30679.75,30688.75,30673.0,30676.25,478
2026-09-27 23:20:00-04:00,30676.75,30685.5,30667.0,30676.0,588
2026-09-27 23:25:00-04:00,30675.75,30676.0,30663.75,30664.5,484
2026-09-27 23:30:00-04:00,30665.75,30669.75,30654.0,30654.0,569
2026-09-27 23:35:00-04:00,30654.75,30666.75,30644.0,30659.0,849
2026-09-27 23:40:00-04:00,30657.75,30668.75,30651.25,30667.25,416
2026-09-27 23:45:00-04:00,30667.25,30681.25,30662.75,30676.25,530
2026-09-27 23:50:00-04:00,30675.5,30675.5,30657.75,30671.5,411
2026-09-27 23:55:00-04:00,30671.5,30671.5,30647.25,30650.0,366
2026-09-28 00:00:00-04:00,30648.5,30658.5,30638.5,30655.0,696
2026-09-28 00:05:00-04:00,30654.25,30669.75,30652.25,30666.25,377
2026-09-28 00:10:00-04:00,30667.25,30688.25,30667.0,30684.75,523
2026-09-28 00:15:00-04:00,30684.5,30687.25,30672.25,30686.0,443
2026-09-28 00:20:00-04:00,30685.5,30697.5,30685.25,30692.5,485
2026-09-28 00:25:00-04:00,30692.5,30694.25,30676.75,30687.5,371
2026-09-28 00:30:00-04:00,30688.0,30689.25,30675.0,30680.5,309
2026-09-28 00:35:00-04:00,30682.25,30683.75,30673.25,30680.75,188
2026-09-28 00:40:00-04:00,30681.0,30688.0,30679.0,30684.25,243
2026-09-28 00:45:00-04:00,30683.75,30684.25,30668.0,30674.5,294
2026-09-28 00:50:00-04:00,30675.0,30685.25,30674.0,30679.75,326
2026-09-28 00:55:00-04:00,30679.0,30686.0,30673.0,30677.75,277
2026-09-28 01:00:00-04:00,30678.5,30705.5,30678.25,30693.25,768
2026-09-28 01:05:00-04:00,30693.75,30695.5,30675.0,30679.0,553
2026-09-28 01:10:00-04:00,30677.25,30682.5,30659.25,30669.75,556
2026-09-28 01:15:00-04:00,30670.25,30678.5,30656.25,30661.25,383
2026-09-28 01:20:00-04:00,30660.5,30665.25,30652.75,30660.5,345
2026-09-28 01:25:00-04:00,30660.5,30675.25,30656.75,30665.25,451
2026-09-28 01:30:00-04:00,30664.25,30668.75,30647.25,30653.75,693
2026-09-28 01:35:00-04:00,30655.25,30667.5,30634.25,30643.5,591
2026-09-28 01:40:00-04:00,30644.75,30648.0,30628.0,30641.5,712
2026-09-28 01:45:00-04:00,30641.0,30655.25,30639.0,30650.25,399
2026-09-28 01:50:00-04:00,30649.0,30661.75,30634.5,30641.75,483
2026-09-28 01:55:00-04:00,30642.0,30657.25,30640.5,30650.25,518
2026-09-28 02:00:00-04:00,30651.5,30672.5,30635.5,30635.5,962
2026-09-28 02:05:00-04:00,30635.5,30666.75,30628.0,30658.25,935
2026-09-28 02:10:00-04:00,30659.0,30679.0,30630.75,30633.0,1143
2026-09-28 02:15:00-04:00,30633.75,30638.0,30605.75,30609.25,1213
2026-09-28 02:20:00-04:00,30608.5,30612.75,30595.5,30597.25,904
2026-09-28 02:25:00-04:00,30598.0,30600.75,30582.75,30590.75,944
2026-09-28 02:30:00-04:00,30590.0,30616.25,30580.0,30604.0,1334
2026-09-28 02:35:00-04:00,30603.5,30630.0,30602.0,30627.0,860
2026-09-28 02:40:00-04:00,30628.25,30637.25,30611.5,30611.5,707
2026-09-28 02:45:00-04:00,30612.0,30626.25,30610.0,30624.25,513
2026-09-28 02:50:00-04:00,30624.25,30641.0,30613.0,30623.0,380
2026-09-28 02:55:00-04:00,30623.0,30648.75,30617.5,30646.25,391
2026-09-28 03:00:00-04:00,30645.5,30646.5,30605.25,30622.25,974
2026-09-28 03:05:00-04:00,30623.0,30627.5,30608.25,30619.0,537
2026-09-28 03:10:00-04:00,30617.75,30623.0,30590.5,30595.5,710
2026-09-28 03:15:00-04:00,30595.25,30609.5,30588.75,30606.75,781
2026-09-28 03:20:00-04:00,30606.0,30616.0,30589.5,30606.5,614
2026-09-28 03:25:00-04:00,30606.0,30618.0,30587.75,30595.75,590
2026-09-28 03:30:00-04:00,30596.0,30601.75,30585.75,30597.5,487
2026-09-28 03:35:00-04:00,30596.5,30606.75,30576.5,30591.25,654
2026-09-28 03:40:00-04:00,30590.25,30613.25,30564.25,30578.25,1013
2026-09-28 03:45:00-04:00,30578.5,30617.5,30578.5,30614.25,804
2026-09-28 03:50:00-04:00,30614.0,30622.5,30592.75,30621.5,573
2026-09-28 03:55:00-04:00,30621.0,30630.25,30603.5,30609.75,667
2026-09-28 04:00:00-04:00,30610.5,30619.25,30589.25,30611.0,1203
2026-09-28 04:05:00-04:00,30611.5,30620.5,30593.25,30613.25,623
2026-09-28 04:10:00-04:00,30612.75,30637.25,30601.25,30633.25,691
2026-09-28 04:15:00-04:00,30633.0,30640.0,30607.25,30613.5,679
2026-09-28 04:20:00-04:00,30612.5,30615.75,30592.5,30599.5,651
2026-09-28 04:25:00-04:00,30601.25,30624.75,30601.25,30622.75,641
2026-09-28 04:30:00-04:00,30622.5,30630.25,30604.75,30607.5,568
2026-09-28 04:35:00-04:00,30610.0,30612.5,30571.0,30582.5,755
2026-09-28 04:40:00-04:00,30584.25,30599.0,30582.25,30588.25,564
2026-09-28 04:45:00-04:00,30586.75,30597.0,30575.75,30590.5,398
2026-09-28 04:50:00-04:00,30590.0,30600.5,30576.0,30580.25,387
2026-09-28 04:55:00-04:00,30582.25,30591.0,30578.5,30580.0,461
2026-09-28 05:00:00-04:00,30578.75,30606.5,30563.75,30566.25,1554
2026-09-28 05:05:00-04:00,30566.25,30574.0,30549.25,30549.75,1205
2026-09-28 05:10:00-04:00,30551.0,30552.75,30531.0,30543.75,1308
2026-09-28 05:15:00-04:00,30544.0,30574.5,30535.75,30571.75,1173
2026-09-28 05:20:00-04:00,30572.5,30590.25,30569.25,30578.5,955
2026-09-28 05:25:00-04:00,30578.75,30588.75,30566.5,30587.75,803
2026-09-28 05:30:00-04:00,30587.75,30592.5,30559.5,30560.0,618
2026-09-28 05:35:00-04:00,30560.0,30584.0,30559.25,30571.5,518
2026-09-28 05:40:00-04:00,30570.5,30594.5,30570.5,30594.5,483
2026-09-28 05:45:00-04:00,30594.0,30601.0,30589.5,30598.5,652
2026-09-28 05:50:00-04:00,30599.0,30607.25,30592.0,30595.5,463
2026-09-28 05:55:00-04:00,30594.5,30597.5,30582.5,30591.75,404
2026-09-28 06:00:00-04:00,30592.0,30607.0,30589.75,30605.25,421
2026-09-28 06:05:00-04:00,30605.75,30606.0,30562.75,30567.75,911
2026-09-28 06:10:00-04:00,30566.25,30582.0,30549.0,30568.5,1046
2026-09-28 06:15:00-04:00,30568.5,30579.25,30564.5,30565.0,423
2026-09-28 06:20:00-04:00,30564.75,30577.5,30564.5,30570.0,262
2026-09-28 06:25:00-04:00,30570.5,30576.5,30559.5,30576.0,378
2026-09-28 06:30:00-04:00,30575.25,30581.25,30561.5,30577.5,279
2026-09-28 06:35:00-04:00,30579.0,30583.75,30566.5,30573.5,454
2026-09-28 06:40:00-04:00,30572.5,30585.5,30570.75,30576.25,249
2026-09-28 06:45:00-04:00,30575.5,30589.5,30573.75,30586.25,385
2026-09-28 06:50:00-04:00,30583.5,30616.25,30582.0,30600.25,1169
2026-09-28 06:55:00-04:00,30601.5,30601.75,30583.5,30584.5,630
2026-09-28 07:00:00-04:00,30585.75,30648.5,30585.75,30613.5,4298
2026-09-28 07:05:00-04:00,30614.25,30617.25,30587.5,30610.25,1200
2026-09-28 07:10:00-04:00,30609.75,30609.75,30587.0,30594.0,649
2026-09-28 07:15:00-04:00,30593.0,30629.25,30588.75,30592.25,1946
2026-09-28 07:20:00-04:00,30591.25,30639.0,30588.75,30638.75,850
2026-09-28 07:25:00-04:00,30639.25,30642.75,30631.25,30641.5,626
2026-09-28 07:30:00-04:00,30641.25,30644.0,30619.5,30637.0,626
2026-09-28 07:35:00-04:00,30637.75,30642.75,30629.5,30635.5,411
2026-09-28 07:40:00-04:00,30636.25,30645.0,30627.5,30644.0,748
2026-09-28 07:45:00-04:00,30643.25,30649.0,30632.25,30639.25,664
2026-09-28 07:50:00-04:00,30639.75,30645.0,30624.25,30629.5,448
2026-09-28 07:55:00-04:00,30628.5,30645.0,30627.25,30641.25,428
2026-09-28 08:00:00-04:00,30639.5,30687.0,30612.5,30681.0,2851
2026-09-28 08:05:00-04:00,30681.25,30713.0,30678.5,30698.5,2138
2026-09-28 08:10:00-04:00,30698.5,30718.25,30685.75,30703.75,1580
2026-09-28 08:15:00-04:00,30702.25,30727.25,30699.5,30724.5,1003
2026-09-28 08:20:00-04:00,30723.5,30735.75,30688.25,30704.75,1620
2026-09-28 08:25:00-04:00,30706.0,30729.5,30694.0,30694.0,1373
2026-09-28 08:30:00-04:00,30694.5,30718.0,30691.75,30715.5,1269
2026-09-28 08:35:00-04:00,30715.0,30717.25,30699.25,30711.5,1246
2026-09-28 08:40:00-04:00,30711.75,30728.0,30694.0,30727.75,1374
2026-09-28 08:45:00-04:00,30728.0,30743.25,30720.5,30727.25,1429
2026-09-28 08:50:00-04:00,30727.0,30746.75,30722.0,30741.0,1071
2026-09-28 08:55:00-04:00,30741.5,30753.0,30722.75,30739.0,1647
2026-09-28 09:00:00-04:00,30739.25,30740.25,30699.0,30700.25,2170
2026-09-28 09:05:00-04:00,30699.75,30713.0,30697.0,30708.0,1103
2026-09-28 09:10:00-04:00,30708.25,30717.25,30702.25,30708.75,1369
2026-09-28 09:15:00-04:00,30709.0,30716.25,30691.0,30700.25,1980
2026-09-28 09:20:00-04:00,30699.5,30708.25,30692.75,30698.25,1182
2026-09-28 09:25:00-04:00,30697.75,30724.75,30697.75,30717.75,2999
2026-09-28 09:30:00-04:00,30718.0,30759.25,30671.75,30677.0,18930
2026-09-28 09:35:00-04:00,30677.0,30679.0,30618.0,30643.0,13696
2026-09-28 09:40:00-04:00,30643.75,30658.5,30600.75,30611.5,10487
2026-09-28 09:45:00-04:00,30612.25,30650.0,30592.5,30628.25,12206
2026-09-28 09:50:00-04:00,30629.0,30666.75,30583.0,30651.75,11383
2026-09-28 09:55:00-04:00,30653.0,30668.5,30626.0,30650.75,8666
2026-09-28 10:00:00-04:00,30651.25,30658.0,30593.0,30596.75,7704
2026-09-28 10:05:00-04:00,30596.25,30598.25,30562.25,30565.0,9205
2026-09-28 10:10:00-04:00,30563.0,30563.0,30503.0,30522.0,11017
2026-09-28 10:15:00-04:00,30521.5,30578.0,30520.5,30571.5,9176
2026-09-28 10:20:00-04:00,30571.25,30601.0,30553.5,30586.5,6770
2026-09-28 10:25:00-04:00,30587.0,30590.0,30542.0,30547.5,5304
2026-09-28 10:30:00-04:00,30547.75,30563.5,30537.75,30546.75,5047
2026-09-28 10:35:00-04:00,30546.75,30551.25,30489.75,30499.25,8443
2026-09-28 10:40:00-04:00,30499.5,30512.0,30425.25,30428.25,12127
2026-09-28 10:45:00-04:00,30428.25,30434.0,30356.75,30386.75,15380
2026-09-28 10:50:00-04:00,30386.75,30415.0,30373.5,30379.75,10628
2026-09-28 10:55:00-04:00,30379.5,30420.75,30371.0,30410.0,8678
2026-09-28 11:00:00-04:00,30410.0,30446.25,30404.75,30441.25,7768
2026-09-28 11:05:00-04:00,30441.75,30492.5,30428.75,30491.75,7651
2026-09-28 11:10:00-04:00,30491.75,30502.5,30474.75,30482.25,6806
2026-09-28 11:15:00-04:00,30482.75,30483.75,30447.75,30465.75,5917
2026-09-28 11:20:00-04:00,30465.75,30479.75,30453.25,30471.5,4153
2026-09-28 11:25:00-04:00,30472.0,30502.25,30460.5,30494.25,6595
2026-09-28 11:30:00-04:00,30494.25,30498.25,30472.75,30493.75,4337
2026-09-28 11:35:00-04:00,30494.25,30531.25,30486.25,30526.5,5958
2026-09-28 11:40:00-04:00,30526.75,30528.75,30455.75,30473.5,6384
2026-09-28 11:45:00-04:00,30474.0,30490.75,30462.75,30484.0,3521
2026-09-28 11:50:00-04:00,30484.25,30507.0,30477.0,30506.5,4113
2026-09-28 11:55:00-04:00,30507.0,30528.0,30506.0,30522.25,4408
2026-09-28 12:00:00-04:00,30522.25,30525.75,30500.5,30509.5,3755
2026-09-28 12:05:00-04:00,30508.0,30530.25,30498.5,30523.5,3267
2026-09-28 12:10:00-04:00,30523.5,30536.75,30509.5,30516.5,3251
2026-09-28 12:15:00-04:00,30515.25,30591.25,30511.0,30574.75,13322
2026-09-28 12:20:00-04:00,30575.25,30642.5,30565.0,30633.75,12522
2026-09-28 12:25:00-04:00,30633.75,30722.0,30630.75,30683.5,16800
2026-09-28 12:30:00-04:00,30683.5,30688.5,30624.0,30655.0,10703
2026-09-28 12:35:00-04:00,30654.5,30671.0,30628.5,30635.5,6260
2026-09-28 12:40:00-04:00,30635.25,30644.5,30589.25,30600.75,6434
2026-09-28 12:45:00-04:00,30600.75,30624.75,30593.0,30604.0,5777
2026-09-28 12:50:00-04:00,30604.0,30614.0,30587.5,30610.5,4271
2026-09-28 12:55:00-04:00,30610.5,30615.5,30595.25,30602.25,2830
2026-09-28 13:00:00-04:00,30602.25,30604.0,30576.5,30588.25,4343
2026-09-28 13:05:00-04:00,30589.0,30592.0,30564.25,30569.25,4005
2026-09-28 13:10:00-04:00,30569.5,30694.0,30567.25,30691.75,19368
2026-09-28 13:15:00-04:00,30691.0,30691.0,30606.0,30610.5,10430
2026-09-28 13:20:00-04:00,30611.0,30632.0,30598.5,30626.25,4436
2026-09-28 13:25:00-04:00,30626.75,30636.0,30601.25,30614.0,4195
2026-09-28 13:30:00-04:00,30613.5,30645.0,30613.25,30633.0,3721
2026-09-28 13:35:00-04:00,30633.0,30644.75,30616.5,30629.75,2366
2026-09-28 13:40:00-04:00,30630.0,30636.25,30615.5,30624.5,1705
2026-09-28 13:45:00-04:00,30624.75,30640.25,30618.75,30636.0,2265
2026-09-28 13:50:00-04:00,30635.0,30637.75,30622.5,30629.75,1889
2026-09-28 13:55:00-04:00,30630.25,30632.25,30611.25,30625.75,3126
2026-09-28 14:00:00-04:00,30625.75,30641.0,30602.25,30638.0,3396
2026-09-28 14:05:00-04:00,30638.5,30643.25,30622.0,30629.5,2281
2026-09-28 14:10:00-04:00,30629.5,30645.5,30628.5,30638.25,1950
2026-09-28 14:15:00-04:00,30639.25,30646.25,30620.25,30620.25,2139
2026-09-28 14:20:00-04:00,30620.75,30632.5,30605.0,30614.25,1917
2026-09-28 14:25:00-04:00,30614.5,30627.0,30613.0,30621.0,1709
2026-09-28 14:30:00-04:00,30621.0,30631.75,30600.75,30614.5,3613
2026-09-28 14:35:00-04:00,30614.25,30616.0,30578.75,30585.0,2708
2026-09-28 14:40:00-04:00,30585.5,30627.0,30581.5,30625.75,4000
2026-09-28 14:45:00-04:00,30625.5,30638.0,30610.0,30632.0,3717
2026-09-28 14:50:00-04:00,30632.75,30650.0,30621.0,30638.25,3618
2026-09-28 14:55:00-04:00,30638.0,30649.75,30630.0,30637.75,3013
2026-09-28 15:00:00-04:00,30639.25,30641.25,30597.25,30615.75,4506
2026-09-28 15:05:00-04:00,30614.75,30620.75,30593.5,30594.5,2856
2026-09-28 15:10:00-04:00,30594.75,30595.5,30573.5,30576.75,3363
2026-09-28 15:15:00-04:00,30576.5,30595.0,30568.75,30587.25,3967
2026-09-28 15:20:00-04:00,30588.25,30601.5,30583.0,30596.5,2446
2026-09-28 15:25:00-04:00,30595.75,30605.75,30589.0,30596.25,4145
2026-09-28 15:30:00-04:00,30595.75,30598.5,30573.25,30587.75,4558
2026-09-28 15:35:00-04:00,30587.75,30593.5,30541.0,30545.25,4218
2026-09-28 15:40:00-04:00,30545.75,30566.5,30545.75,30560.5,3556
2026-09-28 15:45:00-04:00,30561.0,30575.25,30553.5,30557.25,3591
2026-09-28 15:50:00-04:00,30557.0,30573.0,30534.75,30536.75,6534
2026-09-28 15:55:00-04:00,30536.5,30575.75,30535.0,30566.75,17200
2026-09-28 16:00:00-04:00,30567.0,30578.0,30564.25,30573.0,4354
2026-09-28 16:05:00-04:00,30573.25,30574.5,30552.5,30560.75,1634
2026-09-28 16:10:00-04:00,30560.5,30563.5,30548.25,30557.5,1158
2026-09-28 16:15:00-04:00,30557.5,30562.0,30553.0,30559.5,940
2026-09-28 16:20:00-04:00,30560.0,30564.5,30558.75,30560.75,380
2026-09-28 16:25:00-04:00,30560.5,30567.0,30558.25,30564.25,526
2026-09-28 16:30:00-04:00,30564.0,30566.0,30560.5,30562.0,470
2026-09-28 16:35:00-04:00,30561.75,30563.25,30553.75,30557.75,532
2026-09-28 16:40:00-04:00,30558.25,30562.0,30550.5,30551.0,622
2026-09-28 16:45:00-04:00,30551.25,30554.5,30540.75,30544.75,799
2026-09-28 16:50:00-04:00,30543.75,30545.25,30533.0,30541.75,581
2026-09-28 16:55:00-04:00,30541.75,30566.5,30540.75,30556.75,891
2026-09-28 18:00:00-04:00,30560.5,30589.0,30536.25,30550.0,0
2026-09-28 18:05:00-04:00,30550.0,30594.5,30542.5,30589.5,1072
2026-09-28 18:10:00-04:00,30590.25,30616.0,30581.0,30601.75,722
2026-09-28 18:15:00-04:00,30602.25,30612.25,30593.0,30602.75,486
2026-09-28 18:20:00-04:00,30600.0,30603.75,30590.75,30597.25,211
2026-09-28 18:25:00-04:00,30596.25,30602.0,30591.75,30598.5,157
2026-09-28 18:30:00-04:00,30598.5,30600.5,30587.0,30592.75,281
2026-09-28 18:35:00-04:00,30592.75,30601.75,30591.0,30597.5,186
2026-09-28 18:40:00-04:00,30596.5,30601.25,30593.75,30598.5,168
2026-09-28 18:45:00-04:00,30598.25,30599.75,30591.0,30594.0,115
2026-09-28 18:50:00-04:00,30593.0,30605.0,30593.0,30598.25,328
2026-09-28 18:55:00-04:00,30599.25,30605.75,30596.5,30599.75,157
2026-09-28 19:00:00-04:00,30598.5,30601.0,30592.75,30595.0,124
2026-09-28 19:05:00-04:00,30595.0,30597.75,30591.5,30596.75,94
2026-09-28 19:10:00-04:00,30596.25,30597.75,30591.75,30593.5,74
2026-09-28 19:15:00-04:00,30595.0,30599.0,30593.75,30594.0,74
2026-09-28 19:20:00-04:00,30595.25,30612.25,30595.25,30608.25,298
2026-09-28 19:25:00-04:00,30608.5,30609.0,30602.0,30607.25,230
2026-09-28 19:30:00-04:00,30606.75,30610.75,30593.5,30598.5,269
2026-09-28 19:35:00-04:00,30599.5,30605.75,30590.25,30605.25,196
2026-09-28 19:40:00-04:00,30605.25,30612.0,30600.0,30601.75,184
2026-09-28 19:45:00-04:00,30602.75,30604.0,30568.0,30576.5,822
2026-09-28 19:50:00-04:00,30576.5,30601.75,30570.5,30601.75,450
2026-09-28 19:55:00-04:00,30600.75,30604.0,30578.0,30579.25,563
2026-09-28 20:00:00-04:00,30580.0,30600.75,30569.0,30597.75,1579
2026-09-28 20:05:00-04:00,30596.75,30607.0,30576.25,30597.25,808
2026-09-28 20:10:00-04:00,30598.0,30601.25,30571.5,30592.5,978
2026-09-28 20:15:00-04:00,30592.75,30597.0,30528.25,30545.0,1854
2026-09-28 20:20:00-04:00,30544.75,30554.25,30525.0,30529.25,989
2026-09-28 20:25:00-04:00,30526.25,30543.75,30521.5,30529.25,1009
2026-09-28 20:30:00-04:00,30529.75,30558.0,30513.0,30552.25,1412
2026-09-28 20:35:00-04:00,30553.5,30562.75,30543.75,30544.75,623
2026-09-28 20:40:00-04:00,30544.0,30558.75,30540.25,30548.75,303
2026-09-28 20:45:00-04:00,30548.75,30550.0,30500.0,30503.5,1116
2026-09-28 20:50:00-04:00,30503.75,30511.75,30497.25,30509.75,791
2026-09-28 20:55:00-04:00,30508.25,30518.5,30494.75,30495.0,552
2026-09-28 21:00:00-04:00,30493.5,30529.25,30486.75,30512.25,1096
2026-09-28 21:05:00-04:00,30509.75,30514.25,30496.25,30502.75,581
2026-09-28 21:10:00-04:00,30502.25,30502.25,30471.75,30476.5,1236
2026-09-28 21:15:00-04:00,30475.5,30483.0,30430.25,30431.75,2936
2026-09-28 21:20:00-04:00,30432.75,30475.25,30430.0,30466.5,1385
2026-09-28 21:25:00-04:00,30464.75,30485.75,30464.5,30484.25,743
2026-09-28 21:30:00-04:00,30484.5,30508.0,30475.25,30489.25,1380
2026-09-28 21:35:00-04:00,30489.0,30506.25,30480.0,30502.25,668
2026-09-28 21:40:00-04:00,30501.0,30516.0,30496.5,30508.0,873
2026-09-28 21:45:00-04:00,30508.0,30518.0,30493.75,30496.25,711
2026-09-28 21:50:00-04:00,30496.25,30513.0,30487.5,30504.0,641
2026-09-28 21:55:00-04:00,30504.0,30507.25,30497.0,30501.0,340
2026-09-28 22:00:00-04:00,30501.25,30507.75,30493.25,30496.25,386
2026-09-28 22:05:00-04:00,30494.0,30497.5,30478.0,30487.75,557
2026-09-28 22:10:00-04:00,30488.0,30522.5,30482.0,30513.5,662
2026-09-28 22:15:00-04:00,30513.5,30537.5,30498.25,30536.5,871
2026-09-28 22:20:00-04:00,30536.0,30536.0,30503.5,30516.75,658
2026-09-28 22:25:00-04:00,30517.75,30521.25,30502.75,30512.25,325
2026-09-28 22:30:00-04:00,30512.0,30518.5,30479.5,30483.75,576
2026-09-28 22:35:00-04:00,30484.0,30497.75,30473.25,30491.25,547
2026-09-28 22:40:00-04:00,30493.0,30494.5,30470.5,30484.25,410
2026-09-28 22:45:00-04:00,30484.0,30490.0,30473.75,30474.25,264
2026-09-28 22:50:00-04:00,30474.0,30476.5,30440.75,30443.0,975
2026-09-28 22:55:00-04:00,30443.75,30466.0,30441.75,30462.25,560
2026-09-28 23:00:00-04:00,30464.0,30478.0,30444.75,30448.5,671
2026-09-28 23:05:00-04:00,30449.0,30457.0,30439.25,30443.5,634
2026-09-28 23:10:00-04:00,30443.5,30448.75,30409.25,30421.25,1718
2026-09-28 23:15:00-04:00,30421.5,30460.75,30420.0,30457.75,1053
2026-09-28 23:20:00-04:00,30457.5,30475.25,30456.75,30474.75,682
2026-09-28 23:25:00-04:00,30475.0,30476.75,30465.75,30473.25,315
2026-09-28 23:30:00-04:00,30471.5,30477.25,30457.75,30472.5,522
2026-09-28 23:35:00-04:00,30475.0,30486.25,30462.25,30479.25,393
2026-09-28 23:40:00-04:00,30479.0,30499.0,30473.25,30484.75,546
2026-09-28 23:45:00-04:00,30485.5,30486.0,30470.5,30473.25,298
2026-09-28 23:50:00-04:00,30471.25,30471.25,30455.0,30457.5,502
2026-09-28 23:55:00-04:00,30456.75,30458.25,30433.0,30437.5,529
2026-09-29 00:05:00-04:00,30432.0,30440.0,30432.0,30439.0,0
2026-09-29 00:10:00-04:00,30437.5,30440.0,30428.0,30433.75,348
2026-09-29 00:15:00-04:00,30432.75,30445.5,30431.25,30445.25,220
2026-09-29 00:20:00-04:00,30444.0,30448.5,30437.5,30446.25,371
2026-09-29 00:25:00-04:00,30446.25,30451.75,30427.0,30428.25,389
2026-09-29 00:30:00-04:00,30426.5,30438.25,30420.5,30435.75,457
2026-09-29 00:35:00-04:00,30435.5,30435.5,30421.5,30424.25,410
2026-09-29 00:40:00-04:00,30425.0,30432.5,30419.25,30427.25,299
2026-09-29 00:45:00-04:00,30427.5,30432.75,30419.5,30426.5,183
2026-09-29 00:50:00-04:00,30426.5,30445.0,30422.75,30435.5,373
2026-09-29 00:55:00-04:00,30435.75,30437.5,30430.0,30431.25,179
2026-09-29 01:00:00-04:00,30432.0,30452.5,30428.25,30432.75,427
2026-09-29 01:05:00-04:00,30431.5,30439.75,30422.5,30431.25,227
2026-09-29 01:10:00-04:00,30432.0,30440.75,30418.5,30439.5,379
2026-09-29 01:15:00-04:00,30440.0,30457.75,30427.5,30445.0,464
2026-09-29 01:20:00-04:00,30445.25,30447.0,30433.0,30439.75,263
2026-09-29 01:25:00-04:00,30438.0,30438.0,30419.25,30424.25,343
2026-09-29 01:30:00-04:00,30424.0,30425.75,30383.75,30388.0,1485
2026-09-29 01:35:00-04:00,30389.5,30413.25,30372.25,30411.5,1072
2026-09-29 01:40:00-04:00,30411.75,30425.75,30392.5,30404.5,992
2026-09-29 01:45:00-04:00,30403.75,30427.0,30390.5,30420.5,641
2026-09-29 01:50:00-04:00,30418.75,30431.25,30416.0,30422.75,630
2026-09-29 01:55:00-04:00,30422.5,30432.0,30420.5,30431.0,738
2026-09-29 02:00:00-04:00,30432.5,30456.5,30425.5,30449.5,1013
2026-09-29 02:05:00-04:00,30449.5,30481.5,30448.0,30478.5,1173
2026-09-29 02:10:00-04:00,30479.75,30505.5,30479.75,30497.0,1073
2026-09-29 02:15:00-04:00,30498.0,30499.5,30469.5,30480.0,949
2026-09-29 02:20:00-04:00,30479.25,30509.0,30472.25,30501.25,684
2026-09-29 02:25:00-04:00,30502.25,30527.75,30501.25,30524.5,613
2026-09-29 02:30:00-04:00,30524.75,30551.25,30524.75,30547.0,940
2026-09-29 02:35:00-04:00,30547.5,30547.75,30538.75,30544.25,495
2026-09-29 02:40:00-04:00,30543.25,30556.5,30542.75,30555.75,708
2026-09-29 02:45:00-04:00,30555.75,30556.5,30545.5,30552.0,388
2026-09-29 02:50:00-04:00,30552.25,30558.0,30546.75,30556.75,460
2026-09-29 02:55:00-04:00,30555.25,30557.5,30536.75,30548.25,547
2026-09-29 03:00:00-04:00,30548.75,30554.0,30527.75,30552.5,1013
2026-09-29 03:05:00-04:00,30553.5,30563.5,30546.0,30562.75,520
2026-09-29 03:10:00-04:00,30563.0,30564.75,30550.0,30559.75,634
2026-09-29 03:15:00-04:00,30560.5,30564.75,30550.0,30557.75,400
2026-09-29 03:20:00-04:00,30557.75,30576.5,30555.5,30576.5,562
2026-09-29 03:25:00-04:00,30577.0,30596.0,30573.5,30577.25,701
2026-09-29 03:30:00-04:00,30578.5,30603.75,30575.25,30601.25,747
2026-09-29 03:35:00-04:00,30601.0,30626.5,30600.0,30613.0,1270
2026-09-29 03:40:00-04:00,30612.25,30612.25,30585.5,30588.25,802
2026-09-29 03:45:00-04:00,30589.5,30596.0,30585.5,30587.5,374
2026-09-29 03:50:00-04:00,30587.25,30593.5,30581.25,30586.25,249
2026-09-29 03:55:00-04:00,30586.75,30588.5,30578.75,30581.25,304
2026-09-29 04:00:00-04:00,30580.75,30610.5,30577.75,30586.25,974
2026-09-29 04:05:00-04:00,30587.0,30596.75,30569.75,30575.5,832
2026-09-29 04:10:00-04:00,30578.0,30589.25,30573.25,30582.25,358
2026-09-29 04:15:00-04:00,30583.25,30614.0,30583.25,30612.25,508
2026-09-29 04:20:00-04:00,30612.75,30635.25,30607.5,30617.75,1012
2026-09-29 04:25:00-04:00,30617.5,30620.5,30605.0,30605.0,389
2026-09-29 04:30:00-04:00,30606.25,30611.25,30594.0,30600.25,387
2026-09-29 04:35:00-04:00,30602.25,30623.0,30596.0,30620.25,379
2026-09-29 04:40:00-04:00,30619.0,30626.5,30606.75,30626.5,389
2026-09-29 04:45:00-04:00,30626.0,30628.0,30617.25,30624.0,445
2026-09-29 04:50:00-04:00,30623.5,30624.25,30581.5,30583.25,801
2026-09-29 04:55:00-04:00,30582.25,30604.5,30581.0,30600.0,384
2026-09-29 05:00:00-04:00,30599.75,30607.5,30579.25,30588.75,608
2026-09-29 05:05:00-04:00,30590.0,30590.75,30576.5,30589.0,275
2026-09-29 05:10:00-04:00,30588.75,30590.0,30572.75,30575.5,424
2026-09-29 05:15:00-04:00,30575.75,30576.75,30562.0,30575.5,506
2026-09-29 05:20:00-04:00,30574.75,30577.25,30550.0,30558.5,578
2026-09-29 05:25:00-04:00,30557.0,30559.25,30545.75,30550.0,368
2026-09-29 05:30:00-04:00,30550.25,30551.25,30537.75,30550.5,683
2026-09-29 05:35:00-04:00,30551.25,30558.75,30545.25,30555.25,309
2026-09-29 05:40:00-04:00,30558.0,30580.0,30554.25,30579.75,482
2026-09-29 05:45:00-04:00,30580.0,30594.0,30571.5,30578.5,813
2026-09-29 05:50:00-04:00,30578.0,30597.5,30560.75,30581.75,624
2026-09-29 05:55:00-04:00,30580.75,30590.25,30558.0,30568.25,631
2026-09-29 06:00:00-04:00,30567.5,30592.5,30565.25,30589.0,456
2026-09-29 06:05:00-04:00,30591.0,30607.0,30589.75,30606.75,383
2026-09-29 06:10:00-04:00,30607.5,30616.25,30605.0,30605.0,1067
2026-09-29 06:15:00-04:00,30605.75,30605.75,30584.5,30584.5,543
2026-09-29 06:20:00-04:00,30586.75,30596.25,30585.25,30595.25,411
2026-09-29 06:25:00-04:00,30592.75,30609.75,30592.0,30609.5,310
2026-09-29 06:30:00-04:00,30610.0,30615.5,30590.25,30595.0,613
2026-09-29 06:35:00-04:00,30595.0,30615.0,30592.75,30615.0,328
2026-09-29 06:40:00-04:00,30614.75,30619.5,30608.0,30615.0,292
2026-09-29 06:45:00-04:00,30615.0,30619.5,30608.5,30615.0,246
2026-09-29 06:50:00-04:00,30615.25,30629.25,30608.25,30624.25,514
2026-09-29 06:55:00-04:00,30623.75,30643.25,30615.75,30642.0,1137
2026-09-29 07:00:00-04:00,30642.25,30668.75,30641.0,30655.0,1383
2026-09-29 07:05:00-04:00,30654.0,30669.0,30632.0,30637.25,729
2026-09-29 07:10:00-04:00,30636.75,30641.0,30629.0,30638.75,532
2026-09-29 07:15:00-04:00,30639.5,30649.5,30634.5,30640.0,606
2026-09-29 07:20:00-04:00,30641.5,30654.25,30635.75,30652.5,493
2026-09-29 07:25:00-04:00,30652.25,30654.5,30640.75,30645.0,472
2026-09-29 07:30:00-04:00,30646.25,30658.0,30638.5,30652.5,498
2026-09-29 07:35:00-04:00,30652.75,30666.0,30652.75,30660.75,471
2026-09-29 07:40:00-04:00,30661.75,30666.5,30646.5,30659.25,710
2026-09-29 07:45:00-04:00,30659.25,30702.75,30636.5,30697.5,2778
2026-09-29 07:50:00-04:00,30697.0,30707.0,30666.5,30686.0,1617
2026-09-29 07:55:00-04:00,30686.75,30692.25,30678.5,30682.0,458
2026-09-29 08:00:00-04:00,30681.25,30705.5,30678.5,30699.75,998
2026-09-29 08:05:00-04:00,30700.25,30700.25,30685.5,30689.25,640
2026-09-29 08:10:00-04:00,30689.25,30708.75,30687.25,30699.5,918
2026-09-29 08:15:00-04:00,30699.25,30717.75,30685.75,30694.75,1238
2026-09-29 08:20:00-04:00,30692.75,30702.75,30669.5,30677.25,1065
2026-09-29 08:25:00-04:00,30678.25,30678.25,30655.25,30675.5,1418
2026-09-29 08:30:00-04:00,30674.25,30680.5,30657.75,30667.0,1013
2026-09-29 08:35:00-04:00,30666.75,30669.5,30650.5,30651.25,651
2026-09-29 08:40:00-04:00,30652.25,30659.5,30644.0,30652.25,1985
2026-09-29 08:45:00-04:00,30652.75,30653.0,30632.0,30643.25,1106
2026-09-29 08:50:00-04:00,30644.25,30646.5,30630.0,30634.5,711
2026-09-29 08:55:00-04:00,30635.25,30641.0,30629.0,30632.0,666
2026-09-29 09:00:00-04:00,30631.25,30648.75,30629.75,30637.25,1505
2026-09-29 09:05:00-04:00,30637.0,30663.25,30633.25,30662.75,1547
2026-09-29 09:10:00-04:00,30662.5,30666.25,30652.5,30665.5,1189
2026-09-29 09:15:00-04:00,30666.0,30669.5,30655.0,30660.5,967
2026-09-29 09:20:00-04:00,30661.0,30676.25,30659.25,30672.75,1033
2026-09-29 09:25:00-04:00,30672.75,30709.75,30670.75,30708.75,4281
2026-09-29 09:30:00-04:00,30708.75,30725.5,30601.25,30610.25,21975
2026-09-29 09:35:00-04:00,30610.25,30634.25,30582.25,30618.75,13820
2026-09-29 09:40:00-04:00,30619.0,30623.0,30545.5,30566.5,11612
2026-09-29 09:45:00-04:00,30567.0,30599.75,30558.75,30577.75,10184
2026-09-29 09:50:00-04:00,30577.25,30630.0,30570.75,30621.75,9606
2026-09-29 09:55:00-04:00,30622.0,30656.25,30595.0,30608.25,8918
2026-09-29 10:00:00-04:00,30608.25,30659.25,30601.0,30629.5,10842
2026-09-29 10:05:00-04:00,30629.5,30636.25,30598.25,30612.75,5794
2026-09-29 10:10:00-04:00,30612.75,30643.5,30589.25,30627.75,8274
2026-09-29 10:15:00-04:00,30628.0,30670.5,30598.25,30660.5,10770
2026-09-29 10:20:00-04:00,30661.0,30675.75,30615.75,30664.5,10838
2026-09-29 10:25:00-04:00,30663.5,30698.5,30654.5,30670.0,7216
2026-09-29 10:30:00-04:00,30670.25,30700.0,30669.25,30688.0,6058
2026-09-29 10:35:00-04:00,30688.0,30693.75,30659.25,30682.25,5330
2026-09-29 10:40:00-04:00,30682.0,30699.75,30657.25,30669.75,6629
2026-09-29 10:45:00-04:00,30669.5,30690.5,30642.25,30643.5,5499
2026-09-29 10:50:00-04:00,30644.5,30701.25,30641.25,30697.5,6076
2026-09-29 10:55:00-04:00,30698.25,30706.25,30655.5,30663.25,5118
2026-09-29 11:00:00-04:00,30663.0,30665.75,30626.0,30630.25,6495
2026-09-29 11:05:00-04:00,30630.25,30641.25,30603.25,30615.0,6567
2026-09-29 11:10:00-04:00,30614.25,30638.0,30593.5,30637.25,5751
2026-09-29 11:15:00-04:00,30637.75,30648.75,30583.75,30583.75,5958
2026-09-29 11:20:00-04:00,30584.0,30591.0,30549.75,30560.0,7047
2026-09-29 11:25:00-04:00,30560.0,30567.0,30531.25,30555.0,8059
2026-09-29 11:30:00-04:00,30555.25,30605.0,30543.75,30598.75,7289
2026-09-29 11:35:00-04:00,30599.25,30613.25,30585.25,30599.5,5240
2026-09-29 11:40:00-04:00,30600.0,30601.25,30566.75,30577.5,4748
2026-09-29 11:45:00-04:00,30578.0,30611.0,30555.25,30598.0,9762
2026-09-29 11:50:00-04:00,30598.5,30612.0,30552.5,30566.25,7044
2026-09-29 11:55:00-04:00,30565.5,30588.0,30556.25,30587.75,4125
2026-09-29 12:00:00-04:00,30588.0,30588.5,30552.75,30556.25,3741
2026-09-29 12:05:00-04:00,30556.0,30594.0,30551.5,30589.25,3741
2026-09-29 12:10:00-04:00,30589.0,30593.75,30556.25,30559.0,3299
2026-09-29 12:15:00-04:00,30559.25,30573.0,30550.5,30565.5,3853
2026-09-29 12:20:00-04:00,30565.25,30579.0,30552.75,30569.0,3278
2026-09-29 12:25:00-04:00,30568.75,30591.0,30567.5,30583.5,2420
2026-09-29 12:30:00-04:00,30584.0,30584.75,30563.75,30569.5,2971
2026-09-29 12:35:00-04:00,30569.25,30584.0,30567.75,30572.75,2580
2026-09-29 12:40:00-04:00,30573.0,30573.25,30518.0,30518.75,6454
2026-09-29 12:45:00-04:00,30518.75,30555.5,30504.5,30549.25,5894
2026-09-29 12:50:00-04:00,30549.5,30567.75,30533.25,30539.25,4057
2026-09-29 12:55:00-04:00,30539.5,30540.5,30515.5,30538.0,3716
2026-09-29 13:00:00-04:00,30537.5,30538.0,30513.25,30530.0,3953
2026-09-29 13:05:00-04:00,30529.5,30540.25,30524.0,30530.5,2621
2026-09-29 13:10:00-04:00,30531.25,30548.5,30524.0,30543.25,3216
2026-09-29 13:15:00-04:00,30542.5,30547.75,30521.25,30538.25,2866
2026-09-29 13:20:00-04:00,30537.5,30566.5,30532.0,30566.25,2879
2026-09-29 13:25:00-04:00,30566.25,30581.25,30562.75,30568.25,3499
2026-09-29 13:30:00-04:00,30567.75,30574.5,30553.25,30574.0,2704
2026-09-29 13:35:00-04:00,30573.5,30584.75,30558.0,30563.5,2535
2026-09-29 13:40:00-04:00,30563.25,30563.75,30538.75,30559.0,2993
2026-09-29 13:45:00-04:00,30559.5,30570.0,30547.75,30551.75,3139
2026-09-29 13:50:00-04:00,30551.75,30558.25,30520.0,30532.75,3219
2026-09-29 13:55:00-04:00,30532.75,30534.75,30508.25,30522.5,3458
2026-09-29 14:00:00-04:00,30522.0,30587.25,30521.25,30578.5,11326
2026-09-29 14:05:00-04:00,30579.0,30597.75,30551.25,30556.25,5903
2026-09-29 14:10:00-04:00,30556.0,30592.5,30548.5,30589.0,3702
2026-09-29 14:15:00-04:00,30588.5,30600.0,30584.5,30594.0,3889
2026-09-29 14:20:00-04:00,30594.25,30621.75,30586.5,30592.0,4764
2026-09-29 14:25:00-04:00,30592.25,30620.0,30591.0,30602.75,3403
2026-09-29 14:30:00-04:00,30602.5,30626.25,30580.75,30593.75,4686
2026-09-29 14:35:00-04:00,30593.5,30644.0,30590.25,30642.0,4496
2026-09-29 14:40:00-04:00,30641.5,30660.75,30630.25,30639.5,4950
2026-09-29 14:45:00-04:00,30639.0,30647.0,30624.5,30637.75,3062
2026-09-29 14:50:00-04:00,30638.0,30651.25,30634.25,30637.75,2594
2026-09-29 14:55:00-04:00,30638.0,30655.0,30631.25,30646.5,3025
2026-09-29 15:00:00-04:00,30647.0,30654.75,30639.25,30652.25,2670
2026-09-29 15:05:00-04:00,30652.5,30656.5,30639.0,30639.5,2476
2026-09-29 15:10:00-04:00,30639.25,30644.75,30615.5,30623.0,2992
2026-09-29 15:15:00-04:00,30623.25,30632.75,30617.5,30627.25,2402
2026-09-29 15:20:00-04:00,30627.25,30643.0,30620.75,30631.25,3262
2026-09-29 15:25:00-04:00,30630.5,30635.25,30622.0,30625.25,1916
2026-09-29 15:30:00-04:00,30625.5,30639.75,30615.0,30630.0,2681
2026-09-29 15:35:00-04:00,30629.75,30635.75,30623.75,30625.75,1755
2026-09-29 15:40:00-04:00,30625.25,30626.25,30599.75,30601.25,3481
2026-09-29 15:45:00-04:00,30602.0,30619.25,30596.25,30616.75,3189
2026-09-29 15:50:00-04:00,30617.25,30648.0,30609.25,30636.25,6978
2026-09-29 15:55:00-04:00,30636.5,30637.5,30592.25,30617.25,15067
2026-09-29 16:00:00-04:00,30617.25,30645.0,30613.75,30629.25,4622
2026-09-29 16:05:00-04:00,30629.5,30636.5,30621.0,30626.25,1155
2026-09-29 16:10:00-04:00,30626.25,30636.0,30621.75,30629.5,954
2026-09-29 16:15:00-04:00,30629.75,30637.5,30626.75,30634.75,573
2026-09-29 16:20:00-04:00,30634.25,30639.0,30629.75,30638.5,537
2026-09-29 16:25:00-04:00,30639.0,30657.75,30638.25,30655.25,1142
2026-09-29 16:30:00-04:00,30654.5,30663.0,30648.5,30660.25,542
2026-09-29 16:35:00-04:00,30660.0,30673.75,30655.75,30673.0,896
2026-09-29 16:40:00-04:00,30673.0,30677.25,30668.25,30674.75,575
2026-09-29 16:45:00-04:00,30674.5,30676.0,30664.25,30667.0,528
2026-09-29 16:50:00-04:00,30667.5,30667.5,30659.25,30661.75,436
2026-09-29 16:55:00-04:00,30662.25,30662.25,30648.25,30652.75,549
2026-09-29 18:00:00-04:00,30657.25,30695.25,30655.0,30692.25,701
2026-09-29 18:05:00-04:00,30690.75,30697.5,30688.0,30694.5,511
2026-09-29 18:10:00-04:00,30694.75,30703.25,30688.5,30688.5,470
2026-09-29 18:15:00-04:00,30688.25,30708.0,30687.5,30704.5,400
2026-09-29 18:20:00-04:00,30704.5,30708.75,30695.0,30702.25,488
2026-09-29 18:25:00-04:00,30700.25,30702.5,30677.0,30680.25,853
2026-09-29 18:30:00-04:00,30681.0,30685.25,30661.0,30669.5,791
2026-09-29 18:35:00-04:00,30669.5,30671.75,30663.0,30664.25,399
2026-09-29 18:40:00-04:00,30666.75,30676.75,30665.75,30669.5,489
2026-09-29 18:45:00-04:00,30668.75,30670.5,30661.25,30669.0,301
2026-09-29 18:50:00-04:00,30667.75,30673.5,30666.5,30669.75,177
2026-09-29 18:55:00-04:00,30670.25,30672.75,30666.5,30669.0,103
2026-09-29 19:00:00-04:00,30669.0,30673.5,30663.5,30669.75,296
2026-09-29 19:05:00-04:00,30669.5,30679.0,30669.5,30675.75,246
2026-09-29 19:10:00-04:00,30675.25,30684.5,30674.0,30681.0,289
2026-09-29 19:15:00-04:00,30680.75,30688.5,30677.5,30679.25,298
2026-09-29 19:20:00-04:00,30679.75,30680.75,30670.5,30674.5,296
2026-09-29 19:25:00-04:00,30674.5,30682.25,30672.5,30678.75,207
2026-09-29 19:30:00-04:00,30679.25,30684.0,30670.75,30683.75,308
2026-09-29 19:35:00-04:00,30684.0,30703.25,30683.5,30700.75,611
2026-09-29 19:40:00-04:00,30701.5,30702.75,30691.0,30695.25,442
2026-09-29 19:45:00-04:00,30695.75,30706.5,30693.0,30700.25,325
2026-09-29 19:50:00-04:00,30700.75,30705.25,30696.25,30700.5,223
2026-09-29 19:55:00-04:00,30701.25,30714.0,30700.5,30713.5,658
2026-09-29 20:00:00-04:00,30712.0,30722.75,30706.5,30709.0,1326
2026-09-29 20:05:00-04:00,30708.5,30737.0,30705.25,30725.75,1216
2026-09-29 20:10:00-04:00,30727.0,30734.75,30717.75,30730.0,697
2026-09-29 20:15:00-04:00,30728.25,30735.25,30696.5,30701.0,1303
2026-09-29 20:20:00-04:00,30701.25,30710.0,30693.0,30707.25,1072
2026-09-29 20:25:00-04:00,30707.0,30710.25,30691.75,30697.5,822
2026-09-29 20:30:00-04:00,30697.25,30713.25,30692.5,30709.75,786
2026-09-29 20:35:00-04:00,30709.5,30713.25,30676.25,30678.5,1040
2026-09-29 20:40:00-04:00,30680.25,30689.5,30677.0,30678.25,478
2026-09-29 20:45:00-04:00,30678.25,30679.0,30657.25,30662.5,1081
2026-09-29 20:50:00-04:00,30660.75,30663.75,30643.5,30644.5,951
2026-09-29 20:55:00-04:00,30646.75,30660.0,30645.0,30656.5,514
2026-09-29 21:00:00-04:00,30653.75,30669.5,30644.25,30662.5,1279
2026-09-29 21:05:00-04:00,30662.25,30665.5,30640.5,30650.75,725
2026-09-29 21:10:00-04:00,30651.25,30652.75,30633.5,30641.75,637
2026-09-29 21:15:00-04:00,30642.0,30646.25,30635.0,30642.75,340
2026-09-29 21:20:00-04:00,30641.0,30651.25,30630.0,30644.0,807
2026-09-29 21:25:00-04:00,30643.75,30646.25,30631.75,30631.75,260
2026-09-29 21:30:00-04:00,30632.75,30653.0,30624.75,30646.25,1026
2026-09-29 21:35:00-04:00,30646.0,30655.0,30625.5,30631.5,478
